Actual_Loss,Predicted_Loss,Residual
3302.33,4098.139714631959,-795.8097146319587
1021.53,1752.9293658553784,-731.3993658553784
580.0,3860.2724761604522,-3280.2724761604522
1109.79,2237.0301175577583,-1127.2401175577584
4325.72,3562.246264335967,763.473735664033
5344.24,5823.012465791857,-478.77246579185703
1173.77,1874.2063072501114,-700.4363072501114
13018.78,10238.894350265353,2779.885649734648
709.01,1822.1028974109358,-1113.0928974109358
3759.36,4536.288950092096,-776.9289500920954
6297.38,4189.145379503795,2108.234620496205
4001.05,3233.4556593081197,767.5943406918805
854.47,1950.4869764832117,-1096.0169764832117
456.22,1727.6329085382692,-1271.4129085382692
1578.7,2562.689343376337,-983.989343376337
2440.51,8685.55129930943,-6245.0412993094305
1488.8,3649.5961852628275,-2160.7961852628277
3066.44,3027.2761652208196,39.16383477918043
1322.68,1676.071270560456,-353.39127056045595
1180.88,1802.789030050717,-621.9090300507169
869.96,1818.2617206454245,-948.3017206454244
1408.94,1400.2821163935293,8.657883606470705
611.73,985.8891880461034,-374.1591880461034
1394.83,2372.0002628983048,-977.1702628983048
1264.52,1642.661229848953,-378.1412298489531
2159.85,2416.118704847393,-256.2687048473931
4797.96,5971.436404003654,-1173.4764040036544
2803.9,2682.649478936857,121.25052106314297
3685.72,4272.809223528869,-587.0892235288688
3172.75,2965.451382221069,207.2986177789312
3475.15,2103.4305977199347,1371.7194022800654
1918.9,4381.053611001984,-2462.153611001984
897.15,2077.01023201607,-1179.8602320160699
634.1,1383.0170731437327,-748.9170731437326
4177.88,5091.226932165581,-913.3469321655812
1712.92,1527.0963961222478,185.82360387775225
16070.92,11551.309153383481,4519.610846616519
4818.94,2624.1682089547576,2194.771791045242
12269.88,8685.783038278487,3584.0969617215123
1086.1,1909.8805072274413,-823.7805072274414
4786.92,3963.905808200159,823.0141917998412
1729.6,3633.969983079263,-1904.369983079263
1042.04,1350.5525866474084,-308.5125866474084
3944.02,4558.15078511933,-614.1307851193301
2900.65,3527.369101851905,-626.7191018519047
5182.96,5249.279290741785,-66.31929074178515
1223.5,2724.5139220738583,-1501.0139220738583
2293.21,1447.3413446019329,845.8686553980672
2455.79,1662.3633566466044,793.4266433533955
1674.0,4183.257293419073,-2509.257293419073
1937.77,1612.537302429803,325.23269757019693
4797.14,6940.282904751769,-2143.1429047517686
654.23,2425.7228389325373,-1771.4928389325373
4540.82,2621.28470174226,1919.5352982577397
1432.38,1783.7877129340015,-351.40771293400144
10748.93,9866.089831311589,882.8401686884117
2668.17,3419.5029408060145,-751.3329408060144
6558.35,4753.461628185854,1804.888371814146
5343.54,2007.9138680296342,3335.626131970366
1431.27,1705.5248831315066,-274.25488313150663
670.38,1648.9853824751415,-978.6053824751415
593.53,1277.2851968286839,-683.7551968286839
2113.1,1657.706204186087,455.3937958139129
3197.57,4062.663281444199,-865.093281444199
3497.37,2358.8437250998177,1138.5262749001822
1754.68,4585.755662714391,-2831.075662714391
1419.07,1860.260862266762,-441.190862266762
1866.04,1678.5726967131588,187.46730328684112
5604.92,6622.773621524527,-1017.8536215245267
6805.22,4876.183340948502,1929.0366590514986
1066.99,2083.394403101419,-1016.4044031014189
1685.93,1240.104173541263,445.8258264587371
10986.28,5322.311362804723,5663.968637195278
2226.28,1481.3704775190238,744.9095224809764
5419.24,2539.9327539439973,2879.3072460560024
9462.9,5366.606425622308,4096.293574377692
2890.17,4402.419915125648,-1512.249915125648
664.26,1508.2784649722553,-844.0184649722553
1689.94,1845.8353209025324,-155.89532090253238
1017.47,4040.4583864402666,-3022.9883864402664
1377.34,1479.510361767339,-102.17036176733905
1259.77,2337.0278422692295,-1077.2578422692295
2976.58,2961.982370885901,14.597629114098709
2962.07,2764.0048667561905,198.06513324380967
3457.33,4403.726038514138,-946.3960385141381
5611.61,3800.183365221367,1811.426634778633
3809.26,2021.4312052691555,1787.8287947308447
8565.7,1623.5120440723474,6942.187955927653
2545.21,2154.1099780777213,391.10002192227876
812.94,2910.9315615769524,-2097.9915615769523
799.18,1842.7183260596028,-1043.5383260596027
9544.22,7674.2738148184235,1869.9461851815759
301.8,1487.9438048227273,-1186.1438048227274
2487.06,1964.9002006592573,522.1597993407427
1512.42,3330.755390628089,-1818.335390628089
714.28,1537.4418428420142,-823.1618428420143
3380.44,2393.7496469025314,986.6903530974687
2210.24,2688.229094846473,-477.9890948464731
1523.23,4886.636939508538,-3363.4069395085376
2507.79,3725.357151079557,-1217.5671510795569
1175.72,1418.1755863381165,-242.45558633811652
2289.83,5416.878975309789,-3127.048975309789
2570.9,1542.7833664509517,1028.1166335490484
3490.04,2309.0469486566403,1180.9930513433596
4212.29,2366.7528644756194,1845.5371355243806
3855.35,2989.239659884689,866.1103401153109
2555.31,3451.5084266145313,-896.1984266145314
1592.66,1381.4887944718078,211.17120552819233
2624.42,3611.788636886813,-987.368636886813
983.16,2319.177343375762,-1336.0173433757623
2085.0,2222.3850533936393,-137.38505339363928
3057.65,1844.8851635363828,1212.7648364636173
3723.78,3940.415594500934,-216.63559450093362
3443.61,4212.661865623287,-769.0518656232866
7041.3,2681.1423725970712,4360.1576274029285
7271.73,3150.676156928787,4121.053843071213
1034.86,4100.395586810432,-3065.5355868104325
4007.07,2963.7588041364575,1043.3111958635427
2023.92,1389.9740602943089,633.9459397056912
6391.62,3368.664619670466,3022.955380329534
2834.5,2060.876343416034,773.6236565839658
794.49,1083.258349908535,-288.7683499085349
3177.39,3122.7094777056036,54.68052229439627
2500.86,1880.888837055597,619.9711629444032
1594.29,5540.570192888151,-3946.280192888151
1837.18,2630.0010237041442,-792.8210237041442
1260.0,2878.5446082108574,-1618.5446082108574
6030.53,5676.215227270012,354.31477272998745
3393.34,3323.769735226211,69.57026477378895
1005.34,3430.5919134113237,-2425.2519134113236
1355.07,2520.5048198796285,-1165.4348198796285
836.28,2581.3895771876555,-1745.1095771876555
1453.64,2301.642798162657,-848.002798162657
5837.45,4733.724813588122,1103.725186411878
2771.51,6901.546973325734,-4130.036973325734
756.92,1507.6489242532173,-750.7289242532173
4034.32,2456.0718901302894,1578.2481098697108
2548.51,3729.0963545957497,-1180.5863545957495
20272.33,4495.234350493317,15777.095649506686
4680.01,2052.213209479903,2627.796790520097
3550.54,3507.761942548516,42.778057451484074
846.24,6463.196208695443,-5616.956208695443
832.69,1454.12249510283,-621.43249510283
702.86,1955.00074145484,-1252.1407414548398
1312.78,2119.1069344368057,-806.3269344368057
1808.7,1616.9795652227667,191.72043477723332
4492.19,2208.8874336392682,2283.3025663607314
893.9,2156.837145546705,-1262.9371455467049
749.96,1625.6980339450552,-875.7380339450551
3426.19,5148.062915576975,-1721.8729155769747
4606.64,2097.1790715135603,2509.46092848644
4123.01,1883.4289935897284,2239.5810064102716
837.28,1413.150995762306,-575.8709957623059
3863.61,1746.0643019509198,2117.5456980490803
6207.03,1707.9449119407793,4499.085088059221
10399.9,4761.5746697969225,5638.325330203077
1351.1,1347.0896796680238,4.010320331976118
2740.27,3305.4139466551396,-565.1439466551396
1006.9,1692.0437902508684,-685.1437902508684
783.03,1713.8012436174674,-930.7712436174675
8238.01,6616.65774888176,1621.35225111824
1402.86,1600.0030479622737,-197.14304796227384
8046.71,6363.425153452665,1683.2848465473353
2196.43,2294.0227770814404,-97.59277708144054
882.76,1945.241968838703,-1062.481968838703
1023.42,1330.3737363851337,-306.95373638513377
2734.7,2370.6115193288515,364.0884806711483
809.53,1641.6725769385282,-832.1425769385282
1718.79,1823.644311666396,-104.85431166639614
681.19,1696.1682568033455,-1014.9782568033454
5410.34,3925.1198394352978,1485.2201605647024
871.66,1040.0956206647847,-168.43562066478478
1387.62,1556.053281728796,-168.43328172879615
2367.75,2334.0549397228406,33.69506027715943
3925.09,1467.4490381997093,2457.640961800291
508.46,1598.6152659073857,-1090.1552659073857
1504.41,2134.8098145505687,-630.3998145505686
2939.9,4813.1625386699825,-1873.2625386699824
1278.76,2759.1914750465617,-1480.4314750465617
1818.86,1869.582769998569,-50.72276999856899
1779.66,1938.9315431447956,-159.2715431447955
1378.47,1589.3155907552446,-210.84559075524453
991.16,1363.159686920773,-371.9996869207731
1444.4,2168.688687489123,-724.2886874891228
720.35,1396.7545839988618,-676.4045839988618
1579.63,1897.1648968880806,-317.53489688808054
8891.97,8462.407295603598,429.5627043964014
1385.41,2584.5566324713523,-1199.1466324713522
1799.13,2522.1805459827797,-723.0505459827796
6556.18,1903.312413645811,4652.867586354189
2107.63,1998.6974613706511,108.93253862934898
6997.28,3693.509535773136,3303.7704642268636
5145.75,4319.33980029859,826.4101997014104
968.63,1948.784385275449,-980.154385275449
5932.08,1984.7310972526504,3947.3489027473497
3870.38,4986.835932699786,-1116.455932699786
2227.4,2991.6069825110744,-764.2069825110743
6403.9,6194.7781931005475,209.12180689945217
1792.18,3120.9114444255247,-1328.7314444255246
4901.53,2908.7878341747746,1992.7421658252251
1774.79,2158.5196457975776,-383.72964579757763
2006.73,3092.640805585521,-1085.9108055855208
3315.63,2800.259110438241,515.3708895617592
9677.04,5280.7372964419155,4396.302703558085
4112.61,2644.3118430113486,1468.298156988651
2834.47,2350.4668872424795,484.0031127575203
973.75,3184.3983897665903,-2210.6483897665903
7305.25,3255.166984294082,4050.083015705918
5395.98,4291.436171995649,1104.5438280043509
2162.52,1641.9351242375362,520.5848757624638
6208.32,3504.9602219389917,2703.359778061008
9681.97,3236.7545972195203,6445.215402780479
1558.63,6531.709372601551,-4973.079372601551
5688.62,2432.0996415821014,3256.5203584178985
3400.22,3474.757962323351,-74.53796232335117
5609.2,4209.824410658823,1399.3755893411771
625.46,1026.372151074309,-400.9121510743089
2754.84,1853.124582864221,901.715417135779
2135.01,1636.5436532232566,498.46634677674365
1949.7,3217.339023414438,-1267.639023414438
2311.84,5929.434681552752,-3617.5946815527523
7250.76,3909.036423520199,3341.723576479801
11864.32,5469.961033113765,6394.358966886235
1574.87,2667.2556030505048,-1092.3856030505049
3544.3,3606.557219096692,-62.25721909669164
2303.35,3389.3986629339743,-1086.0486629339744
5079.42,4125.748937357101,953.6710626428994
1311.11,1649.2980137945503,-338.18801379455044
691.8,1463.558068421467,-771.758068421467
1005.63,1600.8499546321032,-595.2199546321032
835.22,1592.3446878782352,-757.1246878782351
2070.03,3158.1050414257857,-1088.0750414257855
3526.7,3308.139207289647,218.56079271035287
8726.48,6431.686746532806,2294.7932534671936
729.75,2128.0090930369024,-1398.2590930369024
5098.78,3015.856132761621,2082.9238672383785
1201.11,1860.0594134386433,-658.9494134386434
4561.64,6771.811929139761,-2210.1719291397603
977.75,1404.7457667567942,-426.9957667567942
5487.97,4630.807858395154,857.1621416048465
3057.69,1933.0695027659854,1124.6204972340147
2226.9,1745.4310870237641,481.46891297623597
2724.59,2636.92588577336,87.66411422664032
1719.6,1422.92618907233,296.6738109276698
562.94,1664.7034284609056,-1101.7634284609055
4378.26,2351.94062071241,2026.3193792875904
4358.13,3549.0124347596834,809.1175652403167
5015.92,6118.352484110698,-1102.4324841106982
1708.48,1910.9582126205064,-202.47821262050638
1312.64,1672.7158152383274,-360.0758152383273
2188.58,2042.6995927952041,145.8804072047958
870.01,1358.1947250551448,-488.1847250551448
1037.58,1443.0467215243186,-405.4667215243187
16620.24,7932.326242760731,8687.913757239272
870.97,1423.9931678059393,-553.0231678059392
848.21,1313.387153752136,-465.17715375213606
2102.08,4616.042738755439,-2513.962738755439
2755.56,2563.2923681560446,192.26763184395531
3830.86,1900.2509109095795,1930.6090890904206
1178.69,1209.350109119801,-30.660109119800836
1120.02,2274.81325505149,-1154.7932550514902
13149.75,7152.927871111438,5996.822128888562
5635.81,6863.572243074515,-1227.762243074515
2371.75,3104.319375454636,-732.569375454636
5908.98,3876.2371226687737,2032.7428773312258
1336.98,2151.7012461953536,-814.7212461953536
4028.04,2672.9270902452126,1355.1129097547873
787.81,2075.060770499574,-1287.2507704995742
2054.23,3226.9222570248535,-1172.6922570248535
12777.64,6427.835653630771,6349.804346369228
1553.79,1857.184145527385,-303.39414552738504
406.77,1727.2074678514402,-1320.4374678514403
1192.58,1799.5758965203418,-606.9958965203418
2654.32,1559.836152007663,1094.4838479923371
7531.2,6305.636540632923,1225.5634593670766
9309.04,5411.483756969496,3897.5562430305044
5560.27,2571.7783737134264,2988.491626286574
1505.96,3883.641495874186,-2377.681495874186
501.95,1969.8483212509627,-1467.8983212509627
536.56,1811.7627305711048,-1275.202730571105
2379.01,4102.414180154082,-1723.4041801540816
733.53,1557.148404040974,-823.6184040409739
5279.01,1959.875083186396,3319.134916813604
397.76,1430.200913631046,-1032.440913631046
2740.52,1979.5445079915157,760.9754920084843
5526.41,7122.234887362861,-1595.8248873628609
6086.39,5676.352611391036,410.03738860896465
6916.66,6595.568592289047,321.0914077109528
7898.61,3984.6197496441246,3913.990250355875
22236.37,11262.729187959101,10973.640812040898
3740.13,3547.563678234898,192.5663217651022
1099.89,1524.4683384045204,-424.5783384045203
967.7,2380.7406140199364,-1413.0406140199364
782.0,2311.358661529122,-1529.358661529122
780.0,3223.297312307251,-2443.297312307251
3037.99,4624.701416043509,-1586.7114160435094
1251.95,2311.6882312923203,-1059.7382312923203
852.66,1803.394958500655,-950.7349585006551
2607.03,2500.57182186347,106.45817813653002
4149.48,2646.6151069982284,1502.8648930017712
4038.1,3679.957120537002,358.1428794629978
640.97,1469.1089015048128,-828.1389015048128
403.7,1703.4200653859773,-1299.7200653859773
981.92,1895.8014782266175,-913.8814782266176
4372.66,4070.6241693056295,302.03583069437036
1305.34,2010.0188701698714,-704.6788701698715
2083.79,1853.4951094140758,230.29489058592412
1508.93,1562.7671088687594,-53.83710886875929
6129.74,6400.1320229173425,-270.39202291734273
748.54,2366.7443993613624,-1618.2043993613624
518.56,4626.375959972192,-4107.815959972191
885.17,1215.8887460357855,-330.71874603578556
2522.09,1958.0916022565302,563.9983977434699
1855.29,1610.0759821796757,245.21401782032422
869.04,1396.7545839988618,-527.7145839988618
2931.69,1847.3283403886262,1084.3616596113739
1331.4,1065.5895944387246,265.8104055612755
5971.93,2602.720058966091,3369.209941033909
4123.62,3230.685212366617,892.9347876333827
519.58,1263.8008634854161,-744.2208634854161
1008.68,1330.7440118632476,-322.06401186324763
1057.64,2206.351261065145,-1148.711261065145
1634.7,1505.9294836221488,128.7705163778512
1925.74,2522.1938316451506,-596.4538316451506
2989.5,3410.957648275579,-421.4576482755788
1301.44,1315.2088940639007,-13.768894063900689
2836.67,2946.2642142094605,-109.59421420946046
1918.96,3224.9633311491007,-1306.0033311491006
1121.7,1886.5282444248319,-764.8282444248318
794.28,1753.20754491071,-958.9275449107101
7965.51,5994.004536709834,1971.5054632901665
4944.61,5906.861879754301,-962.2518797543016
2422.15,2066.9782515667407,355.1717484332594
1063.71,3369.9455775673573,-2306.2355775673573
4293.21,1871.2401801693543,2421.969819830646
1141.24,2012.984220867971,-871.7442208679711
2193.33,3519.6157812970373,-1326.2857812970374
1867.8,2399.2556414595065,-531.4556414595065
3226.52,3123.7343687592056,102.78563124079437
1981.67,1959.6146107640966,22.055389235903476
937.15,3254.596121136165,-2317.446121136165
5620.02,4197.624565275087,1422.3954347249137
1212.39,1605.559102296848,-393.169102296848
1373.23,4229.099141093716,-2855.869141093716
3409.99,3074.5550139520924,335.4349860479074
2547.22,3583.1196530196266,-1035.8996530196268
691.21,1503.7133757164036,-812.5033757164035
491.03,2685.749192484746,-2194.7191924847457
4402.48,3826.454277074502,576.0257229254976
2107.95,1669.2813346777975,438.6686653222023
2148.11,5113.760060501871,-2965.6500605018705
975.59,1084.6652037005485,-109.07520370054851
851.6,1610.5335396121975,-758.9335396121975
7972.02,5793.765845159051,2178.254154840949
3970.56,2799.033521062933,1171.5264789370672
1478.8,3060.7596581886205,-1581.9596581886206
3058.93,2072.631374032056,986.2986259679437
617.42,1027.3348927374145,-409.91489273741456
795.78,2915.1343957438785,-2119.3543957438787
1351.66,1448.0246534309344,-96.36465343093437
616.07,1046.8704417373815,-430.80044173738145
1139.03,3840.4512667443564,-2701.421266744356
2794.45,4357.6936851574255,-1563.2436851574257
1535.5,1019.1806752556407,516.3193247443593
4189.96,2954.3784054029024,1235.5815945970976
5588.52,3537.4918423110075,2051.028157688993
980.21,1658.197827391238,-677.9878273912379
2427.97,3052.4953679874907,-624.5253679874909
2028.21,1501.4856456565637,526.7243543434363
9045.74,6665.741028926692,2379.998971073308
893.93,2203.645833496346,-1309.715833496346
920.17,1542.969505215582,-622.7995052155821
2240.73,3861.208785281989,-1620.478785281989
2285.55,1608.2004579420613,677.3495420579388
1829.42,1589.8216600496467,239.59833995035342
7996.31,4236.117438367737,3760.1925616322633
6861.94,3628.136340833611,3233.8036591663886
2481.78,1681.795723713806,799.9842762861942
7274.57,7280.622158661552,-6.052158661552312
1140.54,1682.9615284337897,-542.4215284337897
1754.59,1361.4871779852897,393.1028220147102
2804.29,1577.958599833532,1226.331400166468
862.37,1369.0239199082214,-506.6539199082214
466.67,1171.0521332939197,-704.3821332939197
3014.27,1834.6706805126696,1179.5993194873304
846.12,1946.5028364033838,-1100.3828364033839
8581.98,3768.662560921523,4813.317439078477
2098.34,2769.9016681707403,-671.5616681707402
2477.55,2479.9345542776946,-2.3845542776944058
6776.9,4566.532627440954,2210.367372559046
2305.14,1394.2308645664873,910.9091354335126
976.38,2672.125797569463,-1695.7457975694629
21187.55,12800.343693549241,8387.206306450758
2702.01,2276.8836788856947,425.1263211143055
2237.88,4657.907867459227,-2420.0278674592273
1176.93,1848.609261781256,-671.679261781256
2138.6,2756.7427937308216,-618.1427937308217
1587.52,1963.0319409066437,-375.51194090664376
13373.98,4662.463080129868,8711.516919870131
1730.46,2632.097830343775,-901.637830343775
2311.33,1323.5820737149113,987.7479262850886
4965.18,3862.9568789607524,1102.2231210392479
675.25,1636.807348295436,-961.557348295436
3527.82,3724.6402228866264,-196.8202228866262
2391.06,1956.7384005401325,434.32159945986746
907.7,1723.3144806055282,-815.6144806055281
1624.9,2823.3885119026013,-1198.4885119026012
3256.1,2011.0494127653437,1245.0505872346562
942.36,3785.2990380718984,-2842.9390380718983
1470.86,2750.4641913803703,-1279.6041913803704
2423.74,1963.8657632077188,459.87423679228095
1200.33,1579.1132277784066,-378.7832277784066
1882.4,2312.02719465026,-429.62719465025975
1245.6,1974.7079419941522,-729.1079419941523
1810.25,1527.7444523664515,282.50554763354853
4030.03,5444.754869617005,-1414.724869617005
5951.49,3802.2415898736263,2149.2484101263735
13308.04,6278.943881965717,7029.096118034284
3433.0,1246.1873418708549,2186.8126581291453
1850.27,2324.6745391049153,-474.40453910491533
996.11,1487.9438048227273,-491.8338048227273
3146.94,3256.976114878279,-110.03611487827902
1077.33,1374.4780236917084,-297.14802369170843
1996.0,2236.3172977015233,-240.31729770152333
1007.74,1650.4474696446555,-642.7074696446555
7733.38,4730.70098193558,3002.6790180644202
1506.2,1847.5165492925482,-341.3165492925482
7882.59,4753.745319641546,3128.844680358454
3058.96,2245.90603806367,813.0539619363299
1028.56,1419.5981962530448,-391.0381962530448
1273.51,2688.416878545832,-1414.906878545832
3880.89,2441.5057479858688,1439.384252014131
2345.48,1996.6174698496088,348.8625301503912
1296.38,1538.7519959137633,-242.37199591376316
1630.16,1430.797825098873,199.362174901127
13699.44,7543.155207602602,6156.284792397399
5494.96,9401.139141329557,-3906.179141329557
759.36,1184.9498629183613,-425.5898629183613
1420.4,1665.2841781251004,-244.88417812510033
474.87,1488.9009522358551,-1014.0309522358551
1115.16,3011.384351805108,-1896.224351805108
1152.66,3652.1823585095885,-2499.5223585095882
3252.31,5278.30760077959,-2025.99760077959
6624.18,2764.678590412,3859.501409588
2257.33,2117.5815183725917,139.74848162740818
794.62,3836.7744476881635,-3042.1544476881636
3098.37,1489.5398059581723,1608.8301940418276
579.53,1559.3667828768805,-979.8367828768805
2033.28,1827.9413442801417,205.33865571985825
1088.76,2398.913208121125,-1310.153208121125
3715.73,1773.4056044850033,1942.3243955149967
1261.49,1201.3714110287303,60.11858897126967
2121.9,1878.5068881840775,243.39311181592257
1794.33,1658.3226886213831,136.0073113786168
772.4,3854.594853535758,-3082.194853535758
920.99,1531.4864478420739,-610.4964478420738
18872.81,8443.829553325666,10428.980446674335
1837.54,1979.5828437641676,-142.04284376416763
2687.06,1685.564198402129,1001.4958015978709
8693.34,2231.313980366256,6462.026019633744
538.13,1262.1194676811754,-723.9894676811754
2073.88,2675.9144911313674,-602.0344911313673
1848.8,1436.6471257257444,412.1528742742555
720.84,1535.7332324741938,-814.8932324741937
1188.58,3447.8683524455705,-2259.2883524455706
756.66,1122.7320380452147,-366.07203804521475
953.05,2438.558607862893,-1485.508607862893
14876.8,3817.626971523273,11059.173028476725
828.37,2533.088816683641,-1704.7188166836413
18692.45,8907.590547358812,9784.859452641189
1432.95,1688.003323716595,-255.05332371659506
3396.04,2075.537150329442,1320.5028496705581
1223.61,1723.2141445517225,-499.6041445517226
2886.99,4894.430009681643,-2007.4400096816435
4883.47,4654.956711228397,228.51328877160358
7097.48,3742.1094520885536,3355.370547911446
1117.53,1499.0726500343583,-381.5426500343583
503.71,1746.8351321077394,-1243.1251321077393
759.42,1573.9881635569293,-814.5681635569293
5476.25,5959.433537632258,-483.18353763225787
1702.93,3194.2568913494197,-1491.3268913494196
1304.95,1227.8289665337038,77.12103346629624
4778.08,5226.6978413106635,-448.6178413106636
2263.98,2151.064479550826,112.91552044917398
522.05,1465.3426219589333,-943.2926219589333
6205.33,7137.757680739341,-932.4276807393408
882.76,4440.460277339982,-3557.7002773399818
1311.22,3486.218894032522,-2174.998894032522
3935.99,2920.084239715177,1015.9057602848229
785.74,1723.5318263046286,-937.7918263046286
4433.67,5931.735200168125,-1498.0652001681246
1093.51,2939.414719303718,-1845.904719303718
2732.99,2134.0645682932786,598.9254317067212
2591.16,1734.050673260717,857.1093267392828
1170.35,1882.1734820579877,-711.8234820579878
346.0,1338.8459101706849,-992.8459101706849
1101.57,1806.278073991229,-704.708073991229
2785.54,1364.7531475854328,1420.7868524145672
2394.5,2665.4936414196145,-270.9936414196145
2449.99,2044.602906524769,405.3870934752308
1910.41,2649.740624838011,-739.3306248380111
2450.52,2470.3267482808687,-19.80674828086876
650.46,1814.2424081050806,-1163.7824081050805
16746.24,6903.857734350347,9842.382265649656
632.88,1889.5275607012245,-1256.6475607012244
834.2,1303.123498567953,-468.92349856795295
2475.08,2147.721301592012,327.35869840798796
2765.79,2318.964264792899,446.82573520710093
1703.92,2219.549526280278,-515.6295262802778
2693.94,2630.1050184400183,63.83498155998177
713.9,1751.5926354221979,-1037.6926354221978
2916.29,2315.5086529372247,600.7813470627752
1648.74,3368.509411071053,-1719.769411071053
4441.59,1619.7171030653246,2821.8728969346757
4523.64,4123.577189792523,400.062810207477
2991.22,4342.206486802221,-1350.986486802221
1732.58,2182.580985354329,-450.00098535432926
2246.68,2626.1801355197736,-379.5001355197737
1280.83,3091.6419910414907,-1810.8119910414907
2118.67,1950.5540478624987,168.11595213750138
1644.75,3707.9705760198517,-2063.2205760198517
2129.62,2306.2893005102096,-176.66930051020972
14638.48,3338.3480307032573,11300.131969296743
13254.86,8311.080387844178,4943.779612155822
2799.62,2844.933524189724,-45.31352418972392
894.86,2026.42328005293,-1131.5632800529302
1475.49,1138.1715165907535,337.3184834092465
722.65,2714.5991749495706,-1991.9491749495705
1619.81,2218.270072018799,-598.4600720187991
656.02,1282.0030339673044,-625.9830339673044
1681.95,2785.936426835864,-1103.986426835864
61.69,1588.1999026061396,-1526.5099026061396
1960.22,4777.8095529845605,-2817.58955298456
2460.56,2368.3523044372123,92.20769556278765
2823.2,2731.3357060082562,91.86429399174358
2407.97,3156.764563271445,-748.794563271445
1643.73,2210.1525909609095,-566.4225909609095
5572.25,4985.783168911528,586.4668310884717
2996.63,1753.6007124066323,1243.0292875933678
2153.51,1947.5436634145287,205.96633658547148
379.3,1595.2995827205825,-1215.9995827205826
1787.25,1487.9224932401116,299.32750675988837
5438.23,3144.6829251293457,2293.547074870654
6062.07,2598.9556702337354,3463.1143297662643
1905.53,2774.742684661265,-869.2126846612648
1206.4,3684.183534770931,-2477.783534770931
3084.69,2907.1686601621936,177.5213398378064
13641.64,8994.148867250397,4647.491132749603
2037.47,6403.567536270542,-4366.097536270542
831.02,1270.8458569665947,-439.82585696659476
3906.28,4802.9726315126745,-896.6926315126743
2237.16,4415.307154457695,-2178.1471544576953
19074.9,8216.038548621857,10858.861451378145
2074.54,3632.619554988759,-1558.079554988759
2687.0,3619.9122804107997,-932.9122804107997
1054.2,2598.3545370773645,-1544.1545370773645
5684.75,2931.2209068007273,2753.5290931992727
675.71,1806.6766811586597,-1130.9666811586596
746.38,1819.2650717268693,-1072.8850717268692
7673.54,5681.381834595206,1992.158165404794
580.0,6502.1418786650265,-5922.1418786650265
3433.65,2030.4974111184217,1403.1525888815784
3551.87,2755.1209465458746,796.7490534541253
3203.05,3121.9164145656027,81.13358543439745
2535.1,1645.6747601018099,889.4252398981901
3563.42,2650.315141624045,913.1048583759552
2112.15,1465.2304694588368,646.9195305411633
790.61,1460.170363087119,-669.5603630871191
1870.57,2106.0296078952706,-235.45960789527066
997.03,1403.241554573333,-406.21155457333293
637.88,1115.391404993359,-477.51140499335895
2924.23,3485.248995895981,-561.0189958959809
2758.31,3520.2094551890164,-761.8994551890164
1869.28,1628.7534136073978,240.5265863926022
1183.35,1729.5397614017331,-546.1897614017332
524.4,948.1476423525218,-423.7476423525218
1423.79,4866.616898886727,-3442.8268988867267
5373.44,2169.091148697905,3204.3488513020948
1737.08,1168.4124094235603,568.6675905764396
1186.91,3629.2568458379274,-2442.3468458379275
3190.59,1762.1100980249894,1428.4799019750108
1130.55,6941.275310347949,-5810.725310347949
5299.36,6012.8263163833535,-713.4663163833538
2110.1,2621.4518433065027,-511.3518433065028
1127.67,1566.783076045564,-439.11307604556396
692.77,1739.4367796926426,-1046.6667796926426
755.98,2212.763846301402,-1456.7838463014018
3501.36,2394.8156242085192,1106.544375791481
2648.17,2167.309171861651,480.860828138349
5310.63,4895.248135149906,415.38186485009373
621.58,1845.7752060167156,-1224.1952060167155
4209.97,4807.447317494691,-597.4773174946904
9455.38,7192.076992289755,2263.303007710244
1832.96,1944.1249713030334,-111.16497130303333
645.39,1478.6263409903036,-833.2363409903036
2508.16,2726.5651654241624,-218.40516542416253
3390.79,3089.481807670938,301.30819232906197
1322.55,1439.0088408326,-116.45884083260012
1313.37,1890.6671592477962,-577.2971592477963
4200.32,1570.0547144541051,2630.2652855458946
2345.71,3132.9236076468933,-787.2136076468933
5850.07,8466.927101113806,-2616.8571011138065
494.76,1138.804213656827,-644.044213656827
3712.0,3466.609506990754,245.3904930092458
3789.54,4530.750334986467,-741.2103349864674
1976.3,2255.522278652437,-279.2222786524369
978.12,2186.285754544907,-1208.165754544907
5506.36,3242.711584142555,2263.648415857445
3371.98,3398.385640613067,-26.405640613067135
2717.83,2099.84380300343,617.98619699657
2445.87,4104.664834863688,-1658.7948348636883
2109.06,5030.4276954875695,-2921.3676954875696
865.86,1792.685440651289,-926.8254406512889
2046.43,2158.101083644283,-111.67108364428282
1404.22,1499.3635325999892,-95.14353259998916
815.65,3298.2740681245355,-2482.6240681245354
2665.56,1915.479219538744,750.0807804612559
5017.61,4704.050223500068,313.559776499932
9791.72,3007.1522900015243,6784.567709998475
3269.97,6315.532799838383,-3045.562799838383
1364.94,1694.273582378709,-329.333582378709
240.92,1041.2968798623558,-800.3768798623558
1807.41,2865.032424891665,-1057.6224248916649
10753.08,4998.209002825463,5754.870997174537
3241.84,3451.868935761703,-210.028935761703
2002.63,1730.151350975902,272.4786490240981
4539.75,3420.82479921438,1118.9252007856198
1655.57,2133.8750980779473,-478.3050980779474
3095.22,1575.6331864610904,1519.5868135389094
8709.84,6200.694324876997,2509.1456751230035
586.61,1946.9197521492163,-1360.3097521492164
2559.34,3412.605829212074,-853.2658292120736
988.8,2029.6664013499785,-1040.8664013499786
786.79,1463.822719113271,-677.032719113271
995.7,1788.1994512846568,-792.4994512846567
1605.36,1990.6703653263044,-385.31036532630446
1414.23,2132.7999873412878,-718.5699873412877
4761.48,1679.0127344931707,3082.467265506829
1609.97,1881.4472807456636,-271.4772807456636
2226.4,4554.4264375100065,-2328.0264375100064
1172.57,1414.7451369737564,-242.17513697375648
2099.21,2539.5832454143656,-440.37324541436556
641.23,2011.6201555849386,-1370.3901555849386
7443.95,5369.269160365741,2074.6808396342585
4888.64,2414.710193909527,2473.9298060904734
7099.56,2133.8989897530405,4965.66101024696
2621.72,2491.141110491045,130.57888950895494
636.18,1291.6143792866092,-655.4343792866092
5262.92,2656.455600438109,2606.4643995618912
4333.97,2172.4927598279833,2161.477240172017
3764.17,6228.995862025068,-2464.825862025068
2500.67,3848.0051565152758,-1347.3351565152757
703.69,2103.0748414924733,-1399.3848414924732
706.19,1940.2592717007367,-1234.0692717007366
697.06,1425.9102142413383,-728.8502142413383
1806.57,2471.473367312351,-664.9033673123511
1790.88,6847.740104653418,-5056.860104653418
1075.69,1777.9391794824303,-702.2491794824302
16963.78,8055.661185447672,8908.118814552327
2616.22,1757.5687761416134,858.6512238583864
2506.48,3015.2912146766625,-508.81121467666253
1030.28,2294.8104917913915,-1264.5304917913916
4088.35,5183.155420395606,-1094.8054203956058
12063.43,4009.5283079069727,8053.901692093028
2275.82,1605.0303265537534,670.7896734462468
3201.57,1885.4760099664827,1316.0939900335175
2679.19,5143.651587414539,-2464.461587414539
1279.87,2070.711748594668,-790.8417485946679
3005.48,1456.002726136016,1549.477273863984
1855.85,2065.981318186866,-210.13131818686588
4541.99,4577.119410565593,-35.12941056559339
10354.08,8140.745613960966,2213.334386039034
15497.77,9871.121551896813,5626.648448103188
11880.64,7712.879454881176,4167.760545118824
6274.85,2589.9057226141135,3684.944277385887
1151.72,3802.6795118541677,-2650.9595118541674
1215.66,1827.1069574349142,-611.4469574349141
1210.02,3020.260424682602,-1810.2404246826022
6288.71,5955.139598499191,333.57040150080866
2767.65,1737.5107356555234,1030.1392643444767
3797.6,3571.111943586758,226.4880564132418
1726.17,2294.254518620204,-568.0845186202041
2354.93,2585.5217635066324,-230.59176350663256
2932.51,2404.4575408308333,528.0524591691669
800.72,1486.8804308587896,-686.1604308587896
4745.23,4728.490622761507,16.739377238492125
2547.55,3388.011679342442,-840.461679342442
1222.67,2081.189473825493,-858.5194738254932
559.53,1511.7544357222764,-952.2244357222764
1006.74,1705.963154235932,-699.223154235932
6115.34,4166.526658267859,1948.8133417321415
2303.23,2167.425659497639,135.8043405023609
6439.23,6298.978991644034,140.2510083559655
3581.87,2629.993978862261,951.8760211377389
4079.03,4928.236336608264,-849.2063366082634
1788.95,1447.9462978956926,341.0037021043074
1949.19,1659.9247088518066,289.26529114819346
6547.51,4576.757799811878,1970.7522001881225
3452.27,2411.127628500508,1041.1423714994921
9457.29,5452.0103419239385,4005.2796580760623
1227.39,1969.9463505227727,-742.5563505227726
3684.2,3451.716054988199,232.48394501180064
738.07,1015.4850066721384,-277.41500667213836
4666.49,2791.649898208199,1874.8401017918009
2315.76,1907.1321385598712,408.627861440129
3472.76,1855.7582253403555,1617.0017746596448
2464.13,2399.6847114662833,64.44528853371685
7449.36,1644.1045270342972,5805.255472965702
2584.09,1953.3583667386774,630.7316332613227
1606.12,2097.756028158026,-491.63602815802597
2084.79,2418.12905290379,-333.33905290379016
688.1,1151.1176262362594,-463.0176262362594
1613.38,3112.535318064319,-1499.155318064319
6597.34,6466.269083186122,131.07091681387828
2023.76,3087.920756529224,-1064.160756529224
2260.9,3040.2523560759473,-779.3523560759472
1126.42,2217.753544197078,-1091.333544197078
2032.96,2125.080726626775,-92.12072662677474
2257.47,2927.0602556623276,-669.5902556623278
3173.92,2953.3703734789274,220.5496265210727
1067.43,3284.74565845599,-2217.31565845599
1399.09,1971.7179437707607,-572.6279437707608
8144.97,5915.9646956148,2229.0053043852004
979.41,1533.7804821751397,-554.3704821751397
1285.26,1827.1494940320893,-541.8894940320893
2820.11,2236.3866023690653,583.7233976309349
700.33,1334.9500668474159,-634.6200668474158
739.28,1998.587898326653,-1259.307898326653
1377.46,1803.0731463400198,-425.61314634001974
854.27,1158.212106928168,-303.94210692816796
1335.12,2314.691150192995,-979.571150192995
4019.18,3228.6074959049133,790.5725040950865
3134.57,2814.3090055771913,320.26099442280884
959.56,1570.3229569854373,-610.7629569854373
1281.95,1877.243655772762,-595.2936557727619
1963.97,2259.480911221998,-295.5109112219982
1429.08,1275.1211513282244,153.9588486717755
4168.42,1890.978915668749,2277.4410843312507
528.09,1444.8412008363873,-916.7512008363873
3806.91,2685.2131077871163,1121.6968922128835
2200.49,1860.8734387385823,339.6165612614175
1833.88,2083.962507039616,-250.08250703961585
971.11,999.835815133369,-28.725815133368997
1677.77,4812.391538334905,-3134.621538334905
1465.56,1754.8056359580185,-289.2456359580185
2022.51,1899.2408439697335,123.26915603026646
1516.59,1378.7232390981665,137.86676090183346
3511.68,3471.798790813154,39.88120918684581
1070.63,2499.5363098718694,-1428.9063098718693
6098.16,7579.060088549545,-1480.9000885495452
3740.85,1797.3288135045682,1943.5211864954317
2243.63,3674.3687404604166,-1430.7387404604165
7632.18,3707.276412232337,3924.9035877676633
3183.1,2717.7804879815662,465.31951201843367
7188.44,6095.3966507402965,1093.043349259703
338.01,1581.680407279945,-1243.670407279945
2206.56,1417.505782488026,789.054217511974
1752.57,3429.5059099267587,-1676.9359099267588
663.18,1703.4759782662052,-1040.295978266205
5496.71,2608.306704390783,2888.403295609217
6285.76,7493.886607508208,-1208.1266075082076
608.31,1037.0078372009914,-428.69783720099144
1865.32,1866.1297953944743,-0.8097953944743495
1073.77,3165.170246453436,-2091.400246453436
815.77,1259.8335886495563,-444.0635886495563
1440.76,2307.6631266989625,-866.9031266989625
946.97,1955.6051070755204,-1008.6351070755204
4511.23,4496.306762446265,14.923237553734907
1223.18,2935.3458425177346,-1712.1658425177345
1357.84,3778.29015436478,-2420.4501543647802
1693.04,3412.8428375233016,-1719.8028375233016
973.22,1891.780932635278,-918.560932635278
2603.24,1875.1969112590318,728.043088740968
2558.33,1004.505456655645,1553.8245433443549
1532.14,2317.3842821170724,-785.2442821170723
5665.32,4904.176255486246,761.1437445137535
627.68,1182.1993748110863,-554.5193748110863
1223.14,2018.5531696865667,-795.4131696865666
1815.59,2014.9940810124358,-199.40408101243588
3663.22,3948.6990737615683,-285.47907376156854
2377.96,1401.440230236757,976.519769763243
1545.35,3025.5637353752804,-1480.2137353752805
2403.47,1638.2721688239276,765.1978311760722
736.22,1804.461824006471,-1068.241824006471
1342.3,2542.547258408226,-1200.247258408226
1314.51,1602.9629983115117,-288.4529983115117
1873.63,2376.1095893111888,-502.47958931118865
2886.1,2473.3312024094985,412.76879759050144
3356.0,4061.2769905050363,-705.2769905050363
1627.78,1598.9233416664683,28.85665833353164
3994.18,2933.73984191881,1060.44015808119
901.54,1701.185758547021,-799.6457585470209
9161.49,2859.8815874789566,6301.608412521044
2804.02,2316.2100076727365,487.80999232726344
3644.75,3579.4838519017417,65.26614809825833
1763.93,1419.3719800371045,344.5580199628955
5278.35,3569.9653647703535,1708.3846352296468
1875.48,1803.9705493475158,71.50945065248425
6670.57,4851.2964717786,1819.2735282213998
3416.69,1583.4204427399625,1833.2695572600376
2370.0,2349.1693407379826,20.830659262017434
3782.99,2202.9980502314543,1579.9919497685455
7306.66,3488.916142795672,3817.743857204328
16365.89,12842.550881699975,3523.339118300024
5621.93,4602.322170170369,1019.6078298296316
2403.82,2988.8659214957656,-585.0459214957655
2720.22,2172.4159315167053,547.8040684832945
2877.53,2197.7843412518064,679.7456587481938
928.2,5369.961043907336,-4441.761043907336
1893.19,3226.12603691563,-1332.9360369156298
1873.79,2344.7400409492548,-470.9500409492548
1097.82,1579.5210265273943,-481.70102652739433
1074.33,8270.224518664201,-7195.894518664201
2682.87,2520.329830624917,162.54016937508277
1859.2,1342.1269457657247,517.0730542342753
757.78,1496.0751324071189,-738.2951324071189
1208.29,2088.9798844548327,-880.6898844548327
449.17,1412.724771702665,-963.554771702665
1625.95,1469.3428055251875,156.60719447481256
1555.73,2129.5323413776005,-573.8023413776004
4094.13,3391.2466877107736,702.8833122892265
439.8,3256.9110633737737,-2817.1110633737735
3683.99,4693.594883546484,-1009.6048835464844
7168.88,2315.1228206600836,4853.757179339917
908.72,1779.4654008589428,-870.7454008589427
2025.46,2385.552903876738,-360.0929038767381
946.48,1703.1112145981751,-756.6312145981751
1228.39,1850.112646018612,-621.7226460186118
3502.67,4925.584153765296,-1422.9141537652959
997.1,2499.7547437884227,-1502.6547437884228
3512.56,2451.0314068227326,1061.5285931772673
4222.29,5998.486423838802,-1776.1964238388018
512.65,1615.6808095126187,-1103.0308095126188
721.8,1377.037007319628,-655.237007319628
2292.57,2457.6533162978913,-165.0833162978911
1635.68,1734.9158409837169,-99.2358409837168
5882.17,5659.947108929547,222.22289107045344
950.74,1319.6689132391832,-368.9289132391832
1517.0,2031.5767717704796,-514.5767717704796
2184.45,2894.6445749252675,-710.1945749252677
1241.72,3023.232202281901,-1781.5122022819012
1139.52,2109.1292670210237,-969.6092670210237
497.58,1782.9536097724733,-1285.3736097724734
4068.75,3878.5492901591438,190.20070984085623
1300.74,1952.693227401778,-651.9532274017779
4144.67,3503.3960908075264,641.2739091924736
3595.17,1785.5874769953716,1809.5825230046285
1176.75,2325.5619367312906,-1148.8119367312906
1227.01,1916.9999696799703,-689.9899696799703
2408.93,4789.928574881612,-2380.998574881612
2580.08,3887.356282547209,-1307.2762825472091
1872.23,2584.3148955938586,-712.0848955938586
9214.65,2445.472552738051,6769.177447261949
4710.53,2878.6135629426376,1831.9164370573621
2366.25,2015.9277186753484,350.3222813246516
1031.74,1531.4148707751447,-499.67487077514465
3939.57,3884.617071257933,54.95292874206734
4907.18,3561.68218876111,1345.4978112388903
3386.85,2946.1898659242584,440.66013407574155
2543.38,1386.3033267152741,1157.076673284726
2320.34,1847.5623663727044,472.7776336272957
1622.14,1561.5723635503284,60.56763644967168
5608.07,3068.292469104597,2539.777530895403
792.12,1947.8857759444006,-1155.7657759444005
1307.65,1585.1588972174384,-277.5088972174383
1421.86,1938.8305302181245,-516.9705302181246
2385.6,2267.406229949668,118.19377005033175
2624.95,4141.041389154598,-1516.091389154598
4122.22,2189.307150532254,1932.9128494677461
819.18,1375.9078480745259,-556.7278480745259
1430.5,1409.2338323270183,21.266167672981737
2282.7,3924.1171071660283,-1641.4171071660285
3175.15,4555.849438395349,-1380.6994383953493
1868.15,1484.7766342616592,383.3733657383409
1184.74,1626.0382029334019,-441.29820293340185
1016.91,3582.8694728216274,-2565.9594728216275
9232.26,6137.4764171391,3094.7835828609004
1755.18,3260.572610800709,-1505.3926108007088
1895.28,2588.4632597357927,-693.1832597357927
1973.14,1410.7376757252234,562.4023242747767
1204.44,1631.6437936694879,-427.2037936694878
4947.8,4139.2255450230705,808.5744549769297
9833.63,6837.335015903064,2996.294984096935
1576.35,2531.9946048217316,-955.6446048217317
917.11,1325.6602459066469,-408.55024590664686
5323.57,1426.722616996531,3896.8473830034686
3012.75,3220.654179809634,-207.90417980963412
1245.24,2786.896110636413,-1541.6561106364131
940.77,1389.708890666403,-448.93889066640304
2235.04,3262.7731802857943,-1027.7331802857943
1880.46,1726.5450740739136,153.91492592608643
2239.66,1535.7261183600606,703.9338816399393
593.21,1389.4491542380795,-796.2391542380794
4345.06,5358.455647369764,-1013.3956473697635
4488.89,1911.424459863751,2577.4655401362493
570.6,1923.2771249008538,-1352.6771249008539
2386.97,3377.18528815485,-990.21528815485
1754.19,2067.8934117016906,-313.7034117016906
7495.76,4066.3630622858736,3429.3969377141266
2407.27,3311.4891132541125,-904.2191132541125
3025.06,4978.87285165306,-1953.81285165306
1816.72,2361.226563830211,-544.506563830211
1540.08,1471.9361823260529,68.14381767394707
1255.24,1464.1176918130075,-208.87769181300746
1239.32,1882.9069926381044,-643.5869926381044
2572.81,3777.2388341335977,-1204.4288341335978
613.32,1337.5558085345203,-724.2358085345203
1647.78,3929.2646260831048,-2281.4846260831046
8110.23,2328.8808868894807,5781.349113110518
2856.69,1630.3013298794067,1226.3886701205934
8890.35,9596.741776309886,-706.3917763098852
4156.14,2941.6730402397507,1214.4669597602497
5969.42,3687.0761671431756,2282.3438328568245
15034.19,10357.843300585626,4676.346699414375
5545.51,1735.512648956125,3809.997351043875
1849.41,2655.8101158703826,-806.4001158703825
1105.45,1792.960776237089,-687.510776237089
6517.32,8522.041513021988,-2004.7215130219884
3570.11,3447.64867629348,122.46132370652003
1629.95,1243.785584527622,386.1644154723781
904.3,1036.297369275903,-131.9973692759031
912.98,1757.1116081590778,-844.1316081590778
2749.96,2791.348776150863,-41.38877615086312
2456.45,4096.081102750427,-1639.631102750427
778.37,1791.9468163287088,-1013.5768163287088
1505.1,1250.2496771670326,254.85032283296732
3285.81,3572.5285022253765,-286.7185022253766
9639.67,3180.8596974064167,6458.810302593583
1003.35,1344.4418229247985,-341.0918229247985
1795.89,1610.2595342087416,185.63046579125853
895.51,1349.2748952776121,-453.76489527761214
2301.94,4264.617601150057,-1962.6776011500574
22109.16,10490.489133552075,11618.670866447925
952.83,1597.717951598508,-644.887951598508
916.25,1073.2346386250606,-156.9846386250606
829.65,1455.9636806727497,-626.3136806727497
2595.44,2034.5841535276782,560.8558464723219
4745.02,8742.884059250786,-3997.8640592507854
1910.74,1163.8878510808884,746.8521489191116
5409.04,5665.6918460815195,-256.6518460815196
1940.06,1998.2337127033,-58.1737127033
1738.81,2494.396924929782,-755.5869249297821
6667.73,2839.4497948699814,3828.280205130018
1867.72,1375.7550822703897,491.9649177296103
1729.35,1830.147121664804,-100.79712166480408
1163.45,1843.1952187560555,-679.7452187560555
2954.35,1889.3541958626697,1064.9958041373302
5667.08,4232.281720856744,1434.798279143256
5854.21,2854.340855609818,2999.869144390182
1551.65,4016.035050452028,-2464.385050452028
4540.33,5011.298972253579,-470.9689722535795
1764.03,2417.590734608655,-653.5607346086551
1175.53,1857.361648539652,-681.831648539652
3448.3,2296.3439291054733,1151.9560708945269
1212.88,1256.5400160323497,-43.66001603234963
3385.1,4111.545278989019,-726.4452789890188
1371.63,1901.5272951642337,-529.8972951642336
650.85,2319.9653995623808,-1669.1153995623808
18570.76,8803.524443581999,9767.235556418
611.84,1201.640239485732,-589.800239485732
1211.29,1772.9431941959476,-561.6531941959477
3564.25,3687.0541878477975,-122.8041878477975
3465.77,2335.6725576898093,1130.0974423101907
1342.8,1430.9503123119189,-88.15031231191892
5831.93,6487.770502255847,-655.8405022558463
7523.61,2253.680350483102,5269.929649516898
2902.39,1750.154350196909,1152.2356498030908
979.21,1683.8427156110713,-704.6327156110713
4286.36,1860.0538897044935,2426.306110295506
2549.11,2717.6784793022493,-168.56847930224922
1442.53,1177.9009085112968,264.6290914887031
1000.62,2654.585376508646,-1653.965376508646
1393.84,1457.6288981014632,-63.788898101463246
681.64,1450.7024741114826,-769.0624741114826
7422.0,3965.978406186551,3456.021593813449
5587.39,7122.728657795858,-1535.3386577958581
1385.28,1418.358299146765,-33.07829914676495
2911.24,4038.9233831542597,-1127.68338315426
850.92,1501.7597767088737,-650.8397767088737
3906.75,4815.591921091801,-908.8419210918009
769.35,1938.947519312734,-1169.5975193127338
1405.26,1636.447710550623,-231.18771055062302
37724.85,8822.85753039483,28901.992469605168
1229.51,1540.4440127249272,-310.93401272492724
1584.72,1295.0042136976588,289.71578630234126
3894.86,1801.6536280514777,2093.2063719485222
1935.03,2937.123940041338,-1002.0939400413379
3065.18,3610.867397106902,-545.6873971069022
1161.58,1311.6891496476421,-150.1091496476422
1194.38,1857.650807068706,-663.2708070687058
1250.36,2101.6733692163402,-851.3133692163403
2641.7,2571.543017864257,70.15698213574296
5503.36,3481.2232602021368,2022.136739797863
825.36,1010.3125068966021,-184.95250689660213
10145.3,6405.200546946405,3740.0994530535945
3284.13,2852.6492234931484,431.4807765068517
2936.51,4596.036482936136,-1659.5264829361358
1199.48,1466.051363496307,-266.57136349630696
5166.16,5432.660682368471,-266.50068236847073
1278.01,1493.1004841907597,-215.09048419075975
1220.9,1649.1673309027149,-428.2673309027148
2849.78,2334.888983640879,514.8910163591213
1212.62,1742.8134315400655,-530.1934315400656
1887.6,6761.075738865158,-4873.475738865158
4711.02,2754.2457358500237,1956.7742641499767
447.1,1730.4508901739107,-1283.3508901739106
3091.16,1774.5391634627738,1316.620836537226
2114.93,2715.222098443279,-600.292098443279
1596.72,2501.9585371990943,-905.2385371990943
2519.9,2619.387072974415,-99.48707297441479
1048.72,2069.161588469517,-1020.441588469517
6466.66,4934.573544334491,1532.0864556655088
3989.95,5123.522279754382,-1133.5722797543822
1387.38,1724.001025331874,-336.62102533187385
918.89,2157.4750448836244,-1238.5850448836245
3718.87,3976.491605695693,-257.62160569569323
1597.52,2256.7897634738188,-659.2697634738188
6224.52,5274.371415842124,950.148584157876
1342.93,1620.8346545488325,-277.90465454883247
1672.89,1566.7438994798083,106.1461005201918
2471.96,1673.1596366965261,798.8003633034739
1662.44,1786.8026130759808,-124.36261307598079
4998.38,4041.3927872861977,956.9872127138024
1811.38,2497.9670085978973,-686.5870085978972
4281.64,3062.770518907663,1218.8694810923375
2057.38,2355.763190708756,-298.38319070875605
2789.74,2541.5899079209826,248.1500920790172
3446.96,1566.5101725122756,1880.4498274877244
5675.63,5652.751574026645,22.87842597335475
847.88,1289.3538518131593,-441.4738518131593
1466.0,2443.7989282606404,-977.7989282606404
8956.88,5064.39326364187,3892.486736358129
1967.47,1655.3534679101379,312.1165320898622
5365.45,2831.5993007618686,2533.8506992381313
788.44,1486.4355910963595,-697.9955910963595
6741.4,4728.5890478643,2012.8109521357
4800.4,3532.3575897162355,1268.0424102837642
6577.87,3036.4734968980656,3541.3965031019343
4740.05,2114.381477617905,2625.668522382095
2513.07,1725.5263831235357,787.5436168764645
1619.42,3100.7206083883566,-1481.3006083883565
2708.49,4401.3231972819785,-1692.8331972819788
729.77,2981.283838573855,-2251.513838573855
1662.79,2707.3414364598434,-1044.5514364598434
2121.93,1411.6191918651637,710.3108081348362
1353.61,1287.6820333249507,65.92796667504922
3565.48,5415.408630296817,-1849.9286302968171
5186.8,4767.77812071318,419.02187928681997
3119.36,4583.346426885574,-1463.986426885574
7973.56,8945.06508235922,-971.5050823592201
3127.36,3417.711488001527,-290.35148800152683
8444.52,6022.267181600857,2422.2528183991435
3949.81,1779.1748815356732,2170.6351184643268
1705.79,1968.3835852834522,-262.5935852834523
1847.43,2037.8325030030994,-190.40250300309935
2205.35,3836.6430778687204,-1631.2930778687205
8066.6,7258.161246465827,808.438753534173
2250.34,2878.7108099771854,-628.3708099771852
776.99,1063.6602688403636,-286.67026884036363
3666.35,4131.735737222092,-465.3857372220923
1096.45,1821.62134009668,-725.1713400966798
1806.47,1913.0975113797408,-106.62751137974078
880.85,2902.8086298514663,-2021.9586298514664
2653.63,1748.099734968196,905.5302650318042
9560.0,6141.532856063144,3418.467143936856
2805.1,1234.7615883215012,1570.3384116784987
1420.28,1655.6151399495193,-235.33513994951932
987.64,1712.0279381185228,-724.3879381185228
2637.51,3589.160984150927,-951.6509841509269
3849.77,3329.3873244143538,520.3826755856462
1641.55,2658.4451717306706,-1016.8951717306707
3034.48,5672.7175723035725,-2638.2375723035725
2369.54,2329.178871181344,40.36112881865574
3330.17,3687.8917280526953,-357.7217280526952
2370.85,2891.3738301232465,-520.5238301232466
2725.36,2845.1311410952558,-119.77114109525564
2787.68,2298.9782737321348,488.70172626786507
664.16,1551.8036943148843,-887.6436943148843
7355.87,10871.299041227137,-3515.4290412271375
2022.93,2373.103717398192,-350.17371739819214
428.84,1420.3700058933969,-991.530005893397
1358.04,1977.1420625795022,-619.1020625795022
1363.03,2193.5707734140506,-830.5407734140506
1205.0,4782.324326571125,-3577.3243265711253
1571.61,1532.171359019073,39.43864098092695
1934.33,1627.8149385457193,306.5150614542806
3832.21,2099.277999161991,1732.9320008380091
6422.54,2789.1726352002597,3633.3673647997402
2178.0,3012.7538140400566,-834.7538140400566
3104.29,3306.687695040604,-202.39769504060405
776.15,2342.4628091160166,-1566.3128091160165
448.27,3759.2652821010024,-3310.9952821010024
701.0,1507.6031734417813,-806.6031734417813
1060.69,1869.1733698942155,-808.4833698942155
1275.87,2956.748637477666,-1680.878637477666
1345.27,2253.7819456833913,-908.5119456833913
407.04,1661.1915176512978,-1254.1515176512978
5755.77,6128.236985230448,-372.4669852304478
1250.35,2113.551273974977,-863.2012739749771
3089.24,3278.370734705274,-189.13073470527434
786.81,1277.9415676462806,-491.1315676462807
2312.77,2634.3319698104506,-321.5619698104506
1526.97,1904.1862024933505,-377.21620249335047
3269.48,4450.173368930787,-1180.6933689307866
3888.51,3380.339545395955,508.17045460404506
757.42,1074.0785774870058,-316.6585774870058
1117.36,1470.1108554435748,-352.7508554435749
2408.0,1647.5468962153896,760.4531037846104
1948.57,3802.640223483914,-1854.0702234839139
1725.78,1755.072321131823,-29.292321131822973
4166.92,1666.0580463871993,2500.861953612801
1042.09,2357.6015965179477,-1315.5115965179477
1024.08,1695.5907969678965,-671.5107969678966
2079.84,2351.4147547726648,-271.5747547726646
5078.68,2669.3640651381347,2409.3159348618656
3887.27,3578.9268178834654,308.34318211653454
2863.72,3877.079201675678,-1013.3592016756784
2158.44,4665.538796646077,-2507.0987966460766
1176.52,3248.505570694207,-2071.985570694207
2707.18,2702.63301338915,4.546986610849672
8545.22,10209.607099029185,-1664.3870990291853
1757.53,2232.2182743051007,-474.6882743051008
6051.71,6359.683500451282,-307.97350045128223
5929.41,2347.922237002673,3581.487762997327
3243.01,4331.176485875861,-1088.1664858758604
3017.11,2628.912442968705,388.1975570312952
2788.81,4059.0260543323934,-1270.2160543323935
3104.52,3581.8973737219203,-477.3773737219203
983.43,2102.9740578606365,-1119.5440578606367
595.72,2027.490485874104,-1431.770485874104
1480.6,3777.0401595391463,-2296.4401595391464
1773.7,1855.7862669535841,-82.08626695358407
1188.76,1642.0148441648396,-453.2548441648396
1429.39,2557.9355493414287,-1128.5455493414286
8907.1,6518.269144424478,2388.830855575522
5913.79,6261.993671780865,-348.2036717808651
5816.96,3649.168713067076,2167.791286932924
896.29,3010.5111363722776,-2114.2211363722777
2342.56,1541.5861776910965,800.9738223089034
1489.14,1823.7363171416969,-334.5963171416968
1000.39,1610.3046791198944,-609.9146791198945
2071.21,4112.494224448708,-2041.2842244487083
2486.65,2791.5843887907054,-304.93438879070527
286.04,1330.3737363851337,-1044.3337363851338
5969.07,3938.3526886880977,2030.717311311902
1090.84,1107.0996014485129,-16.259601448512967
3535.96,2632.0202232524052,903.9397767475948
3229.58,2710.778730674027,518.801269325973
1268.04,1525.802912128379,-257.76291212837896
3652.29,2789.588856225774,862.7011437742258
3763.53,3995.1195220100844,-231.58952201008424
1134.98,1034.6691147572567,100.31088524274332
313.55,1048.0510388519285,-734.5010388519286
417.57,1182.2145740198778,-764.6445740198778
2595.52,1762.6152793033395,832.9047206966604
1083.59,1381.0466675693106,-297.45666756931064
588.47,1626.0878587528916,-1037.6178587528916
798.54,1534.0125152338514,-735.4725152338515
7747.11,6494.791664725296,1252.3183352747037
3327.71,3123.5319166674803,204.1780833325197
956.65,2019.9328367421645,-1063.2828367421644
1508.9,2555.937974310689,-1047.0379743106887
15071.12,9489.445449471566,5581.674550528434
3005.38,2097.829514414259,907.5504855857412
8060.83,5730.490373576278,2330.3396264237217
10141.67,5646.112726750562,4495.557273249438
3582.49,2705.7917707742795,876.6982292257203
2516.91,3762.3055046783834,-1245.3955046783835
1773.87,2972.3907836721214,-1198.5207836721215
695.82,1192.2727086443601,-496.4527086443601
9208.83,7850.978629442874,1357.8513705571258
1634.59,1942.3732625993598,-307.7832625993599
1618.58,1385.779935889382,232.800064110618
2561.96,2093.0153774090722,468.9446225909278
1222.69,1906.6766403876245,-683.9866403876244
8490.15,9574.810632206385,-1084.6606322063853
4413.1,1896.7533530354515,2516.346646964549
1522.81,1737.8468552758047,-215.03685527580478
1519.57,1993.9397220682533,-474.3697220682534
757.54,1500.0225085620987,-742.4825085620987
4243.64,3678.2572657004926,565.3827342995078
3292.89,5709.492002330325,-2416.602002330325
1135.64,1775.300160133342,-639.6601601333418
790.65,1072.4226858600732,-281.77268586007324
3148.52,3784.134483602628,-635.6144836026278
3946.95,6326.5046511734245,-2379.5546511734246
2897.28,1446.0355881430537,1451.2444118569465
513.4,1470.2473627697918,-956.8473627697919
2454.57,2601.6042169633993,-147.0342169633991
2434.97,3542.708394893894,-1107.738394893894
2803.5,2005.63970908632,797.86029091368
2651.58,4879.359939794491,-2227.779939794491
1822.09,2938.8442027133597,-1116.7542027133597
2648.48,4021.1631120781444,-1372.6831120781444
2611.56,3064.8434012985836,-453.2834012985836
14670.82,5229.675612931473,9441.144387068527
7768.44,7470.537154038144,297.90284596185575
2525.48,4013.664397675466,-1488.1843976754658
14528.19,4951.318266346924,9576.871733653075
4783.16,7557.990345366723,-2774.830345366723
1285.89,1260.404395798391,25.48560420160902
3595.67,4015.216585053318,-419.5465850533178
660.45,1631.5576557583697,-971.1076557583697
2859.75,4424.10734539802,-1564.3573453980198
1322.62,1354.1773534230094,-31.557353423009545
3928.64,7706.5277436956885,-3777.8877436956886
1454.26,3107.415750579189,-1653.155750579189
5833.18,5158.447437359976,674.7325626400243
6290.32,5250.265297508933,1040.0547024910666
523.13,1452.022862728055,-928.8928627280551
5091.86,3498.3063760426467,1593.553623957353
3382.87,4168.330916142026,-785.4609161420258
10219.71,7158.02518233247,3061.6848176675294
3796.46,4555.911966798584,-759.4519667985842
2768.66,1972.8744744200217,795.7855255799782
1703.44,1988.7660705586868,-285.32607055868675
1291.01,1370.209691213891,-79.1996912138909
2644.14,2154.7759569307527,489.36404306924715
2757.55,5090.4706593144,-2332.9206593144
1955.85,3080.5495714108856,-1124.6995714108857
812.18,1677.953814016175,-865.7738140161752
2504.23,2986.826432776564,-482.59643277656414
943.08,2013.3554858461307,-1070.2754858461308
687.82,2101.1357420042145,-1413.3157420042144
2822.17,1909.7581081589792,912.4118918410209
1890.83,2064.1167598055813,-173.28675980558137
3617.49,6678.901799421059,-3061.411799421059
2487.96,5303.763948976483,-2815.8039489764833
1045.99,1321.1571517748762,-275.1671517748762
844.29,2472.088708693903,-1627.7987086939029
1078.75,4353.823170525614,-3275.073170525614
643.97,1538.7323680764214,-894.7623680764214
822.15,1645.0124489340224,-822.8624489340224
1932.89,3739.794420470767,-1806.9044204707668
991.14,1196.7777022782866,-205.6377022782866
1094.04,1356.7198658396094,-262.6798658396094
2362.11,4511.21548391576,-2149.10548391576
1688.03,1465.8152593291857,222.2147406708143
1388.25,1815.6647933761365,-427.41479337613646
582.78,1632.644468948483,-1049.8644689484831
6691.53,6843.850307779236,-152.32030777923592
1833.26,2873.5845936936685,-1040.3245936936685
2521.8,1778.3330034833189,743.4669965166813
2495.55,1225.4034626195128,1270.1465373804874
5135.26,3037.341719993184,2097.918280006816
629.0,1374.6507354959385,-745.6507354959385
6277.89,6066.610642205952,211.27935779404834
4113.07,3554.8931248204044,558.1768751795953
5795.7,3237.8798950861697,2557.82010491383
2064.55,2248.3842953958506,-183.8342953958504
996.59,2428.926504985351,-1432.336504985351
1394.57,1890.9121262811946,-496.3421262811946
2811.18,5060.505885530642,-2249.3258855306426
3790.0,6085.887599547416,-2295.8875995474164
4080.7,4406.460649355691,-325.7606493556914
4317.53,4192.227926650154,125.30207334984607
4510.16,5579.475984541044,-1069.3159845410446
2189.59,2340.9823305253067,-151.39233052530653
1364.17,3036.7942009202598,-1672.6242009202597
4611.09,4643.346022217882,-32.256022217881764
891.95,1863.8416120672096,-971.8916120672095
1122.55,1347.3777817381501,-224.82778173815018
1729.12,1757.8423975002142,-28.722397500214356
14899.89,4388.061379960083,10511.828620039916
778.81,4799.550338039799,-4020.7403380397986
1309.09,1827.302730229651,-518.212730229651
1659.22,2061.3004264143583,-402.08042641435827
4715.24,3294.1483516673234,1421.0916483326764
2055.53,3495.7751424216326,-1440.2451424216324
1810.12,1625.0560062202355,185.06399377976436
862.72,1244.260561517349,-381.54056151734903
3051.11,2587.580456973994,463.5295430260062
11047.3,6518.474655037161,4528.825344962838
8560.31,8363.76110267552,196.54889732447919
3893.56,1990.5730890172342,1902.9869109827657
5689.84,3057.4721497350974,2632.3678502649027
1587.6,1306.5275964333448,281.0724035666551
4821.68,3993.183692117665,828.4963078823353
3852.31,2375.223728283825,1477.086271716175
3674.38,2426.166276479416,1248.2137235205842
1790.18,1860.5320516004774,-70.35205160047735
1688.56,2962.8529522485214,-1274.2929522485215
1480.11,1701.4600411462868,-221.3500411462869
513.62,2344.897947639909,-1831.2779476399091
4469.62,1872.002430594542,2597.617569405458
1180.88,1874.1875190548412,-693.3075190548411
2959.87,2434.771877333346,525.098122666654
1040.33,1445.3185830494128,-404.9885830494129
1598.25,3496.5892285054956,-1898.3392285054956
3144.61,2374.27063321165,770.3393667883502
6003.34,4634.555859445848,1368.7841405541521
2428.61,2226.8957308305517,201.71426916944847
1270.98,1458.320058064643,-187.34005806464302
557.68,1325.959225256057,-768.279225256057
2279.21,2958.162254986413,-678.9522549864128
6197.09,4328.7620910084715,1868.3279089915286
1021.1,1523.2669469901407,-502.1669469901407
2508.23,3530.5437566346973,-1022.3137566346973
2958.38,5548.932493565818,-2590.5524935658177
3605.74,1523.9032307136986,2081.836769286301
1454.79,1465.7118774320197,-10.921877432019755
943.52,1838.640357823141,-895.1203578231409
3214.4,1656.304658829093,1558.0953411709072
9317.53,7847.740678587794,1469.7893214122068
1381.36,2679.120830129535,-1297.7608301295352
5572.84,3762.2760108296884,1810.5639891703117
3316.87,3742.408703333541,-425.538703333541
550.09,1736.9725272446046,-1186.8825272446047
6195.78,1937.393015839121,4258.3869841608785
1725.46,1766.5743441538693,-41.1143441538693
531.09,1222.5613267583221,-691.4713267583221
812.67,1224.2076421870722,-411.53764218707227
1135.75,2010.431994182828,-874.681994182828
2848.32,2757.9676395614642,90.35236043853592
1172.61,2950.7488847600225,-1778.1388847600226
1335.49,1302.8931889670152,32.59681103298476
2984.49,2737.7384672637468,246.751532736253
11284.21,12320.263590721494,-1036.0535907214944
1888.35,3610.969254835164,-1722.6192548351642
651.83,1128.5478784064683,-476.71787840646823
976.65,2123.081005001245,-1146.431005001245
906.37,1430.9671828767137,-524.5971828767136
2503.59,2494.812041015957,8.777958984042925
1530.42,1313.6847388209242,216.7352611790759
2783.43,2845.461587506891,-62.031587506891356
1086.73,1827.1839115569728,-740.4539115569728
1507.66,1844.8928660806118,-337.23286608061176
1804.2,2618.0820415097664,-813.8820415097664
1655.49,1267.1299201000834,388.3600798999166
1014.64,1598.102345089578,-583.462345089578
5768.4,3278.314747898331,2490.0852521016686
2894.44,2760.679039220852,133.76096077914826
1314.07,2120.967052240779,-806.8970522407792
4691.68,4693.130790211597,-1.4507902115965408
7680.94,6508.9627193672695,1171.97728063273
985.31,1474.2533144622255,-488.94331446222554
3901.26,2072.5850680617223,1828.674931938278
1640.11,1862.6968864582245,-222.58688645822463
4151.81,3962.9098620552454,188.900137944755
722.74,1298.598412368874,-575.858412368874
1836.7,2088.490104240631,-251.79010424063085
5157.06,2435.3336267151026,2721.726373284898
1576.44,1233.3823197399215,343.05768026007854
7797.92,5544.64248439525,2253.27751560475
691.15,1045.1781795603433,-354.02817956034335
753.49,1834.7151999813573,-1081.2251999813573
5875.38,5477.165625707955,398.21437429204525
2335.4,2240.1344122836435,95.26558771635655
1109.23,3052.3184657174193,-1943.0884657174192
499.2,1352.343702721822,-853.1437027218219
1624.71,1552.5200065363063,72.18999346369378
4560.79,1652.4355764008055,2908.3544235991944
1542.51,2515.391327602865,-972.8813276028652
911.97,1193.1838077753628,-281.21380777536274
299.84,1167.896730083016,-868.0567300830162
2633.0,1469.2977262181812,1163.7022737818188
5798.32,6097.019436295698,-298.69943629569843
3273.36,2536.3425104801017,737.0174895198984
4830.52,4488.986074633113,341.53392536688716
3232.24,2031.8401494345367,1200.399850565463
2876.77,3366.756252004057,-489.98625200405695
10477.44,7773.607734876532,2703.8322651234685
21627.84,9757.967093746902,11869.872906253098
1620.42,2189.9374833567804,-569.5174833567803
1063.25,1683.9453259795587,-620.6953259795587
1620.55,1332.8756975406218,287.67430245937817
1232.4,1316.0941107603603,-83.69411076036022
1382.87,1148.2444699577943,234.62553004220558
2068.22,1604.318705359405,463.90129464059487
3937.57,2108.4852181009214,1829.0847818990787
3991.87,2347.2747801573423,1644.5952198426576
1189.86,1696.460273764218,-506.6002737642182
6920.83,2275.4128697692868,4645.417130230713
2372.7,2240.8206510265804,131.87934897341938
849.69,1667.6163095251738,-817.9263095251738
1751.53,2662.2445397470087,-910.7145397470088
1391.1,1930.6490644979403,-539.5490644979404
7271.26,6140.20199939878,1131.0580006012206
747.19,1237.057055144837,-489.86705514483697
737.37,1645.6081733886826,-908.2381733886826
3208.41,2777.2038121046457,431.2061878953541
3320.72,6438.797999247065,-3118.077999247065
8946.07,4182.737617757427,4763.332382242573
2665.28,1770.3509943285912,894.929005671409
3199.08,4520.667243101915,-1321.5872431019152
1444.86,3397.4396897367824,-1952.5796897367825
994.8,2309.9534662590154,-1315.1534662590154
915.15,1550.8340093451568,-635.6840093451568
832.54,1523.0641283189684,-690.5241283189685
703.3,1444.8294842569032,-741.5294842569033
1409.02,1313.4899599407443,95.53004005925573
5241.72,5282.144189153084,-40.42418915308372
2390.71,2237.4514456468773,153.2585543531227
2698.22,3390.575088288168,-692.3550882881682
2664.49,4930.96600070269,-2266.47600070269
3802.44,2877.043613728559,925.3963862714409
1438.88,2342.075140291912,-903.1951402919117
557.7,899.8701543099285,-342.1701543099284
1271.49,4165.319628355595,-2893.8296283555956
875.78,1104.472872498644,-228.69287249864396
4144.24,3188.9831998890363,955.2568001109635
2776.7,2472.158897685901,304.5411023140987
1085.67,2181.264967770902,-1095.5949677709018
2011.52,3203.1792546891566,-1191.6592546891566
5196.72,4143.283218701947,1053.4367812980536
3526.43,2317.8169155520686,1208.6130844479312
2716.72,4498.4624534010645,-1781.7424534010647
11743.19,8277.432625425228,3465.7573745747723
6512.26,3357.215551167378,3155.044448832622
5565.91,3709.067671256353,1856.8423287436467
1806.03,1922.3869298943796,-116.35692989437962
3039.36,2599.1535829797276,440.2064170202725
1813.8,2990.4444584489997,-1176.6444584489998
729.07,1491.7263389710724,-762.6563389710724
2704.99,3753.7387912144513,-1048.7487912144516
2596.6,1404.4109214310506,1192.1890785689493
2296.01,2872.9310224441206,-576.9210224441204
5626.67,6246.06165612284,-619.3916561228398
2174.18,1768.164790108285,406.0152098917149
670.49,2329.147497542646,-1658.6574975426458
1282.8,1480.3243279518033,-197.52432795180334
2477.77,1744.5557073490859,733.2142926509141
1846.3,1751.8160376767296,94.48396232327036
2116.98,1277.331933785361,839.6480662146391
4559.31,6142.453535002251,-1583.1435350022502
7829.25,11845.778208173331,-4016.528208173331
1595.59,2198.613145028482,-603.0231450284821
1676.65,1288.01980186468,388.63019813532014
2426.09,2496.9583817665275,-70.86838176652736
1870.38,2301.7858912030224,-431.4058912030223
3475.28,1975.432199505793,1499.8478004942071
2100.89,2398.528465999921,-297.6384659999212
1405.04,3024.283340826248,-1619.2433408262482
644.95,1392.0088300513492,-747.0588300513491
1945.7,2439.2640704284345,-493.56407042843443
1516.41,1854.6216964714279,-338.2116964714278
1455.3,1470.6504213627145,-15.350421362714542
1298.89,1651.9717596852868,-353.08175968528667
988.04,2851.389753168001,-1863.349753168001
2963.28,5320.047798997069,-2356.7677989970684
1787.29,6093.2484809581965,-4305.958480958197
3173.86,2360.712853253442,813.1471467465581
2086.07,2604.9938540607227,-518.9238540607225
2023.93,2502.056166891254,-478.1261668912541
702.91,2196.9916608138747,-1494.0816608138748
581.46,1426.329157363975,-844.8691573639749
539.82,1567.3174816178919,-1027.497481617892
1141.75,1581.10847762755,-439.35847762755
959.86,2162.6787949833183,-1202.8187949833182
1726.86,1791.6560730103376,-64.79607301033775
1855.1,1906.5641944608565,-51.46419446085656
968.55,1896.2599472955367,-927.7099472955367
1748.24,1890.326231313884,-142.0862313138839
7847.62,2838.4661861242284,5009.153813875771
3587.05,2957.033177109892,630.016822890108
6362.45,4616.496769173623,1745.953230826377
4178.52,4089.3616167594882,89.1583832405122
3937.46,1489.4155033156612,2448.044496684339
1609.28,1188.8005376982048,420.47946230179514
2429.96,3380.620746028103,-950.660746028103
2848.88,3108.5397444423556,-259.65974444235553
1772.37,2403.216462966172,-630.8464629661721
1032.51,1176.139936071032,-143.62993607103203
1158.72,1097.4905045499866,61.229495450013474
928.9,1580.9722609135968,-652.0722609135968
2279.31,4345.94149783246,-2066.6314978324604
9192.27,4830.259650702101,4362.0103492979
1658.8,5632.320132375908,-3973.5201323759075
4441.91,3882.6782042730365,559.2317957269634
2368.31,2095.1325549494445,273.17744505055543
1505.85,1599.8334140414674,-93.98341404146754
2422.71,1900.4620688399189,522.2479311600812
1535.4,1476.6554627258804,58.74453727411969
1155.16,2100.6706140951214,-945.5106140951214
1587.2,2950.660807554101,-1363.4608075541012
2149.49,2448.292183095085,-298.8021830950852
4023.15,3946.590493529095,76.55950647090503
1697.12,1810.24042272351,-113.12042272351005
5526.1,4700.908623965251,825.1913760347497
1330.33,1490.5679811655773,-160.23798116557737
524.72,1799.8471337626527,-1275.1271337626526
790.13,1857.6011759190908,-1067.471175919091
1316.09,1815.7883882910812,-499.6983882910813
7772.8,6213.0208690513655,1559.7791309486347
1575.84,2866.5661006072246,-1290.7261006072247
6466.74,4385.585413293729,2081.1545867062705
395.3,2001.0099874638142,-1605.7099874638143
2421.37,1741.717993940406,679.652006059594
6083.73,4192.425031943149,1891.3049680568502
2962.16,2272.89163165423,689.2683683457699
1791.94,2668.363610775356,-876.4236107753559
2084.74,1981.3593082131285,103.38069178687124
1505.68,1938.9575485869975,-433.27754858699745
694.32,1628.3355592043301,-934.0155592043301
2427.36,1690.879451204339,736.4805487956612
708.29,1858.8434557167552,-1150.5534557167553
1810.01,2129.186270909923,-319.17627090992323
8820.99,2694.3224234388276,6126.667576561173
805.13,1487.192326921767,-682.0623269217671
4227.83,5657.433548644338,-1429.603548644338
3766.8,2594.448177763807,1172.3518222361931
3189.84,2117.282595422423,1072.557404577577
3178.81,3710.4376881486432,-531.6276881486433
1168.68,2275.3961826657987,-1106.7161826657987
1163.65,4786.9751340222165,-3623.3251340222164
3224.29,3145.816477985967,78.47352201403282
5103.98,7452.792211272778,-2348.8122112727788
795.66,1447.5175884356674,-651.8575884356675
5686.99,5325.5900159248,361.3999840751994
1738.72,2230.0737388348416,-491.3537388348416
7612.23,5824.858337556694,1787.3716624433055
1726.57,2221.158255874443,-494.5882558744431
1831.54,1753.156506838825,78.38349316117501
1047.36,5171.6580052273885,-4124.298005227389
833.16,1732.3467819027344,-899.1867819027344
9625.21,3540.910284090404,6084.299715909596
13857.5,6025.9769542631975,7831.5230457368025
7577.57,4382.922186284265,3194.6478137157346
3715.12,2042.8886716617483,1672.2313283382516
3061.6,3403.35319259628,-341.7531925962803
1283.96,2410.118929378782,-1126.158929378782
5182.48,5355.436958736174,-172.95695873617478
1716.71,4483.082880697585,-2766.372880697585
2292.42,1818.8092430349204,473.61075696507964
3673.81,4386.368090277391,-712.5580902773913
798.46,1110.3107806587068,-311.85078065870675
5771.87,3549.943333090826,2221.926666909174
3062.02,2438.1243112017987,623.8956887982013
1829.53,3124.502575372707,-1294.9725753727068
1268.54,1817.6960919396402,-549.1560919396402
1198.99,2026.9427179045808,-827.9527179045808
1352.06,2295.243215317074,-943.183215317074
2775.14,2691.743036916075,83.39696308392467
2107.68,2092.7241464298754,14.955853570124418
3728.48,3490.2918492112644,238.18815078873558
12447.96,5939.70098715864,6508.259012841359
3240.22,4539.292276528476,-1299.0722765284759
6405.95,2379.4161323548747,4026.533867645125
779.82,1948.4459591370414,-1168.6259591370413
1538.66,1398.9759682894105,139.68403171058958
3086.6,3947.0323618180405,-860.4323618180406
5238.85,2673.8010533005877,2565.0489466994127
668.93,1286.9595241036586,-618.0295241036587
2055.46,3222.590805438332,-1167.1308054383321
2880.93,3096.2272904392103,-215.29729043921043
744.54,1677.0081025505506,-932.4681025505506
4014.65,6658.2186902792455,-2643.5686902792454
1910.6,2046.8076254479092,-136.20762544790932
2265.68,2609.160337028898,-343.48033702889825
1582.02,2760.2016823661215,-1178.1816823661215
1138.42,2855.315270351701,-1716.8952703517011
5388.08,3125.549980056942,2262.530019943058
5886.57,2964.610609165446,2921.9593908345537
6095.07,4189.638016659196,1905.4319833408035
803.24,1191.7870267209967,-388.54702672099666
3821.96,8485.548122284232,-4663.588122284232
2839.43,2483.868104007987,355.561895992013
543.55,1406.7796615863094,-863.2296615863095
2740.37,3163.8037543671808,-423.4337543671809
7562.49,3698.9637274676684,3863.5262725323314
934.49,2432.2000842173893,-1497.7100842173893
7595.97,7328.381320487212,267.5886795127881
6178.78,3866.9242299598523,2311.8557700401475
13289.27,9302.06103029038,3987.20896970962
748.25,1684.061165843602,-935.8111658436021
2027.47,2177.3393804822244,-149.86938048222441
2415.46,1376.1704459293876,1039.2895540706124
1419.02,1401.957482076189,17.0625179238109
5135.65,4157.740771527563,977.9092284724366
5783.2,4516.810636909212,1266.3893630907878
877.76,1824.4076402668577,-946.6476402668577
1224.34,1365.1239611994586,-140.78396119945864
1317.56,2062.7346305176234,-745.1746305176234
1617.24,2963.2557606979626,-1346.0157606979626
356.92,905.7098461195283,-548.7898461195282
2268.56,1721.378489277803,547.1815107221969
782.46,1283.3146493986542,-500.85464939865415
4154.48,3540.95795419765,613.5220458023496
3389.34,3109.8310843068834,279.5089156931167
6030.23,4760.515442854952,1269.7145571450474
2553.8,2647.175233447583,-93.37523344758301
2607.29,2557.333538449355,49.956461550645145
1903.92,1888.6540826603784,15.265917339621637
1760.05,2110.2401655533217,-350.1901655533218
6819.44,2122.268585727656,4697.171414272343
3311.84,2268.363304246331,1043.476695753669
901.52,1498.8602833762845,-597.3402833762846
9510.2,5232.943629493158,4277.256370506842
5705.98,2839.4221536729106,2866.557846327089
3998.21,3284.0385420968078,714.1714579031923
6714.99,6341.5486298654705,373.4413701345293
640.83,1738.3416218023012,-1097.5116218023013
1236.59,5532.989904125858,-4296.399904125858
1562.52,1479.7214527086098,82.79854729139015
1304.27,1765.5980599968918,-461.32805999689185
1373.96,1552.8552926617929,-178.89529266179284
737.54,1490.6819979753113,-753.1419979753114
860.38,1152.8462303413921,-292.46623034139213
1596.09,3215.0549091461203,-1618.9649091461204
4065.22,4518.317561964192,-453.09756196419175
3056.76,4604.785941667842,-1548.0259416678418
3921.41,1613.1110397597638,2308.298960240236
6104.77,2384.4339292838763,3720.336070716124
5343.44,4214.556398423273,1128.8836015767265
2271.72,2474.146308591674,-202.42630859167411
1437.36,1474.7696432503612,-37.40964325036134
1326.85,1325.461444310309,1.3885556896909748
2242.31,1621.9413253762625,620.3686746237374
1191.37,1893.2962872950545,-701.9262872950546
5401.44,3737.429583023148,1664.0104169768515
5566.38,4502.8618811603355,1063.5181188396646
2684.64,1801.403346986457,883.2366530135428
6250.25,5094.006055754119,1156.2439442458808
1528.43,2246.901066268402,-718.4710662684017
2641.72,1856.4628371090046,785.2571628909952
531.11,1858.222055692997,-1327.1120556929968
1942.97,2585.182473803894,-642.212473803894
2420.02,3742.591871574559,-1322.5718715745588
2995.98,1448.5640244954704,1547.4159755045296
4123.97,3822.104223606667,301.86577639333336
586.35,2372.7373120066272,-1786.3873120066273
2436.47,2071.819860057399,364.6501399426006
538.27,2640.7344644336476,-2102.4644644336477
2047.05,2928.785361646459,-881.7353616464591
2848.31,2656.2106468137745,192.09935318622547
8441.7,7701.2845464404945,740.4154535595062
2385.99,6494.279270433476,-4108.289270433476
5482.64,2370.189029636353,3112.4509703636472
1565.98,3462.5386119956834,-1896.5586119956833
437.7,2140.644718936236,-1702.944718936236
3844.96,4971.534098442243,-1126.5740984422428
1539.29,1747.28321980425,-207.99321980424997
2406.94,3586.320970197312,-1179.3809701973119
2087.92,2012.8029356171817,75.1170643828184
2392.13,2774.7695492701505,-382.6395492701504
4002.76,4376.442811268173,-373.6828112681724
3818.24,1670.0111537615044,2148.2288462384954
2872.21,4146.37718436489,-1274.16718436489
4245.87,2888.589857950726,1357.2801420492738
1489.39,1422.4232165679439,66.96678343205622
6386.99,5544.9473419207325,842.0426580792673
6109.49,5809.782004523903,299.7079954760966
1563.11,2076.5910195646225,-513.4810195646226
1152.73,1682.9615284337897,-530.2315284337897
3598.98,3740.0776274417603,-141.09762744176032
3552.01,3179.850625212276,372.1593747877241
2753.92,4998.444012345058,-2244.5240123450576
4233.79,2915.648685025417,1318.141314974583
6826.98,6145.131861881923,681.8481381180763
1163.09,2029.0109382305538,-865.9209382305539
7413.39,2509.028968590803,4904.3610314091975
3251.4,2826.2790991795064,425.1209008204937
688.58,1790.086405090628,-1101.506405090628
1985.18,2472.2731685004073,-487.0931685004073
2478.0,4914.109954032396,-2436.1099540323958
1440.13,2310.3340422539864,-870.2040422539862
539.96,1604.4923324584724,-1064.5323324584724
851.89,1471.1064584832936,-619.2164584832936
1434.23,2589.406739599581,-1155.1767395995812
828.69,1214.4833199181335,-385.7933199181334
2367.8,2204.7321988505564,163.06780114944377
2470.73,2433.100788417352,37.62921158264817
867.74,1440.8622741216025,-573.1222741216025
7849.17,6246.571210491129,1602.598789508871
2741.82,2945.4684748865316,-203.6484748865314
1531.69,1739.9494065965996,-208.25940659659955
3284.69,4189.123446529357,-904.4334465293573
3262.64,2109.6148026163387,1153.0251973836612
7161.82,6392.140148581102,769.6798514188977
2676.39,2952.949925109728,-276.5599251097283
1675.99,1554.1932161215045,121.79678387849549
1484.25,2481.523398221514,-997.2733982215141
1696.87,3878.3451172029604,-2181.4751172029605
4284.94,3752.3867580171022,532.5532419828974
3163.36,3333.823224085815,-170.463224085815
1660.2,1933.8586150014298,-273.6586150014298
1288.06,1422.3259713455536,-134.26597134555368
507.57,2481.0519218907893,-1973.4819218907894
800.04,2426.803253891425,-1626.763253891425
6588.19,4518.789595792946,2069.4004042070537
1366.6,1810.9718601509762,-444.3718601509763
155.51,1448.255487628562,-1292.745487628562
719.06,1788.555147395915,-1069.495147395915
4339.19,3771.174974858617,568.0150251413825
5912.94,6197.377834778939,-284.43783477893976
3044.21,3514.438511004591,-470.2285110045909
4806.2,4773.735557989131,32.46444201086888
5770.6,4089.804373955729,1680.7956260442716
2747.75,1998.2601640484147,749.4898359515853
2581.36,3621.018278743158,-1039.658278743158
1054.42,3286.9602293128823,-2232.5402293128823
1812.59,1982.648272098127,-170.0582720981272
1163.11,1491.0126862771958,-327.9026862771959
1302.97,1859.0361901586673,-556.0661901586673
7439.77,6436.8881161110185,1002.881883888982
1297.12,1960.5809345489977,-663.4609345489978
2564.95,2901.455859140427,-336.5058591404272
3766.09,3564.460336465115,201.62966353488537
1655.66,2591.8999975514416,-936.2399975514415
995.85,1774.2276653304893,-778.3776653304893
3634.36,4709.287741870575,-1074.9277418705747
8130.6,5686.7312603792325,2443.868739620768
2349.12,2458.6073384740243,-109.48733847402445
2269.17,1842.6530938297087,426.51690617029135
5031.12,1877.9515854860979,3153.168414513902
1470.0,2981.725253821787,-1511.7252538217872
2178.25,1540.8468130071246,637.4031869928754
1064.31,1470.6416235578367,-406.3316235578368
1088.74,1627.05296540274,-538.31296540274
1335.98,1979.424549735491,-643.4445497354909
3892.01,2196.2344589012578,1695.7755410987425
3158.72,3381.9485146539046,-223.22851465390477
1307.73,2504.4545862668638,-1196.7245862668638
650.65,1571.7276831219096,-921.0776831219097
1422.01,2543.8656587838686,-1121.8556587838686
2612.0,2257.1135823426866,354.88641765731336
10876.05,4557.774954997729,6318.27504500227
1806.62,1979.0653321552772,-172.44533215527736
4196.24,4605.5084564861045,-409.2684564861047
946.6,1574.2776067601174,-627.6776067601173
1166.77,2373.8694177071566,-1207.0994177071566
625.95,1074.372758660435,-448.42275866043497
2784.2,1385.1451656285683,1399.0548343714315
6598.14,6922.29325455526,-324.15325455526
5093.53,4623.895081427309,469.63491857269037
907.53,2523.642621930651,-1616.112621930651
3146.01,5867.557628806577,-2721.5476288065765
2392.99,2915.107739572743,-522.1177395727432
1405.16,2244.568784303715,-839.4087843037148
3940.72,4437.456858938548,-496.73685893854827
1273.42,1428.6823550694744,-155.26235506947432
1670.21,2490.7923728155115,-820.5823728155115
1953.52,1889.5677828366756,63.95221716332435
1048.81,1448.5178555199818,-399.7078555199819
2114.18,1244.7199458053835,869.4600541946163
1610.26,1391.8491997092158,218.4108002907842
4257.34,2839.5114130547827,1417.8285869452175
1011.42,1852.5569883387077,-841.1369883387077
2152.93,1908.1729578221787,244.75704217782118
8041.99,4078.514147520392,3963.475852479608
689.61,1626.0878587528916,-936.4778587528916
1188.44,1768.6279635617761,-580.1879635617761
1988.65,2124.827626553611,-136.17762655361093
2513.69,1573.8923671912275,939.7976328087725
766.93,1634.1228214834136,-867.1928214834137
2931.36,7495.919812644615,-4564.559812644615
951.31,1044.4196002244723,-93.10960022447239
2438.13,2030.4519070123602,407.67809298763996
2141.46,2246.294194008042,-104.83419400804178
390.56,1756.373998337087,-1365.813998337087
2400.58,2257.498928108146,143.08107189185375
2306.75,3340.6566252690213,-1033.9066252690213
623.61,1702.2742586440663,-1078.6642586440662
511.55,1736.1847193190517,-1224.6347193190518
1864.84,2017.3071251464526,-152.46712514645264
2264.95,3885.1814522563322,-1620.2314522563324
593.46,3056.5937542960896,-2463.1337542960896
899.79,1367.6263032532916,-467.8363032532916
10880.82,3487.507262126225,7393.3127378737745
3052.89,2994.867746921557,58.022253078442645
2637.24,2316.3551300305808,320.884869969419
2512.32,2186.677492579929,325.64250742007107
1491.84,1673.519131514605,-181.67913151460516
1959.23,2010.1184162720226,-50.888416272022596
5558.37,3071.7171920299293,2486.6528079700706
1893.75,1644.9967141160275,248.75328588397247
2529.53,2629.075612908728,-99.54561290872789
4389.97,4938.69565925324,-548.7256592532394
2463.36,1977.6879789583543,485.67202104164585
4922.64,5043.834231783804,-121.19423178380384
2008.58,2013.1463894782655,-4.566389478265592
1192.83,2425.888439708601,-1233.0584397086009
1997.94,1626.60799178991,371.33200821008995
8222.45,7521.348639829388,701.1013601706127
1754.97,2293.5438678292594,-538.5738678292594
2073.42,1867.9808313593282,205.43916864067182
1054.79,1876.6779603985585,-821.8879603985586
597.32,1631.079749763551,-1033.759749763551
2140.09,3670.6380385453103,-1530.5480385453102
2018.71,2919.1977653688687,-900.4877653688686
1273.7,2514.2699821243104,-1240.5699821243104
709.62,1929.4487781682228,-1219.828778168223
1772.71,2984.7040393580387,-1211.9940393580387
3851.88,1828.7576871263905,2023.1223128736096
2080.34,1262.2590858507824,818.0809141492177
1145.58,1661.6778960440909,-516.0978960440909
4608.25,2009.1177878965984,2599.132212103402
1379.65,2874.7314780618667,-1495.0814780618666
3141.86,2900.180193238788,241.67980676121215
1126.77,1785.7411501456172,-658.9711501456172
1877.61,1799.3311642925034,78.27883570749646
855.42,2338.2523681868124,-1482.8323681868123
677.83,1262.3165530671386,-584.4865530671385
3472.73,2762.056364119622,710.6736358803782
3970.45,3572.7574568223768,397.69254317762307
1367.23,1191.618412516013,175.61158748398702
1339.2,3009.200724144969,-1670.0007241449691
1773.25,2179.081003070105,-405.831003070105
3566.45,1944.3529427951362,1622.0970572048636
1085.52,2497.992121428328,-1412.4721214283281
679.02,2230.8434075319706,-1551.8234075319706
4340.97,3915.248609773524,425.72139022647616
4483.36,3217.562408637035,1265.7975913629648
3036.4,1945.677237040982,1090.7227629590182
2661.18,3601.7358149939932,-940.5558149939934
2422.37,1549.8345869142443,872.5354130857556
1771.2,1684.5377375924556,86.6622624075444
7655.72,4329.071918430422,3326.6480815695786
4453.9,5408.881760308654,-954.981760308654
1474.12,1977.1364756520254,-503.0164756520255
759.06,1297.404785142459,-538.3447851424592
6995.67,6254.616600033743,741.0533999662566
503.79,3445.153096844836,-2941.363096844836
688.64,1622.7121866069235,-934.0721866069235
2335.76,2756.984001220778,-421.2240012207776
1543.8,1721.3965917590863,-177.59659175908632
3425.46,2306.2596752332356,1119.2003247667644
1050.06,1991.9551741739142,-941.8951741739143
7721.93,6636.3674937560145,1085.5625062439858
6320.51,4283.8478403974295,2036.6621596025707
5089.35,3867.9020448272145,1221.447955172786
872.91,1681.7435298915716,-808.8335298915716
3600.44,4169.705311598683,-569.2653115986827
7779.97,2205.427776570208,5574.542223429792
3270.45,2074.1988676256897,1196.2511323743101
4859.0,2842.058369045367,2016.9416309546332
1183.62,1726.4076540256153,-542.7876540256154
5052.34,3891.113491493767,1161.2265085062331
689.97,1528.0916017250731,-838.1216017250731
1212.66,2673.9647307625937,-1461.3047307625936
6573.58,3463.920801598888,3109.659198401112
6025.51,1576.7623926352412,4448.7476073647595
914.34,1338.7214114179103,-424.3814114179103
3175.03,2870.3824573867487,304.6475426132515
6855.83,3095.879291390592,3759.950708609408
834.41,1653.687987226133,-819.277987226133
1319.14,1602.242948658775,-283.10294865877495
1596.13,2600.6834565575055,-1004.5534565575053
3949.15,1700.4795988801982,2248.6704011198017
740.96,1568.2252514830845,-827.2652514830845
3741.01,3645.170580512358,95.83941948764232
3928.11,2456.400492810823,1471.7095071891772
2466.0,2607.6564019347725,-141.65640193477248
2315.34,3875.8362049134516,-1560.4962049134515
6663.53,1588.532138337623,5074.997861662377
606.42,1171.1313277518839,-564.7113277518839
6412.58,8413.216475234995,-2000.6364752349946
1528.33,1871.7296670847056,-343.3996670847057
997.93,1783.2984266748679,-785.3684266748679
1048.25,2118.3595341825676,-1070.1095341825676
3034.28,1731.0721744802909,1303.2078255197093
1785.06,2129.660994262556,-344.600994262556
2778.14,1593.5737999637574,1184.5662000362424
6532.79,8275.109358730524,-1742.319358730524
682.79,1154.1691837353828,-471.37918373538287
1024.91,1822.9090402688653,-797.9990402688652
1857.13,3152.693100288386,-1295.563100288386
5298.18,2723.2327077433947,2574.9472922566056
2418.29,2512.100807887882,-93.81080788788222
4488.35,3547.2109739533016,941.1390260466987
1844.85,4010.4588509913824,-2165.6088509913825
1753.51,1949.3114156329436,-195.80141563294364
2837.84,6410.027098890114,-3572.1870988901137
2196.27,2368.5240922778657,-172.25409227786577
585.14,1335.5542472029906,-750.4142472029906
4854.92,5073.269735756539,-218.3497357565393
14882.14,13099.560022410058,1782.5799775899413
14018.37,7108.698999245106,6909.6710007548945
1056.29,2313.1211174513064,-1256.8311174513065
2754.58,2007.63284633845,746.9471536615499
2967.44,2570.3640291363063,397.0759708636938
3166.87,6658.146724745048,-3491.2767247450483
971.25,3961.0972421025467,-2989.8472421025467
7992.43,6728.061605254421,1264.3683947455793
1170.94,1835.9945267540581,-665.0545267540581
1131.84,994.0324956448587,137.8075043551412
2592.01,2522.3145965087406,69.69540349125964
2296.16,1533.4389362123811,762.7210637876187
2138.69,2086.1490938683614,52.54090613163862
670.95,1906.7313817059796,-1235.7813817059796
503.78,1329.38071568838,-825.60071568838
2147.4,3520.485974201294,-1373.085974201294
602.08,1201.3388574500248,-599.2588574500247
1760.17,2447.4950089949602,-687.3250089949602
566.63,2088.984936790744,-1522.354936790744
878.69,1524.4796845582234,-645.7896845582234
2935.29,4122.605077667564,-1187.3150776675639
1997.07,1991.8782256039076,5.191774396092342
1368.25,3743.583435617638,-2375.333435617638
3492.8,1594.9609049225667,1897.8390950774335
4088.59,4272.998555649603,-184.40855564960293
1823.47,2259.079458202799,-435.6094582027988
2173.06,1880.4035285974658,292.6564714025342
962.5,1824.4423424258339,-861.9423424258339
5384.71,7242.504398109511,-1857.7943981095113
1342.94,2447.1446079871307,-1104.2046079871307
729.02,1652.7703568673646,-923.7503568673646
4910.39,3580.3195130246595,1330.0704869753408
4513.62,1959.455399357869,2554.1646006421306
964.22,1871.1812847273775,-906.9612847273775
1365.84,1361.7191751780292,4.1208248219707
685.48,2145.649823718413,-1460.1698237184128
2486.11,2695.0143533841947,-208.90435338419456
14402.79,11273.518597178,3129.2714028220016
1586.95,1957.7720909278532,-370.8220909278532
1438.05,1858.9596907237442,-420.90969072374423
1070.72,2129.1725528222964,-1058.4525528222964
1507.68,2094.0044878310496,-586.3244878310495
636.95,1381.069529951846,-744.1195299518461
6113.22,5875.436533612192,237.7834663878084
428.47,1909.4405234492856,-1480.9705234492856
837.14,1318.6712719898894,-481.53127198988943
3585.05,6523.667760526713,-2938.617760526713
5232.79,5763.8127057692245,-531.0227057692246
513.25,1356.392111081982,-843.142111081982
3425.83,1657.4335264469032,1768.3964735530967
1049.98,2460.1982376341793,-1410.2182376341793
11061.95,8568.197712639996,2493.7522873600046
14829.43,6596.56332047979,8232.866679520212
8647.15,3586.8894653201314,5060.260534679868
5406.73,3668.600993627585,1738.1290063724146
6030.7,5770.891489649214,259.8085103507856
1123.68,1840.4967249900758,-716.8167249900757
2587.17,2106.80927497539,480.36072502461
4226.4,7749.7857696401015,-3523.385769640102
1803.34,2670.961893139162,-867.621893139162
956.5,2140.4224362974387,-1183.9224362974387
724.1,1660.0017568959424,-935.9017568959424
736.7,2489.1120879857417,-1752.4120879857417
2248.19,3091.103751211408,-842.913751211408
1163.55,1455.2671962495176,-291.71719624951766
3203.57,3072.963324222122,130.60667577787808
1398.55,1581.7589600007248,-183.2089600007248
2889.12,1663.279330098002,1225.840669901998
1270.36,1584.3501005911285,-313.99010059112857
685.25,1344.5992814089323,-659.3492814089323
2622.1,1727.6142379259138,894.4857620740861
1364.36,1414.6307390969168,-50.27073909691694
2337.45,1420.082807343692,917.3671926563079
7666.79,11372.853074126619,-3706.0630741266186
2449.33,1584.907050030978,864.4229499690218
2365.01,1611.8073963202307,753.2026036797695
2143.09,3945.536220905766,-1802.446220905766
1890.69,2743.5439061102084,-852.8539061102083
1663.43,2562.3448976947084,-898.9148976947083
5411.88,2751.1085715274107,2660.7714284725894
1241.4,1833.3085416732665,-591.9085416732664
3313.88,1355.4422989144157,1958.4377010855844
2622.28,1806.1028552546734,816.1771447453268
1960.3,1940.7172335478301,19.582766452169835
1485.38,1923.5730716285277,-438.1930716285276
1032.02,1276.0035751550165,-243.98357515501652
1781.63,1727.122807475801,54.50719252419913
291.41,2496.783414485166,-2205.373414485166
11598.57,9076.89322676513,2521.676773234869
3104.45,9941.578517861297,-6837.128517861297
3200.55,3421.378156145413,-220.82815614541278
9469.91,5038.864253472724,4431.045746527276
3822.76,4099.157362075249,-276.39736207524857
1171.73,1803.7752103054386,-632.0452103054386
2929.76,2637.757401218084,292.0025987819163
4270.91,5149.617989841719,-878.7079898417187
1375.0,4032.327228245361,-2657.327228245361
2187.62,2813.0594242750394,-625.4394242750395
2842.45,2955.7054587525668,-113.25545875256694
1865.9,2306.766308823589,-440.86630882358895
5264.73,6873.069408489617,-1608.3394084896172
2505.74,2710.602058799774,-204.86205879977433
2817.18,2021.8092304208435,795.3707695791563
2043.75,2119.648203163226,-75.89820316322584
5412.5,3058.6530595898294,2353.8469404101706
5820.32,10517.078381527412,-4696.758381527412
2838.08,1799.5541612816908,1038.5258387183092
1182.83,1247.2972539140092,-64.46725391400923
2037.09,1573.3598445888447,463.73015541115524
788.38,1205.7337111154768,-417.3537111154768
1340.9,3283.644458806298,-1942.744458806298
1417.16,3883.3130190660227,-2466.1530190660224
632.03,1282.873668240708,-650.843668240708
1083.05,2321.4913793349997,-1238.4413793349997
1166.5,4464.755933071931,-3298.2559330719314
732.53,3501.7453039565535,-2769.2153039565537
889.09,1750.3479867397016,-861.2579867397016
5408.08,2516.486195598482,2891.593804401518
1696.74,2024.5860942315119,-327.84609423151187
7113.41,4227.165655933073,2886.2443440669267
688.23,1630.6163925554022,-942.3863925554022
1968.75,1879.8979873337316,88.85201266626837
1912.62,3544.571843293723,-1631.951843293723
4129.44,1708.6093316150866,2420.830668384913
863.49,1072.471436085215,-208.9814360852149
1104.41,1453.921163946834,-349.5111639468339
1798.95,1241.9370965432638,557.0129034567362
6225.31,2028.411001480542,4196.8989985194585
4332.98,2482.36795222805,1850.6120477719496
3303.79,1929.7697133150498,1374.0202866849502
2836.59,1598.5876452000002,1238.0023548
3878.82,1669.8009305897997,2209.0190694102002
1842.84,1386.1954083095548,456.64459169044517
11613.2,5908.198725927244,5705.001274072757
818.4,1566.6308647188407,-748.2308647188407
4186.2,4332.6776761785095,-146.47767617850968
5172.16,7504.33167421801,-2332.1716742180106
1302.74,2283.286695314524,-980.546695314524
1074.5,1158.2916895513251,-83.79168955132513
2233.67,2109.1811120385073,124.48888796149276
2517.2,1542.744807528897,974.4551924711029
604.01,1496.2600062059453,-892.2500062059453
4113.35,5227.546005672781,-1114.1960056727803
16596.56,6954.8187868957075,9641.741213104295
8715.92,5237.921376475265,3477.998623524735
878.74,1339.7466472932867,-461.00664729328673
3670.43,2810.081214707969,860.3487852920307
3936.74,4808.346745640635,-871.6067456406354
3284.02,4190.319132808434,-906.299132808434
2347.96,5072.77944147714,-2724.8194414771397
4902.59,7087.070698833279,-2184.4806988332784
1934.48,3003.7206249035216,-1069.2406249035216
925.36,1487.9438048227273,-562.5838048227273
3815.87,2584.013581879865,1231.856418120135
688.61,1975.5478667186994,-1286.9378667186993
1162.79,1736.624066756142,-573.834066756142
1250.92,3441.3048313013715,-2190.3848313013714
1689.04,2077.991332759439,-388.9513327594391
737.44,1608.482485414316,-871.0424854143159
6817.68,3493.363872223818,3324.3161277761824
857.78,2106.4589672525244,-1248.6789672525244
763.29,1614.5889462109833,-851.2989462109833
2646.89,1830.7705518572423,816.1194481427576
1630.61,1883.4828679756033,-252.8728679756034
677.1,1531.6596226915951,-854.5596226915951
1747.27,1931.1524248408853,-183.88242484088528
15005.94,8917.18774196918,6088.752258030821
552.91,1408.7124408084517,-855.8024408084517
1233.16,2024.3949469584315,-791.2349469584315
3038.8,3722.8345345856237,-684.0345345856235
1575.61,1449.4115934311096,126.19840656889028
2156.08,3314.614032209863,-1158.5340322098632
1987.31,1632.8256790102334,354.4843209897665
2499.6,2562.1178526891126,-62.517852689112715
694.52,1669.2813346777975,-974.7613346777975
2303.2,3590.010525966853,-1286.8105259668532
3308.8,6650.6833271415735,-3341.8833271415733
1401.84,1757.6984703207663,-355.8584703207664
1656.83,2099.460269196057,-442.63026919605727
1064.41,1032.8243002090276,31.585699790972512
532.88,2111.4378932346526,-1578.5578932346525
799.41,1469.2954491083,-669.8854491083001
4162.97,5052.535358546144,-889.5653585461441
2796.19,1687.8255121172267,1108.3644878827733
296.4,1796.4531267158134,-1500.0531267158135
4315.02,3713.0025584322407,602.0174415677598
4938.68,4281.946065137396,656.7339348626047
1341.86,2021.9571483799432,-680.0971483799433
4043.13,4316.3488816933195,-273.2188816933194
10441.13,7100.067382344614,3341.062617655385
1524.63,1830.983937302623,-306.35393730262285
906.15,4957.2040142494625,-4051.0540142494624
1988.14,3417.5305243231956,-1429.3905243231955
10977.31,4895.598044335452,6081.7119556645475
3123.27,2104.1840091267745,1019.0859908732255
4129.06,3187.5260658423035,941.5339341576969
1782.87,1827.4436977296266,-44.5736977296267
7655.76,3484.708920355012,4171.051079644988
1155.97,1673.4761347739286,-517.5061347739286
16014.48,8938.673927196873,7075.806072803127
2258.87,2800.1490646855077,-541.2790646855078
5401.58,5804.352284749364,-402.7722847493642
411.0,1770.36917243556,-1359.36917243556
1182.94,1910.6817546839443,-727.7417546839442
10.0,2408.438583557005,-2398.438583557005
853.22,1447.731404521547,-594.5114045215469
903.21,2367.477633799885,-1464.267633799885
805.42,1319.8222650050573,-514.4022650050573
4009.24,3005.0045406820886,1004.2354593179111
702.52,1531.3743421654187,-828.8543421654188
3251.23,2801.008159024191,450.22184097580885
1222.04,1620.1143550665117,-398.07435506651177
4566.69,5068.06841351461,-501.37841351461066
3094.86,3842.1920753483882,-747.3320753483881
938.57,1735.2478384950275,-796.6778384950275
842.32,1919.9289245696602,-1077.6089245696603
1787.89,2128.0073314147394,-340.1173314147393
1413.34,1694.6989702619394,-281.3589702619395
4981.55,6409.820351799054,-1428.270351799054
9644.46,4180.387416044227,5464.072583955772
1091.13,3103.94512111119,-2012.81512111119
2636.46,2443.3528765598735,193.10712344012654
1511.79,2044.089992491743,-532.2999924917431
8308.63,10560.112336627048,-2251.4823366270484
6968.77,5815.491976740142,1153.2780232598589
520.43,1597.2051148054663,-1076.7751148054663
11811.97,6546.7054298628245,5265.264570137175
8322.99,5100.138725378798,3222.851274621202
2323.38,1668.3362667709275,655.0437332290726
3098.16,6598.804690717302,-3500.644690717302
2537.97,2949.5525350495354,-411.58253504953564
2848.58,4041.2190287965445,-1192.6390287965446
6766.97,7660.653537085898,-893.683537085898
621.36,1664.450004009784,-1043.090004009784
10969.5,4023.32977622541,6946.17022377459
2358.72,1308.66216803602,1050.0578319639799
888.31,2042.3102157264038,-1154.000215726404
1461.55,3476.580703882553,-2015.0307038825529
710.09,1232.0978653762165,-522.0078653762165
6613.28,4769.414990520264,1843.8650094797358
1284.53,2223.322208711368,-938.7922087113682
1347.36,1433.9537082864513,-86.59370828645137
5579.3,3702.921419910468,1876.378580089532
1703.33,2698.214837865513,-994.884837865513
696.7,1148.7528135447567,-452.05281354475665
1273.8,1386.8807906912302,-113.08079069123028
3006.49,3027.6998265206307,-21.20982652063094
4983.4,3547.5443682048594,1435.8556317951402
4046.24,3654.971245335871,391.26875466412866
1445.83,2033.0776861661884,-587.2476861661885
5512.62,3107.964749445363,2404.655250554637
2240.86,1724.873948405523,515.9860515944772
1331.42,1758.482503705254,-427.0625037052539
2289.39,2250.849854935628,38.5401450643717
5286.99,4482.449779358015,804.5402206419849
1451.12,1422.7607730898997,28.359226910100233
637.31,1212.321898860801,-575.011898860801
1090.66,1725.6174538392968,-634.9574538392967
8335.32,3678.2267812098607,4657.093218790139
1021.26,3035.732641194141,-2014.4726411941408
1990.99,1848.3658907944675,142.62410920553248
1418.21,3234.3585448654303,-1816.1485448654303
1847.63,5128.420433989542,-3280.790433989542
5812.81,3438.868435428908,2373.9415645710924
3354.85,5368.149850292203,-2013.2998502922032
8906.73,9501.318060652518,-594.5880606525188
1300.74,4645.261006285235,-3344.5210062852357
1668.78,2198.2866503110263,-529.5066503110263
1809.1,1694.7627627388113,114.33723726118865
3701.23,2839.095830888343,862.1341691116572
2719.42,4348.671216084277,-1629.251216084277
812.11,1426.7216036115071,-614.6116036115071
1682.04,1760.4729067115875,-78.43290671158752
1684.61,2661.1602673336515,-976.5502673336516
4113.69,2206.044235206543,1907.6457647934567
626.15,2013.9268302449368,-1387.7768302449367
634.11,1870.0481063149552,-1235.9381063149553
3262.46,2171.333955866357,1091.126044133643
1825.93,1798.8454561435283,27.084543856471782
1447.44,4275.059788566017,-2827.619788566017
3281.5,3794.180312727414,-512.6803127274138
2502.7,2043.4317810143477,459.2682189856521
1512.98,2366.3392570546093,-853.3592570546093
6729.12,6611.030422251161,118.08957774883856
1400.0,3710.7672552285167,-2310.7672552285167
2111.79,2186.044509645703,-74.25450964570291
732.3,1648.3915884823796,-916.0915884823796
2380.39,2340.9855970802846,39.40440291971527
4855.36,1401.6886977769025,3453.671302223097
1370.87,2893.419115923035,-1522.549115923035
938.44,1832.4388429952176,-893.9988429952175
6325.69,3771.694909160113,2553.9950908398864
3292.32,3017.1672854179674,275.1527145820328
579.62,1142.2148416637492,-562.5948416637492
7650.85,6396.490021172662,1254.3599788273386
1266.73,2817.678137026045,-1550.948137026045
3093.0,2497.7567445726863,595.2432554273137
1479.1,2261.3887368396468,-782.2887368396468
3977.39,1469.3428055251875,2508.0471944748124
8207.08,9788.257090515255,-1581.1770905152553
1290.6,2009.4678973096961,-718.8678973096962
3215.48,2243.4974545702835,971.9825454297165
1378.68,1675.417289020644,-296.73728902064386
1057.74,1493.3892126461558,-435.6492126461558
11100.39,7050.361647570001,4050.0283524299984
2617.06,2125.572181645745,491.48781835425507
3843.72,3406.3638510816563,437.3561489183435
3003.75,2140.1869116164407,863.5630883835593
1673.41,4139.961234594881,-2466.551234594881
891.14,1557.564025221071,-666.424025221071
3518.16,3560.4547592500285,-42.29475925002862
6758.05,7348.046489202296,-589.9964892022954
934.98,1314.9605946317956,-379.9805946317956
2381.82,1154.1639578995096,1227.6560421004906
1693.42,1300.2359754312372,393.1840245687629
1187.92,1032.7612006821387,155.1587993178614
2116.88,2021.192167195479,95.68783280452112
1200.4,2041.9888250404156,-841.5888250404155
1655.3,3685.3374637113316,-2030.0374637113316
2439.95,3200.4832964518127,-760.5332964518129
2459.13,2323.5777969995465,135.55220300045357
8178.07,6261.289645129454,1916.780354870546
3859.13,5779.605697981729,-1920.4756979817284
5069.7,3018.593783876375,2051.106216123625
1957.05,2099.316415278979,-142.26641527897914
557.62,1364.8527257974,-807.2327257973999
4295.43,3304.5324195097646,990.8975804902357
764.6,1570.3793022285415,-805.7793022285415
1089.25,1502.8657388808058,-413.6157388808058
3313.56,3617.846729680969,-304.2867296809691
625.57,1636.0320615516023,-1010.4620615516022
1256.37,2073.5815030033323,-817.2115030033324
1836.68,2770.633034150855,-933.953034150855
3304.82,4189.617167854496,-884.7971678544959
3604.13,3543.2543431346244,60.87565686537573
1728.9,1844.8395108528039,-115.93951085280378
2208.28,1843.6265833539985,364.6534166460017
4471.33,3012.104754667281,1459.2252453327187
2622.18,3852.529420071746,-1230.349420071746
3172.09,2302.918521387433,869.1714786125672
731.24,4073.625864265938,-3342.385864265938
2115.61,3677.83709681921,-1562.2270968192097
6324.22,7798.8711394652055,-1474.6511394652052
2585.97,4237.155724228637,-1651.1857242286374
7069.58,6147.220203341006,922.3597966589941
1354.34,1945.709295225356,-591.3692952253562
3640.04,2324.476661097772,1315.5633389022278
771.89,961.6598380123901,-189.7698380123901
2395.13,3258.3370010962562,-863.2070010962561
6028.49,3591.5283898907146,2436.961610109285
751.7,6207.635292570272,-5455.935292570272
7881.43,2150.8647339528575,5730.565266047142
1539.4,1977.2816893560034,-437.88168935600333
1443.25,2033.667179338809,-590.4171793388091
7716.1,4135.64283521881,3580.45716478119
650.2,1322.0152904454912,-671.8152904454912
1810.72,4033.599961511589,-2222.8799615115886
1392.63,1975.5585823754213,-582.9285823754212
541.7,4301.768936819828,-3760.068936819828
896.03,1139.4558878771004,-243.42588787710042
1862.89,2619.3652429914555,-756.4752429914554
752.81,1651.8766503190957,-899.0666503190957
1728.39,2157.658890173526,-429.26889017352573
1218.61,1759.0691250156513,-540.4591250156514
3105.75,1578.6799152129208,1527.0700847870792
6169.66,6084.375148543506,85.28485145649393
12160.11,8371.782112238372,3788.3278877616285
5647.52,2678.2108573512564,2969.309142648744
769.55,1839.8545379032632,-1070.3045379032633
1147.65,2397.195653428653,-1249.5456534286527
3033.27,6026.241165075441,-2992.971165075441
6657.84,6247.968503531093,409.871496468907
2537.57,2326.4961480138145,211.07385198618567
2922.08,1956.4026322019438,965.6773677980561
1571.02,1888.7372908046832,-317.7172908046832
1311.03,3438.029163540605,-2126.999163540605
2173.49,2900.106533770464,-726.6165337704642
652.85,2340.6967673191393,-1687.8467673191394
8408.09,6895.162395325043,1512.9276046749574
2469.95,4290.181307173653,-1820.2313071736535
2936.89,3809.8621525347753,-872.9721525347754
2069.44,2263.5235345289652,-194.08353452896517
4634.44,2789.671679264244,1844.7683207357554
2479.7,4304.403853247649,-1824.703853247649
3313.81,1592.9860213876889,1720.823978612311
11221.56,9845.396787706024,1376.1632122939754
1471.49,2518.79910457396,-1047.30910457396
3050.15,5881.590598731948,-2831.4405987319483
2752.17,3183.028132472765,-430.85813247276474
1406.92,4167.525014174429,-2760.605014174429
3750.83,1706.5790963696147,2044.2509036303852
4196.78,1888.928670927348,2307.8513290726514
2261.53,2302.2290331281774,-40.699033128177234
2077.01,1481.5919250079846,595.4180749920156
5073.58,6377.904071333245,-1304.3240713332452
3841.14,4489.575960366443,-648.4359603664429
3247.09,2141.496073592268,1105.593926407732
9420.0,2929.741350649685,6490.258649350315
1901.57,2840.1205608120285,-938.5505608120286
3905.29,2358.390566331829,1546.8994336681708
3118.53,4853.867430125473,-1735.337430125473
3350.37,2764.6475780616806,585.7224219383193
417.35,1636.7211260923648,-1219.3711260923646
2410.76,2289.8601104250397,120.89988957496053
1378.34,4239.409660484323,-2861.0696604843224
898.46,1720.9925122079742,-822.5325122079742
1783.18,1262.5690833025517,520.6109166974484
1435.54,1409.505024265581,26.03497573441905
2987.03,1850.2584014852437,1136.7715985147565
970.84,1959.8671051648473,-989.0271051648473
2750.82,3615.944703891144,-865.1247038911438
739.84,1456.9900421307002,-717.1500421307002
1384.65,2176.226363247196,-791.5763632471958
1764.27,1741.6102995774393,22.659700422560718
1511.75,1641.5309573194004,-129.7809573194004
1504.11,1849.706034687678,-345.5960346876782
1850.88,2023.1858222769908,-172.30582227699074
9840.85,4845.433260406371,4995.416739593629
1537.01,2519.98208889508,-982.9720888950799
1601.13,1520.0378362733363,81.09216372666378
3480.66,5742.544530780576,-2261.884530780576
1433.47,2582.5437112276177,-1149.0737112276177
1226.32,963.0560753444516,263.2639246555483
1970.02,5175.781589901239,-3205.7615899012394
2980.03,4568.47226314527,-1588.4422631452694
4162.87,3018.832502990123,1144.037497009877
915.2,1483.6219549365098,-568.4219549365098
4142.51,3339.3563047103066,803.1536952896936
8059.07,5004.322575518539,3054.7474244814603
3565.81,2217.6924914993533,1348.1175085006466
1590.42,3976.8684755096565,-2386.4484755096564
2606.42,2644.3645653466633,-37.94456534666324
1057.0,1556.4658408458647,-499.4658408458647
937.37,1056.4414358235563,-119.07143582355627
2880.96,5141.008319753202,-2260.048319753202
2164.95,2566.8246135262157,-401.87461352621585
15002.89,5543.477840874678,9459.41215912532
838.19,1393.9087778279093,-555.7187778279092
816.21,3288.96014889154,-2472.75014889154
1064.6,2230.2297683759944,-1165.6297683759944
2964.92,2462.0625668625817,502.8574331374184
1668.41,2513.680734391878,-845.270734391878
805.89,1777.51714453743,-971.6271445374301
3030.37,2784.5756674875565,245.79433251244336
4131.89,2975.4545027595705,1156.4354972404299
917.64,1755.77525098015,-838.1352509801501
2089.26,1873.8678077184727,215.3921922815275
881.49,1459.0885494772936,-577.5985494772935
1174.64,1768.7116874535352,-594.0716874535351
1605.8,1754.5608490650438,-148.76084906504389
1031.57,990.5255423385833,41.044457661416686
10010.0,8011.426739773259,1998.5732602267408
837.2,2175.9121665803586,-1338.7121665803586
954.83,2158.3159562100004,-1203.4859562100005
5264.84,3125.1054222919565,2139.7345777080436
1284.67,1449.3220631113468,-164.6520631113467
847.98,1186.1224549718793,-338.14245497187926
7830.21,4450.01188240921,3380.1981175907904
8054.92,6111.055043888063,1943.8649561119373
4013.41,3776.7358200844674,236.67417991553248
4283.25,2251.189057793238,2032.0609422067619
782.7,1497.2835233716683,-714.5835233716682
3017.92,2580.618744155054,437.3012558449459
755.78,1280.6474199591817,-524.8674199591817
1426.96,2185.5792242139883,-758.6192242139882
2717.54,1804.5499930585665,912.9900069414334
2066.85,1677.1240392990098,389.7259607009901
1795.03,1616.4064131030436,178.62358689695634
223.49,1273.0831535312827,-1049.5931535312827
5764.42,9827.928308155591,-4063.5083081555913
2096.85,1884.7325264937356,212.11747350626433
3436.55,5800.641189829853,-2364.0911898298527
2787.64,2111.18169396081,676.4583060391897
2438.3,2351.503092406101,86.79690759389905
441.04,1041.6865233973817,-600.6465233973818
3802.45,3770.4848690581257,31.965130941874122
7968.22,4537.125973423278,3431.094026576722
1080.0,8278.172966221453,-7198.172966221453
757.78,1555.1017713580923,-797.3217713580923
2116.81,3131.385209482242,-1014.5752094822419
1217.4,2110.6088506567435,-893.2088506567434
534.27,3661.418292433603,-3127.148292433603
5331.9,2566.775479542552,2765.1245204574475
1676.71,2990.2409282470244,-1313.5309282470243
944.9,1117.0087074487424,-172.1087074487424
2950.07,2596.860489111703,353.20951088829725
808.6,1730.3527759057483,-921.7527759057483
1784.18,3104.972074718852,-1320.792074718852
1229.0,3319.475762489318,-2090.475762489318
721.92,1614.0201793945896,-892.1001793945896
646.0,1448.5621348813177,-802.5621348813177
1828.82,3272.0315806054327,-1443.2115806054328
1875.42,2914.7880131449424,-1039.3680131449423
2236.53,1743.537430985235,492.9925690147652
963.36,2243.041651799529,-1279.681651799529
16832.12,7113.643899896755,9718.476100103244
2314.84,3599.455729964222,-1284.6157299642218
2241.95,2627.283237672094,-385.3332376720941
4368.4,3937.790204823235,430.6097951767647
1456.56,1240.3696623760352,216.19033762396475
4777.88,3755.1779091868057,1022.7020908131944
1600.52,4993.704994954,-3393.1849949539996
1686.59,1832.2539175173242,-145.6639175173243
773.73,1364.4475988793836,-590.7175988793836
2635.47,4288.347230641017,-1652.877230641017
908.71,1558.8200947417913,-650.1100947417913
7874.39,3202.232022808328,4672.157977191672
1211.12,2023.4647037086545,-812.3447037086546
2943.73,2785.7226817870496,158.0073182129504
2105.52,2517.708594314536,-412.1885943145362
445.93,1128.5478784064683,-682.6178784064682
2514.84,2960.8432060163595,-446.0032060163594
1006.35,2884.468836426244,-1878.118836426244
1628.5,1908.6440754602365,-280.14407546023654
3025.52,1782.5433033077634,1242.9766966922366
1439.77,2165.919307832529,-726.1493078325288
2074.88,6043.757709143459,-3968.8777091434586
8456.09,4777.618369940071,3678.4716300599293
676.15,1102.066931078339,-425.91693107833896
4852.27,7420.203731038652,-2567.933731038652
293.66,1289.346594392819,-995.686594392819
1345.52,1235.4906733082728,110.02932669172719
2475.41,2265.9602043750574,209.44979562494245
794.28,1751.9388099966748,-957.6588099966748
1651.91,1651.1132582201358,0.7967417798643055
2855.24,2036.154306603469,819.0856933965308
2935.55,2633.1100047836776,302.4399952163226
5121.4,5885.341493990822,-763.941493990822
4857.98,4226.931665598725,631.0483344012746
1250.93,1411.8252299391872,-160.89522993918717
841.43,2043.0759636980868,-1201.6459636980867
1217.81,2319.2652630709063,-1101.4552630709063
2049.88,3339.141912595178,-1289.2619125951778
2227.73,2666.5252753692125,-438.7952753692125
3224.63,1811.0413740129923,1413.5886259870078
7806.11,5205.831155689851,2600.278844310149
1480.52,2109.1370177995423,-628.6170177995423
1270.32,1892.6823101960345,-622.3623101960345
2245.81,2036.4344374001096,209.37556259989037
10691.88,7771.0618073889245,2920.8181926110747
1104.16,1136.9869312877781,-32.82693128777805
2632.6,1691.7565949310306,940.8434050689693
3951.65,2099.980793865139,1851.6692061348613
4324.75,3738.0603986847823,586.6896013152177
1157.46,2997.616352836858,-1840.1563528368579
5845.08,9353.194496905146,-3508.1144969051456
2428.33,1984.948799064022,443.38120093597786
1183.22,1130.2818699195782,52.93813008042184
1518.89,2367.2372146826306,-848.3472146826305
3000.27,3223.8113897756734,-223.54138977567345
690.97,1727.1862205059995,-1036.2162205059994
589.85,1436.8388370557602,-846.9888370557602
11599.45,9559.08146718681,2040.3685328131905
2235.55,1835.808178810553,399.74182118944714
2671.48,2897.838213977818,-226.3582139778182
5331.94,8035.738462515691,-2703.7984625156914
2040.35,2839.6997577040197,-799.3497577040198
2378.94,3397.574882273967,-1018.6348822739669
3482.82,4965.0180897341215,-1482.1980897341214
3288.63,3663.4784375111285,-374.8484375111284
2728.86,2080.977863932702,647.8821360672982
3316.46,4433.646837175356,-1117.1868371753562
1765.99,2096.4446818837755,-330.4546818837755
1122.09,2023.8093160090173,-901.7193160090173
2679.95,3415.1939272185004,-735.2439272185006
2107.85,2500.695802767408,-392.84580276740826
4049.02,4080.4203514286623,-31.40035142866236
9913.63,7770.477235190273,2143.1527648097262
1758.42,1696.8897074467993,61.53029255320075
2058.0,1494.157831488895,563.842168511105
3015.13,2153.3920113057184,861.7379886942817
5169.65,4604.119466243949,565.5305337560503
1780.21,1953.232134765768,-173.022134765768
2576.48,1875.509488402596,700.9705115974041
1506.36,3117.5718473201096,-1611.2118473201097
6971.98,4004.3228061472423,2967.6571938527572
6302.71,5377.9927917457835,924.7172082542165
996.63,1472.131982593055,-475.501982593055
573.75,1311.6490722037688,-737.8990722037688
3413.7,2514.911095506591,898.7889044934086
1312.14,2351.976561693079,-1039.836561693079
1244.61,1756.697771741838,-512.0877717418382
1699.01,1223.5661607382287,475.44383926177125
3097.59,6955.529326534496,-3857.939326534496
7944.5,4897.194032328202,3047.3059676717976
6957.23,10015.517589544108,-3058.2875895441084
701.96,2227.5289167969913,-1525.5689167969913
1981.64,1490.4881779245122,491.15182207548787
1588.46,2654.377816684723,-1065.9178166847228
5262.95,5419.173012345517,-156.22301234551742
208.28,1273.6728900344633,-1065.3928900344633
2463.93,1897.7250623000593,566.2049376999405
1362.95,2105.566451855758,-742.6164518557578
5206.81,4389.567055214924,817.2429447850764
1829.49,1547.166217957251,282.3237820427489
2936.69,2466.6963548713907,469.9936451286094
1766.88,1760.865384695719,6.014615304281051
5027.09,3363.9062355405235,1663.1837644594766
1236.74,2179.1470819296023,-942.4070819296023
2706.99,2355.2644362105148,351.725563789485
865.2,2463.5577587453895,-1598.3577587453894
2758.88,3313.553782981301,-554.673782981301
569.89,1811.0858872180859,-1241.1958872180858
4439.03,1902.407860963234,2536.6221390367655
521.7,1274.3322591271478,-752.6322591271478
3437.9,1638.1164331944253,1799.7835668055748
1074.74,2277.3914447522543,-1202.6514447522543
1023.71,1693.755951787483,-670.0459517874829
2217.47,4483.2472382556725,-2265.7772382556727
2380.29,2047.286372882588,333.00362711741195
1018.06,1212.0831859468915,-194.02318594689154
656.99,1605.2032134388526,-948.2132134388526
1713.28,3940.515838169044,-2227.2358381690437
832.38,1715.749465698321,-883.369465698321
784.31,2600.064597114742,-1815.754597114742
2261.5,4270.368340101845,-2008.8683401018452
3268.75,4320.988423275296,-1052.2384232752956
3962.11,2712.5112067369073,1249.5987932630928
2328.68,5652.934015693259,-3324.2540156932596
3594.76,4272.971357198257,-678.2113571982563
4590.84,4535.184777790922,55.65522220907769
2080.91,2644.30998690837,-563.39998690837
2717.1,1556.020616923271,1161.0793830767288
1929.79,2486.8435917915085,-557.0535917915086
6758.16,5448.39216339025,1309.7678366097498
1563.45,2020.4594927897865,-457.00949278978646
2356.68,3787.0143868654845,-1430.3343868654847
914.08,2451.8105226739644,-1537.7305226739645
794.26,1233.15624775832,-438.89624775832
1168.65,1601.968776337626,-433.3187763376259
2468.08,2301.696513788619,166.38348621138084
824.28,1962.8435105207448,-1138.5635105207448
4134.21,4336.988509524157,-202.77850952415702
1306.51,1607.3916443550834,-300.8816443550834
1073.38,1664.8580196548805,-591.4780196548804
1574.82,3296.863872987306,-1722.043872987306
1855.82,2769.3868625079845,-913.5668625079845
5693.52,2940.09407357555,2753.4259264244506
1039.05,1877.9948171999304,-838.9448171999304
1790.65,2136.9173603703025,-346.2673603703024
570.39,1773.0194297119501,-1202.6294297119503
621.2,1795.7003109931068,-1174.5003109931067
992.23,2706.652633691145,-1714.4226336911452
2278.82,2757.4216662187296,-478.6016662187294
4200.26,2523.65953173192,1676.60046826808
5058.96,3097.326988308686,1961.633011691314
1238.67,2211.7523450092276,-973.0823450092275
3222.75,1740.8387791259943,1481.9112208740057
1536.62,4635.110051172209,-3098.490051172209
810.6,1267.034638146911,-456.43463814691097
3287.67,1535.5243556779178,1752.1456443220823
2805.94,2734.74893992842,71.19106007158007
3472.6,3348.6881520623674,123.9118479376325
2228.83,1637.2996353162418,591.5303646837581
1458.94,2440.8990049740487,-981.9590049740486
2431.22,2079.751225537627,351.46877446237295
1274.98,1868.4313542900325,-593.4513542900324
4794.58,5804.88474858504,-1010.3047485850402
1394.86,1835.2060847276055,-440.34608472760556
1114.1,1326.2660782540224,-212.16607825402252
3544.57,2219.0296438144,1325.5403561856
3024.85,2291.7054010477787,733.1445989522213
3783.99,6684.057993939856,-2900.067993939856
2235.25,3755.0679843827556,-1519.8179843827556
2058.66,4216.626070516198,-2157.9660705161978
1552.33,2244.7158462259476,-692.3858462259477
1586.11,1794.8167887266827,-208.70678872668282
3402.95,1916.0361575751565,1486.9138424248433
1760.42,1701.4501781347847,58.96982186521541
3524.18,3353.017774460263,171.16222553973694
771.3,1359.8084168390913,-588.5084168390913
7956.2,5487.417201550226,2468.7827984497735
2721.4,1976.9118970701848,744.4881029298153
4661.22,6065.221544939973,-1404.0015449399725
5281.01,3525.116096353291,1755.893903646709
829.36,1818.9350935869575,-989.5750935869575
1411.84,2191.114687258088,-779.2746872580881
2514.84,1951.9419028670004,562.8980971329997
3287.17,1403.8975250148571,1883.272474985143
1397.25,2102.8647440007576,-705.6147440007576
555.67,1850.1618954719838,-1294.4918954719838
9705.96,7179.18659396335,2526.7734060366492
1106.99,1438.5982202255357,-331.60822022553566
2600.1,3573.7192591389235,-973.6192591389236
464.19,1253.9997757582769,-789.8097757582768
2440.61,4070.424140833763,-1629.8141408337628
3805.29,4548.195476869348,-742.9054768693477
4939.49,3671.684998421164,1267.8050015788358
12013.76,8469.600160865568,3544.1598391344323
2165.08,4719.697408355732,-2554.6174083557316
1237.18,1503.9670647645394,-266.7870647645393
1077.65,2525.213583317421,-1447.563583317421
4476.74,3136.972552277842,1339.7674477221576
2366.5,2771.5728149737047,-405.0728149737047
410.98,1133.3845560472505,-722.4045560472505
1577.38,4686.507846793785,-3109.1278467937846
2988.9,1895.0277017793774,1093.8722982206227
1034.69,1635.7871965635875,-601.0971965635874
1328.55,1850.2072435651476,-521.6572435651476
212.88,1303.469129036736,-1090.5891290367358
2266.86,1477.5799954924369,789.2800045075633
654.98,1796.515495575804,-1141.535495575804
2318.64,2621.116329577235,-302.476329577235
1160.91,1432.8616581785618,-271.95165817856173
1578.25,3770.813487758652,-2192.563487758652
9978.98,7066.042715246929,2912.9372847530703
2310.18,5123.75379657969,-2813.57379657969
1894.7,1608.103142339722,286.59685766027815
5597.48,3021.28103357195,2576.1989664280495
954.01,2612.0285694747,-1658.0185694747
2389.75,3957.2057361038333,-1567.4557361038333
6278.2,3546.142126245266,2732.057873754734
1985.99,1758.6782633820033,227.31173661799676
2413.58,2494.956548799524,-81.37654879952424
1878.14,5489.043317726958,-3610.9033177269575
1809.96,5451.1581138475485,-3641.1981138475485
1504.05,2889.989519489052,-1385.939519489052
1184.54,1597.0033439711729,-412.4633439711729
2835.96,5348.950779069214,-2512.990779069214
4568.53,6075.672870470178,-1507.1428704701784
2498.29,2203.672266961458,294.61773303854216
6329.23,5864.497261314855,464.7327386851448
956.38,1398.4146250428591,-442.03462504285915
2196.44,1937.5540063388082,258.88599366119183
3366.01,3079.798728636962,286.2112713630381
1274.94,1918.7521720354307,-643.8121720354306
1297.3,2988.2404163242213,-1690.9404163242214
1927.14,3858.325019788538,-1931.185019788538
1560.54,2170.129239484906,-609.5892394849061
1709.85,1546.9392679936673,162.91073200633264
1853.36,3373.716232735349,-1520.356232735349
5728.43,1221.3439879994385,4507.086012000562
893.61,1489.56583580145,-595.95583580145
6031.43,2987.0394742847275,3044.390525715273
3043.02,2267.5890264789014,775.4309735210986
264.29,1365.9351393986776,-1101.6451393986777
2819.56,2996.4508418649248,-176.89084186492482
2205.68,2164.9044638531545,40.7755361468453
2894.97,3121.4766945634137,-226.50669456341393
4083.26,5516.547945774588,-1433.2879457745876
5725.54,4556.877231550538,1168.6627684494615
9374.62,5077.542782246921,4297.07721775308
971.03,1841.7541512296882,-870.7241512296882
2153.59,1978.3372955195455,175.25270448045467
2386.98,2289.037579699122,97.94242030087798
1735.89,2090.3183448888058,-354.42834488880567
1898.76,2113.6715340545898,-214.91153405458977
6255.93,3751.1399855666687,2504.7900144333316
1250.4,2053.0351419540316,-802.6351419540315
13079.75,6842.810983869425,6236.939016130575
1679.53,2617.9137575981445,-938.3837575981445
1460.13,1601.614323817094,-141.4843238170938
918.74,1818.8030989607958,-900.0630989607957
3321.99,1926.3849711937864,1395.6050288062133
8829.13,1770.3004077526825,7058.829592247317
958.09,1335.9001331287889,-377.81013312878883
2847.24,2229.1052618684225,618.1347381315773
1132.56,2253.850406785242,-1121.2904067852419
2120.07,3344.0911881774387,-1224.0211881774385
1896.36,1859.393157549708,36.966842450292006
1596.43,4065.807761593053,-2469.377761593053
1200.15,1805.2289084397435,-605.0789084397434
745.71,1773.8797216509922,-1028.1697216509922
9096.22,5614.031605808893,3482.1883941911065
334.1,1413.2614777474485,-1079.1614777474483
1713.49,2566.523475768824,-853.033475768824
1287.19,1986.3234143739037,-699.1334143739036
931.73,1960.7836182655747,-1029.0536182655746
2869.0,3879.887755166684,-1010.8877551666842
3744.07,3708.686414091421,35.383585908579335
1231.65,1549.547624593524,-317.8976245935239
3920.29,3398.6733826420896,521.6166173579104
1820.36,1998.5031598130183,-178.14315981301843
2565.14,2235.3779941148105,329.7620058851894
3151.74,2331.415952925097,820.3240470749029
1094.72,2119.0368031472885,-1024.3168031472885
1647.64,2029.2926904017772,-381.65269040177714
1962.72,1584.4782029451426,378.24179705485744
7444.68,7760.086758472229,-315.40675847222883
1597.65,1748.2738356960376,-150.62383569603753
682.63,1075.2466609811747,-392.61666098117473
2142.76,2842.270186723279,-699.5101867232788
778.53,1706.5078760347092,-927.9778760347092
3084.52,4803.528484867763,-1719.008484867763
1762.24,2135.4291397399597,-373.1891397399597
4191.27,3485.747761642937,705.5222383570635
1280.08,1834.130582268215,-554.0505822682151
616.82,1686.1223686100054,-1069.3023686100055
923.84,1278.0194266400142,-354.1794266400142
2220.56,1215.3558072379653,1005.2041927620346
1800.28,1862.4451453973777,-62.16514539737773
706.38,1611.6948923001376,-905.3148923001376
512.3,1745.4759645947179,-1233.175964594718
1543.32,1753.4672120238786,-210.14721202387864
1880.97,3095.0511467992897,-1214.0811467992896
3899.53,4784.019600172844,-884.4896001728434
3418.19,1261.3797719488696,2156.8102280511303
612.71,1491.7284710701983,-879.0184710701983
5656.28,6289.131392713204,-632.8513927132044
7528.31,5312.00827338824,2216.3017266117604
1615.81,2800.446324980988,-1184.6363249809879
1412.71,3085.550667662135,-1672.8406676621348
3642.95,2110.7590512514316,1532.1909487485682
2529.86,2123.8750915415035,405.98490845849665
616.25,1951.6349765995685,-1335.3849765995685
19535.36,7186.439293095413,12348.920706904588
1798.49,1754.4607557717193,44.02924422828073
947.86,1449.576413379793,-501.7164133797929
3071.5,3046.9081449551463,24.591855044853673
4644.86,6271.472072578892,-1626.6120725788924
1962.7,2599.503950011558,-636.8039500115581
2564.09,1716.4874356295138,847.6025643704863
7201.92,6948.373175024427,253.54682497557314
1739.78,1557.4322697232376,182.34773027676238
2386.87,3639.0859168914612,-1252.2159168914613
2457.45,1840.3921002901689,617.057899709831
2005.6,2261.7365702677944,-256.13657026779447
623.71,2480.953836165935,-1857.2438361659351
869.72,1311.3175451827412,-441.5975451827412
2653.01,3431.923079362672,-778.9130793626719
1962.77,1963.0878415151117,-0.3178415151116951
1796.02,3991.0500138693606,-2195.0300138693606
1601.24,2105.768344937291,-504.5283449372912
1533.77,3172.051417481778,-1638.2814174817781
3812.25,3409.7131107110713,402.5368892889287
5383.37,4012.178784302832,1371.191215697168
1255.22,1961.4670207054057,-706.2470207054057
2416.53,1862.183875329831,554.3461246701693
9189.62,3802.7790230622713,5386.8409769377295
9746.75,5316.974832679497,4429.775167320503
11069.73,8878.38859072996,2191.3414092700405
1134.61,1737.9639211180347,-603.3539211180348
14839.35,9210.905324776835,5628.444675223165
3130.3,3783.4434908540684,-653.1434908540682
1240.55,1816.9264064329793,-576.3764064329794
1200.04,2257.7214954256665,-1057.6814954256665
2576.04,2122.6290350059403,453.41096499405967
5142.87,5191.343535774947,-48.47353577494687
2496.84,1558.411086870411,938.4289131295891
2072.56,1317.5115138262404,755.0484861737596
2635.39,2345.4202365526985,289.9697634473014
1300.09,4615.2043104170725,-3315.1143104170724
1688.33,3161.4360429439294,-1473.1060429439294
777.56,1355.7514663649267,-578.1914663649268
506.01,2053.5238973610053,-1547.5138973610053
691.35,1609.5797089944497,-918.2297089944497
3242.75,3289.3436967108532,-46.59369671085324
5810.09,5107.462840866567,702.6271591334335
3017.61,2802.582731190353,215.027268809647
1255.39,1687.5566258007018,-432.1666258007017
6139.05,4469.300758970187,1669.7492410298128
3314.44,2565.162622341443,749.2773776585573
1996.19,4311.854879747589,-2315.6648797475887
7035.23,6865.079153350238,170.15084664976166
4457.09,1861.8029685970955,2595.2870314029046
2301.54,3301.4182453489148,-999.8782453489148
2205.51,2324.102674589332,-118.59267458933164
1737.52,2148.7958600700626,-411.27586007006266
3314.59,2938.216630971687,376.37336902831294
6422.32,6771.973072874445,-349.65307287444557
1940.39,1627.2045425760803,313.18545742391984
2786.73,1691.3836795125835,1095.3463204874165
911.76,1879.2853735935178,-967.5253735935178
1300.58,1631.9912319892123,-331.4112319892124
1501.56,2298.0288133855397,-796.4688133855398
1752.67,1845.6216948900194,-92.95169489001933
881.83,2589.457431417446,-1707.6274314174461
3684.74,3902.7511855984917,-218.01118559849192
486.19,1255.856132169873,-769.666132169873
714.59,1357.2571987505223,-642.6671987505223
1730.49,1966.3585781263828,-235.86857812638277
1622.81,1825.7749343753374,-202.9649343753374
2023.16,1694.7053936488621,328.45460635113795
1462.13,1706.8304317301993,-244.70043173019917
2893.48,2915.685109124184,-22.205109124183764
1691.95,2608.0275204617324,-916.0775204617323
7587.78,3041.608469271639,4546.171530728361
4052.74,3032.449120499645,1020.290879500355
557.25,1355.2588464566666,-798.0088464566666
935.03,1960.0398501890502,-1025.0098501890502
638.13,1781.0066943410088,-1142.8766943410087
764.53,1759.557683985899,-995.0276839858991
1732.53,1604.7679996448792,127.76200035512079
6930.48,3015.0493808173765,3915.430619182623
2946.97,3419.7624558430944,-472.79245584309456
4301.12,5403.666150832425,-1102.5461508324252
2951.5,1989.2281652353238,962.2718347646762
3544.22,5616.433063790162,-2072.2130637901623
1576.54,1869.1258629681201,-292.5858629681202
7340.22,6050.5086945024295,1289.7113054975707
956.83,1997.1761403078822,-1040.3461403078823
1057.8,1222.8513953777422,-165.0513953777422
2035.9,5940.5014809984805,-3904.6014809984804
2001.35,2294.4334799618055,-293.08347996180555
1703.35,1854.9776577895639,-151.62765778956395
18689.59,12982.47797206415,5707.112027935849
840.5,1705.5612160503272,-865.0612160503272
5717.97,5228.131920806005,489.8380791939953
578.59,1919.6178711903633,-1341.0278711903634
771.54,1630.9614957208419,-859.4214957208419
683.83,2376.6849290171276,-1692.8549290171277
11524.11,3912.4078169855,7611.7021830145
1350.0,4938.215002781884,-3588.2150027818843
4309.82,3996.3738315393957,313.446168460604
1977.31,3292.565711078944,-1315.255711078944
1166.62,1815.850888095703,-649.2308880957032
5454.65,3329.270350149967,2125.379649850033
2154.64,1542.4567217695171,612.1832782304828
633.95,1581.9791286626491,-948.0291286626491
3876.1,7465.711495121151,-3589.6114951211507
3618.3,5810.163965248972,-2191.863965248972
772.54,1609.7000643775712,-837.1600643775712
2929.66,6284.6573611665735,-3354.9973611665737
8750.1,4962.003255063418,3788.0967449365826
1610.38,1873.8633953744884,-263.4833953744883
2536.87,1455.0230875457141,1081.8469124542858
778.95,1348.9305458199608,-569.9805458199608
3344.63,2325.440701520496,1019.189298479504
2546.52,3572.7532042173702,-1026.2332042173703
1620.44,2020.5582669485545,-400.1182669485545
6269.6,2564.5123316700992,3705.087668329901
1528.85,2063.98102650537,-535.1310265053703
1236.07,1870.9187883906661,-634.8487883906662
1694.51,1917.373324244776,-222.8633242447761
680.16,4159.809210284975,-3479.649210284975
2655.3,7512.0156003359325,-4856.715600335932
1704.98,1440.9187705330737,264.0612294669263
1584.27,2709.88748809907,-1125.6174880990702
862.77,2145.0314416250417,-1282.2614416250417
1261.78,2483.515674171603,-1221.7356741716033
5145.5,3800.022867512717,1345.4771324872831
6544.95,4151.335401474377,2393.6145985256226
4103.38,6250.017040559162,-2146.6370405591615
2883.62,3923.5267043056647,-1039.9067043056648
11389.57,8364.701649961224,3024.868350038776
399.67,1087.8141778377192,-688.1441778377191
538.51,1223.478407057425,-684.9684070574251
1657.32,2578.679563245628,-921.3595632456279
5254.28,3697.743149199822,1556.536850800178
1152.68,1091.6500916454534,61.029908354546706
2826.69,2808.4612918182,18.228708181799902
1773.92,1727.5176295143735,46.402370485626534
2998.9,3430.8236431824016,-431.9236431824015
997.5,1351.4924346319629,-353.99243463196285
1084.14,1629.8565511570757,-545.7165511570756
1373.95,2766.5955047412954,-1392.6455047412953
1521.49,2157.227086204238,-635.7370862042378
2931.21,1805.9055979468187,1125.3044020531813
1695.0,2634.5636139548265,-939.5636139548265
5022.71,6046.417971005459,-1023.7079710054586
1347.66,2427.028794644758,-1079.3687946447578
850.68,1163.1004144664564,-312.42041446645646
5907.17,5402.743532811311,504.42646718868946
5956.99,5454.960773843448,502.0292261565519
2047.92,1456.5945990538517,591.3254009461484
7120.71,3945.520281886914,3175.189718113086
2124.03,1414.3264350763222,709.703564923678
5611.56,6097.076786101591,-485.5167861015907
1527.28,2433.7071545233853,-906.4271545233853
8982.33,8544.340266876872,437.98973312312773
7726.78,7005.770603775544,721.0093962244555
4821.1,1809.0697175668358,3012.0302824331648
647.56,1839.3937492724965,-1191.8337492724966
3255.9,3383.3389157130355,-127.43891571303539
863.93,2364.2166551026885,-1500.2866551026887
3089.03,3696.7750023883514,-607.7450023883512
2184.37,4650.908872621243,-2466.538872621243
2080.85,1607.2351528044544,473.6148471955455
951.65,1702.3951568526368,-750.7451568526368
8091.51,12153.331587724,-4061.821587724
989.82,1510.9754572132667,-521.1554572132667
3767.67,5139.986859772498,-1372.316859772498
2661.34,1660.5237299602588,1000.8162700397413
566.9,1930.1898219391433,-1363.2898219391432
7939.91,6929.1116773049125,1010.7983226950873
8266.66,5174.930530296484,3091.729469703516
4641.17,3729.0636821942667,912.1063178057334
1006.15,1751.3060943355072,-745.1560943355072
4782.79,2967.9716062275143,1814.8183937724857
2249.41,6599.699900839508,-4350.289900839508
8735.58,6194.670619597858,2540.9093804021422
2501.02,2229.1709889964773,271.8490110035227
1305.27,4151.888548378707,-2846.618548378707
925.07,2210.891564220228,-1285.8215642202276
2048.53,1902.2092968243048,146.32070317569537
1320.39,1301.271110227681,19.118889772319108
1621.9,2947.780602973553,-1325.8806029735529
5367.47,4990.848242522589,376.62175747741094
901.1,2874.979980447274,-1973.8799804472742
3187.34,3587.6739217448567,-400.3339217448565
2761.62,5602.525018624285,-2840.905018624285
6999.29,6791.105388723117,208.1846112768826
1193.02,2638.2363296340827,-1445.2163296340827
3323.13,2144.1126121131174,1179.0173878868827
3578.3,2798.322105439118,779.9778945608823
3507.32,3944.922729574874,-437.60272957487405
347.64,1580.049177060364,-1232.409177060364
2145.86,1381.666818843983,764.1931811560171
3939.35,4788.664038891011,-849.314038891011
2409.54,1927.3606990822582,482.1793009177418
1912.83,1747.241747851816,165.58825214818398
5771.6,4624.45291815017,1147.14708184983
2065.95,5946.658834866442,-3880.708834866442
11802.14,8026.663264723123,3775.4767352768768
4893.62,5201.13637572265,-307.5163757226501
934.1,1412.1302592560494,-478.03025925604936
949.09,1071.6938646592653,-122.60386465926524
5074.22,5898.053183350479,-823.833183350479
3505.1,6644.644383099907,-3139.544383099907
1208.36,1893.8989999043051,-685.5389999043052
1271.9,1605.0640043275268,-333.16400432752675
2051.73,1552.238006564132,499.4919934358679
491.15,1680.042768959034,-1188.8927689590341
961.46,1750.2190695669995,-788.7590695669994
2777.34,2404.7224682539068,372.6175317460934
3538.24,5710.4922571965235,-2172.2522571965237
1787.22,3104.917436193006,-1317.6974361930058
11257.77,6515.725970895955,4742.044029104046
6378.04,2431.5401724659996,3946.4998275340004
8450.87,5612.49337676561,2838.3766232343905
2497.53,2095.5930427611484,401.93695723885185
1681.56,5494.603442679587,-3813.043442679587
2087.67,2014.6069287374714,73.06307126252864
2182.11,1868.6267907474341,313.483209252566
8438.73,7117.285255841664,1321.4447441583352
2575.16,1605.108000522382,970.0519994776178
1702.73,1926.3615105904942,-223.63151059049414
5774.26,4422.699300336745,1351.560699663255
2768.11,2531.0633710501,237.04662894989997
3012.46,1988.800491277941,1023.659508722059
867.69,1291.8852763322768,-424.19527633227676
940.55,1678.4477277908602,-737.8977277908602
2265.83,4800.754653424813,-2534.924653424813
5627.53,6336.613039897222,-709.0830398972221
2586.49,4096.581603565684,-1510.0916035656846
2508.42,1517.7646580005478,990.6553419994523
12608.78,5446.140515314413,7162.639484685587
1913.72,1802.6202558003063,111.09974419969376
4271.3,3717.0629876481103,554.2370123518899
3407.57,4608.755440077478,-1201.1854400774778
1201.45,2088.8030429375403,-887.3530429375403
5003.12,4811.273783749577,191.8462162504229
1256.17,1925.6347199763793,-669.4647199763792
4504.52,3157.9470481392527,1346.5729518607477
2143.64,2904.5155186745146,-760.8755186745148
7539.64,5135.4083520643,2404.2316479357005
698.29,2234.039550620572,-1535.7495506205719
3127.17,4203.663051428811,-1076.4930514288108
1165.86,1572.9366769342873,-407.07667693428743
1419.22,1617.1848397545473,-197.96483975454726
1631.8,2958.9007626976268,-1327.1007626976268
722.87,1358.6932461500041,-635.8232461500041
893.79,1279.3667417981744,-385.57674179817445
1086.85,1716.3159504112816,-629.4659504112817
1821.65,6161.489317128532,-4339.839317128532
6687.21,2101.847341834862,4585.362658165138
4680.64,2066.982178314603,2613.6578216853973
840.93,1875.1004142030267,-1034.1704142030267
1604.6,1632.1655343800367,-27.565534380036752
3986.87,1575.2275260413737,2411.6424739586264
1806.6,1928.3714094510206,-121.77140945102065
1723.14,2065.259133085149,-342.1191330851491
4990.71,8679.757682163183,-3689.047682163183
1453.22,1386.436652293724,66.78334770627612
1302.09,2397.674764771918,-1095.5847647719181
1753.45,2343.2235956543977,-589.7735956543977
1812.14,1725.0874161922518,87.0525838077483
2255.21,2533.1181918184184,-277.90819181841835
2138.76,2833.0192114874035,-694.2592114874033
1075.36,1695.4899433005928,-620.1299433005929
1537.76,1791.6730724489732,-253.91307244897325
1352.03,1878.8567870428092,-526.8267870428092
1594.3,1523.6271164135983,70.67288358640167
5683.37,8430.214801343101,-2746.8448013431016
3660.09,3449.758837611552,210.33116238844832
20695.69,7586.11212948056,13109.577870519439
347.87,1545.7765375579495,-1197.9065375579494
6890.98,4792.188330997525,2098.791669002475
2347.19,1999.117531719705,348.07246828029497
5056.39,6318.027749209674,-1261.6377492096735
970.83,1589.9627702605944,-619.1327702605944
1722.44,1747.0683627021365,-24.628362702136428
2125.07,3044.7914603463682,-919.7214603463681
2664.28,4813.390294387395,-2149.1102943873952
793.57,2330.0484610887847,-1536.4784610887846
969.59,1507.1812194564682,-537.5912194564681
3357.37,3542.3963773383307,-185.0263773383308
7043.01,2236.7244223575894,4806.285577642411
2450.47,1464.2006862053552,986.2693137946446
1662.8,2154.1900894151786,-491.39008941517864
3633.92,3059.1218505353395,574.7981494646606
689.86,2194.8107369193044,-1504.9507369193043
2369.55,4792.525040284829,-2422.9750402848285
1656.96,2410.5184262767166,-753.5584262767165
2447.72,2140.3811511753865,307.33884882461325
2418.58,4583.290779947561,-2164.7107799475607
1829.54,2096.931007010443,-267.391007010443
437.54,1804.6307060227934,-1367.0907060227935
9381.96,9142.273794069051,239.68620593094784
1630.66,2160.3287835006277,-529.6687835006276
1315.89,1989.7498986034395,-673.8598986034394
7617.7,2221.0795497790227,5396.620450220977
8077.11,7271.74947459152,805.3605254084796
8770.28,5044.775225799739,3725.5047742002616
2486.65,1326.688140790626,1159.961859209374
4346.75,6125.619917696656,-1778.8699176966556
2448.93,1609.4907621586733,839.4392378413265
2167.49,2611.1499944545308,-443.659994454531
6001.97,4777.711907101367,1224.2580928986335
1120.19,1473.2446933208025,-353.05469332080247
6365.29,3864.2814494743952,2501.0085505256047
802.89,4403.706192110186,-3600.816192110186
3708.57,5086.803139123066,-1378.233139123066
2946.17,3019.7547749027635,-73.58477490276346
4840.87,4711.763661463943,129.10633853605668
1730.57,1916.0392593276727,-185.46925932767272
753.12,1854.3462920584348,-1101.2262920584349
948.05,1808.5739250540323,-860.5239250540324
2228.91,3585.165245848625,-1356.2552458486252
7256.96,1913.9223378443135,5343.037662155686
2150.89,2704.144006728217,-553.2540067282171
1713.86,1675.4088471720531,38.45115282794677
580.0,3210.714441057769,-2630.714441057769
2611.22,1640.5503657709808,970.669634229019
1329.16,1971.674271843156,-642.5142718431559
4387.91,3959.4287954056194,428.4812045943804
1012.23,1942.1048298554213,-929.8748298554212
4328.86,3399.316776634425,929.5432233655747
4702.15,1367.0860500549081,3335.0639499450917
765.76,1300.7761927200188,-535.0161927200188
6416.6,2891.737117318206,3524.8628826817944
2042.49,2940.359792492799,-897.869792492799
3817.36,4557.908642666099,-740.5486426660987
5708.77,4523.694049686967,1185.075950313033
715.46,1559.2006489315477,-843.7406489315476
2992.15,2019.6892520037,972.4607479963001
1284.89,1729.4626514133356,-444.5726514133355
6083.74,3064.197595526509,3019.542404473491
4354.97,5391.215874221309,-1036.2458742213084
8067.17,6145.081148464632,1922.0888515353681
584.7,1284.5764753569201,-699.8764753569201
10476.0,8140.105312800726,2335.894687199274
4258.88,2775.3583363942416,1483.5216636057585
2202.09,2682.518285610745,-480.42828561074475
2876.8,1849.5001032654775,1027.2998967345227
1823.15,1427.167513942764,395.9824860572362
699.93,1568.8565901377938,-868.9265901377938
4222.91,4331.932099712077,-109.02209971207685
1681.36,1683.571891953835,-2.211891953834993
4486.12,2463.3203703691265,2022.7996296308734
1562.06,1585.0314917549176,-22.97149175491768
2398.5,2025.8004982524349,372.69950174756514
1248.37,1601.3083597768596,-352.93835977685967
3670.25,2556.0235404280425,1114.2264595719575
3716.73,3278.7428033096803,437.9871966903197
2954.87,3600.2550083270235,-645.3850083270236
9230.39,4646.414717410275,4583.975282589724
1263.47,1525.345738650324,-261.8757386503239
903.21,3274.0179439473727,-2370.8079439473727
1492.41,1769.1714203906859,-276.76142039068577
4800.49,2286.368588371769,2514.121411628231
2438.18,3285.8178017314276,-847.6378017314278
3269.77,4436.629637472507,-1166.859637472507
2647.18,2748.990712166554,-101.81071216655437
998.27,1559.0609868458073,-560.7909868458073
7528.4,7355.632809951621,172.76719004837832
533.0,2894.8278904013177,-2361.8278904013177
2185.49,2118.7591119946005,66.73088800539927
1083.0,2294.9683445831092,-1211.9683445831092
3879.15,2578.80343980612,1300.3465601938801
942.69,1399.325593728725,-456.63559372872487
1724.78,2320.567348477248,-595.7873484772479
9654.41,5750.600224250837,3903.8097757491632
7601.97,3299.47452226313,4302.49547773687
1902.31,1777.5896490451007,124.72035095489923
2437.13,2375.6958462881776,61.434153711822546
543.6,1163.105860980021,-619.5058609800209
2324.2,1812.2072922910818,511.99270770891803
738.16,1749.4724549655389,-1011.3124549655389
1754.69,1564.4836715562749,190.20632844372517
1029.01,1957.6452941532464,-928.6352941532464
639.34,1615.3165538772514,-975.9765538772514
1652.84,2026.076872737206,-373.2368727372061
3686.1,4834.930449870891,-1148.8304498708908
7774.71,7004.587771978852,770.1222280211477
1298.83,1517.8624721553697,-219.03247215536976
851.77,1529.1048042023183,-677.3348042023183
903.92,2451.8121495475325,-1547.8921495475324
4561.88,4559.065121973326,2.814878026673796
1100.38,1041.1834277297633,59.19657227023686
947.32,1459.5746679127435,-512.2546679127435
3659.81,7077.285124811063,-3417.475124811063
3892.39,4098.095347026186,-205.7053470261858
1142.78,2947.770716843119,-1804.990716843119
4400.55,4476.355661075188,-75.80566107518825
1015.99,1609.4581824035006,-593.4681824035006
6093.34,4245.50466449936,1847.8353355006402
3739.07,7087.261423536477,-3348.191423536477
2134.75,2682.671989191291,-547.9219891912908
7268.87,6910.47167954506,358.3983204549395
844.29,1053.5068248179477,-209.21682481794778
3884.4,5624.136396678877,-1739.7363966788766
1812.14,2621.081631988314,-808.9416319883137
1113.13,2114.136602148833,-1001.0066021488328
4409.8,4179.820228592851,229.9797714071492
5053.46,2454.8366863002566,2598.6233136997434
655.4,1206.1692265288777,-550.7692265288778
2532.11,5026.6984256366,-2494.5884256366003
2173.28,2580.725593148897,-407.44559314889693
1483.48,1531.4028778381792,-47.92287783817915
660.66,1584.0972386844082,-923.4372386844083
2704.88,1712.0976495803134,992.7823504196867
584.86,1246.6220405818556,-661.7620405818556
7154.84,6004.069031853699,1150.7709681463011
3670.47,2222.2022686324435,1448.2677313675563
7126.38,2603.760850784056,4522.619149215944
6341.8,2980.5585840748263,3361.241415925174
1829.98,2011.9861402033032,-182.00614020330318
1974.14,1747.9911421807715,226.14885781922862
1068.62,1838.2775069030924,-769.6575069030926
4078.29,6334.168031623834,-2255.8780316238344
3212.54,3118.177577003645,94.36242299635478
1864.19,1485.6670499431261,378.5229500568739
1437.24,2214.2817021088376,-777.0417021088376
1024.8,1637.4175805180714,-612.6175805180715
2048.92,1819.6634517038212,229.25654829617883
791.77,1694.1919115958935,-902.4219115958936
889.92,2631.5636605653235,-1741.6436605653234
724.17,1795.969804027296,-1071.799804027296
922.77,1855.2816404651585,-932.5116404651585
2996.46,3769.2700714541475,-772.8100714541474
1961.49,4014.8197981551057,-2053.329798155106
4680.24,8051.068910522871,-3370.8289105228714
810.59,2312.764068721397,-1502.174068721397
2161.31,1630.4927327911123,530.8172672088876
1516.69,1721.7410963105071,-205.0510963105071
3727.08,5480.787632973534,-1753.7076329735337
6883.0,7082.599338156823,-199.59933815682325
1301.12,1810.539486269371,-509.4194862693712
3085.77,2012.4261421756669,1073.343857824333
5497.11,5065.099096984638,432.0109030153617
1125.45,2366.279217210586,-1240.829217210586
2387.19,2309.5850337280117,77.60496627198836
3500.05,4160.3386608245755,-660.2886608245753
1693.04,2430.099539536273,-737.059539536273
3367.19,5102.902046001453,-1735.7120460014526
1307.98,2199.049724163852,-891.0697241638518
2152.19,1352.5881262493601,799.6018737506399
2195.81,3272.83786176633,-1077.0278617663303
1110.44,2109.8956904136326,-999.4556904136325
535.62,1241.3744119421362,-705.7544119421362
3403.54,3247.566802717021,155.97319728297907
1891.81,1946.1829563330468,-54.372956333046886
4559.71,2677.5482701526007,1882.1617298473993
2335.68,2179.3334645150057,156.3465354849941
583.35,6379.907104455416,-5796.557104455415
1150.28,2385.8515859691015,-1235.5715859691015
1295.16,2446.1813239279563,-1151.0213239279562
2154.45,1804.010957501791,350.4390424982089
4979.15,3746.002941915351,1233.1470580846485
1130.8,1770.5057342849855,-639.7057342849855
816.8,1224.025570770211,-407.2255707702111
890.58,2628.9166810880706,-1738.3366810880707
1614.88,1567.3627696432256,47.51723035677446
4169.3,6260.688941817171,-2091.388941817171
3467.73,5628.5215416727015,-2160.7915416727014
5430.3,6137.242161256987,-706.9421612569868
2608.02,2646.5297490385997,-38.50974903859969
7496.38,5348.436292123531,2147.9437078764695
5377.32,5595.4811701508,-218.1611701508
21688.63,6844.482003004739,14844.147996995262
6768.82,4760.459983836707,2008.360016163293
1576.57,2135.5011863227874,-558.9311863227874
4704.3,2696.9125326530834,2007.3874673469168
1608.69,2726.0670411979377,-1117.3770411979376
1860.27,1509.5375393225954,350.73246067740456
4051.87,2715.541738962586,1336.328261037414
2602.56,4754.235426475821,-2151.6754264758215
1629.8,4709.765738935083,-3079.965738935083
950.77,1896.5146401139116,-945.7446401139116
1856.11,3148.3142905694726,-1292.2042905694727
5489.78,4601.098400309246,888.6815996907535
1495.05,1869.582769998569,-374.53276999856894
2057.21,2513.5367561663634,-456.32675616636334
2229.35,1929.5446560818468,299.8053439181531
1099.82,1727.7611171256424,-627.9411171256424
3368.01,5630.424915524899,-2262.414915524899
3257.42,1815.3426068353315,1442.0773931646686
2941.11,2143.352650031798,797.7573499682021
5511.24,6123.599326092094,-612.3593260920943
702.34,1468.276971626298,-765.936971626298
2493.71,2945.095882753586,-451.385882753586
2899.07,1731.8823026986254,1167.1876973013748
4960.16,4173.868967983675,786.2910320163246
6113.52,6864.125709223749,-750.6057092237488
2560.34,5103.971472442498,-2543.6314724424983
2906.84,2285.128998263538,621.7110017364621
1016.52,4946.39176893942,-3929.8717689394202
1966.0,1963.7378393682993,2.262160631700681
3646.41,3062.353368837428,584.0566311625716
2653.99,2576.229617962221,77.76038203777898
735.21,1417.0482670358015,-681.8382670358014
6286.43,5058.868673103627,1227.5613268963734
2140.75,2371.7701892996547,-231.0201892996547
2660.7,3003.5338603093805,-342.8338603093807
2668.94,2054.035507293523,614.904492706477
1644.99,1383.712098175878,261.27790182412195
3437.26,3546.999237061103,-109.73923706110281
6058.44,4985.035136139916,1073.4048638600834
786.81,1709.9879598566754,-923.1779598566754
8648.04,4841.540747276707,3806.4992527232935
2307.3,2080.995480989742,226.304519010258
3922.61,3537.6728509854324,384.9371490145677
538.85,4355.803465815079,-3816.953465815079
4228.94,1900.30816624189,2328.6318337581097
714.55,1955.4417283031567,-1240.8917283031567
2381.74,2714.263992076102,-332.52399207610233
1647.63,2775.3998513120173,-1127.7698513120172
2932.73,3823.591157634764,-890.8611576347639
772.9,1550.6304454961485,-777.7304454961485
5497.0,4775.0586875166955,721.9413124833045
839.48,1399.0585388762277,-559.5785388762276
750.4,1786.3153903603322,-1035.9153903603324
1297.57,1464.079111631819,-166.509111631819
1373.28,2003.1545914298242,-629.8745914298242
8039.82,5770.908838896333,2268.911161103667
835.0,3536.685465279889,-2701.685465279889
3065.49,1789.5127480295741,1275.9772519704256
8590.69,9532.739546360193,-942.0495463601928
3951.35,2998.489309949519,952.860690050481
3202.37,2887.9096251352985,314.4603748647014
272.23,1378.2408614996712,-1106.0108614996711
2391.11,1734.8867738684187,656.2232261315814
5525.55,5979.530041310407,-453.9800413104067
2941.65,2853.2857423917126,88.36425760828752
687.86,1458.2822582970507,-770.4222582970507
2797.9,2812.128315411847,-14.22831541184678
1253.59,2411.8872573480344,-1158.2972573480345
3930.29,1916.1651423922456,2014.1248576077544
1517.08,2507.119349562433,-990.039349562433
2195.96,2126.12653573086,69.83346426914022
2621.15,2647.8739267775118,-26.72392677751168
8174.69,6352.814882463718,1821.8751175362813
9911.79,7518.271245397084,2393.5187546029165
1226.27,2218.6402644728933,-992.3702644728933
1649.35,2387.2576767817986,-737.9076767817987
1500.64,2646.974542241337,-1146.334542241337
1108.47,1100.1513029020696,8.318697097930453
6776.4,6590.525490998484,185.87450900151543
1964.95,2569.205500364488,-604.2555003644882
941.06,1661.0447202433486,-719.9847202433486
436.76,1102.390268867537,-665.6302688675371
6675.92,7083.352810726371,-407.4328107263709
3034.9,3643.6669867778737,-608.7669867778736
953.38,2015.829542294403,-1062.4495422944028
4166.73,2816.3420737207935,1350.387926279206
1900.74,1996.855554457233,-96.11555445723297
1961.41,3417.3355346540625,-1455.9255346540624
405.85,1158.196255452555,-752.346255452555
1740.66,2820.026719022768,-1079.3667190227677
2074.03,3332.7807890148447,-1258.7507890148445
2654.6,1676.803109689234,977.796890310766
2160.1,3100.9874540271853,-940.8874540271854
3045.93,2133.304269500737,912.6257304992628
4716.07,4335.106637736265,380.9633622637348
1400.7,1448.0327439476002,-47.33274394760019
1616.82,1699.379276724371,-82.5592767243711
6012.6,3833.665242613131,2178.9347573868695
3235.84,3850.9410311953898,-615.1010311953896
3596.02,2962.2793310592715,633.7406689407285
590.11,1634.7147325393246,-1044.6047325393247
1935.58,2301.859505987732,-366.27950598773214
7625.06,4931.314650459165,2693.7453495408354
4992.68,3971.5917785658016,1021.0882214341987
1963.59,1710.4824817037415,253.10751829625838
1565.2,2490.9277580413145,-925.7277580413145
1628.32,2686.29369087899,-1057.9736908789903
413.91,1823.9315928303588,-1410.0215928303587
3695.71,4636.141489488674,-940.4314894886738
1135.98,2040.416559171871,-904.4365591718711
1060.02,1678.6944776995672,-618.6744776995672
1526.74,1379.1151373049852,147.62486269501483
5280.31,8745.571886688846,-3465.261886688845
1079.07,1558.5423123842866,-479.4723123842866
1531.81,1694.9688858959087,-163.15888589590872
805.3,1165.2969035481979,-359.9969035481979
3379.84,1852.057793351727,1527.7822066482731
445.84,1835.762669804278,-1389.922669804278
2810.84,2257.7077055646478,553.1322944353524
1177.08,1312.9596773716514,-135.8796773716515
15527.36,6085.2505807068765,9442.109419293123
502.17,1124.214161994541,-622.0441619945409
1615.9,1816.295685478438,-200.39568547843783
890.88,3506.2445658255283,-2615.364565825528
1658.18,1272.6629259978788,385.51707400212126
4220.48,4541.161455590044,-320.6814555900446
1030.79,1471.5925943434918,-440.8025943434918
2601.76,3690.8977641713454,-1089.1377641713452
3678.95,2967.916239906332,711.0337600936678
1018.27,1512.9854777724443,-494.7154777724443
5644.53,7963.1491708956855,-2318.619170895686
970.14,2088.6358582043604,-1118.4958582043605
6835.63,1531.3763961065765,5304.253603893423
4022.41,7824.916151085633,-3802.506151085633
4184.5,4890.5842892245855,-706.0842892245855
380.75,1615.049810733819,-1234.299810733819
465.8,1634.516687944599,-1168.716687944599
1809.69,3053.1036802058534,-1243.4136802058533
5620.02,3263.686899435037,2356.3331005649634
3220.21,1715.449419563055,1504.760580436945
3890.72,1506.5703477673053,2384.1496522326943
5072.79,2831.4931208243984,2241.2968791756016
9863.93,5442.7399663254055,4421.190033674595
9675.88,9368.061372298791,307.81862770120824
6059.41,4707.325518279999,1352.0844817200004
1804.39,2966.4930235739334,-1162.1030235739333
830.45,1270.920189341841,-440.470189341841
1193.6,1309.387245572573,-115.78724557257306
4088.63,2893.117617068204,1195.5123829317963
2743.94,5402.173594289793,-2658.233594289793
2192.42,2078.2981690966285,114.12183090337157
6117.4,4008.55508037702,2108.8449196229794
295.46,1666.8448317248028,-1371.3848317248028
4052.41,2796.146841446665,1256.263158553335
5238.48,5146.005820050852,92.47417994914758
778.58,960.6403459901786,-182.06034599017858
825.26,1941.925472354428,-1116.665472354428
4710.25,3620.8406778010612,1089.4093221989388
3992.97,3478.12039641355,514.8496035864496
1691.26,2981.8918850073983,-1290.6318850073983
2613.75,2343.28428722386,270.4657127761402
1145.01,1220.1151138298599,-75.10511382985987
2090.56,2322.692411017324,-232.1324110173241
1879.36,3629.90481300565,-1750.54481300565
623.5,1873.3427667131073,-1249.8427667131073
1976.98,1933.3980676771441,43.58193232285589
1349.48,1479.3939934350296,-129.91399343502962
2047.35,3932.795332765166,-1885.4453327651663
715.28,1185.0863033381802,-469.8063033381802
7225.54,10646.348080851834,-3420.8080808518343
1058.22,2456.4822372800495,-1398.2622372800495
8109.78,7508.528687613237,601.251312386763
1235.1,1498.1609835629397,-263.0609835629398
4286.83,7715.396428408041,-3428.5664284080412
2899.16,2237.8322617400886,661.3277382599113
2384.79,1875.430564505627,509.359435494373
11418.97,6101.051645644366,5317.918354355634
1807.43,6407.229441870928,-4599.799441870928
5364.13,2294.7274178379444,3069.4025821620558
1190.0,6873.601164279203,-5683.601164279203
2970.65,4789.829673533598,-1819.179673533598
2116.53,2555.7342140018923,-439.20421400189207
2583.19,3660.905890596792,-1077.7158905967917
3735.74,2661.4434765170877,1074.296523482912
815.95,1532.0015196207225,-716.0515196207225
729.74,1397.8593025255527,-668.1193025255527
2777.94,2127.1281125919622,650.8118874080378
3143.22,4105.830495023491,-962.6104950234908
12998.52,8616.424373361751,4382.095626638249
726.35,2651.3284588089487,-1924.9784588089487
1395.38,967.2790142186874,428.1009857813127
2274.09,2074.122926973667,199.9670730263333
773.52,4344.178309252481,-3570.658309252481
2663.25,3972.8311797327656,-1309.5811797327656
1739.02,1717.6274226991989,21.392577300801122
6498.35,4199.803064570596,2298.5469354294046
1742.23,1587.4771814148712,154.7528185851288
2025.49,2821.507643510675,-796.0176435106748
733.76,966.6191960523739,-232.85919605237393
2023.09,3009.3958835046187,-986.3058835046188
7666.62,7599.4656441118905,67.15435588810942
6304.74,5428.862524845644,875.877475154356
5825.19,5715.0663867776875,110.12361322231209
654.23,1304.9786828681247,-650.7486828681247
3467.2,2459.9520027071335,1007.2479972928663
1245.55,2367.7526245849344,-1122.2026245849345
1170.2,1359.6848536607285,-189.4848536607285
5638.4,3615.8957691021333,2022.5042308978664
6823.98,5765.316633236155,1058.6633667638444
6233.45,4115.208051968467,2118.241948031533
4203.77,2980.436349698889,1223.3336503011114
2221.5,3481.9306022371675,-1260.4306022371675
3911.96,2368.6200807016985,1543.3399192983015
2868.78,1476.3420472204318,1392.4379527795684
974.63,1928.1768732158293,-953.5468732158294
737.91,1350.160983641936,-612.2509836419359
3252.41,8011.076944547375,-4758.666944547375
3738.0,1584.1868869783732,2153.813113021627
1463.43,1748.1678502398076,-284.7378502398076
1935.66,2720.0588440105275,-784.3988440105275
1631.1,1675.996197830161,-44.8961978301611
794.23,1966.6208211328546,-1172.3908211328546
3114.86,1865.793461017262,1249.0665389827382
5222.89,3978.8711138465865,1244.0188861534139
1962.35,1860.9020592317297,101.4479407682702
2784.1,2040.535799351866,743.5642006481339
4769.94,2207.983631688438,2561.9563683115616
1919.08,3793.1592404690823,-1874.0792404690824
9193.77,5084.021178755786,4109.748821244214
4736.71,2728.5125710924995,2008.1974289075006
338.62,1636.6365757007059,-1298.0165757007057
933.33,1409.1854043899168,-475.85540438991677
709.96,1131.8181817172424,-421.85818171724236
544.88,1415.5205661394502,-870.6405661394502
4010.4,4460.762026229575,-450.3620262295749
1421.5,1537.260828488954,-115.76082848895408
1454.45,1593.5737999637574,-139.1237999637574
2930.16,2157.127201072008,773.0327989279917
2464.0,2297.7197463057087,166.28025369429133
3162.25,3497.0312889520255,-334.78128895202553
4973.87,3107.3492119316165,1866.5207880683834
1266.99,1631.4576965211763,-364.4676965211763
1575.97,2689.6848237587656,-1113.7148237587655
3620.58,4720.915500072225,-1100.335500072225
10026.1,9604.215555465273,421.88444453472766
3496.95,2126.2492217129434,1370.7007782870564
7472.18,4782.821543472325,2689.358456527675
911.54,1443.4055396772808,-531.8655396772808
3894.3,2176.5776627109217,1717.7223372890785
1132.81,1725.1066092614406,-592.2966092614406
11453.51,8669.460800507048,2784.0491994929525
1582.97,2354.7456160918773,-771.7756160918773
3738.56,4812.290620813868,-1073.7306208138684
7455.82,3109.084672778943,4346.735327221057
725.3,2149.7775943544216,-1424.4775943544216
1276.02,1664.0891435338474,-388.0691435338474
1463.65,1993.3961571807895,-529.7461571807894
1246.86,1358.808487386757,-111.94848738675705
1915.47,2365.0658717220513,-449.59587172205124
1820.58,2127.8512223073785,-307.2712223073786
567.1,1665.116252444709,-1098.0162524447092
3875.67,2443.75028141087,1431.9197185891303
4913.68,3606.3925066650086,1307.2874933349917
6319.97,5575.582580420005,744.3874195799954
4268.44,4046.086905516712,222.3530944832878
1273.11,1473.9416054105586,-200.83160541055872
915.11,1407.8234359053322,-492.7134359053322
2250.96,1879.016348664192,371.943651335808
2617.65,3269.386434666308,-651.736434666308
1462.12,1841.4206412603414,-379.30064126034154
8332.53,2289.100728642074,6043.429271357927
3651.33,2940.753330675487,710.5766693245127
2929.31,1504.8147152127626,1424.4952847872373
6523.21,7751.796016701044,-1228.5860167010442
2322.64,2611.8934415143026,-289.2534415143027
17518.38,6594.676020606736,10923.703979393265
776.2,1549.5365799379445,-773.3365799379444
581.69,1716.7495718023165,-1135.0595718023164
2620.33,3128.033237143174,-507.7032371431742
3279.66,4608.934883990302,-1329.2748839903024
1432.34,1797.5116132505598,-365.17161325055986
1927.54,3191.0856736963615,-1263.5456736963615
3159.05,2669.7154091646507,489.33459083534945
1506.78,2450.46010478531,-943.6801047853098
1453.46,4154.18690591483,-2700.7269059148302
5237.38,5707.385737683721,-470.00573768372124
365.3,2234.816557553997,-1869.516557553997
6047.82,6117.721209541362,-69.90120954136273
2313.11,1891.4827894342097,421.6272105657904
1747.36,1923.5344608568137,-176.17446085681377
6832.66,2482.6854433118606,4349.974556688139
4368.53,2935.658301501365,1432.871698498635
2815.35,2211.2231657728744,604.1268342271255
757.74,1360.4066619658306,-602.6666619658306
1453.67,2520.597153481567,-1066.927153481567
581.46,942.2993205122743,-360.8393205122743
2117.62,3001.3233875602714,-883.7033875602715
1920.98,3424.252591740819,-1503.2725917408188
1826.76,1605.6125392212064,221.14746077879363
1034.36,1603.135019553121,-568.7750195531212
584.17,2921.8374540406444,-2337.6674540406443
1295.65,2091.330531376178,-795.6805313761779
7745.21,6178.285354708283,1566.9246452917168
4925.05,3794.271009947175,1130.778990052825
2201.95,3606.480406001699,-1404.5304060016992
7178.23,4619.1334376723,2559.0965623276998
1303.36,1264.4376514162873,38.92234858371262
1257.21,3487.0411289582307,-2229.8311289582307
3455.0,3080.9910444937127,374.0089555062873
3894.21,2686.800084717318,1207.409915282682
6296.6,6297.9453864666775,-1.3453864666771551
2989.42,2097.7494830621617,891.6705169378383
5457.66,5982.766901578431,-525.1069015784315
2623.26,3421.6637600341464,-798.4037600341462
3148.57,2145.716629821711,1002.853370178289
2121.25,2472.6629301179973,-351.41293011799735
2310.55,1721.5800125758244,588.9699874241758
9716.37,8527.291795088702,1189.0782049112986
5191.85,7664.187147820466,-2472.3371478204654
1688.54,1927.557682283897,-239.0176822838971
2090.02,1656.3957339629637,433.62426603703625
1455.46,1549.615963801534,-94.15596380153397
997.05,2385.591048455056,-1388.541048455056
1202.1,1219.056284653321,-16.956284653321063
3936.57,3635.5885996816924,300.9814003183078
1820.18,1509.106479289897,311.07352071010314
1496.93,1519.3925648021311,-22.462564802131055
9009.57,4365.095975938536,4644.474024061464
997.6,1767.2083923804105,-769.6083923804105
5708.29,7708.961420346783,-2000.6714203467827
8447.92,6318.2883908771655,2129.6316091228346
1139.98,942.0498464373575,197.93015356264254
2159.04,1604.7513561074327,554.2886438925673
4880.69,2068.1411155683813,2812.5488844316183
4844.23,3619.5754385855143,1224.6545614144852
893.91,2548.89207278717,-1654.9820727871702
3773.67,1486.3840557253832,2287.2859442746167
6389.2,6351.66133830438,37.53866169562025
509.97,1980.5417369621903,-1470.5717369621902
896.42,1502.2751153344466,-605.8551153344466
831.9,1115.2444997211633,-283.3444997211633
677.21,1896.3101882740052,-1219.1001882740052
509.34,1061.7087559464849,-552.368755946485
629.95,1172.4140279682629,-542.4640279682628
1424.13,1823.2165337702997,-399.08653377029964
1462.44,2172.8782523747386,-710.4382523747386
5192.88,4732.86377250274,460.01622749725993
1578.18,1857.9261198061513,-279.7461198061512
1949.56,2649.5948807183518,-700.0348807183518
721.95,2063.1792077050677,-1341.2292077050677
1072.31,1399.5603263280448,-327.2503263280448
1806.0,1888.6995994304045,-82.69959943040453
1097.94,2566.480122230458,-1468.540122230458
2187.0,5480.393528816048,-3293.3935288160483
1219.89,1804.4296791757317,-584.5396791757316
2968.69,2570.3946564821053,398.2953435178947
1553.78,1757.428243109337,-203.64824310933705
717.2,2549.199694584179,-1831.9996945841788
5443.89,3628.572889059386,1815.3171109406144
2151.69,1490.5950383729516,661.0949616270484
3840.69,2519.587613873849,1321.102386126151
3926.72,2918.4572031652697,1008.2627968347301
1319.71,2968.755657714477,-1649.0456577144769
17216.61,7487.119102379997,9729.490897620004
1239.17,1617.569353515475,-378.399353515475
4912.92,3173.6969471504176,1739.2230528495825
3512.34,2238.544500486742,1273.7954995132582
3877.16,6467.74170233264,-2590.58170233264
3630.77,3247.6864576999274,383.0835423000726
4777.24,3828.0826988731096,949.1573011268902
7246.44,1949.0373948564888,5297.40260514351
3968.87,5548.324739634208,-1579.4547396342077
2150.53,5116.367314048432,-2965.8373140484314
3094.82,2289.32910334147,805.4908966585303
4527.05,5870.48784652672,-1343.43784652672
5874.21,2428.2263444235305,3445.9836555764696
3547.4,2328.9457045444215,1218.4542954555786
3099.34,3156.9257664100087,-57.585766410008546
831.55,1556.6322867677516,-725.0822867677516
4150.65,2513.5885539209175,1637.061446079082
2775.72,2325.427334937962,450.29266506203794
882.47,1461.2487958218126,-578.7787958218125
2500.86,5606.208363953082,-3105.348363953082
3799.04,4807.2580435721475,-1008.2180435721475
1667.38,2633.009783096698,-965.6297830966978
3740.27,3900.1053842350543,-159.83538423505433
901.06,4851.190298558439,-3950.1302985584393
1012.98,2855.711442139392,-1842.7314421393921
1038.27,1215.4299157828132,-177.1599157828132
3424.22,1486.1972321918051,1938.0227678081947
6301.75,4424.360346587629,1877.3896534123714
1494.14,1697.7541177231242,-203.61411772312408
1352.0,2840.7821519248687,-1488.7821519248687
11669.11,10284.440181981327,1384.669818018674
1454.23,2437.4758491328303,-983.2458491328302
903.55,1288.266092323763,-384.71609232376295
769.64,1923.995328896341,-1154.3553288963412
1160.94,1607.446658736676,-446.50665873667594
482.39,1296.0651425298054,-813.6751425298054
3407.55,5752.093027102336,-2344.543027102336
570.12,853.1386477145318,-283.01864771453177
1586.04,2107.6598147319455,-521.6198147319456
2831.47,1924.164821256341,907.3051787436589
4192.21,4942.124234662276,-749.9142346622757
759.92,1829.692148802912,-1069.772148802912
2206.27,1707.6726353957488,498.5973646042512
1832.51,3551.2617156738,-1718.7517156738002
3049.25,2692.8165442606214,356.4334557393786
615.5,2370.681506053372,-1755.1815060533718
2330.2,1481.3372801562339,848.862719843766
4324.27,2452.009864642471,1872.2601353575296
1106.85,2241.316193639243,-1134.466193639243
6809.3,4014.6534208635007,2794.6465791364994
2067.88,2912.572927618417,-844.6929276184169
2563.4,3296.871084231059,-733.4710842310587
926.72,1694.373861365453,-767.6538613654529
1750.98,2356.233652857035,-605.2536528570349
1325.15,2380.383573733559,-1055.2335737335588
5215.34,3922.4104827926703,1292.9295172073298
997.45,1211.9208062295058,-214.4708062295058
1019.97,1515.747530872208,-495.777530872208
1131.66,1733.1171128297947,-601.4571128297946
5387.13,4552.922613574808,834.2073864251925
60.8,1458.4242730304725,-1397.6242730304725
10786.79,5812.63449192376,4974.155508076241
3530.97,3922.4564225507243,-391.48642255072446
2258.38,2249.5277711101394,8.852228889860726
3071.1,6778.303481403483,-3707.203481403483
1446.61,2365.8952283465037,-919.2852283465038
5195.19,1953.016013689832,3242.1739863101675
4054.25,3314.9130176446033,739.3369823553967
1225.16,2218.7457671332554,-993.5857671332553
555.5,1132.4491715952884,-576.9491715952884
1366.87,1778.8501745566812,-411.9801745566813
1646.0,2405.6766092412495,-759.6766092412495
682.15,1533.6549622202497,-851.5049622202497
635.89,1519.6708359876377,-883.7808359876377
1577.35,1430.6175224043868,146.7324775956131
2024.03,4072.2726814512703,-2048.24268145127
992.1,1794.6465592858374,-802.5465592858374
1235.09,2276.7818861403775,-1041.6918861403776
873.01,1967.0154995204819,-1094.0054995204819
3945.56,1843.6951697667587,2101.8648302332413
549.93,1571.3459932895375,-1021.4159932895376
1239.98,2391.301097468402,-1151.321097468402
2079.74,1674.7791691993268,404.96083080067297
3077.4,3049.8531775276338,27.54682247236633
579.97,1653.7982875732866,-1073.8282875732866
1252.5,1583.9918566059953,-331.4918566059953
7541.77,4135.065347262282,3406.704652737719
6934.83,5091.600400536769,1843.2295994632314
989.81,1836.239720710585,-846.4297207105851
923.89,1396.2718726711178,-472.3818726711178
562.7,1539.497943140647,-976.797943140647
2831.09,2703.0306601260077,128.05933987399249
2430.1,3375.091617746211,-944.991617746211
7559.95,6299.375871835542,1260.5741281644578
4990.86,6088.729849655811,-1097.8698496558118
2115.86,1805.0672747960057,310.79272520399445
3590.32,3645.527883517742,-55.20788351774172
719.3,1361.3914289375641,-642.0914289375642
2481.13,2376.832730584605,104.29726941539502
3448.33,2269.2651449675523,1179.0648550324477
1574.34,2968.010310366399,-1393.6703103663992
2296.09,4494.451269464911,-2198.361269464911
1185.23,1359.872799719565,-174.6427997195649
2871.81,1614.1340130354772,1257.6759869645227
6352.24,3321.083740034346,3031.1562599656536
9200.5,8308.909659628773,891.5903403712273
368.87,2262.3256947266614,-1893.4556947266615
1745.71,2185.563523188659,-439.853523188659
3293.4,2283.753134718423,1009.646865281577
1596.43,1496.0156234210801,100.41437657891993
1121.86,1491.7398545842648,-369.8798545842649
1022.27,3017.5875669754623,-1995.3175669754623
1505.87,1453.626859863034,52.24314013696585
1227.31,2381.462350536201,-1154.152350536201
1327.5,2842.691302913847,-1515.1913029138468
1417.88,2003.8437422277045,-585.9637422277044
954.73,2375.784563697933,-1421.0545636979332
1470.91,1333.3928117544529,137.51718824554723
12620.13,5075.533351205489,7544.59664879451
828.3,1721.4404152700085,-893.1404152700086
576.46,1929.4004631936577,-1352.9404631936577
588.34,1702.6655938297474,-1114.3255938297475
1302.13,1940.6747755191147,-638.5447755191146
1352.35,1782.5705141830067,-430.2205141830068
10076.2,8665.435966746338,1410.764033253663
1723.96,1877.7916129123605,-153.83161291236047
702.12,1187.1823660889945,-485.0623660889945
4267.2,4063.0953063436336,204.10469365636618
1879.69,1651.4387220320973,228.25127796790275
1607.19,2479.0298589781028,-871.8398589781027
6615.28,6551.565384625279,63.71461537472078
1055.99,2455.5242416480473,-1399.5342416480473
2504.94,1748.0499616863729,756.8900383136272
649.93,1407.4764823820935,-757.5464823820936
801.84,1886.431396145459,-1084.591396145459
1943.99,1836.5643696089026,107.42563039109746
1925.94,2131.136997533103,-205.19699753310306
253.01,922.578578130263,-669.5685781302631
747.63,1533.903607773317,-786.2736077733169
1352.59,1999.7135309778262,-647.1235309778262
1156.03,1801.0192566535538,-644.9892566535539
9726.36,6183.441637293171,3542.9183627068296
1819.54,2060.4884315720938,-240.9484315720938
866.46,1470.925139524833,-604.4651395248329
1365.65,850.0279676523859,515.6220323476142
2392.12,2062.883140914674,329.2368590853257
3731.03,2360.2164453268183,1370.813554673182
4686.88,6653.4601618171655,-1966.5801618171654
947.54,1303.0911020288709,-355.5511020288709
970.33,1250.1929595027098,-279.8629595027097
1940.17,3058.982459785438,-1118.812459785438
2249.7,3249.0819117878623,-999.3819117878625
1813.36,1542.948953058288,270.4110469417119
983.48,2010.3460711607293,-1026.8660711607292
2754.17,1700.4691676795692,1053.700832320431
1898.49,2979.9502910665788,-1081.4602910665787
1291.78,1642.5384630388492,-350.7584630388492
626.35,2016.427237970836,-1390.077237970836
1517.58,1276.3680395361318,241.21196046386808
1227.26,1144.6677698274407,82.59223017255931
3134.51,1391.3269411173037,1743.1830588826965
610.52,1880.9041719333338,-1270.3841719333338
1250.28,1848.8106345643157,-598.5306345643157
1654.46,7645.4481571017495,-5990.9881571017495
2826.74,3652.5654182133053,-825.8254182133055
681.72,1385.6764122336233,-703.9564122336233
1224.46,1889.465289430933,-665.0052894309329
3429.46,4391.600447845303,-962.1404478453032
1226.55,3100.6887901713076,-1874.1387901713076
1216.08,2058.2514950793766,-842.1714950793767
1135.93,1412.447433959721,-276.51743395972085
1108.63,1328.2390582916955,-219.60905829169542
3545.96,1830.3708428504494,1715.5891571495506
1599.25,1825.3789183508256,-226.12891835082564
5202.86,6113.713985004356,-910.8539850043562
7534.91,2777.736591719605,4757.173408280395
1118.12,1527.7731048752773,-409.65310487527745
902.6,3152.879535624178,-2250.279535624178
1790.94,2292.3375453364442,-501.3975453364442
1255.46,1416.3504383602606,-160.89043836026053
2015.41,3168.467493374487,-1153.0574933744867
1984.55,3890.3849344265122,-1905.8349344265123
1142.7,2097.012846065816,-954.3128460658161
4192.53,4660.540593558249,-468.01059355824964
779.31,992.4275612987541,-213.11756129875414
10161.07,7067.748750804564,3093.3212491954355
939.19,2164.51369988641,-1225.32369988641
1391.49,1539.735047468217,-148.24504746821708
780.43,1139.6105088222012,-359.1805088222012
631.75,2738.0017194268876,-2106.2517194268876
965.41,2432.6580014828555,-1467.2480014828557
1012.81,2358.9122755337808,-1346.1022755337808
1835.81,1707.708350683199,128.10164931680106
744.83,1582.4502156034084,-837.6202156034084
908.27,1303.419986027174,-395.149986027174
2367.01,4886.545155096367,-2519.535155096367
3304.41,4811.420327179089,-1507.0103271790895
1146.48,2142.328365530242,-995.8483655302421
1467.38,2390.607490957796,-923.2274909577959
8263.74,6100.528695056051,2163.2113049439486
1780.37,3927.015566157595,-2146.645566157595
2283.3,2332.728765028941,-49.42876502894069
1423.17,3525.1448020546636,-2101.9748020546635
1131.0,1969.7839224393692,-838.7839224393692
1635.22,1389.8424357286337,245.37756427136628
1293.05,1835.761675663351,-542.7116756633511
2561.1,2150.1857181296655,410.91428187033443
2376.16,2421.40395254873,-45.24395254873025
1306.35,1493.9350073432875,-187.58500734328754
16223.55,6064.738611942392,10158.811388057607
3249.73,2851.427511788637,398.3024882113632
761.45,3300.6245353125396,-2539.17453531254
7878.64,5561.388370889445,2317.2516291105558
1362.55,2836.9441346226545,-1474.3941346226545
1725.15,1730.284732015007,-5.134732015006875
3181.63,2597.1390923578087,584.4909076421914
2079.84,1350.9582745173532,728.881725482647
5885.77,3160.028297090379,2725.7417029096214
888.83,1460.3077354869579,-571.4777354869578
2369.07,3512.014521042036,-1142.9445210420358
10338.98,6985.288347794085,3353.6916522059146
1779.42,1967.8827276838247,-188.4627276838246
2695.6,5582.489655420719,-2886.889655420719
650.01,1615.5083334526475,-965.4983334526476
1432.59,3652.3285188485474,-2219.7385188485478
1639.35,2942.992254392643,-1303.6422543926433
3908.43,2882.6312899423024,1025.7987100576975
2766.77,6315.109860510174,-3548.3398605101743
1010.96,1574.158674866259,-563.1986748662589
2638.74,4859.93615975798,-2221.1961597579802
3126.23,2676.3914288153396,449.8385711846604
2815.32,4483.84805817584,-1668.5280581758402
518.56,1463.954336075939,-945.394336075939
2547.1,2233.8336300999813,313.2663699000186
2148.47,1692.094899099062,456.3751009009377
1113.56,1505.4025364064644,-391.84253640646443
1341.59,2277.71491082889,-936.12491082889
1239.7,2228.179604944689,-988.4796049446888
943.38,2010.4453626682632,-1067.0653626682633
7639.62,4911.938815041799,2727.681184958201
2100.38,4247.28660143967,-2146.9066014396703
997.09,2164.891233250198,-1167.801233250198
3014.01,3282.234009242994,-268.2240092429938
2582.04,1425.5579083064072,1156.4820916935928
950.75,1916.389639159101,-965.6396391591011
899.62,1892.2433573220158,-992.6233573220157
1206.31,1228.8657407564303,-22.555740756430396
3812.72,5109.205415761933,-1296.4854157619334
468.66,2294.6717182749776,-1826.0117182749775
965.34,2161.931779153847,-1196.5917791538468
283.66,1854.013663736432,-1570.3536637364318
1071.64,2074.659375267907,-1003.0193752679068
712.97,1859.5110780496877,-1146.5410780496877
2369.51,1678.5573406262947,690.9526593737055
7402.8,2603.626633850525,4799.1733661494745
1886.94,3102.347649715791,-1215.4076497157907
11892.22,6396.225896102776,5495.994103897224
4510.86,1622.5834169890204,2888.2765830109793
1130.3,1812.5463017077338,-682.2463017077339
2541.57,2058.483917740985,483.08608225901526
6293.32,7337.5599335248235,-1044.2399335248238
2060.23,3388.2864150065066,-1328.0564150065065
1783.08,2935.362393716064,-1152.2823937160642
17519.14,9425.082307770062,8094.057692229937
2741.47,2021.108985924659,720.3610140753408
2788.99,2072.2959819315274,716.6940180684724
4228.68,3170.426163611994,1058.2538363880062
11850.88,6307.784940921827,5543.095059078172
718.69,1580.5096130124427,-861.8196130124427
902.34,1595.1102317771577,-692.7702317771576
2593.71,1964.7327368624926,628.9772631375074
656.81,936.565340082354,-279.7553400823541
9327.73,8006.3325291951005,1321.397470804899
872.8,1888.0683656494682,-1015.2683656494683
1451.25,1731.8823026986254,-280.6323026986254
766.19,1978.8686373875566,-1212.6786373875566
600.25,1137.6534548897632,-537.4034548897632
4762.7,4335.229028672831,427.4709713271686
1977.84,2310.684683717512,-332.8446837175122
2750.53,2427.6368911895033,322.89310881049687
2147.27,1520.2996063931705,626.9703936068295
1342.84,2341.6985950276703,-998.8585950276704
1829.67,2815.4723304881,-985.8023304880999
1961.55,1508.7869044716026,452.76309552839734
1075.77,3882.0683499383335,-2806.2983499383336
1797.74,2338.0739727943755,-540.3339727943755
3535.7,3703.4497312078847,-167.7497312078849
1274.38,1948.6076987914062,-674.227698791406
920.21,1441.9867022637159,-521.7767022637158
2559.2,3872.6401125249245,-1313.4401125249246
869.95,5704.08844219088,-4834.138442190881
748.39,1725.0925681305023,-976.7025681305023
982.79,2053.0351419540316,-1070.2451419540316
365.2,1735.9632815013865,-1370.7632815013865
5777.7,3523.4901300697975,2254.2098699302023
3127.27,2155.62505932728,971.6449406727202
6533.91,2148.928790439847,4384.981209560153
7212.43,4414.134445940333,2798.2955540596677
1507.72,1582.013230806586,-74.29323080658605
10192.0,12484.62020045277,-2292.6202004527695
4993.8,5626.427954145649,-632.6279541456488
1286.9,1763.055791178571,-476.155791178571
3559.02,3356.6900073270585,202.32999267294144
1380.47,2233.504138746847,-853.0341387468468
2680.56,2397.032858754685,283.52714124531485
882.67,2280.8157972593235,-1398.1457972593234
835.47,1246.9994155874788,-411.52941558747875
2175.89,2385.879423168206,-209.98942316820603
966.75,1944.0688696828968,-977.3188696828968
1353.3,2069.19435073488,-715.8943507348802
6929.75,4384.496048220402,2545.2539517795976
3066.42,3860.3427652475943,-793.9227652475943
2858.37,3634.981377496487,-776.611377496487
1442.14,4296.431129113799,-2854.291129113799
1988.75,2833.1089833174465,-844.3589833174465
1236.3,2844.08060247398,-1607.78060247398
554.78,1393.1735063819647,-838.3935063819647
1712.12,1722.5913201919882,-10.471320191988298
11759.6,13851.789431150037,-2092.1894311500364
3248.11,2422.681387754838,825.4286122451622
1806.6,1433.0381753819584,373.56182461804156
2830.28,3814.624819489972,-984.344819489972
2863.08,1565.2968827252425,1297.7831172747574
9561.2,4982.467872759435,4578.732127240566
3144.35,1890.5152424727862,1253.8347575272137
5059.29,2506.097594231661,2553.192405768339
4460.07,5484.3065913213595,-1024.2365913213598
5154.05,3081.6009055431896,2072.4490944568106
2431.57,3750.428218506763,-1318.858218506763
3179.23,3598.2961336931958,-419.06613369319575
937.59,1177.8868908084132,-240.2968908084132
1775.77,2048.8919014222706,-273.12190142227064
5158.33,3625.1504482604887,1533.1795517395112
1458.51,1776.051370431618,-317.5413704316179
12227.37,5597.111549041602,6630.2584509583985
1378.3,1194.1577634316607,184.14223656833929
1241.57,2089.2345919824293,-847.6645919824293
4241.84,1918.6854358551716,2323.1545641448283
21468.43,8615.742822365293,12852.687177634707
6868.93,8275.584733669055,-1406.6547336690546
10682.34,6462.99546539192,4219.34453460808
794.0,10656.160249533767,-9862.160249533767
3756.17,2216.690631730929,1539.479368269071
7786.93,4967.479358076722,2819.4506419232785
415.51,1771.7860541694508,-1356.2760541694508
16784.14,14815.916035871374,1968.223964128625
987.62,1231.2808068209931,-243.66080682099312
1804.4,3169.5419530240983,-1365.1419530240983
1450.76,1689.8782866975505,-239.1182866975505
829.86,1990.6656105605107,-1160.8056105605106
2811.01,5308.7945624277545,-2497.7845624277543
6104.8,6297.249403078109,-192.44940307810884
15004.87,7008.543256859275,7996.326743140726
8485.63,6750.73716790111,1734.892832098889
4570.91,5158.082186237709,-587.172186237709
1039.75,1977.5048113807372,-937.7548113807372
4600.91,3707.1797778738674,893.7302221261325
212.46,3552.449702159566,-3339.989702159566
1231.08,4049.491265394446,-2818.411265394446
2037.82,2345.8302616684355,-308.01026166843553
2028.31,1450.6630438059044,577.6469561940955
2203.72,1368.1705609268517,835.549439073148
866.57,1537.031234707923,-670.4612347079229
1589.33,1440.019436163239,149.31056383676082
3667.95,3158.396986151441,509.55301384855875
2526.61,1961.9006395200256,564.7093604799745
3031.46,3402.300978300836,-370.840978300836
3143.75,2013.378002266411,1130.371997733589
8743.62,10013.430143656467,-1269.8101436564666
6820.61,4228.999023404974,2591.610976595026
3668.86,4968.549524963193,-1299.689524963193
744.62,1180.0482460246421,-435.42824602464214
767.09,1593.673087710713,-826.5830877107129
1451.05,1724.0852262155986,-273.03522621559864
2026.02,1228.663934072428,797.356065927572
1848.2,1611.378187913357,236.82181208664315
4148.61,5568.498016238968,-1419.8880162389687
1087.54,2925.944810243166,-1838.4048102431661
3321.69,3132.8456096773634,188.84439032263663
1201.32,2636.385151241635,-1435.065151241635
2329.36,3128.5992888761507,-799.2392888761506
1636.57,2697.205721269747,-1060.635721269747
6261.72,3307.5907370299706,2954.1292629700297
2352.75,1845.4434722525841,507.3065277474159
3369.7,2124.4672382670733,1245.2327617329265
1086.04,1624.4948459065772,-538.4548459065772
2340.65,3465.420981042804,-1124.7709810428041
1018.37,2454.585047802292,-1436.2150478022922
3591.98,1804.5020396976179,1787.4779603023821
8677.65,6843.304164869651,1834.3458351303489
2483.04,2946.0043005916646,-462.9643005916646
950.03,2679.9760860181523,-1729.9460860181523
1587.06,1971.8140161719775,-384.7540161719776
2080.58,1847.7883996127327,232.79160038726718
4276.69,2969.5648991229145,1307.125100877085
995.13,1139.2245557925896,-144.09455579258963
3298.92,3409.396290138773,-110.47629013877304
11755.54,6580.9670012096785,5174.572998790322
9853.42,5524.818027039649,4328.601972960351
2955.46,2083.448841282287,872.011158717713
2414.98,1952.8894670582833,462.0905329417167
621.34,1125.1190215046356,-503.7790215046356
2750.69,3273.3176194857656,-522.6276194857655
1129.95,1402.5342955165293,-272.5842955165292
1186.39,1663.1237085344546,-476.73370853445454
1639.64,2016.8609355947294,-377.2209355947293
7650.06,7173.761153920626,476.298846079374
4040.24,3779.059965032935,261.1800349670648
3120.59,2540.254160383583,580.3358396164172
1896.38,1749.9772520663987,146.4027479336014
1505.39,2358.0115554541785,-852.6215554541784
927.59,1524.6713347383766,-597.0813347383765
1639.96,3002.015897352917,-1362.0558973529169
2049.44,3680.8073642053337,-1631.3673642053336
4217.24,2454.223391133206,1763.0166088667938
6489.88,4649.429602312749,1840.450397687251
5240.33,4815.121541854761,425.2084581452391
3436.13,3442.2012902036568,-6.071290203656645
678.29,2433.290476715209,-1755.000476715209
1543.2,2330.550463136921,-787.3504631369208
5647.82,5236.7606829314045,411.0593170685952
1483.08,1811.3739635030804,-328.2939635030805
3428.21,3482.577560287243,-54.36756028724312
1015.16,4370.623128376702,-3355.463128376702
925.56,1655.1605084336509,-729.6005084336509
8686.41,7617.551516931764,1068.8584830682357
5394.09,4763.841415704134,630.2485842958658
10570.38,6564.651641549566,4005.728358450433
6086.21,2212.4305783008795,3873.7794216991206
1236.23,1422.7531374603834,-186.5231374603834
952.52,4737.99807550775,-3785.4780755077504
644.6,2221.625282739194,-1577.0252827391942
1736.68,1457.4328087761335,279.2471912238666
2163.13,1902.5238086210502,260.6061913789499
744.56,1889.6376180048494,-1145.0776180048495
708.74,1277.4737672968888,-568.7337672968888
9564.6,7525.517206415251,2039.0827935847492
2008.18,2860.9187360812416,-852.7387360812415
2150.35,2945.959262056584,-795.6092620565842
7386.44,6554.75826160079,831.6817383992093
816.56,1349.897940589292,-533.337940589292
5246.67,4445.807001159573,800.8629988404273
2090.07,1674.189691648137,415.88030835186305
2462.76,1677.353969358559,785.4060306414412
2931.11,4400.766672287258,-1469.656672287258
5906.43,2876.8217006150844,3029.608299384916
2124.53,2028.269668382128,96.26033161787223
2879.51,2404.8211076189323,474.68889238106794
1817.53,1846.6911401076943,-29.161140107694337
1361.25,1401.4270304240467,-40.177030424046734
6674.52,3610.290260630266,3064.2297393697345
2825.41,2157.937899733755,667.472100266245
3405.85,2436.3380682438383,969.5119317561616
2416.86,1313.1681500210464,1103.6918499789538
3695.2,3664.8654876811247,30.334512318875113
1253.88,2289.410235016797,-1035.5302350167967
2724.76,2506.200901897505,218.55909810249523
3596.38,1864.9233625295492,1731.456637470451
801.42,1406.6956141110363,-605.2756141110364
766.59,1238.65204108204,-472.06204108203985
1031.62,1868.0376189138049,-836.417618913805
1413.43,1792.5594965926791,-379.12949659267906
4789.44,2407.7281598734394,2381.71184012656
728.79,1455.2641219406141,-726.4741219406142
2151.82,2726.6739661639954,-574.8539661639952
2502.29,2548.768670270248,-46.47867027024813
1205.35,2240.142323406759,-1034.792323406759
607.96,1159.1043537268788,-551.1443537268788
4050.24,2974.841132178406,1075.3988678215937
4520.87,2303.8362998933235,2217.0337001066764
2908.89,1374.5607327644514,1534.3292672355485
2925.15,3163.980335331794,-238.83033533179378
4570.03,2864.311038244531,1705.7189617554686
798.72,1039.0250336621436,-240.30503366214361
1894.02,3457.821639686579,-1563.8016396865792
1871.06,2410.043727740189,-538.9837277401889
1266.78,2588.0185682488795,-1321.2385682488796
1855.22,1820.5099265504791,34.710073449520905
12110.8,9813.718931612317,2297.0810683876825
2219.14,3277.7333190766453,-1058.5933190766455
2655.35,6244.487032177626,-3589.137032177626
1299.83,2346.8816433799143,-1047.0516433799144
812.98,1885.3066619554372,-1072.3266619554372
518.72,1441.0153847850831,-922.2953847850831
533.78,2835.24494924733,-2301.46494924733
1907.9,2152.963448759042,-245.06344875904188
795.93,1336.9351700715094,-541.0051700715095
7211.89,4346.148491500543,2865.7415084994573
1279.55,2678.8376451557733,-1399.2876451557734
837.85,1848.2425696784696,-1010.3925696784696
4791.76,2700.583958905855,2091.176041094145
3274.5,2388.0865679903054,886.4134320096946
2552.89,4011.061522057298,-1458.1715220572983
1769.37,2374.706811173274,-605.3368111732743
3337.76,4639.978932825681,-1302.218932825681
1058.7,1398.4845900712583,-339.7845900712582
6440.81,5731.288984771217,709.5210152287837
2530.95,4382.723834500344,-1851.7738345003445
7249.49,6127.011518186549,1122.4784818134503
834.39,2013.0054787303895,-1178.6154787303894
2066.96,4250.884282039592,-2183.924282039592
1504.09,1480.4164936539053,23.673506346094655
4604.45,7007.589019426804,-2403.139019426804
1988.2,1474.7841685325297,513.4158314674703
569.95,2341.280021104431,-1771.330021104431
757.92,2171.93345592434,-1414.0134559243397
8982.54,6408.019147244461,2574.5208527555396
2748.18,3349.159817894202,-600.9798178942024
9055.05,10083.043040557952,-1027.9930405579526
1584.15,1686.8646121190666,-102.71461211906649
2944.16,1901.823136435244,1042.336863564756
5794.93,6923.418390605785,-1128.4883906057848
5694.86,3617.3021665570946,2077.557833442905
3383.37,6593.059934316117,-3209.6899343161167
1455.7,2396.460075515756,-940.7600755157562
4442.84,5228.330590332247,-785.4905903322469
6893.51,3734.904885909638,3158.6051140903623
1298.01,2320.7043934647177,-1022.6943934647177
579.48,1240.2411729749717,-660.7611729749717
3254.75,2323.627673096727,931.122326903273
3002.83,2918.190825651228,84.63917434877203
1990.91,1951.5989715565836,39.31102844341649
6268.55,4558.262512281844,1710.2874877181566
4874.66,2534.8868519672733,2339.7731480327266
1869.95,2159.0376049614733,-289.0876049614733
1182.77,2551.01450529987,-1368.24450529987
3001.42,4251.691351065114,-1250.2713510651138
1205.41,1949.3467930064849,-743.9367930064848
7822.47,7335.786153123976,486.6838468760243
589.36,3995.030625178409,-3405.670625178409
5554.86,3746.7413827387923,1808.1186172612074
693.3,1669.9893733175784,-976.6893733175784
3182.37,3609.5664428956948,-427.1964428956949
2134.26,2514.072858546619,-379.8128585466188
1818.17,2498.9611936990736,-680.7911936990736
6170.42,1926.2434156167817,4244.176584383218
2445.43,1350.0766156554607,1095.353384344539
1525.03,1979.8508531452953,-454.82085314529536
1604.59,2667.1576113646884,-1062.5676113646884
7891.27,5633.708128548251,2257.5618714517495
6727.05,2254.2364697317307,4472.8135302682695
3961.31,1620.1969587405076,2341.113041259492
5501.88,3077.64101530968,2424.23898469032
2390.47,3108.7312970747366,-718.2612970747368
728.49,1473.1756064419646,-744.6856064419646
1609.34,2305.917233603261,-696.5772336032612
2468.87,3093.3498557517087,-624.4798557517088
1071.9,3310.9566978670505,-2239.0566978670504
1509.51,3449.8838767560173,-1940.3738767560174
4131.49,2238.178002571415,1893.3119974285846
4208.58,4033.489316345637,175.09068365436315
3001.36,3934.135651825675,-932.7756518256747
1331.52,1453.3436486958203,-121.82364869582034
2895.42,2476.0075203910615,419.4124796089386
968.63,1645.6236401440005,-676.9936401440006
716.26,1247.5342772299637,-531.2742772299637
5587.26,2270.5000682123173,3316.759931787683
1512.25,1823.812451079491,-311.562451079491
1562.48,2339.490708303079,-777.0107083030789
9965.2,7732.517370823882,2232.682629176119
1918.81,1941.951344530781,-23.141344530780998
2300.28,2481.840982823935,-181.56098282393486
4118.29,2153.4994485484904,1964.7905514515096
2668.42,2747.0929101544757,-78.67291015447563
6629.0,5883.721914881464,745.2780851185362
1043.78,1448.804929426028,-405.02492942602794
2011.24,1205.2150854349381,806.0249145650619
5547.29,9968.753206361,-4421.463206361
2458.74,1835.2858071118762,623.4541928881235
3140.33,3306.6914426118424,-166.36144261184245
16759.47,12516.615207309662,4242.854792690339
1826.7,2369.29012851279,-542.59012851279
1641.69,1742.5479424204275,-100.85794242042743
2587.25,1587.8989904482667,999.3510095517333
3589.36,3481.914911721866,107.44508827813434
1067.12,1168.7943825060247,-101.67438250602481
3486.32,3726.877989001384,-240.5579890013837
1498.81,1191.7673927518365,307.04260724816345
1808.15,1607.110509561299,201.03949043870102
6322.07,2629.075588413075,3692.994411586925
775.88,2719.727302197219,-1943.847302197219
3632.81,3745.14536560671,-112.33536560671018
1572.16,3791.5445509525184,-2219.384550952518
717.2,1921.5669439454518,-1204.3669439454518
630.39,1716.0393997545546,-1085.6493997545545
4508.11,1917.9742783372471,2590.1357216627525
1233.87,2452.6101716641892,-1218.7401716641893
1500.54,1666.2669725737635,-165.72697257376353
5838.86,4898.676183211578,940.1838167884216
1585.94,3435.24558433876,-1849.3055843387601
7229.57,6393.17259438454,836.3974056154593
1520.48,3500.4533336461704,-1979.9733336461704
1393.35,1848.0805685997964,-454.73056859979647
3141.48,7186.053805458836,-4044.573805458836
3321.42,3562.7165326219992,-241.29653262199918
6348.02,5147.590989026218,1200.4290109737822
4741.25,5373.731401004536,-632.4814010045357
1497.14,2586.820002817967,-1089.680002817967
1532.39,1465.1800478740815,67.20995212591856
2755.95,2190.444376419719,565.5056235802808
654.82,1524.0556968044011,-869.2356968044011
3999.3,4064.7823761536442,-65.48237615364405
2218.6,2087.5148574955224,131.08514250447752
3758.69,3272.493640395844,486.196359604156
1375.34,1855.9575620934675,-480.61756209346754
9523.22,7895.345060722393,1627.8749392776062
601.91,1579.9722502045752,-978.0622502045752
7095.41,5294.429158423931,1800.980841576069
4542.84,2963.147399711504,1579.6926002884961
889.98,1588.1989561998546,-698.2189561998546
709.73,3147.2980302190717,-2437.5680302190717
2035.96,1546.707772800073,489.2522271999271
3138.2,2657.733656116064,480.4663438839357
1782.56,1757.2962832674573,25.26371673254266
656.97,3112.312248919098,-2455.342248919098
4270.4,2784.818982958578,1485.5810170414215
6649.57,3948.203032154247,2701.3669678457527
675.57,1272.2423964290351,-596.6723964290351
8588.82,6006.125191121802,2582.6948088781974
6050.31,6128.529120174739,-78.21912017473824
1478.99,1900.650770310807,-421.66077031080704
6262.15,6860.592687079768,-598.4426870797688
2232.11,1616.2967672463399,615.8132327536603
985.47,1424.3096391339755,-438.8396391339754
4153.89,3381.4243907958253,772.465609204175
10801.72,4241.4449372824665,6560.275062717533
1264.44,1103.4022312691495,161.03776873085053
9015.27,5820.383359258021,3194.886640741979
6311.63,6414.319883165594,-102.68988316559353
1038.19,1989.9440463313954,-951.7540463313953
780.85,1533.3284540752743,-752.4784540752743
2098.4,2543.8186455201812,-445.41864552018114
3305.5,3722.094309576113,-416.5943095761131
2841.0,2915.1227945668898,-74.12279456688975
752.12,1537.1509629050622,-785.0309629050622
1997.18,1880.5483552402818,116.63164475971826
1112.78,3259.406907455114,-2146.6269074551137
233.33,2499.4386421774334,-2266.1086421774335
1068.48,1710.3256171176213,-641.8456171176213
4754.8,3728.5538306579456,1026.2461693420546
903.33,1501.7388508400825,-598.4088508400824
668.96,1012.5267986943757,-343.5667986943756
3170.44,3068.6688287157594,101.77117128424061
2161.37,1954.0829498387461,207.28705016125377
9819.92,6963.43740025788,2856.4825997421203
784.34,903.8603371420596,-119.52033714205959
3274.01,2682.684668587383,591.3253314126173
4384.35,5429.863871479522,-1045.5138714795212
2005.35,2216.32686656296,-210.9768665629599
1092.06,2275.579484922151,-1183.5194849221512
690.73,2306.7869252033256,-1616.0569252033256
6999.9,8782.62168310807,-1782.7216831080696
4146.32,2462.6415038075693,1683.6784961924304
1232.13,2551.802465093607,-1319.6724650936071
2717.3,4441.004963788021,-1723.704963788021
2907.97,2179.565406128662,728.404593871338
2058.09,2698.577809904437,-640.4878099044367
2081.73,2290.330717629548,-208.60071762954794
2418.88,3365.1696576379004,-946.2896576379003
399.93,2280.960108712225,-1881.030108712225
3755.86,4715.75163837015,-959.8916383701503
4456.38,3069.940188224906,1386.4398117750943
2998.13,2258.968059654227,739.161940345773
1522.73,2320.5472862528227,-797.8172862528227
3107.71,4126.3589235743175,-1018.6489235743175
551.28,1327.5524398720174,-776.2724398720175
732.66,1237.7563129671469,-505.0963129671469
1452.07,1804.0790423741012,-352.0090423741012
4965.05,3059.1766944934307,1905.8733055065695
3131.19,2376.5985963419093,754.5914036580907
2756.5,2623.8044669110973,132.69553308890272
2030.17,3527.6826176147533,-1497.5126176147533
2635.79,2741.5070150313722,-105.71701503137228
4276.33,3451.808117792361,824.521882207639
1509.78,2765.727260799054,-1255.947260799054
4477.63,3763.435801346171,714.1941986538291
6345.89,3671.8318025835256,2674.0581974164747
2929.35,2885.5767867521736,43.773213247826334
2605.14,2654.9336642226485,-49.79366422264866
3015.55,3783.0633343039303,-767.5133343039302
841.2,3462.1923731131546,-2620.992373113155
6463.33,7742.2695374419345,-1278.9395374419346
580.0,4664.091740928674,-4084.091740928674
1080.6,1331.3956640706754,-250.79566407067546
4543.94,3225.5420201537877,1318.397979846212
6254.35,3873.3713928841307,2380.9786071158696
860.91,1425.30044522606,-564.39044522606
2540.11,3481.324184216332,-941.2141842163319
1409.18,1840.2989668518574,-431.1189668518573
1544.58,2889.2015451538136,-1344.6215451538137
1611.09,4448.144984845111,-2837.054984845111
3310.62,1435.8805452556037,1874.7394547443962
1943.81,3336.3273056976186,-1392.5173056976187
801.2,2212.763846301402,-1411.5638463014018
2089.34,2573.1205202174338,-483.7805202174336
3914.19,2195.285136104466,1718.9048638955342
1589.56,1666.328613183849,-76.76861318384908
2168.42,1243.167666582745,925.2523334172552
1292.2,1624.1975161858963,-331.9975161858963
2477.15,3410.002183143591,-932.852183143591
7731.65,6282.633282436617,1449.0167175633824
3482.48,2522.5236903115288,959.9563096884713
2975.6,4871.626624739679,-1896.026624739679
447.82,1710.4906849557806,-1262.6706849557806
1692.82,1507.3613714831088,185.45862851689117
2608.51,2512.597325994956,95.91267400504421
1452.85,4177.778342954588,-2724.928342954588
1399.76,2342.8494749135434,-943.0894749135434
2422.52,2150.4709689328356,272.0490310671644
292.99,868.060276961445,-575.070276961445
799.91,1776.4852613282148,-976.5752613282149
2217.51,2497.00308350026,-279.4930835002597
4491.79,4077.3264780358545,414.46352196414546
1000.48,1452.0130433875825,-451.53304338758244
749.79,1795.7559219519062,-1045.9659219519062
3264.65,2161.6750849773757,1102.9749150226244
4217.46,2848.550156945419,1368.909843054581
999.11,1552.2834690780435,-553.1734690780435
957.16,1862.6250350670716,-905.4650350670717
1199.06,2592.722807865824,-1393.662807865824
7758.4,7813.567118843381,-55.167118843381104
11967.36,5828.906549190834,6138.4534508091665
2599.02,2465.8722340266618,133.1477659733382
4638.59,4079.371523359362,559.2184766406381
2472.74,1818.7000037395196,654.0399962604802
1487.93,3002.6365014397716,-1514.7065014397715
6397.73,4767.488188974287,1630.2418110257122
2277.44,6564.172548599226,-4286.732548599226
1823.49,2478.20474462388,-654.7147446238798
2710.85,1812.1220346562627,898.7279653437372
2531.19,1798.276772610896,732.9132273891041
6297.88,5895.643628353895,402.236371646105
16352.5,9613.245863291257,6739.254136708743
2696.71,2047.0135778369533,649.6964221630467
1508.16,3482.320258061256,-1974.160258061256
751.65,1628.3211857246868,-876.6711857246868
12110.34,8272.993041267706,3837.3469587322943
816.48,1179.3692998047738,-362.8892998047738
1175.61,4190.179535610436,-3014.569535610436
2255.17,1712.1368796634936,543.0331203365065
14618.33,8188.631694518246,6429.698305481754
2284.87,3539.3581680757497,-1254.4881680757499
707.45,1839.7954458052031,-1132.345445805203
1472.77,2243.217945045065,-770.4479450450649
2270.94,2766.301853478033,-495.361853478033
5807.81,2179.305382733384,3628.5046172666166
5076.61,5848.312232427932,-771.7022324279324
2380.84,2051.2592026399943,329.5807973600058
1603.23,2396.5533991632747,-793.3233991632746
5187.87,4707.368682469002,480.50131753099777
1824.39,1788.2621051646145,36.12789483538563
1224.76,1635.2535835399606,-410.4935835399606
2556.96,4057.043588643655,-1500.0835886436548
1578.16,4258.050780640919,-2679.890780640919
2760.87,3899.0028534729113,-1138.1328534729114
4240.81,2990.080657362034,1250.7293426379665
10946.24,2398.194480365402,8548.045519634597
2063.48,1684.9182047817524,378.56179521824765
1443.26,2576.1525824843316,-1132.8925824843316
506.62,1641.0534526300573,-1134.4334526300572
4823.55,2811.043206941158,2012.506793058842
5271.33,3826.840338378596,1444.4896616214041
2827.72,3388.907048647991,-561.1870486479911
4825.14,1815.283626048942,3009.8563739510582
5160.43,4969.953802552054,190.4761974479461
5458.22,7082.073649447994,-1623.853649447994
2692.31,2407.4359683740013,284.87403162599867
4842.2,4720.883591909299,121.31640809070086
888.6,1471.2325235808933,-582.6325235808932
1075.46,2049.955808768507,-974.4958087685068
1160.7,2975.7715515300024,-1815.0715515300024
1439.54,4975.0173310342325,-3535.4773310342325
596.44,1486.699024546514,-890.259024546514
4098.73,4528.626475865044,-429.8964758650445
5146.56,5732.339888014335,-585.7798880143346
3616.59,3208.107324917778,408.48267508222216
2694.18,2236.2613937181604,457.9186062818394
1148.74,1263.8661845403844,-115.12618454038443
4190.79,2166.8171423329673,2023.9728576670327
4130.97,2739.670314367294,1391.2996856327063
1665.1,1933.7449934173953,-268.6449934173954
5473.76,6795.70428754755,-1321.9442875475497
2977.43,2547.6351032962975,429.7948967037023
7033.83,4339.77466053019,2694.05533946981
3377.53,1667.9653922514037,1709.5646077485965
2502.87,2717.811694352479,-214.94169435247932
2908.46,7749.821225290839,-4841.361225290839
3581.49,2410.5354917682052,1170.9545082317945
1977.72,1751.9245535742662,225.79544642573387
6731.63,7232.839006855117,-501.20900685511697
1907.15,2804.134045244662,-896.984045244662
662.19,1582.582410452308,-920.392410452308
4551.12,7668.609448819999,-3117.489448819999
4655.7,2396.440212545496,2259.259787454504
1930.58,2520.4325558981727,-589.8525558981728
6024.25,5860.7929790668695,163.45702093313048
3280.76,3049.1342248595797,231.6257751404205
3895.79,3159.4348943202026,736.3551056797974
2308.86,3672.056167783162,-1363.1961677831619
833.47,1503.324164523619,-669.8541645236189
1555.25,2041.9650376360432,-486.71503763604323
660.02,1292.9138236471927,-632.8938236471927
1424.54,1922.0496715142644,-497.5096715142645
1550.07,2721.122485515255,-1171.052485515255
5543.08,3226.2060032293152,2316.8739967706847
1586.36,1379.5477014963506,206.81229850364934
2333.99,2494.1363061125617,-160.1463061125619
2445.21,4752.949581809089,-2307.739581809089
826.99,1316.6153412154029,-489.62534121540284
14395.73,11015.199900715477,3380.5300992845223
2726.8,1465.0700086913262,1261.729991308674
9190.75,7232.763986496623,1957.9860135033769
1460.7,2270.2311918284877,-809.5311918284876
3594.16,2347.276636234692,1246.8833637653079
9380.26,5744.565027887317,3635.694972112683
2324.04,3361.7580579758114,-1037.7180579758115
2086.56,3383.265738338086,-1296.7057383380861
5948.65,6547.393904260593,-598.7439042605938
1130.56,1406.206442468866,-275.6464424688661
2932.34,2243.7062697694832,688.6337302305169
3901.74,2139.3635296697744,1762.3764703302254
3237.86,5059.300962454184,-1821.4409624541836
5418.97,3824.6479176070748,1594.3220823929255
4863.98,3966.316001218115,897.6639987818844
492.94,1380.7807920616915,-887.8407920616914
3017.91,2164.2429091412523,853.6670908587475
1167.98,1698.7456073670883,-530.7656073670883
1730.99,1583.9056349969253,147.0843650030747
9203.54,5525.7410730067395,3677.7989269932614
4362.31,1991.9773703290477,2370.332629670953
5039.77,3611.4691972513447,1428.3008027486558
1450.66,2224.841151115138,-774.1811511151379
2924.95,2948.634854076748,-23.684854076748252
1474.06,1657.2825212839994,-183.2225212839994
2443.1,2793.43536409518,-350.33536409518
1369.3,1508.4748455001575,-139.17484550015752
792.98,1824.9829118101063,-1032.0029118101063
3744.45,5641.142892393134,-1896.6928923931346
9385.31,7387.231676858968,1998.0783231410314
847.84,2021.2448950028474,-1173.4048950028473
2802.6,3461.8804588674107,-659.2804588674107
6011.02,6885.678390320209,-874.6583903202081
623.86,1702.9553822503187,-1079.0953822503188
2098.65,2569.0879300428796,-470.43793004287954
3335.67,2985.2774158655784,350.39258413442167
2656.89,2290.8068135417884,366.08318645821146
4774.86,7124.026804729902,-2349.1668047299027
3490.99,2057.057348201633,1433.9326517983668
687.0,1834.206736202877,-1147.206736202877
1610.3,1923.8903969791877,-313.59039697918774
611.83,1529.895359412051,-918.065359412051
2369.17,2989.855221957992,-620.6852219579919
647.47,1140.8232482669407,-493.3532482669407
756.09,1437.3391273163365,-681.2491273163365
1122.02,2382.2549271638663,-1260.2349271638664
1950.88,1640.3115305716105,310.56846942838956
1012.05,1906.0718228147664,-894.0218228147664
3623.71,5608.314602634773,-1984.604602634773
1057.56,2222.3825991841554,-1164.8225991841555
445.08,2355.886791303109,-1910.806791303109
14421.77,3106.87284676229,11314.89715323771
2486.26,3880.988372761012,-1394.728372761012
1842.62,4597.49396562746,-2754.87396562746
4698.64,3878.4254141643687,820.2145858356316
3648.84,2276.1082566259925,1372.7317433740077
941.33,1605.559102296848,-664.229102296848
2591.36,5396.103400077906,-2804.7434000779062
7794.91,6539.334412267958,1255.5755877320416
1139.53,1404.6732193479675,-265.1432193479675
10476.73,5591.680791472994,4885.049208527005
6661.02,2334.121417848211,4326.898582151789
1075.81,1248.4756301662906,-172.6656301662906
6752.51,8339.67416698344,-1587.164166983439
3475.82,2059.0757846193505,1416.7442153806496
1979.9,1780.971667919206,198.928332080794
4267.45,1757.637382519081,2509.8126174809186
4161.84,4745.771246297248,-583.9312462972475
4598.01,2548.367425165354,2049.6425748346464
2602.99,2829.228503827951,-226.23850382795126
3885.02,3044.701909717325,840.3180902826748
886.07,2073.191045536831,-1187.121045536831
892.31,1328.24155838578,-435.93155838578014
2967.48,1957.4471585289443,1010.0328414710557
1924.29,2022.5412920121244,-98.2512920121244
3976.65,5830.344084646508,-1853.6940846465081
5228.94,4727.890665958584,501.04933404141593
1923.5,2417.6298963398694,-494.12989633986945
3008.86,5155.099545216976,-2146.2395452169762
789.47,1755.159436945833,-965.689436945833
906.93,1920.1165752741726,-1013.1865752741727
2062.93,1627.626580686923,435.3034193130768
5000.27,4805.612327532081,194.65767246791984
9382.66,8185.486619460283,1197.173380539717
3761.4,3897.724625501792,-136.32462550179207
1865.41,1714.4880215930968,150.92197840690324
6474.83,6372.141638447591,102.68836155240933
4572.39,2518.053558705631,2054.3364412943693
2118.69,2560.704159789784,-442.0141597897841
1834.13,3090.3078274119207,-1256.1778274119206
1817.84,2645.8312073774514,-827.9912073774515
1965.31,5153.534242619345,-3188.2242426193447
338.71,1874.931093213368,-1536.221093213368
5365.55,4742.4100789216545,623.1399210783457
1311.68,2236.600441977555,-924.9204419775549
1110.04,1632.692560062015,-522.652560062015
5354.68,5453.282383735931,-98.60238373593074
663.29,5411.965514453446,-4748.675514453446
7656.82,4350.579927087893,3306.2400729121064
2802.23,3907.8772460770333,-1105.6472460770333
2273.01,1980.672268433762,292.3377315662383
1052.69,1495.6277828539062,-442.9377828539061
1107.78,1266.950865141108,-159.17086514110792
623.81,1027.4378703407615,-403.62787034076155
6423.27,1964.935770960874,4458.3342290391265
11750.32,7322.603246806574,4427.716753193426
875.67,1638.9013852355693,-763.2313852355693
2344.87,1738.7160800009442,606.1539199990557
597.98,2262.6581436682245,-1664.6781436682245
4772.94,2697.3705850182446,2075.569414981755
1075.19,3032.000657789105,-1956.8106577891049
1139.43,1600.0714523116037,-460.64145231160364
6703.32,4613.5317614715395,2089.78823852846
2511.4,1674.8562061969578,836.5437938030423
4500.83,1927.3668230776964,2573.4631769223033
7118.87,3715.018980063647,3403.8510199363527
2373.25,2689.0775733528476,-315.8275733528476
1539.46,1703.1080397888206,-163.6480397888206
1326.48,2243.4106782471563,-916.9306782471563
881.42,1361.2972867999674,-479.87728679996746
199.83,1203.0027576561008,-1003.1727576561008
735.22,1474.7489075721376,-739.5289075721375
2236.93,6791.946507710737,-4555.016507710738
2696.74,1833.6069809253759,863.1330190746239
1576.75,2223.9338875832323,-647.1838875832323
1532.6,3005.687256227403,-1473.087256227403
1425.97,2392.7364767129616,-966.7664767129615
2002.35,1954.5932218911596,47.75677810884031
6791.73,4617.556550128151,2174.173449871849
11319.87,6256.764612385081,5063.10538761492
2132.94,2839.952621299925,-707.0126212999248
620.18,1501.9946773097124,-881.8146773097125
828.53,1404.7808255866694,-576.2508255866694
2534.95,1695.797221165807,839.1527788341928
2432.24,3011.4786494778728,-579.238649477873
1719.95,4160.073940428904,-2440.1239404289045
1963.21,1709.207891452718,254.00210854728198
2536.04,2072.556689760291,463.48331023970877
1588.16,2590.033781107987,-1001.873781107987
1776.19,1583.7333139099426,192.45668609005747
3784.37,4301.083027233764,-516.7130272337645
3604.61,2195.173385469516,1409.4366145304843
1156.95,3757.872534646107,-2600.922534646107
1355.06,2076.495721973498,-721.435721973498
5889.4,4985.262505193166,904.1374948068333
2634.88,1279.7280790684001,1355.1519209316
1032.12,1524.0556968044011,-491.93569680440123
1001.07,1548.4337755996519,-547.3637755996518
2856.63,3087.5199931317698,-230.88999313176964
1665.2,2500.5005398878807,-835.3005398878806
4361.23,4922.568104524337,-561.3381045243377
1146.92,1525.2958893696414,-378.3758893696413
138.45,1191.8639919239704,-1053.4139919239703
4277.12,4453.380091572365,-176.26009157236513
2228.91,2206.1691053738014,22.740894626198497
2175.22,2710.857550140385,-535.637550140385
2702.66,2410.822668306532,291.83733169346806
2913.64,1835.4946106250754,1078.1453893749244
1666.33,4070.0674648128365,-2403.7374648128366
3613.73,5042.75275401117,-1429.0227540111696
1332.83,1334.3762050504738,-1.5462050504738727
1035.8,1393.921797228713,-358.12179722871315
750.0,1835.9899303843304,-1085.9899303843304
8339.55,4033.8223098910507,4305.727690108948
2651.03,3559.2332580541984,-908.2032580541982
10954.2,5670.6199452168585,5283.580054783142
2680.97,5357.04598892922,-2676.07598892922
3567.01,2627.1365745254775,939.8734254745227
1757.27,2799.4811016575386,-1042.2111016575386
4444.89,2891.490269733444,1553.3997302665562
2297.87,4065.4156803268606,-1767.5456803268607
1316.22,2191.223737238565,-875.0037372385648
603.0,3387.4187537991197,-2784.4187537991197
9017.68,5849.474651402865,3168.2053485971355
2285.1,1458.4242730304725,826.6757269695274
1124.53,1474.3778437884548,-349.84784378845484
3300.84,3420.8374012736926,-119.9974012736925
1143.66,1588.148660732189,-444.4886607321889
1431.82,1342.7327623392355,89.08723766076446
6230.88,8156.006798299231,-1925.1267982992313
711.8,2269.897596892019,-1558.097596892019
2251.37,4820.406259552852,-2569.0362595528522
1685.07,1898.7474749224887,-213.67747492248873
1869.6,1651.2905678032303,218.30943219676965
873.72,1117.0087074487424,-243.28870744874234
5585.38,4796.528230602213,788.8517693977874
371.52,1816.308005882621,-1444.788005882621
8943.56,8198.170012407154,745.3899875928455
10336.39,5067.343809528843,5269.0461904711565
1224.75,1787.130518112002,-562.3805181120019
1790.0,1531.9203346635854,258.07966533641456
1977.76,2984.930146094674,-1007.170146094674
3786.7,6487.799614426965,-2701.0996144269648
8975.4,4667.103834178698,4308.296165821302
4584.19,3897.420027610599,686.7699723894007
857.45,1663.6119241511549,-806.1619241511548
2936.9,2287.5976800868884,649.3023199131117
3989.44,3459.601137430717,529.8388625692833
8403.99,7046.937652692853,1357.052347307147
13055.04,6684.433236278195,6370.606763721806
2229.26,2933.15992225044,-703.8999222504399
2093.32,1713.0456887697826,380.27431123021756
1392.34,1495.9752182069421,-103.63521820694223
2200.43,2071.6513159971305,128.77868400286934
870.54,1141.0837133565667,-270.54371335656674
2277.63,2300.053688822834,-22.42368882283381
2200.56,1665.4967345227435,535.0632654772564
870.65,2218.488869247904,-1347.8388692479039
353.58,976.6395028195458,-623.0595028195457
5918.0,3389.956591768001,2528.043408231999
987.7,1435.3684096318502,-447.6684096318502
3160.13,2446.1258532235274,714.0041467764727
8116.15,6452.934612276068,1663.2153877239316
3118.12,1882.3292308135015,1235.7907691864984
1627.1,1395.1311741393254,231.96882586067454
4048.41,6332.991415297133,-2284.5814152971334
6397.55,3353.065886418977,3044.4841135810234
1306.42,2112.685239748913,-806.2652397489128
3535.47,4018.462591175356,-482.9925911753562
2303.92,4900.922805029086,-2597.0028050290857
3947.76,3441.073961191782,506.6860388082182
1008.15,1404.673020646571,-396.5230206465711
1260.64,3850.113916579439,-2589.473916579439
4235.98,2429.8212202561776,1806.158779743822
974.81,1559.0329158524787,-584.2229158524788
2183.48,2062.7111081438666,120.76889185613345
4019.19,11027.526764342916,-7008.336764342916
3562.59,2823.475303049941,739.1146969500592
6285.32,4764.453805636193,1520.8661943638072
1649.63,1842.6471346881087,-193.01713468810863
11373.49,8385.878493737717,2987.611506262283
462.97,1627.5278753399234,-1164.5578753399234
1681.75,3455.401943610398,-1773.6519436103981
7171.79,3884.470477065956,3287.319522934044
1533.17,2606.259607775541,-1073.089607775541
1991.24,2806.264771773898,-815.0247717738978
1540.85,1922.973224408966,-382.12322440896605
4947.25,2956.047677710538,1991.2023222894618
905.51,2451.289330632613,-1545.7793306326132
1557.92,3954.526569030421,-2396.606569030421
1545.52,3351.8876813119746,-1806.3676813119746
691.69,1902.3644337677104,-1210.6744337677103
2113.73,2167.7113194656167,-53.98131946561671
22828.41,4050.6532985661634,18777.756701433835
2668.27,1551.5911972478714,1116.6788027521286
446.04,1366.962279410259,-920.9222794102591
1906.89,1897.577617347454,9.312382652546148
2722.26,1995.6956907181257,726.5643092818746
2881.2,2279.353893719506,601.846106280494
4096.25,2312.5105942490104,1783.7394057509896
5622.83,2576.005356280774,3046.824643719226
1028.47,1419.1902093739843,-390.7202093739843
3753.47,2025.2434757886901,1728.2265242113097
815.52,1898.2833192591386,-1082.7633192591386
1913.81,1271.410304020657,642.399695979343
8903.79,5716.76772388005,3187.022276119951
2458.02,3139.9710591845987,-681.9510591845988
2500.44,2355.9175653870807,144.52243461291937
1396.75,1744.541996907657,-347.791996907657
2269.6,1651.9446377915904,617.6553622084095
2016.69,1907.7603044537564,108.92969554624369
1932.72,2554.150892658145,-621.430892658145
2515.47,2375.3056532449996,140.16434675500022
3882.54,3833.9567026687514,48.58329733124856
11679.55,3655.40164075708,8024.1483592429195
3212.4,1809.3188704228792,1403.081129577121
1547.51,2575.509432514271,-1027.999432514271
8558.79,8847.163523984675,-288.37352398467374
2759.61,3013.6384837740306,-254.02848377403052
2294.12,5311.70177561362,-3017.5817756136203
3685.76,5555.047476809263,-1869.2874768092624
4599.72,5014.578318522428,-414.8583185224279
670.68,1338.4190676020467,-667.7390676020467
631.01,2830.0411777206295,-2199.03117772063
595.0,1526.8398464518514,-931.8398464518514
3950.9,3018.4559311205016,932.4440688794984
984.78,1409.213614177591,-424.4336141775909
726.12,1360.0664986611516,-633.9464986611516
922.65,1941.1343505778902,-1018.4843505778903
920.16,1276.681280404652,-356.521280404652
6558.81,7566.6952106484705,-1007.8852106484701
1746.02,1097.6144385733928,648.4055614266072
5964.58,5999.419925729366,-34.83992572936586
1424.2,2130.9724648123934,-706.7724648123933
1671.33,1372.3640901381975,298.9659098618024
1932.1,1225.5602698947378,706.5397301052622
2042.41,1358.9071408199309,683.5028591800692
2449.51,3899.1252304505947,-1449.6152304505945
803.24,1341.417879679135,-538.177879679135
3788.79,3144.2648987298076,644.5251012701924
4055.41,4221.599508995672,-166.18950899567244
300.12,2678.3368844994893,-2378.2168844994894
1686.2,2027.0422825799776,-340.84228257997756
6712.68,3850.3913010547662,2862.288698945234
1237.94,3744.893282362623,-2506.9532823626228
3371.89,2630.6214585104117,741.2685414895882
1520.05,1734.1778254318183,-214.12782543181834
6422.37,5461.709497537321,960.6605024626788
463.16,1180.2349973564196,-717.0749973564195
1485.39,2068.588092373184,-583.1980923731837
2455.7,3042.1414879745935,-586.4414879745937
1798.62,2354.7298680096746,-556.1098680096748
1482.61,1754.3626946241816,-271.7526946241817
1559.12,1772.1929316166618,-213.0729316166619
4270.46,2370.8302335707144,1899.6297664292856
2982.81,1839.7941166225933,1143.0158833774067
856.1,2087.6536756949886,-1231.5536756949887
4002.73,3077.378997025124,925.3510029748759
2686.32,2702.4931820778493,-16.173182077849106
4776.09,1988.0574058870136,2788.0325941129868
4589.93,5749.932504911634,-1160.0025049116339
2022.36,1357.2127004784986,665.1472995215013
2731.45,2501.121928086142,230.3280719138579
2388.65,3774.7132751235326,-1386.0632751235325
762.34,1309.7264951916977,-547.3864951916977
446.34,1652.5632825601838,-1206.2232825601839
3001.34,2943.588471656325,57.75152834367509
4869.12,2013.8421959020066,2855.2778040979933
1070.86,2347.8187000913795,-1276.9587000913796
1564.68,3459.703216807828,-1895.023216807828
5445.3,4354.300422291541,1090.9995777084596
4809.43,4911.920097690684,-102.4900976906838
2057.96,3157.4750435270757,-1099.5150435270757
3306.47,6360.88328102446,-3054.4132810244605
5958.17,3334.524861853416,2623.645138146584
1142.0,2350.808270282511,-1208.8082702825109
1563.52,1879.5227440347023,-316.00274403470235
5954.6,5632.88383887396,321.7161611260408
4024.68,2861.9327803468977,1162.747219653102
1413.57,2295.487836845513,-881.917836845513
2136.48,2165.5710795000928,-29.091079500092746
970.44,1704.4171291247521,-733.9771291247521
5209.66,1759.7402824101957,3449.9197175898043
667.96,1882.4212460846993,-1214.4612460846993
2560.47,1348.2824502969333,1212.1875497030665
4935.54,2006.3821539401376,2929.157846059862
4812.92,3942.834735855822,870.0852641441779
901.18,2183.759323083783,-1282.579323083783
736.65,1690.7411669508456,-954.0911669508456
3652.02,2727.04688765923,924.9731123407701
2425.03,1994.017101636393,431.0128983636073
1246.64,1188.3138777651614,58.32612223483875
610.87,2020.9375092840667,-1410.0675092840665
621.29,1609.8448168019438,-988.5548168019438
766.98,1354.1134892440157,-587.1334892440157
1009.29,1293.5025787876602,-284.2125787876603
6197.2,7857.975648562011,-1660.7756485620112
1731.96,2732.6050745601,-1000.6450745601
991.83,1316.505430799036,-324.675430799036
3136.43,2152.9606332483017,983.4693667516981
1128.5,2784.863635056158,-1656.3636350561578
2442.77,2663.7484369186677,-220.97843691866774
6467.26,3448.9521330102616,3018.3078669897386
2373.79,2675.0329007516334,-301.24290075163344
8116.39,3397.140391556946,4719.249608443055
2748.05,4417.669147610414,-1669.619147610414
1738.15,2045.8871295355573,-307.7371295355572
2116.88,2621.108809075218,-504.22880907521767
5469.22,3429.4138712757444,2039.8061287242558
11063.68,4308.222219897497,6755.457780102503
2346.65,2521.956265801023,-175.30626580102307
15275.4,8330.180260748051,6945.219739251948
1619.74,2800.9480700752606,-1181.2080700752606
1370.6,2126.3392486230728,-755.7392486230729
1907.8,1755.7676484981025,152.03235150189744
2046.82,2852.9060278028387,-806.0860278028388
6315.26,2226.5714024214058,4088.6885975785945
2357.79,2064.101629003735,293.6883709962649
2082.41,5249.230658565295,-3166.820658565295
9329.48,8767.57931644956,561.9006835504388
1213.63,1403.9686706262257,-190.33867062622562
13661.13,4742.999570588104,8918.130429411896
5377.16,7670.511463634744,-2293.3514636347445
3980.87,9214.899958423746,-5234.029958423746
2411.23,1909.22516892517,502.00483107483
768.41,1583.275654839372,-814.865654839372
2683.19,2805.7704843646056,-122.58048436460558
840.55,3580.4759252171093,-2739.9259252171096
1141.56,1777.216551539709,-635.656551539709
2716.61,1957.712058470093,758.897941529907
1994.88,1725.1101717456488,269.7698282543513
5738.18,3781.8560165764693,1956.323983423531
1779.13,1619.7164005688087,159.41359943119141
6865.4,3817.394758940601,3048.0052410593985
1763.66,2575.2198945941036,-811.5598945941035
1171.8,1722.117750969402,-550.3177509694021
666.53,3005.9823032274285,-2339.4523032274283
1966.41,3336.1455860909323,-1369.7355860909322
3078.36,2332.3399615227604,746.0200384772397
1345.32,1975.3101159611463,-629.9901159611463
2132.91,1782.4470396715437,350.4629603284561
8496.17,5947.734238718407,2548.435761281593
1556.51,1612.6347461731752,-56.124746173175254
9393.58,3876.1389086777845,5517.4410913222155
3379.08,6740.5854648076065,-3361.5054648076066
8446.75,2612.584030280982,5834.165969719018
2610.05,2704.8281749212897,-94.77817492128952
611.4,1410.0144207204007,-798.6144207204007
1034.33,1920.5039116504768,-886.1739116504768
1933.47,1891.4514909933532,42.01850900664681
1391.79,1316.3179483447905,75.4720516552095
2779.43,1621.0072344182395,1158.4227655817604
1737.02,1891.4512780396321,-154.43127803963216
2570.23,1777.625916969145,792.604083030855
11537.43,6618.04375106208,4919.38624893792
3032.99,3283.446463469355,-250.45646346935519
3176.41,4159.890728124169,-983.4807281241692
3104.55,2021.889611878535,1082.660388121465
8610.93,6717.244860581205,1893.6851394187952
2136.95,2567.5720588488216,-430.6220588488218
1248.72,1082.9335409812425,165.78645901875757
3855.45,2710.8083165603894,1144.6416834396105
2622.03,3369.069549981392,-747.0395499813917
3924.11,2437.0969533009015,1487.0130466990986
1994.76,2573.3372042966967,-578.5772042966967
5924.68,5354.359252357639,570.3207476423613
748.42,1148.2499509374156,-399.8299509374157
13469.9,5264.0861803470625,8205.813819652936
8713.41,5013.488071844433,3699.921928155567
1877.8,3002.7796341566113,-1124.9796341566114
587.26,1446.8281433682077,-859.5681433682078
1003.44,1493.3454865665678,-489.9054865665678
4748.97,1889.8011197111914,2859.168880288809
1115.51,1214.2400103097862,-98.73001030978617
2934.56,5694.7127246416585,-2760.1527246416586
6739.17,5132.204173270837,1606.9658267291634
2746.01,3961.4402331329434,-1215.4302331329432
2210.4,2862.588291484975,-652.1882914849748
1417.73,1139.9839248781775,277.7460751218225
1085.38,2010.6104199501228,-925.2304199501227
4368.2,5691.925466230546,-1323.7254662305459
4904.68,4523.4284687507525,381.2515312492478
884.7,1361.5241866910953,-476.8241866910953
1568.34,1885.1318662635963,-316.7918662635964
3865.0,5451.811386005331,-1586.8113860053309
8597.52,3995.566456630049,4601.953543369951
10466.52,10377.268845308668,89.25115469133198
1713.87,1386.5533083639536,327.31669163604624
4150.03,6647.295151677762,-2497.2651516777623
6123.73,4163.933210520057,1959.7967894799422
702.04,1737.5132321389453,-1035.4732321389454
3557.21,4323.8903254254765,-766.6803254254764
3169.95,1854.9494371087758,1315.000562891224
4455.84,7342.511031852801,-2886.671031852801
12681.44,6412.955667211282,6268.484332788718
1258.65,4280.354967024522,-3021.704967024522
945.61,2357.0733161730595,-1411.4633161730594
4149.82,1838.1332713331342,2311.6867286668657
1985.7,2396.2191158395385,-410.5191158395385
2538.97,4177.65096914514,-1638.6809691451404
1708.5,1953.6469191733297,-245.1469191733297
2415.7,1962.34615575325,453.35384424674976
867.23,1854.7773653915604,-987.5473653915603
2129.97,2014.2071620998286,115.76283790017123
1489.24,1709.7770287524481,-220.53702875244812
4942.91,5197.257557156766,-254.34755715676602
2376.98,2685.0135952176493,-308.03359521764924
4386.81,3250.879630114661,1135.9303698853396
2072.12,2128.855459355444,-56.73545935544416
1933.2,1775.8241583585807,157.37584164141936
3969.66,2497.0072238888474,1472.6527761111524
1067.19,2071.716871868303,-1004.5268718683028
3571.07,3244.9961056276634,326.0738943723368
3806.47,6664.113840863354,-2857.6438408633544
4785.5,3453.519925277029,1331.980074722971
2239.18,1721.5441315896257,517.6358684103741
6189.89,5940.276019035963,249.61398096403718
2423.76,2609.453431057458,-185.69343105745793
2982.58,1489.091825652614,1493.488174347386
2005.08,3067.1467827662314,-1062.0667827662314
4863.8,3481.872017411649,1381.9279825883514
1571.98,6253.635276334075,-4681.655276334075
5083.09,3942.9881971686,1140.1018028314002
616.91,1458.0199687090408,-841.1099687090408
1687.64,2079.3862854007384,-391.7462854007383
3814.11,6532.827718438491,-2718.7177184384905
6583.56,5505.2573444968275,1078.302655503173
2402.93,2522.0033988733785,-119.07339887337866
2323.09,3144.3715688255293,-821.2815688255291
5002.43,3588.4134352897763,1414.016564710224
1303.43,1789.4135762704686,-485.9835762704686
7284.95,4327.922458933861,2957.027541066139
1796.6,2397.692653575893,-601.0926535758931
1835.88,2455.165221618381,-619.285221618381
1043.07,3329.1863688134713,-2286.116368813471
5307.92,4428.333463120816,879.5865368791838
1404.71,1359.7049345154364,45.0050654845636
2301.38,2636.4457996335486,-335.0657996335485
980.67,1477.6570094579874,-496.9870094579875
15792.69,9957.508711818808,5835.181288181193
1538.53,1934.8196839631225,-396.28968396312257
4983.33,3530.1200989213175,1453.2099010786824
4438.04,3155.510724266428,1282.529275733572
3060.63,2111.6963313468395,948.9336686531606
6294.57,6397.071491044424,-102.50149104442426
913.36,1297.3563843109696,-383.9963843109696
3307.34,2452.895566755845,854.4444332441553
1402.71,3640.7081228176207,-2237.9981228176207
6611.71,3667.927816305712,2943.782183694288
3925.23,4654.363189432289,-729.1331894322889
840.36,1744.9071672268014,-904.5471672268014
1269.85,1906.6546366151745,-636.8046366151746
3826.04,3021.924776486161,804.1152235138388
7835.17,8770.420992162553,-935.2509921625533
2347.67,1617.4643489067241,730.205651093276
12687.04,12361.669841263272,325.3701587367286
3442.42,2746.2124808141975,696.2075191858025
1213.36,2615.716844174457,-1402.3568441744571
1732.05,2486.414298918339,-754.3642989183388
892.62,1699.9440826655107,-807.3240826655107
2285.56,1996.760018408343,288.7999815916569
997.03,2167.9501680257144,-1170.9201680257145
2648.64,4223.696590525778,-1575.0565905257786
6196.63,3550.9714157615954,2645.6585842384047
1456.25,2011.1677786170042,-554.9177786170042
5241.63,3665.3761110356245,1576.2538889643756
2037.83,2256.8623009574158,-219.03230095741583
2311.8,2367.6114511281457,-55.81145112814556
1312.59,3145.368060477969,-1832.778060477969
1455.85,2127.675021168289,-671.8250211682889
1198.32,1990.1670575733474,-791.8470575733475
1287.16,1516.1138129021924,-228.95381290219234
3258.36,3085.957597217301,172.40240278269903
915.6,2312.568522539294,-1396.968522539294
4029.39,7257.984584757995,-3228.5945847579956
280.76,1854.0587426787633,-1573.2987426787633
1912.99,2853.7632816845985,-940.7732816845985
1910.6,1666.1993548773485,244.40064512265144
1849.77,2637.97136409992,-788.2013640999198
2542.54,2924.1376277243635,-381.5976277243635
672.33,1622.226378389175,-949.8963783891749
2306.46,2124.749310210997,181.71068978900303
1483.77,2263.7746306443764,-780.0046306443764
1926.84,2106.167165531392,-179.3271655313922
1508.8,2195.530523822595,-686.7305238225952
1530.93,2349.4822128337128,-818.5522128337127
11231.39,4748.0081083368195,6483.38189166318
3393.4,6972.817208813955,-3579.4172088139553
2559.53,4162.692398602877,-1603.1623986028767
1164.92,1364.490676461074,-199.57067646107384
1074.93,3963.052193238977,-2888.122193238977
2980.57,2620.099061397075,360.47093860292534
1352.35,2775.8181586336195,-1423.4681586336196
8296.71,8550.219753801808,-253.50975380180898
3388.34,2419.0003245706725,969.3396754293276
317.41,2952.5952377081003,-2635.1852377081004
1081.92,2355.4892551970706,-1273.5692551970706
1522.55,2287.767139156249,-765.217139156249
652.56,1117.0087074487424,-464.4487074487424
2231.03,4321.6246477880395,-2090.5946477880393
784.84,1528.0690547638999,-743.2290547638999
1012.13,1359.8084168390913,-347.67841683909126
695.0,1994.9497528858199,-1299.9497528858199
4374.48,4743.261329076221,-368.7813290762215
977.17,2158.894662159942,-1181.724662159942
1485.58,1645.552682055418,-159.9726820554181
575.99,2145.1634414569494,-1569.1734414569494
4035.2,2532.50039941387,1502.6996005861297
1297.06,1300.1503237975303,-3.0903237975303455
3743.3,4196.032305668788,-452.7323056687874
2663.71,2276.895911425464,386.8140885745361
6424.03,5013.869402292866,1410.160597707134
474.22,1290.73635145845,-816.5163514584499
5158.54,4466.681573817519,691.8584261824808
1297.77,1920.0496127502581,-622.2796127502581
2845.65,2329.4216519879906,516.2283480120095
568.61,1445.8013657720949,-877.1913657720949
1154.6,4007.591049909745,-2852.991049909745
3228.58,1428.8896508563234,1799.6903491436765
1569.21,2421.212089772923,-852.0020897729228
1867.57,1879.4817069548415,-11.91170695484152
4637.35,4166.851112294762,470.4988877052383
888.92,2127.9315692601617,-1239.0115692601617
2437.06,5313.768464580271,-2876.708464580271
8437.75,4730.507353568949,3707.242646431051
1926.24,1809.512222007867,116.72777799213304
3417.54,3164.0614730016464,253.47852699835357
1173.59,1892.2016720916881,-718.6116720916882
6047.8,2766.692860307461,3281.107139692539
2350.35,2007.9699183164369,342.38008168356305
2183.94,1949.839457758643,234.10054224135706
4708.22,2742.885878734013,1965.334121265987
2253.6,2863.572585751048,-609.972585751048
1078.84,1571.4160942712776,-492.5760942712777
1237.16,1578.142444545179,-340.98244454517885
9938.88,4079.6318260022163,5859.248173997783
2211.0,1495.0390859613017,715.9609140386983
1636.79,1844.610788058092,-207.82078805809215
6978.04,2261.882560454354,4716.157439545646
1328.41,1615.4868943398963,-287.07689433989617
2581.04,3134.0008256956344,-552.9608256956344
5970.79,6705.825287303583,-735.0352873035827
1931.36,2840.945811832548,-909.585811832548
1552.38,1212.892267356502,339.487732643498
3873.86,5698.838339776914,-1824.9783397769138
1169.32,1946.5631872364038,-777.2431872364039
2776.08,2791.6590699809467,-15.57906998094677
949.53,1418.444400184351,-468.91440018435105
424.36,1766.008354942991,-1341.6483549429909
1365.4,1023.9887286381557,341.41127136184434
3283.96,4975.9161881429145,-1691.9561881429145
4651.49,5858.232379653247,-1206.7423796532476
1595.63,1585.3760335882716,10.25396641172847
1601.01,2432.580718630868,-831.570718630868
1750.51,2766.6706152210872,-1016.1606152210873
3797.27,2804.2427152460386,993.0272847539613
740.22,3084.8177668614517,-2344.5977668614514
3205.45,3491.94283125932,-286.49283125932016
1120.82,2161.284894138779,-1040.4648941387788
7360.31,6337.652740946819,1022.6572590531814
701.69,1890.283586495361,-1188.593586495361
5131.64,7287.064166081198,-2155.4241660811977
1672.69,1965.95850098407,-293.26850098407
4026.09,3768.9127590146477,257.17724098535246
2486.84,1957.1409864412522,529.699013558748
7293.8,5538.850705843727,1754.949294156273
4153.27,2602.1977066059676,1551.0722933940328
5393.6,2779.5507575548118,2614.0492424451886
1947.09,2413.2090687895297,-466.1190687895298
1764.95,5067.929557869846,-3302.979557869846
8813.06,8721.514187251107,91.54581274889279
1255.36,2459.943530546077,-1204.583530546077
1241.88,2611.0480179579167,-1369.1680179579166
3372.23,3685.0518167416685,-312.8218167416685
822.69,2036.9869686115846,-1214.2969686115846
1303.9,2141.525449902769,-837.6254499027691
1330.93,1864.995829214472,-534.0658292144719
4986.17,4525.586739649064,460.58326035093614
2101.05,3897.2092019304673,-1796.1592019304671
1410.87,1718.10953653747,-307.23953653747003
3814.21,1809.0815011561251,2005.128498843875
2506.14,1658.7286971394317,847.4113028605682
216.83,1141.7731584240264,-924.9431584240264
7456.29,4636.8423306221575,2819.4476693778424
7635.07,7864.214695666611,-229.14469566661137
1432.03,5184.813884554653,-3752.783884554653
1677.74,1476.0424558658037,201.69754413419628
4192.91,3115.084432583648,1077.825567416352
1461.9,1629.0077883200497,-167.10778832004962
1488.19,1995.700356739464,-507.510356739464
7890.87,5127.16130115083,2763.70869884917
601.55,3163.9124492205474,-2562.362449220547
1520.17,2164.597892787258,-644.4278927872579
2288.38,1409.901616345448,878.4783836545521
6906.02,4262.273976957391,2643.7460230426095
2427.8,2605.6119553646126,-177.81195536461246
1811.93,1728.4285323700328,83.50146762996724
6184.74,7694.548138788711,-1509.8081387887114
3143.33,2444.5815919356446,698.7484080643553
851.43,1408.150289588994,-556.720289588994
7823.27,5448.695031481972,2374.574968518028
1228.93,2063.2422477425625,-834.3122477425625
699.21,1710.8946097147523,-1011.6846097147522
1063.6,1072.7217399457277,-9.121739945727768
10813.59,4057.934859939914,6755.655140060086
1565.29,3342.941433737012,-1777.6514337370122
517.8,1577.8955773492328,-1060.0955773492328
2465.37,1964.6366463385666,500.7333536614333
4551.71,3956.524720359168,595.185279640832
3254.08,2140.291507593711,1113.7884924062892
2588.68,3432.233719764398,-843.553719764398
5094.23,4558.297880143313,535.9321198566868
943.64,1456.0886136473337,-512.4486136473337
2279.8,2606.0128326706636,-326.2128326706634
988.65,1805.0584927864031,-816.4084927864031
1808.04,1332.619394557838,475.420605442162
8647.34,6509.261141656549,2138.0788583434514
1648.21,1903.9243917350364,-255.71439173503632
2743.09,2586.3690160598594,156.72098394014074
1372.85,4890.770824265788,-3517.9208242657883
4293.5,6301.198979355269,-2007.6989793552693
336.4,1787.9260839570957,-1451.5260839570956
9949.55,5780.830197676898,4168.719802323101
7657.41,5181.35600195531,2476.05399804469
157.18,2541.929814930147,-2384.7498149301473
2879.14,2832.4358416545424,46.70415834545747
4394.78,3837.3842385713892,557.3957614286105
2016.37,2085.7359035450236,-69.36590354502368
1294.73,1892.52799465699,-597.7979946569899
3178.38,1796.1805669068851,1382.199433093115
2488.4,2077.29485135637,411.10514864362995
6273.74,2302.1617816154585,3971.5782183845413
2600.83,2751.2005009145196,-150.37050091451965
841.63,2113.195043117376,-1271.5650431173758
2073.53,2568.2585622966226,-494.7285622966224
3095.34,2830.557046542206,264.78295345779406
518.64,2451.6624344647967,-1933.0224344647968
4333.46,5248.4315231431,-914.9715231431001
1617.88,1914.3552659408213,-296.47526594082115
1427.65,1075.3172422561674,352.33275774383264
8941.06,3976.092794473777,4964.967205526223
1822.96,1408.2000806347223,414.7599193652777
5156.14,3589.654206579288,1566.4857934207125
1696.04,2317.951348201264,-621.911348201264
1573.82,3672.33533709932,-2098.5153370993203
1873.36,1823.6241536728894,49.735846327110494
836.4,1839.1397220230667,-1002.7397220230667
1669.0,1421.0766829867812,247.92331701321882
7724.12,2947.5080834099754,4776.6119165900245
2976.53,2962.773606841783,13.756393158217179
804.75,1681.3806608115008,-876.6306608115008
2202.23,2945.496172013089,-743.2661720130891
872.29,4760.520596832524,-3888.2305968325236
2837.53,2790.18634516896,47.34365483104011
2014.6,2297.0580700427395,-282.45807004273956
3751.23,4276.680913914324,-525.4509139143242
3347.67,2233.396503301538,1114.2734966984622
1460.43,2830.7538487960855,-1370.3238487960855
474.85,1102.390268867537,-627.5402688675371
1592.35,1800.3234796805575,-207.9734796805576
2586.84,1340.5051722694989,1246.3348277305013
1489.05,1184.8892714622207,304.1607285377793
828.55,1421.9443088417552,-593.3943088417552
5107.0,1254.297584030012,3852.7024159699877
5041.82,7874.712952412036,-2832.8929524120367
2285.97,3416.975755797469,-1131.0057557974692
1636.65,1817.6491291092836,-180.99912910928356
1361.48,2815.3156594219813,-1453.8356594219813
688.05,1766.5803659421908,-1078.5303659421909
1323.86,1591.0710910987,-267.2110910987001
1757.81,1305.9932428011186,451.8167571988813
987.55,3643.854079783783,-2656.304079783783
650.05,6094.469660613844,-5444.419660613844
1983.81,1461.3515660949001,522.4584339050998
4208.15,3168.763620850062,1039.3863791499375
839.7,1368.1550135005446,-528.4550135005445
2582.61,1766.7887706742636,815.8212293257366
881.33,1352.6591481526414,-471.3291481526413
1081.6,1647.2298557862537,-565.6298557862538
6921.56,6277.679788634603,643.8802113653974
3444.7,5398.405605520706,-1953.7056055207058
3019.29,2293.6960252840468,725.5939747159532
701.55,3292.4977440391845,-2590.9477440391847
1095.52,1521.1584524928144,-425.6384524928144
2149.09,2801.721295653056,-652.631295653056
826.28,1369.7687503996683,-543.4887503996683
1421.79,1936.4246694489616,-514.6346694489616
1009.03,1513.3968537689711,-504.36685376897117
1065.56,1801.1757533497525,-735.6157533497526
744.88,2036.1544917542578,-1291.2744917542577
3577.93,1395.591997110001,2182.3380028899987
7207.08,3036.054178777314,4171.025821222685
5372.25,3453.2659038751985,1918.9840961248015
1558.82,1948.931743148236,-390.111743148236
638.37,1705.9061817186434,-1067.5361817186435
1813.03,1507.5117029156681,305.51829708433183
2209.62,1591.395375166786,618.224624833214
904.3,1854.0493198317836,-949.7493198317836
2090.31,2092.2187602910535,-1.908760291053568
1239.97,1121.9497874365761,118.02021256342391
3589.12,4205.812853002207,-616.6928530022069
3050.5,1536.8443862973272,1513.6556137026728
2531.44,1988.4610754627797,542.9789245372203
4066.4,3585.557419655012,480.84258034498816
530.49,1482.4332016069736,-951.9432016069736
1380.14,1207.4880433925434,172.65195660745667
3744.77,5351.821135453551,-1607.0511354535506
1053.35,1857.5425877337348,-804.1925877337349
3533.98,3054.34791012031,479.63208987968983
2667.01,2688.445410895965,-21.43541089596465
3206.74,2103.491898126181,1103.248101873819
3303.16,3342.6015531946055,-39.4415531946056
1209.82,1752.858465732688,-543.0384657326881
431.76,1456.5945990538517,-1024.8345990538517
838.48,1209.8524175914424,-371.3724175914424
4523.68,4575.813673696063,-52.13367369606294
1976.97,2008.9658757898253,-31.995875789825277
3573.93,3308.666784792609,265.26321520739066
5447.55,2624.3626853715855,2823.1873146284147
841.13,1541.4930619140996,-700.3630619140996
1920.32,2939.6374634542135,-1019.3174634542136
4845.45,2045.621928181296,2799.828071818704
1875.82,2461.3537186983763,-585.5337186983763
465.81,985.6600883381625,-519.8500883381625
3402.42,3342.8020892016925,59.61791079830755
5851.81,5086.803211460781,765.0067885392191
1373.46,1736.1816129692409,-362.7216129692408
4642.22,1684.3940290894839,2957.8259709105164
2433.85,1825.0755515462774,608.7744484537225
1845.67,2037.1941078565744,-191.52410785657435
871.59,1937.5826223403417,-1065.9926223403418
11314.26,7509.1801367349135,3805.0798632650867
2662.3,1851.1810974798536,811.1189025201465
3383.89,2362.1867495073125,1021.7032504926874
1817.56,1224.310847197394,593.249152802606
1288.22,1693.0971257176739,-404.87712571767383
7916.01,3979.257794192101,3936.7522058078994
715.36,1363.227541608319,-647.8675416083189
2484.53,3641.8275629788523,-1157.297562978852
1408.12,3273.0872655993653,-1864.9672655993654
6720.75,6888.313875744911,-167.56387574491055
1060.88,1302.5710753968879,-241.69107539688775
2337.62,4220.480217633507,-1882.860217633507
1629.33,2668.5665388342986,-1039.2365388342987
1250.35,2449.8603434785505,-1199.5103434785506
4110.21,4036.766013656059,73.4439863439411
2774.21,5817.291954768433,-3043.081954768433
837.86,1234.6484423296886,-396.78844232968856
5905.3,4747.932418011972,1157.3675819880282
835.86,1407.5451830988413,-571.6851830988413
16197.37,12657.181468811912,3540.1885311880887
1376.34,3370.553813897285,-1994.2138138972853
2063.35,2715.4721889006764,-652.1221889006765
8105.65,5772.754913260731,2332.8950867392687
1652.68,2409.968158664279,-757.2881586642791
3287.55,2305.2234123569733,982.3265876430269
3496.69,3450.521658313006,46.168341686994154
1634.13,2202.49544307766,-568.3654430776601
449.44,1391.4039316915078,-941.9639316915077
331.08,1668.467441100622,-1337.387441100622
7366.2,2122.6360519392683,5243.5639480607315
869.71,1822.6164515751823,-952.9064515751822
1414.56,2019.3894818307006,-604.8294818307006
584.51,1925.0805277505385,-1340.5705277505385
576.9,1793.2701686814353,-1216.3701686814352
1732.25,1425.1940276896141,307.05597231038587
1786.95,1516.6750485873554,270.27495141264467
5816.97,2385.0595777369053,3431.910422263095
898.02,1454.3663720696554,-556.3463720696554
4345.68,3555.019190004272,790.6608099957284
6960.51,7181.513942207191,-221.00394220719045
862.7,901.0676097269863,-38.3676097269863
2001.32,2257.540825163055,-256.2208251630552
1939.59,1943.1627337203395,-3.5727337203395564
3365.37,2956.3557268370655,409.0142731629344
1289.1,4232.329107069156,-2943.229107069156
1045.4,2038.5097372171092,-993.1097372171091
2390.46,2399.7066283074905,-9.246628307490482
1617.72,2364.591010402492,-746.871010402492
1236.73,1401.890965950859,-165.160965950859
8573.37,5439.742642800505,3133.627357199496
1441.91,1646.8187519312921,-204.90875193129204
981.34,1555.0795575714376,-573.7395575714376
4138.85,4820.225682356762,-681.3756823567619
677.15,1961.7904334905427,-1284.6404334905428
2699.78,3224.276851818323,-524.4968518183227
787.58,1457.5020446136996,-669.9220446136995
617.87,1875.3539510614332,-1257.4839510614333
6467.05,5173.904273981723,1293.145726018277
3207.04,3422.507232050488,-215.46723205048784
1594.56,1493.5293144103634,101.0306855896365
2052.2,1932.4103304224475,119.78966957755233
2680.42,2265.8800147657744,414.5399852342257
2334.32,2161.5618801762685,172.7581198237317
1357.23,1733.627324245587,-376.397324245587
1435.0,4904.210974134615,-3469.210974134615
3027.9,1939.3199412783422,1088.580058721658
942.08,2145.4704070528273,-1203.3904070528274
1611.02,1676.4228222221261,-65.40282222212613
1146.77,5569.7314056302685,-4422.961405630269
977.31,1456.3735400284177,-479.0635400284177
1901.95,2365.089902312006,-463.1399023120059
407.38,1818.8112509671837,-1411.4312509671836
4975.24,3200.9725683735096,1774.2674316264902
2984.58,2273.2690347341963,711.3109652658036
2368.28,2263.6954602980027,104.58453970199753
630.9,1605.559102296848,-974.6591022968481
5115.72,2952.954820749859,2162.765179250141
4267.62,4427.659349063457,-160.03934906345694
1931.64,2816.27820842857,-884.6382084285699
4297.62,3842.0423915290894,455.5776084709105
2280.98,1716.6603089852765,564.3196910147235
825.62,1672.3772622579418,-846.7572622579418
1037.27,2549.7041341758027,-1512.4341341758027
4506.71,3807.9257450185414,698.7842549814586
3455.1,3366.879471659093,88.2205283409071
4086.3,3832.2896407622197,254.01035923778045
1337.8,2160.828634530436,-823.028634530436
5107.98,6602.630678562779,-1494.6506785627798
1984.93,2364.6754787887644,-379.74547878876433
2509.7,3863.5192590753586,-1353.8192590753588
2924.18,2929.404415996123,-5.224415996123298
2661.58,3518.0233518538994,-856.4433518538995
2433.26,3263.361902482975,-830.1019024829748
2879.04,3943.051802157544,-1064.011802157544
3299.87,10076.00991528999,-6776.139915289989
2244.13,2374.909385395717,-130.77938539571687
1101.46,2171.81918043163,-1070.3591804316297
2311.1,1827.6149136337183,483.4850863662816
1458.68,1819.4359158583493,-360.7559158583492
1304.27,1237.7955382198074,66.47446178019254
1344.08,2365.1954946947717,-1021.1154946947718
1388.16,1578.4558574957505,-190.2958574957504
824.54,1925.274179564968,-1100.7341795649681
3918.29,3572.8822489333074,345.4077510666925
8169.51,6591.315237751913,1578.1947622480875
3261.7,2256.6976534034766,1005.0023465965232
352.35,1326.361575730131,-974.0115757301311
1261.04,5246.203527305427,-3985.163527305427
10382.0,6082.470948953049,4299.529051046951
1178.63,2767.8298528308665,-1589.1998528308663
26660.3,8295.466652430212,18364.833347569787
2288.44,3923.713648692802,-1635.273648692802
853.6,1587.26737158212,-733.6673715821199
4257.41,2521.9162458181654,1735.4937541818344
10964.5,9985.586285995498,978.9137140045023
1224.96,1384.8194366599828,-159.85943665998275
11685.09,6612.302605778119,5072.787394221881
4081.32,4412.664396761358,-331.344396761358
2044.43,3400.3353800288332,-1355.9053800288332
2205.68,5066.523032327643,-2860.843032327643
4951.0,6492.211120303114,-1541.2111203031136
2368.92,2089.003975183149,279.91602481685095
2102.31,3364.284994480617,-1261.9749944806172
1490.53,942.1970584686206,548.3329415313793
6040.78,3889.862022964996,2150.917977035004
1574.11,1822.8061678115014,-248.69616781150148
1831.13,3976.2418232163395,-2145.1118232163394
8166.7,6867.674838175292,1299.0251618247075
1338.87,1726.3190986373886,-387.4490986373887
846.18,1877.9465513585262,-1031.7665513585262
9952.63,9046.257791877582,906.3722081224169
4790.42,3306.943195153619,1483.4768048463811
5110.58,3956.9301723579883,1153.6498276420116
2656.47,4828.2830321530255,-2171.8130321530257
753.93,1380.9619044017013,-627.0319044017014
4210.87,6851.615588178764,-2640.7455881787637
1256.0,1742.857241092227,-486.857241092227
1445.81,1353.4712274409558,92.33877255904417
950.38,1876.8747598833463,-926.4947598833463
5243.16,3851.0214311203613,1392.1385688796386
2710.85,2019.4602054147342,691.3897945852657
2538.51,3486.3010230424943,-947.7910230424941
2605.48,1758.0922379944811,847.3877620055189
2184.78,3284.6945636421397,-1099.9145636421395
1726.55,3307.7111835360715,-1581.1611835360716
4547.0,2094.8513169367907,2452.1486830632093
6682.14,2524.066294571451,4158.073705428549
2901.02,4320.606520903638,-1419.5865209036378
3195.24,4183.622639292315,-988.3826392923156
1475.81,2561.5870875271044,-1085.7770875271044
882.76,1300.314046748499,-417.5540467484991
1704.6,1777.2176708183745,-72.61767081837456
5580.02,6032.470791321877,-452.45079132187675
770.6,2630.982711840295,-1860.382711840295
1470.68,1398.1660805604824,72.51391943951762
3204.52,4306.554974607267,-1102.0349746072666
2267.49,4087.630258853234,-1820.1402588532342
927.44,2233.179075928807,-1305.7390759288069
3126.73,4825.049154484559,-1698.319154484559
1495.07,1464.8538386230434,30.216161376956507
1120.61,2771.387696917899,-1650.7776969178992
2292.98,2748.4984992612026,-455.5184992612026
3451.82,4368.391499069863,-916.571499069863
13654.95,7235.901574041052,6419.048425958948
6233.06,4351.59827822201,1881.4617217779905
8473.77,7569.0045044034705,904.76549559653
1388.45,3049.1624516116954,-1660.7124516116953
2676.76,3520.9151437654214,-844.1551437654211
807.44,1538.7882398888325,-731.3482398888325
5638.16,5659.875387743318,-21.715387743318388
1554.06,2494.2294186904205,-940.1694186904206
10880.74,9323.492805995455,1557.2471940045452
4548.46,3889.353849193907,659.106150806093
4110.66,4146.326638918988,-35.6666389189877
735.63,1212.2750692193022,-476.6450692193022
1650.5,2550.202862078743,-899.7028620787428
1727.58,3271.2872786122853,-1543.7072786122853
4021.77,2775.3996656936147,1246.3703343063853
1652.9,4353.84027863247,-2700.9402786324695
3807.49,2348.1597499725767,1459.330250027423
1600.75,1811.102679889744,-210.35267988974397
3983.75,1748.044364935006,2235.705635064994
4379.12,1515.3965623924878,2863.723437607512
1741.43,2600.2251548078484,-858.7951548078483
4219.41,3730.3902545900037,489.0197454099962
1127.46,2440.3414533272316,-1312.8814533272316
3610.56,2266.5989099995213,1343.9610900004786
563.85,1279.2910197167937,-715.4410197167937
764.19,1816.0995510296102,-1051.9095510296102
2992.98,2358.7158124351517,634.2641875648483
1073.31,1671.4422624549738,-598.1322624549739
1852.08,1885.5795881560466,-33.499588156046684
6369.53,5241.375926872437,1128.1540731275627
4005.39,5088.31968600909,-1082.9296860090903
663.81,2375.7930994275303,-1711.9830994275303
4199.76,2283.026913252105,1916.7330867478954
710.69,1338.201042644762,-627.511042644762
529.16,1696.8209588891013,-1167.6609588891015
1388.18,2648.332462793152,-1260.152462793152
7169.03,8460.786759702563,-1291.7567597025636
2168.21,2437.1099244528637,-268.8999244528636
1828.98,1791.3099596050254,37.67004039497465
6441.2,5194.664945783274,1246.5350542167262
405.8,1232.0226371977215,-826.2226371977215
3657.92,2327.821105233519,1330.098894766481
2245.15,1824.957433881648,420.19256611835203
2244.89,1761.8679890706844,483.02201092931546
7711.61,3446.5590661138135,4265.050933886187
6958.03,7627.736149037882,-669.7061490378819
1542.24,2778.211636273564,-1235.9716362735642
2513.05,2361.0056128311417,152.04438716885852
6966.49,4759.94766088223,2206.54233911777
943.27,1390.076503176088,-446.806503176088
2438.97,3910.66264395654,-1471.69264395654
1050.01,2288.0312830005787,-1238.0212830005787
5114.81,3284.5544977042546,1830.2555022957458
1347.35,2735.0458999877924,-1387.6958999877925
3056.8,2080.1600591838846,976.6399408161155
3619.67,1510.0481522722703,2109.62184772773
2427.37,3651.7186346773074,-1224.3486346773075
1909.43,1760.1893466356116,149.24065336438844
1397.06,1964.47686907561,-567.4168690756101
908.08,2411.4260112049283,-1503.3460112049283
787.12,1461.404166045465,-674.284166045465
2985.38,5621.844853089078,-2636.464853089078
531.45,1188.0597727412257,-656.6097727412257
2844.47,3581.1837234728014,-736.7137234728016
632.12,1747.828044588895,-1115.708044588895
2705.28,3065.9097991330796,-360.62979913307936
1600.99,2535.6233466944004,-934.6333466944004
745.76,1466.8584305282589,-721.0984305282589
761.41,1414.8550799477407,-653.4450799477407
2646.85,5024.4595495279245,-2377.6095495279246
4555.81,4158.212999684498,397.59700031550256
2798.0,1519.9333362428408,1278.0666637571592
3690.28,2832.3098171115726,857.9701828884276
2100.84,2706.7848431812336,-605.9448431812334
1285.67,1447.1115048607328,-161.44150486073272
1202.58,1352.904028158801,-150.32402815880118
2780.89,2693.8492101795696,87.04078982043029
886.44,5034.369781249578,-4147.929781249579
1990.36,2641.359763263818,-650.9997632638181
1976.15,3079.265777742246,-1103.1157777422459
2041.11,2074.7103955314574,-33.60039553145748
5039.38,3765.8260165689576,1273.5539834310425
2761.41,3260.540236857954,-499.13023685795406
1087.65,1646.4176908228578,-558.7676908228577
953.26,2094.473863461032,-1141.2138634610321
810.4,1468.853620696716,-658.453620696716
1308.57,4350.844522505858,-3042.274522505858
8830.35,4297.035866900009,4533.3141330999915
799.25,1146.8358305918282,-347.5858305918282
1136.27,1826.3078501796545,-690.0378501796545
720.29,1104.4653438833273,-384.1753438833273
3155.72,2601.9766389248152,553.7433610751846
566.05,1131.049086017486,-564.999086017486
600.6,2529.137865722448,-1928.5378657224483
1785.87,2090.6554665070676,-304.78546650706767
6903.31,4891.821560771942,2011.4884392280583
2622.17,1923.470679437286,698.6993205627141
1504.24,3045.575411283831,-1541.3354112838308
3450.45,2022.9411464904788,1427.508853509521
1133.99,1824.6013434912152,-690.6113434912152
9692.89,4932.741683871543,4760.148316128457
460.8,1515.5505165259383,-1054.7505165259383
1554.59,2121.4742730132357,-566.8842730132358
1267.38,2422.7940633563812,-1155.4140633563811
2270.53,2472.133604842358,-201.60360484235798
1915.36,2221.0821406777695,-305.72214067776963
2945.39,6013.49581061228,-3068.1058106122805
1932.09,2328.1410766961926,-396.0510766961927
6258.79,4615.661101283399,1643.1288987166008
2033.28,2961.100825426056,-927.820825426056
606.45,1805.3084936294906,-1198.8584936294906
2557.32,3695.9520427958264,-1138.6320427958262
857.22,1491.2101358972734,-633.9901358972734
3178.96,4674.182211516642,-1495.2222115166423
4501.23,4973.711363564352,-472.48136356435225
1588.95,1633.5931114388188,-44.64311143881878
860.4,1826.261049061854,-965.861049061854
1754.69,1331.0915097158972,423.5984902841028
829.84,1875.9925146004182,-1046.1525146004183
1632.99,4083.0924618002305,-2450.1024618002302
2810.2,1972.221383190346,837.9786168096539
3926.3,3348.293978304788,578.006021695212
1306.49,3447.0222764828663,-2140.532276482866
2539.13,2898.688859897772,-359.558859897772
856.53,1075.3097136408508,-218.7797136408508
1050.61,2069.034706113067,-1018.424706113067
4067.99,4129.391140091518,-61.401140091517846
355.74,2025.2901899484013,-1669.5501899484013
2431.43,1581.3382826370519,850.091717362948
2636.61,2926.2520625987427,-289.64206259874254
1934.18,3905.991000372519,-1971.811000372519
1342.83,2544.315340754371,-1201.485340754371
1259.82,1641.4138477956062,-381.5938477956063
3272.25,2077.816768864024,1194.4332311359758
976.61,1689.0543886632902,-712.4443886632902
5975.82,5900.569937450812,75.25006254918753
1040.41,2104.7429974743854,-1064.3329974743854
3410.46,2208.4113275231466,1202.0486724768534
13570.6,9632.340313001016,3938.2596869989848
4189.85,4109.471630384811,80.37836961518951
680.36,1467.7864616567867,-787.4264616567867
1595.4,1790.3946383316336,-194.9946383316335
1981.08,2374.229219465587,-393.14921946558707
1037.02,3526.2399955451583,-2489.2199955451583
611.52,1837.7244538396565,-1226.2044538396565
1717.42,2377.425806140982,-660.0058061409818
1763.5,2093.98146650702,-330.48146650701983
1443.64,2851.5320394877813,-1407.8920394877812
1004.08,4319.072049426947,-3314.9920494269472
1495.71,3007.2931947248685,-1511.5831947248685
776.38,1752.7152874404821,-976.3352874404821
3695.98,3912.0187428730774,-216.03874287307735
12331.45,11798.32886730443,533.1211326955709
1905.01,1372.1891606914805,532.8208393085195
949.15,1883.4621846147143,-934.3121846147143
1471.02,2608.7770408020665,-1137.7570408020665
2055.31,2886.861920519609,-831.5519205196092
784.6,1556.459985366747,-771.8599853667471
678.92,2655.1201804905077,-1976.2001804905076
3602.7,1777.2244563230577,1825.4755436769422
1844.51,3293.9121791952007,-1449.4021791952007
1591.03,4009.483616082067,-2418.453616082067
5964.19,4621.81142358158,1342.3785764184195
1120.07,1303.4102823057824,-183.34028230578247
1111.09,1253.3888049626428,-142.29880496264286
7036.75,1993.4053195114925,5043.344680488508
1563.0,2517.1826870451737,-954.1826870451737
906.04,2021.0079164068013,-1114.9679164068014
2166.15,3089.697486548627,-923.5474865486267
5626.51,3563.869015310078,2062.6409846899223
8461.37,8540.326332825474,-78.95633282547351
5905.19,2038.94335898009,3866.2466410199095
1583.11,2446.159624625031,-863.0496246250311
7378.71,2517.6163706421603,4861.09362935784
4699.49,4054.287509352742,645.202490647258
1768.42,1696.2531321445983,72.16686785540173
2098.38,1850.8102442799834,247.5697557200167
6643.38,3966.1313613929965,2677.2486386070036
2560.03,3267.4408992193853,-707.4108992193851
1106.57,2222.1099901745033,-1115.5399901745034
1160.47,2231.1009406632147,-1070.6309406632147
233.15,1304.4149843474877,-1071.2649843474876
2370.52,3555.5244375327675,-1185.0044375327675
4188.97,3765.6191084882744,423.3508915117259
6304.7,2304.7387474479733,3999.9612525520265
6036.35,1954.4259260952674,4081.9240739047327
3445.83,4179.237003323083,-733.4070033230828
1325.02,1937.820299888533,-612.8002998885331
2183.38,3929.5005405207385,-1746.1205405207384
624.94,1636.8121104671623,-1011.8721104671622
770.15,1396.2479331259765,-626.0979331259765
1538.57,1865.850315209617,-327.28031520961713
1384.71,2349.667126236486,-964.9571262364861
7079.41,5506.510913213829,1572.8990867861712
886.41,4439.004810249756,-3552.594810249756
1643.97,2490.327874803134,-846.3578748031339
3183.28,2235.4584366263202,947.82156337368
5818.29,2268.304305797691,3549.985694202309
1163.84,1117.9687924164448,45.87120758355513
1444.97,3484.4037536692126,-2039.4337536692126
2517.53,3098.54869725195,-581.01869725195
1966.48,2124.055279873768,-157.57527987376807
3450.78,2005.830437812108,1444.9495621878923
3383.41,2951.8582747209316,431.55172527906825
5089.85,3562.065527922072,1527.7844720779285
1275.55,1891.7913377278076,-616.2413377278076
1036.33,2401.4628974793645,-1365.1328974793646
3035.67,1798.6028173688926,1237.0671826311075
2065.27,4490.819871165313,-2425.549871165313
1236.76,1728.2527752477135,-491.49277524771355
2085.47,2032.7096879182811,52.760312081718666
3748.63,3871.2649335613105,-122.63493356131039
1166.58,1504.3350060843445,-337.7550060843446
813.95,2485.106034233372,-1671.156034233372
6065.13,6803.986688706987,-738.8566887069865
15116.85,7967.068703705771,7149.781296294229
1690.56,1557.8788391661546,132.6811608338453
647.89,1120.9337675912104,-473.04376759121044
7329.04,5587.187720240102,1741.852279759898
813.64,1491.0523978582648,-677.4123978582649
595.78,1326.2005446975554,-730.4205446975554
1027.68,2435.1436199843683,-1407.4636199843683
1649.12,3046.4063329974097,-1397.2863329974098
1584.64,1879.4469978277689,-294.8069978277688
2017.67,2260.234985906557,-242.564985906557
748.56,1651.1730898778565,-902.6130898778565
6980.84,5899.34132739082,1081.4986726091802
7375.91,10170.000190176923,-2794.090190176923
1186.07,1737.787161607597,-551.7171616075971
895.92,1612.3507440667831,-716.4307440667832
1323.61,2673.693757206404,-1350.083757206404
2756.39,4152.342679431249,-1395.9526794312492
4398.3,7559.6432729207545,-3161.3432729207543
849.67,1593.8638362755178,-744.1938362755178
2261.7,1175.4011058104625,1086.2988941895374
3178.22,1637.3839204772376,1540.8360795227622
955.6,2532.7099418826224,-1577.1099418826225
7972.47,7941.274286602814,31.19571339718641
9599.64,6514.005799104039,3085.63420089596
913.13,2010.0672394769672,-1096.937239476967
1113.44,4466.952012739749,-3353.512012739749
1417.18,4821.123001544687,-3403.943001544687
1492.98,2453.6128616939627,-960.6328616939627
3166.63,2066.660434700205,1099.9695652997952
4312.86,4357.506772009362,-44.646772009362394
6763.17,5412.236604347682,1350.9333956523178
3626.51,4086.9183444923915,-460.4083444923913
914.18,1657.2867359195347,-743.1067359195348
1233.64,2461.2435689034505,-1227.6035689034504
1379.07,1584.1868869783732,-205.11688697837326
801.25,2189.8066566970942,-1388.5566566970942
3511.08,5792.0011604095735,-2280.9211604095735
1348.03,2484.038552796616,-1136.008552796616
568.03,1868.1117995673712,-1300.0817995673713
3773.33,5468.461346096189,-1695.1313460961892
2236.06,2475.5915380393967,-239.53153803939676
6257.58,3740.1296973930985,2517.4503026069015
612.77,1062.8547450821811,-450.08474508218114
2125.58,1579.6130206322766,545.9669793677233
4737.09,4621.361497325602,115.72850267439844
1511.48,1598.0112579174877,-86.53125791748766
6439.63,5641.260931952582,798.3690680474183
834.36,1851.1824484051062,-1016.8224484051062
2585.5,2349.7743022022123,235.7256977977877
2826.29,1693.9953649845884,1132.2946350154116
2662.95,1990.609072509712,672.3409274902879
1379.7,1640.4057398773807,-260.70573987738067
3268.2,3494.3808140200395,-226.18081402003963
4764.42,3724.624481838569,1039.7955181614311
8351.07,7711.924674062455,639.1453259375448
2646.42,2425.8264692148696,220.5935307851305
3583.8,2312.3891593876697,1271.4108406123305
14267.91,3244.205892396903,11023.704107603096
2388.31,2034.508460673878,353.8015393261219
1218.54,1721.0994875829208,-502.55948758292084
1573.35,2089.95006133004,-516.6000613300403
575.48,1118.5808389674858,-543.1008389674857
8954.31,6933.1084540494085,2021.201545950591
2968.2,3667.6153865226966,-699.4153865226967
1574.57,2525.8290719836714,-951.2590719836714
6654.87,2598.5948848292037,4056.275115170796
686.4,993.008465442049,-306.608465442049
1724.14,3555.3150637280824,-1831.1750637280823
801.36,2733.200525018539,-1931.8405250185388
686.82,1344.891962907779,-658.071962907779
2077.9,1766.2659053156256,311.63409468437453
1203.55,1560.496109595416,-356.94610959541615
750.0,2249.8835859775336,-1499.8835859775336
8454.41,6149.312439189662,2305.097560810338
1088.85,2711.644464668861,-1622.794464668861
2390.59,2988.205679394422,-597.6156793944219
8139.87,4170.903809244433,3968.9661907555665
2192.59,2499.9907654315816,-307.4007654315815
2401.37,1883.7064803912172,517.6635196087827
1092.16,2405.3296079226393,-1313.1696079226392
1514.05,1520.0551992010608,-6.005199201060805
17647.79,11673.174826594015,5974.615173405986
6975.35,6303.393825946285,671.9561740537156
6021.69,4105.881508192075,1915.8084918079248
3085.79,1207.6881197935834,1878.1018802064166
833.87,2167.9576543677094,-1334.0876543677095
1497.28,3198.856775510481,-1701.576775510481
1045.86,1630.8552656355769,-584.995265635577
6449.39,5896.219944366283,553.1700556337173
986.34,1742.3342488134986,-755.9942488134985
1208.18,2044.0091258718096,-835.8291258718095
1365.8,3773.152809387926,-2407.352809387926
2264.63,2926.637679840797,-662.0076798407968
1803.74,1412.380712963476,391.35928703652394
3841.29,3642.3405722376096,198.94942776239031
9583.07,6180.636883601096,3402.4331163989036
2471.83,5254.807239400937,-2782.977239400937
609.65,1225.977314189672,-616.3273141896719
905.22,1261.8802530748708,-356.66025307487075
2005.08,1735.9829515238648,269.0970484761351
1461.56,1571.932284652178,-110.372284652178
1966.67,3427.563858779758,-1460.893858779758
2184.78,1819.2267739756094,365.5532260243908
421.36,2251.018474726279,-1829.6584747262787
1175.59,1660.7356754802283,-485.1456754802284
1780.13,2197.5805118433764,-417.45051184337626
1031.78,1501.0427724520994,-469.2627724520994
2731.15,2838.339105761635,-107.18910576163489
9448.79,7220.753345956881,2228.0366540431196
5740.76,3184.2059835723753,2556.554016427625
2727.93,2143.733612981764,584.1963870182358
2548.05,1630.7576340790727,917.2923659209275
9612.96,5385.104096432819,4227.855903567181
941.95,2201.039448612289,-1259.089448612289
6064.14,2667.7166440742944,3396.423355925706
2650.77,2409.805566088154,240.96443391184584
849.31,1278.7172770410607,-429.40727704106075
858.31,2220.5099031681398,-1362.1999031681398
2808.68,2271.2539228526985,537.4260771473014
1114.59,1752.5897579651757,-637.9997579651758
864.33,2070.785773789527,-1206.455773789527
749.31,1666.4341672427663,-917.1241672427664
2285.94,1775.3160328231172,510.62396717688284
1529.06,2433.668265206145,-904.608265206145
3378.28,4613.9195620093615,-1235.6395620093613
7082.48,4033.636382146861,3048.8436178531388
1600.78,2416.2189985573614,-815.4389985573614
385.04,1349.8126673047293,-964.7726673047293
1621.44,1408.8490923259167,212.59090767408338
1738.22,3604.1624056306696,-1865.9424056306696
5110.59,3706.125725302787,1404.464274697213
3015.93,3266.031549529684,-250.10154952968423
2605.5,2147.095680871997,458.40431912800295
2406.11,2019.7710250113823,386.3389749886178
1660.23,942.8999511549971,717.3300488450029
2233.23,1887.8587645843377,345.37123541566234
1080.0,1394.671980367755,-314.67198036775494
1271.8,1762.1941121048658,-490.3941121048658
643.82,1867.9874745207537,-1224.1674745207538
676.0,1104.228925804774,-428.228925804774
1941.27,1807.4463145235816,133.8236854764184
1573.87,3898.623852464675,-2324.753852464675
928.48,1408.887067184426,-480.40706718442607
3074.59,1825.0798146363334,1249.5101853636668
563.76,1176.358987051359,-612.598987051359
8188.11,8034.6968646321375,153.4131353678622
2411.32,2022.1883986087814,389.13160139121874
1200.07,1530.0473078837113,-329.9773078837113
3144.18,2731.484401982976,412.6955980170237
776.02,1573.8019564029821,-797.7819564029821
1916.18,3068.9401520656247,-1152.7601520656247
1167.28,1779.8303495447403,-612.5503495447404
4110.13,2998.485366313263,1111.644633686737
1510.95,3381.124983701198,-1870.1749837011978
1220.13,1899.040897404853,-678.9108974048529
4423.87,2125.1984462755945,2298.6715537244054
2994.4,1802.4324419865525,1191.9675580134476
9573.66,2636.166064870329,6937.493935129671
509.94,1722.7618987274532,-1212.8218987274531
7535.43,4771.461250766285,2763.9687492337152
604.01,1705.1494399185724,-1101.1394399185724
1212.48,2235.7485489422775,-1023.2685489422774
5697.79,6953.467494306127,-1255.6774943061273
2720.71,2579.82517122713,140.88482877287015
6360.02,5581.890345370878,778.1296546291223
913.25,2054.335652277993,-1141.0856522779932
2527.79,3031.0468181111187,-503.2568181111187
1259.8,1013.5152274806762,246.28477251932372
6160.33,4744.7463494991125,1415.5836505008874
1290.02,5138.575597696108,-3848.555597696108
1465.91,1851.006485798076,-385.09648579807595
727.13,1422.1662322907139,-695.0362322907139
6675.0,6887.495178246776,-212.49517824677605
1808.13,2448.6547628742246,-640.5247628742245
1781.17,1631.6303780103958,149.53962198960426
3469.34,6320.515712035867,-2851.175712035867
1016.1,1286.4053691616593,-270.3053691616593
2948.32,2194.613610715581,753.706389284419
2606.62,3089.8852414707776,-483.2652414707777
17312.88,8429.218563536548,8883.661436463453
3649.23,1843.4753163995958,1805.7546836004042
1009.47,1423.3199976887533,-413.8499976887533
2663.73,2338.0192265971164,325.71077340288366
4638.06,5939.810074367129,-1301.750074367129
1128.68,1405.9551573900605,-277.2751573900605
966.09,8922.463549350297,-7956.373549350297
5789.58,3938.464804788576,1851.1151952114237
1036.61,2565.400820925073,-1528.790820925073
915.82,1414.9624854848155,-499.14248548481544
1836.31,1959.963156171514,-123.65315617151396
1336.72,1972.6276205014196,-635.9076205014196
1531.83,2686.9456267401415,-1155.1156267401416
874.4,3030.0032821799946,-2155.6032821799945
4015.57,3961.3218122397657,54.24818776023449
8355.06,4833.775118216422,3521.2848817835775
3178.97,3065.972443775429,112.99755622457087
5139.57,2729.5475802313185,2410.022419768681
1299.33,1104.472872498644,194.857127501356
864.57,1825.1764173807396,-960.6064173807396
6156.97,5141.605207919803,1015.3647920801968
3305.59,1728.4943870690076,1577.0956129309925
1003.98,2004.1615473924494,-1000.1815473924494
1282.96,1327.0788368720096,-44.118836872009524
12162.78,5366.541458590752,6796.238541409249
5579.06,2517.041077730176,3062.0189222698245
2732.27,7475.8690720675195,-4743.59907206752
563.76,1413.3151244740918,-849.5551244740918
3365.55,3547.087314999692,-181.53731499969172
1225.46,1895.8003588863414,-670.3403588863414
2606.56,1830.2816851082657,776.2783148917342
1076.85,1313.480802626696,-236.6308026266961
2238.46,1707.428869861595,531.0311301384049
970.29,2027.4397347503132,-1057.1497347503132
5165.0,1630.205626248689,3534.794373751311
1082.51,1378.8295084875876,-296.31950848758765
588.1,2525.032876426843,-1936.932876426843
4240.72,4193.148331879427,47.57166812057312
5703.83,6645.733316599634,-941.9033165996343
1851.63,2070.098363660477,-218.46836366047683
2862.05,5113.782715160089,-2251.7327151600884
4708.41,2995.1864058826613,1713.2235941173385
1108.78,2343.4141621559734,-1234.6341621559734
1356.57,2374.414838729542,-1017.8448387295423
2246.91,2867.660110975449,-620.7501109754489
993.33,1758.7540295562314,-765.4240295562314
3094.42,1960.2818557281253,1134.1381442718748
3353.88,4064.6406883510394,-710.7606883510393
1133.77,1221.352144523111,-87.58214452311108
2795.56,3350.7843286415487,-555.2243286415487
686.64,1764.0920427495769,-1077.4520427495768
8466.14,6976.676692985601,1489.4633070143982
1302.54,2473.881532775446,-1171.341532775446
1144.18,1739.2286519134248,-595.0486519134247
2554.41,1249.4984879286376,1304.9115120713623
2181.67,4485.51063211941,-2303.8406321194097
990.16,1797.4787547920605,-807.3187547920605
1437.07,2635.541831598219,-1198.4718315982188
5566.47,4326.498453080152,1239.9715469198482
1388.11,3319.540530074573,-1931.430530074573
902.91,1780.803095336996,-877.893095336996
2482.38,2032.5137735803257,449.8662264196744
2087.23,2098.8810490517685,-11.651049051768496
6548.79,8017.590623203782,-1468.8006232037824
3577.5,2388.623628377501,1188.876371622499
4540.11,2375.9997658916272,2164.1102341083724
2934.18,3425.0475476934134,-490.8675476934136
5389.66,3963.256559441633,1426.403440558367
408.91,1582.4539958113107,-1173.5439958113107
2988.95,3753.8698679428867,-764.9198679428869
3454.03,2895.54157012481,558.4884298751904
8283.74,6974.90058384319,1308.8394161568094
1446.07,1781.607983573627,-335.5379835736271
1330.16,1484.4026351929235,-154.24263519292344
860.2,4502.397855133976,-3642.197855133976
3006.64,7028.422680929248,-4021.782680929248
545.57,3918.488460086151,-3372.918460086151
2499.15,2888.753823465148,-389.6038234651478
3122.79,2312.279940118443,810.510059881557
11155.69,10348.134891943222,807.5551080567784
931.48,1087.8223075438782,-156.34230754387818
2811.33,2125.8444917012857,685.4855082987142
3793.76,5896.554909826548,-2102.794909826548
1521.33,1989.5782929337815,-468.2482929337816
4640.16,1653.9351697967695,2986.2248302032303
2104.79,1852.826116060943,251.96388393905704
7052.05,6214.819168775106,837.2308312248942
697.0,3026.1873298809373,-2329.1873298809373
23075.22,10003.665390261234,13071.554609738767
851.86,1327.5524398720174,-475.6924398720174
3283.29,2251.092432165779,1032.197567834221
1178.1,2240.495684862505,-1062.3956848625053
9064.81,5619.43989580138,3445.3701041986196
3465.22,4021.659457022521,-556.4394570225213
2404.37,4733.195250033031,-2328.825250033031
2506.05,3644.727442342189,-1138.677442342189
3044.08,2712.352475802689,331.72752419731114
3527.91,2725.6559022045685,802.2540977954313
2576.97,3230.3488499566815,-653.3788499566817
4359.41,3790.555654492402,568.8543455075978
4704.79,1716.7845428287594,2988.005457171241
16336.82,6442.260175461786,9894.559824538213
719.78,1142.2148416637492,-422.43484166374924
663.38,2302.867152214122,-1639.487152214122
1657.08,1263.0656274917985,394.0143725082014
2074.27,2540.5742018996034,-466.3042018996034
280.08,2020.6267023961077,-1740.5467023961078
1315.14,1310.5279643911342,4.612035608865881
1617.12,1216.127502753732,400.99249724626793
3377.64,2616.6020360976063,761.0379639023936
2881.33,2340.484297236284,540.845702763716
6492.05,7017.715710233993,-525.6657102339932
5727.15,2326.820532219306,3400.3294677806934
685.42,2008.6479041503628,-1323.227904150363
2764.35,2804.5162902860425,-40.16629028604257
11793.05,4913.897201672025,6879.152798327974
937.33,1264.316178882796,-326.986178882796
3805.09,2755.6373372008743,1049.4526627991258
5436.48,2495.1065729086176,2941.373427091382
2261.27,1739.470100000725,521.7998999992749
2499.25,1870.63507761148,628.61492238852
7077.89,4444.241783078157,2633.6482169218434
669.42,1906.9698293399415,-1237.5498293399414
1627.46,1016.63074412309,610.82925587691
1603.01,2775.0203974985093,-1172.0103974985093
724.67,1992.813661510758,-1268.1436615107582
4754.13,5915.511898206522,-1161.3818982065222
6053.69,3400.352512120651,2653.3374878793484
609.0,1235.8716400897433,-626.8716400897433
3070.07,2571.496958538887,498.573041461113
2623.3,3086.274615667208,-462.9746156672077
2797.06,3764.8721459959906,-967.8121459959907
6845.48,5654.131549412175,1191.3484505878241
1762.31,3203.0549162655316,-1440.7449162655316
1192.27,1854.49820872024,-662.22820872024
1302.28,3192.6222940784883,-1890.3422940784883
929.55,1590.4215681093392,-660.8715681093393
2594.69,1732.8328988132234,861.8571011867766
3068.06,2464.1454178717036,603.9145821282964
2678.75,2577.242454896593,101.50754510340721
3711.06,3808.636212313637,-97.57621231363692
2746.77,1925.741345499128,821.0286545008719
4354.33,3780.992117817957,573.3378821820429
1711.74,2033.6230824364632,-321.88308243646316
3096.24,4209.066472498944,-1112.826472498944
1788.15,2709.597156730895,-921.4471567308951
1858.54,2107.929051185964,-249.38905118596404
8506.13,7106.674731023819,1399.4552689761804
8538.99,3232.943152058915,5306.046847941085
611.37,2430.741496761364,-1819.3714967613641
1030.35,1512.1409335449864,-481.7909335449865
849.14,1170.0044099536835,-320.86440995368355
7916.83,3556.7695512502933,4360.060448749707
5134.12,5725.763093000631,-591.6430930006309
1979.32,1371.7498639941477,607.5701360058522
703.1,1425.9102142413383,-722.8102142413383
2851.23,1517.723311864653,1333.506688135347
3778.67,2800.9432796547144,977.7267203452857
2399.21,1661.408923640489,737.801076359511
7103.17,3878.9418106641665,3224.2281893358336
1042.94,1784.9712066967788,-742.0312066967788
976.97,1864.0587732492027,-887.0887732492026
4123.19,1759.6559366137526,2363.534063386247
3235.4,1987.407570277267,1247.992429722733
1181.16,2133.2804085082976,-952.1204085082975
3217.13,2726.129529150837,491.0004708491633
1054.8,1801.9828726686192,-747.1828726686192
1474.07,2170.2235105121626,-696.1535105121627
691.58,2241.20027778687,-1549.6202777868702
879.14,1340.4768402925079,-461.3368402925079
8193.14,4147.3437919331745,4045.796208066825
684.52,1518.5855568363759,-834.0655568363759
13632.0,7405.266006862084,6226.733993137916
2710.89,1420.2626968358272,1290.6273031641726
600.83,1675.295275366938,-1074.465275366938
3148.9,4636.652072688229,-1487.752072688229
2698.68,4259.3718319217605,-1560.6918319217607
677.7,1998.6787370824275,-1320.9787370824274
8208.67,7301.010839406841,907.659160593159
563.76,1821.149343594402,-1257.389343594402
5135.65,4673.681921314326,461.9680786856734
3030.39,1695.676214379942,1334.713785620058
8598.3,6697.115736721584,1901.1842632784155
2752.44,2766.5507726048936,-14.110772604893555
3802.3,2657.7711903265463,1144.528809673454
14530.86,10430.745270672838,4100.114729327162
1816.69,3428.3236274815526,-1611.6336274815526
1005.89,1180.956169158515,-175.06616915851498
3879.81,2171.1685484204763,1708.6414515795236
3767.73,4006.1685664462625,-238.43856644626248
6954.14,7040.5332149857695,-86.39321498576919
1065.2,1073.2346386250606,-8.034638625060552
1184.33,1888.855224632591,-704.5252246325911
2638.55,2273.18210627076,365.3678937292402
1511.51,2034.00557545462,-522.4955754546199
1642.2,3358.243352509359,-1716.0433525093588
1485.33,3094.6942596215717,-1609.3642596215718
1413.3,1596.4349992311597,-183.13499923115978
4669.14,3641.5147041304926,1027.6252958695077
808.26,1244.4305320600633,-436.17053206006335
5885.91,3277.580848491779,2608.329151508221
3553.07,2502.9491698216707,1050.1208301783295
2307.53,3476.2249533113622,-1168.694953311362
1585.0,1251.205509143101,333.7944908568991
785.31,1687.6865674766598,-902.3765674766598
1491.93,2570.3844314716976,-1078.4544314716975
1073.2,1487.9155211898742,-414.71552118987415
5517.84,4913.388337894058,604.451662105942
960.73,1928.0478467263174,-967.3178467263174
3485.53,2475.181409278015,1010.3485907219851
715.13,1625.4976256720886,-910.3676256720886
3470.06,2869.887312258521,600.172687741479
6164.98,4120.82576221915,2044.1542377808491
965.2,1749.8539596538637,-784.6539596538637
891.5,1568.0612688082444,-676.5612688082444
5277.33,5088.78830961222,188.54169038778036
6392.67,3822.9031341504397,2569.7668658495604
2356.51,1882.5507111501342,473.95928884986597
5000.52,2418.7359277870305,2581.78407221297
801.86,1216.2763627716472,-414.4163627716472
2041.51,2240.8973019448617,-199.38730194486175
1768.42,1311.720575987197,456.6994240128031
997.15,2180.8239329143626,-1183.6739329143625
867.74,2202.1149091629377,-1334.3749091629377
7517.04,4080.827249960521,3436.212750039479
3577.45,2179.931920625162,1397.5180793748377
687.83,1512.0188107305516,-824.1888107305516
3710.12,2404.39306738827,1305.7269326117298
6978.69,7054.509831829526,-75.81983182952627
10239.88,5373.712910844633,4866.167089155366
2489.58,4076.1558361531925,-1586.5758361531925
781.83,2529.9993656114452,-1748.1693656114453
1476.35,1655.6663083722758,-179.3163083722759
5609.37,4011.3214198290375,1598.0485801709624
1442.44,2236.819314329312,-794.3793143293119
1817.87,2571.372346127157,-753.5023461271571
593.46,1354.448742292958,-760.988742292958
7620.23,7539.029346203193,81.20065379680636
3432.0,2767.150659702191,664.8493402978088
2764.3,3621.14944707536,-856.8494470753599
825.79,1523.7241946864076,-697.9341946864076
1110.71,1364.361898406061,-253.65189840606104
2839.38,5677.213105527854,-2837.833105527854
1343.36,4093.54783950384,-2750.18783950384
2570.8,2559.301722975394,11.498277024606068
1019.36,2448.2991300545027,-1428.9391300545026
1421.02,3717.3558852755273,-2296.3358852755273
2333.65,1708.2321816621838,625.4178183378162
2067.81,3284.2712736486465,-1216.4612736486465
4313.72,2980.356604979557,1333.3633950204435
1096.17,1850.8301206761917,-754.6601206761916
2485.97,2109.5156039742046,376.4543960257952
2885.62,1899.540663791084,986.079336208916
3234.84,2913.8424021168757,320.9975978831244
3315.84,2491.647689088611,824.1923109113891
3799.21,6230.480454527695,-2431.2704545276947
879.25,1537.375184064848,-658.1251840648481
1527.7,3231.2364389048626,-1703.5364389048625
847.91,1531.190469423232,-683.2804694232319
2437.29,2825.6448025938776,-388.3548025938776
1691.4,2350.9940575205974,-659.5940575205973
2743.35,2553.6079783367113,189.7420216632886
1443.93,2377.166958368449,-933.2369583684488
1162.48,1720.5267639917704,-558.0467639917704
1708.25,2926.9228025206908,-1218.6728025206908
1343.28,1818.0466022347177,-474.76660223471777
1934.45,2822.175504406805,-887.7255044068049
3398.35,2389.500163573491,1008.8498364265088
5041.26,2172.032829924864,2869.227170075136
9431.57,6647.392594507542,2784.177405492458
7781.33,4056.068839671144,3725.261160328856
2065.84,1636.851515673725,428.98848432627506
1021.55,1133.4954739587417,-111.94547395874179
1434.19,2188.594698308076,-754.4046983080761
5286.88,2618.8400006254174,2668.0399993745827
6006.25,2182.1955158873902,3824.0544841126098
1536.49,1611.3423774899443,-74.85237748994427
1966.39,1704.112961672402,262.2770383275981
1765.16,2288.041893690769,-522.881893690769
2421.53,2818.0260972713295,-396.4960972713293
5814.71,3122.897716451793,2691.8122835482072
2859.95,2043.2486087786328,816.701391221367
2069.48,1962.5346897375364,106.94531026246364
666.8,1240.0608419664495,-573.2608419664496
1331.53,1933.849283847534,-602.319283847534
2013.48,1697.7037526959048,315.77624730409525
2928.65,3437.708534962129,-509.05853496212876
9223.81,6433.273518626601,2790.5364813733986
1186.84,1540.7961262494375,-353.9561262494376
3727.15,3397.5400569345206,329.60994306547946
2125.18,5002.7013519921775,-2877.5213519921776
5176.93,2606.0580002604947,2570.8719997395056
822.74,1302.198552867812,-479.45855286781193
4531.01,4651.171096471839,-120.16109647183839
2166.63,2691.3880423631795,-524.7580423631794
4150.08,1979.5071293543147,2170.5728706456853
2293.88,2260.06276971849,33.81723028151009
5884.07,9463.089807523987,-3579.0198075239878
2743.2,3876.1566375266875,-1132.9566375266877
1739.26,5144.297698057318,-3405.0376980573174
3983.13,2324.126762658584,1659.003237341416
1771.43,4286.909747918326,-2515.4797479183253
897.15,1774.1323099631852,-876.9823099631852
5800.04,3618.866568730381,2181.173431269619
3517.37,3925.228193978089,-407.8581939780893
7378.29,6254.433493183302,1123.8565068166981
3958.8,2256.6743228102814,1702.1256771897188
2713.67,2177.0843541661425,536.5856458338576
3629.6,4549.075556143392,-919.4755561433917
2573.05,4060.5117025075447,-1487.4617025075445
2324.22,1532.918244930257,791.3017550697427
4412.44,4249.304292827668,163.13570717233142
1040.14,999.536682535708,40.603317464292104
11132.43,10333.488827226103,798.941172773897
2882.62,6767.469305460156,-3884.849305460156
2305.68,1772.7657650562007,532.9142349437991
3467.85,2239.622893639886,1228.2271063601138
1628.72,1312.5479023035327,316.1720976964673
439.53,1069.1248032636727,-629.5948032636727
1917.0,2873.375882919609,-956.375882919609
1262.65,1920.6498084430082,-657.9998084430081
3738.52,4902.702462591391,-1164.182462591391
1666.88,1584.9816268994402,81.89837310055987
2574.77,1673.8815706154855,900.8884293845144
5016.46,5139.722138668806,-123.26213866880607
3233.75,3689.5970678312906,-455.8470678312906
926.71,1718.052480380038,-791.3424803800381
5295.9,4167.534519483079,1128.3654805169208
1639.98,1823.3032715744528,-183.32327157445275
2842.8,5463.463225215752,-2620.6632252157515
1525.92,1730.7158272095767,-204.7958272095766
3629.9,1970.9665199393216,1658.9334800606784
547.25,1060.441889249085,-513.1918892490851
3482.17,2775.575920630449,706.5940793695509
3219.2,4425.086504295926,-1205.886504295926
2074.83,2507.496915859938,-432.66691585993794
1319.22,2378.2306124536485,-1059.0106124536485
6801.14,4176.805865281401,2624.3341347185997
702.03,1308.8166382533957,-606.7866382533957
4264.57,2186.542025246838,2078.0279747531617
3183.64,2808.4931558208323,375.1468441791676
19811.44,16492.246988319243,3319.193011680756
905.82,1400.1615313050593,-494.3415313050592
593.85,2297.943130995051,-1704.093130995051
3702.84,4506.079479981953,-803.2394799819531
2715.19,2556.433484169652,158.75651583034823
2176.5,2499.3137390396214,-322.8137390396214
1089.1,1327.4850007560617,-238.3850007560618
512.01,1743.9121901640474,-1231.9021901640474
1302.97,1423.706304505239,-120.73630450523888
8854.17,28915.179876320955,-20061.009876320953
4248.81,3156.555450956699,1092.2545490433013
3940.82,2081.4749665524996,1859.3450334475006
4470.55,2208.060494830605,2262.489505169395
5201.75,6115.62503145936,-913.8750314593599
4872.29,2418.018921626168,2454.271078373832
961.76,1366.7006334629277,-404.94063346292774
7167.97,3649.5671594521987,3518.4028405478016
2370.79,2710.2380813751383,-339.4480813751384
3258.79,3290.4639624689767,-31.673962468976697
1994.91,3016.419867887419,-1021.509867887419
2218.58,3044.405074933695,-825.8250749336949
867.89,1189.3342005909908,-321.4442005909908
1739.42,3993.3979701420503,-2253.9779701420503
723.94,1707.5478897592684,-983.6078897592683
8216.86,3303.00372592968,4913.85627407032
2709.1,1575.8648904827899,1133.23510951721
1844.52,1578.4869806287059,266.03301937129413
2093.7,2184.574033251293,-90.87403325129299
9132.81,6412.323793600401,2720.486206399599
2110.39,1835.5894707895263,274.80052921047354
624.73,2015.1342728100124,-1390.4042728100123
1103.58,1590.9551743175368,-487.3751743175369
1275.16,1819.5385618385392,-544.3785618385391
4482.2,5782.725079762221,-1300.5250797622211
1728.91,2211.6722079725632,-482.76220797256315
7910.67,4880.444449914122,3030.2255500858782
4403.7,5597.622523252913,-1193.9225232529134
4929.32,3495.9397386384026,1433.3802613615971
2721.2,3503.3273048360015,-782.1273048360017
875.0,2234.125218080204,-1359.125218080204
4568.68,5106.212302661737,-537.532302661737
1673.4,3059.13992289456,-1385.73992289456
4187.88,3011.397544719464,1176.4824552805362
2660.63,2781.909408467563,-121.27940846756292
943.72,2013.641025840042,-1069.921025840042
4771.64,3409.5864395679932,1362.053560432007
3004.73,2685.0429988426486,319.68700115735146
1696.72,2187.43772362191,-490.7177236219102
5999.19,5495.197348942086,503.99265105791346
1526.27,2104.2467734610277,-577.9767734610277
4626.12,3361.8603312244327,1264.2596687755672
526.87,1517.0191333182077,-990.1491333182076
10340.38,10156.681436289698,183.69856371030073
2462.52,3755.487157423815,-1292.967157423815
1106.7,2056.8561472004867,-950.1561472004867
4113.43,4616.487369872002,-503.0573698720018
1763.41,2624.3973419269214,-860.9873419269213
1674.87,1545.5840281209692,129.28597187903074
1594.02,1981.8028157716724,-387.7828157716724
2489.93,2121.3064778753683,368.62352212463156
2750.98,3203.6663406517687,-452.68634065176866
2040.48,2498.8098104633805,-458.32981046338045
2097.97,2166.3446165188584,-68.3746165188586
3369.9,3648.564518543721,-278.664518543721
413.31,1725.5170694673877,-1312.2070694673878
2262.9,1786.8983260688865,476.0016739311136
2777.47,1885.805501319617,891.6644986803828
602.84,2040.8115462555636,-1437.9715462555637
6267.97,5375.820895524153,892.1491044758477
2117.85,2165.593523623567,-47.743523623566944
1311.23,2017.1745537256932,-705.9445537256931
1069.33,2221.69709252165,-1152.3670925216502
1326.37,2231.352263150549,-904.982263150549
713.71,1696.2580390614717,-982.5480390614716
1553.45,1947.037122840287,-393.58712284028707
461.49,1488.1078314860088,-1026.6178314860088
2926.55,1531.5182779468228,1395.0317220531774
1988.12,1925.7411612212773,62.37883877872264
4289.0,2577.7201260833112,1711.2798739166888
2482.67,2029.5447905765575,453.1252094234426
3106.21,1646.7028961320607,1459.5071038679393
1101.2,1975.664903594755,-874.464903594755
2909.01,2542.325301596863,366.6846984031372
1806.62,2015.7062018386428,-209.08620183864286
4744.38,4265.405318943453,478.9746810565475
4834.75,2171.0872675173773,2663.6627324826227
1435.14,1993.8889266905808,-558.7489266905807
5394.32,2718.897107753335,2675.4228922466646
2512.71,6118.18677815562,-3605.47677815562
721.91,1650.4474696446555,-928.5374696446555
516.79,1090.1262159319922,-573.3362159319922
6807.79,4671.602069077936,2136.187930922064
1298.84,2973.3316777915306,-1674.4916777915307
3131.25,3646.0926212921568,-514.8426212921568
6252.63,6678.564053968591,-425.9340539685909
8787.79,5774.862799977651,3012.92720002235
1210.14,2973.632560296459,-1763.4925602964588
10965.17,10539.5412594188,425.62874058119996
4491.27,5779.575905642839,-1288.3059056428383
1158.57,1305.8328229928147,-147.2628229928148
3045.6,1573.6192689518055,1471.9807310481945
5159.54,3762.494390262421,1397.045609737579
1676.45,2094.972952011245,-418.522952011245
3167.41,2015.025684147601,1152.384315852399
1114.79,2159.771265827939,-1044.9812658279388
2738.17,3351.693552451875,-613.5235524518748
1434.54,2262.8487320994977,-828.3087320994978
5417.5,4608.6133639423015,808.8866360576985
4037.72,5647.153683112013,-1609.4336831120131
3578.47,2339.9088924546677,1238.561107545332
2566.21,1465.7049395907104,1100.5050604092896
1299.3,2660.1331232051693,-1360.8331232051694
719.14,1865.8918921789707,-1146.7518921789706
2645.94,2192.2226948868934,453.7173051131067
4689.92,3774.6265277432544,915.2934722567456
1341.73,1848.4154844511804,-506.6854844511804
1574.53,2737.0124419769945,-1162.4824419769946
2085.28,1599.8096055560256,485.47039444397456
2933.51,2135.2706879761004,798.2393120238999
4051.89,5419.921470054634,-1368.0314700546337
3565.41,4216.572395350334,-651.162395350334
1379.49,1764.8798510128372,-385.3898510128372
1698.81,1869.4629872114776,-170.6529872114777
943.25,1155.807413002594,-212.5574130025941
2692.32,1783.539645252515,908.7803547474853
3852.79,2016.9032045777665,1835.8867954222335
2696.58,4445.462188023311,-1748.8821880233108
1157.45,1919.7810014002291,-762.3310014002291
5890.9,4362.665880559907,1528.2341194400924
2877.4,1795.477792191843,1081.922207808157
2476.8,1725.2730714192069,751.5269285807933
4959.39,5734.104283677451,-774.714283677451
1563.56,3098.7928894430465,-1535.2328894430466
6404.09,3226.545640458883,3177.544359541117
1422.75,2451.9046725954418,-1029.1546725954418
1255.92,1177.118123546769,78.80187645323099
2372.06,3379.0767270424535,-1007.0167270424536
483.24,1327.7634132329965,-844.5234132329965
783.96,1539.3009814497432,-755.3409814497431
411.42,845.634801373803,-434.214801373803
1226.43,1840.7145307295636,-614.2845307295636
1746.54,2986.900777451549,-1240.360777451549
5116.83,1345.0810374019986,3771.7489625980015
5736.39,4173.912282149425,1562.4777178505756
685.69,1650.139844851658,-964.4498448516579
549.0,1483.8732082355643,-934.8732082355643
244.82,1605.559102296848,-1360.7391022968482
4259.52,6228.560117328369,-1969.040117328369
6159.16,5401.067656637827,758.0923433621729
6143.89,3907.5465265767352,2236.343473423265
612.69,1660.806217095398,-1048.116217095398
4360.82,3752.6860095640436,608.1339904359561
3905.84,4318.214971455646,-412.3749714556461
4012.73,2044.0680121098662,1968.6619878901338
6033.64,5565.637467557738,468.00253244226224
3723.78,6073.556608593425,-2349.776608593425
1932.75,3666.320062128408,-1733.5700621284082
2600.09,4986.6681916977805,-2386.5781916977803
1428.46,1417.784515235899,10.67548476410093
6057.73,5155.8157374481825,901.914262551817
1866.16,3951.384381634509,-2085.224381634509
3211.0,3108.9113379087376,102.08866209126245
1394.23,2604.9143022378607,-1210.6843022378607
9093.79,5649.717509871812,3444.072490128189
859.61,1497.433982737318,-637.823982737318
2185.28,5787.720714967981,-3602.4407149679805
5134.7,2969.5974620684265,2165.1025379315734
2532.33,2251.6763297603784,280.65367023962153
626.29,872.6528252262871,-246.3628252262871
1853.9,2270.6881686254196,-416.78816862541953
694.0,1114.6440855002286,-420.6440855002286
1540.53,3271.3143307953906,-1730.7843307953906
3184.69,7260.7565817458435,-4076.0665817458435
3985.56,2074.148834532557,1911.411165467443
649.41,1857.6417322916493,-1208.2317322916492
6792.78,3380.4742663778156,3412.305733622184
938.62,1913.9608530060987,-975.3408530060987
2752.6,1635.3545129414529,1117.245487058547
1569.7,1763.8138916600353,-194.11389166003528
6615.34,5772.637634704718,842.7023652952821
1385.16,979.3135416636757,405.8464583363244
527.88,2115.327197549606,-1587.4471975496058
4067.17,7127.789085603716,-3060.6190856037156
851.07,1907.200851109386,-1056.1308511093857
2137.71,2528.6044766679174,-390.8944766679174
2160.35,2342.4280096129423,-182.07800961294242
1613.17,1115.7779697906262,497.39203020937384
1724.94,1856.2042221254144,-131.26422212541434
2893.42,1838.546372451734,1054.873627548266
540.2,1457.38303680607,-917.18303680607
1823.58,3227.6900101105193,-1404.1100101105194
1224.89,3522.536649419253,-2297.6466494192528
843.66,1947.8345725119077,-1104.1745725119076
441.55,1406.4955672673998,-964.9455672673998
984.95,2132.138300603329,-1147.1883006033288
7493.57,7447.189717459614,46.38028254038545
2946.13,2002.4273630838613,943.7026369161388
2085.64,2991.125002034755,-905.4850020347553
836.01,1229.015217655187,-393.0052176551869
2029.82,2716.7036159338018,-686.8836159338018
2247.67,1797.7918970144888,449.8781029855113
1296.88,3130.7054050187808,-1833.8254050187807
807.02,1806.5871815539908,-999.5671815539908
2005.96,2571.8234268502497,-565.8634268502497
527.53,2997.7816142701,-2470.2516142700997
344.93,1487.9438048227273,-1143.0138048227273
904.15,1223.8222242655283,-319.67222426552837
865.43,2907.425664585356,-2041.9956645853563
8838.57,3158.6048546715406,5679.965145328459
12019.28,7007.03752887537,5012.24247112463
927.35,1968.872075647924,-1041.5220756479239
1526.54,2151.107988984283,-624.5679889842831
4219.19,4960.132332626984,-740.9423326269844
1011.42,2258.368665357504,-1246.948665357504
610.19,3512.215630877844,-2902.025630877844
3119.58,1968.1574429051193,1151.4225570948806
2317.38,2842.1739559317325,-524.7939559317324
4865.84,3851.329025392747,1014.510974607253
812.71,3190.9905064166364,-2378.2805064166364
827.72,1469.5221674607276,-641.8021674607276
531.58,1500.6597770016542,-969.0797770016542
6361.17,5596.890700753537,764.2792992464629
2743.58,1852.7921786090096,890.7878213909903
2133.7,4061.0203186689864,-1927.3203186689866
824.7,1729.5779514758485,-904.8779514758485
2161.73,1520.6258039047675,641.1041960952325
2046.68,1109.7717220105974,936.9082779894027
3887.69,3709.258712546706,178.43128745329386
3440.95,1708.2901946313048,1732.659805368695
11976.85,9107.811643540941,2869.0383564590593
815.1,1894.1163514512364,-1079.0163514512365
575.19,2156.5893626350803,-1581.3993626350803
2327.23,4764.577723004332,-2437.3477230043322
2287.04,3328.9676091043452,-1041.9276091043453
823.89,1217.3548170286836,-393.46481702868357
3740.67,2622.765572107766,1117.9044278922343
2211.47,2840.591767218221,-629.1217672182211
741.29,1668.0232232077085,-926.7332232077085
3881.03,5587.381823336719,-1706.351823336719
1337.66,2921.614231748531,-1583.954231748531
3982.05,4128.2835297166475,-146.23352971664735
677.64,1288.8475076668221,-611.2075076668222
2159.99,2725.0955525617846,-565.1055525617849
1069.73,1932.1067975941185,-862.3767975941184
3644.64,3181.446157599156,463.193842400844
566.28,1269.5284550030028,-703.2484550030028
1386.79,2368.9313118429864,-982.1413118429864
3313.45,1983.6677410122952,1329.7822589877046
2535.08,2031.3144992781592,503.7655007218407
369.44,1235.4890454717245,-866.0490454717244
2204.58,1474.790354238981,729.7896457610188
2741.29,2841.7205959187177,-100.4305959187177
1042.49,1897.0688142693364,-854.5788142693364
1535.05,1284.889839884174,250.16016011582587
3041.95,2005.1277703377152,1036.8222296622846
1686.97,3762.424073165968,-2075.454073165968
1620.49,2944.9703708664642,-1324.4803708664642
3823.7,2071.558911759782,1752.1410882402179
4063.61,2822.0711178389583,1241.5388821610418
2049.67,3487.768135402285,-1438.0981354022852
2688.52,4511.5318017096115,-1823.0118017096115
928.54,1595.756016555615,-667.2160165556149
13769.15,5133.971741937132,8635.178258062868
1091.69,1458.4473479902565,-366.75734799025645
3184.56,2034.763817836168,1149.7961821638319
2211.27,1120.9337675912104,1090.3362324087896
4586.58,8688.268611281317,-4101.688611281317
2681.51,2259.2973135119573,422.2126864880429
980.11,1705.186020451866,-725.0760204518659
3373.7,3974.8972716801463,-601.1972716801465
1282.69,2367.241127855629,-1084.5511278556291
5210.45,2794.112674002975,2416.337325997025
885.03,1757.7166148923723,-872.6866148923723
2271.82,2757.1476682294324,-485.3276682294322
1077.92,2312.9306403073,-1235.0106403073
2810.54,2498.4103786850515,312.1296213149485
3455.26,2574.6835448364363,880.5764551635639
3285.42,3334.868132718251,-49.448132718251145
2491.99,3140.713345983622,-648.723345983622
5169.54,3602.830214617599,1566.7097853824012
2963.55,4054.0770584481693,-1090.527058448169
557.7,1177.393109787251,-619.6931097872509
8524.39,5746.299324971782,2778.0906750282174
3605.41,2093.0783126129236,1512.3316873870763
3842.45,6649.786343856415,-2807.3363438564156
15523.43,10706.52580688884,4816.904193111161
11170.31,6415.7080791238195,4754.60192087618
2602.97,3639.709592348287,-1036.7395923482873
3681.96,1345.733268046552,2336.226731953448
2700.53,1607.231324175506,1093.2986758244942
1430.06,2390.6194690028287,-960.5594690028288
1943.92,1655.596377575764,288.32362242423596
6135.53,4198.864081248396,1936.6659187516034
3596.66,4723.6284296114145,-1126.9684296114146
2299.58,2502.092403406457,-202.512403406457
378.25,1929.9637145543586,-1551.7137145543586
2081.48,1899.9029476242115,181.57705237578853
2504.3,1962.3770662051127,541.9229337948875
545.44,1303.1182610488722,-757.6782610488722
2070.57,3961.2982103919776,-1890.7282103919774
1919.37,2809.238318905608,-889.8683189056082
1734.13,1896.2013338047568,-162.0713338047567
2015.97,2006.2031481874847,9.76685181251537
1609.77,1577.609960036853,32.16003996314703
1663.08,1670.5480007661083,-7.468000766108389
1554.99,1385.426353588997,169.563646411003
14186.65,8945.866807951394,5240.783192048606
797.45,1674.0309375326492,-876.5809375326492
577.16,1243.6033299350588,-666.4433299350588
2252.51,2531.372089537841,-278.8620895378408
7509.75,2598.975744227215,4910.774255772785
1476.96,3071.317734680699,-1594.3577346806987
3190.75,3301.784848206781,-111.03484820678113
2392.7,2178.802647693913,213.89735230608676
2835.09,2312.4780305822865,522.6119694177137
915.19,3151.8519580653965,-2236.6619580653964
931.88,1308.4650354922157,-376.58503549221575
6738.9,4166.360888492466,2572.5391115075336
4421.13,3676.1095421864516,745.0204578135485
965.49,1617.4441706985192,-651.9541706985192
2832.78,4697.215826708849,-1864.4358267088487
923.61,1653.4019368529187,-729.7919368529186
3364.5,1496.8264535558358,1867.6735464441642
3424.87,2447.791547528692,977.0784524713081
1927.62,1501.9078445938312,425.7121554061687
986.11,1690.7410234440022,-704.6310234440022
3023.04,4114.798490643624,-1091.758490643624
4284.88,1881.7610332714924,2403.118966728508
558.54,1449.9852201491626,-891.4452201491627
2231.02,1703.8180321903753,527.2019678096246
3072.4,2248.113451101959,824.286548898041
556.26,2668.0939441081537,-2111.8339441081534
1331.93,1404.9588263799992,-73.02882637999915
2744.75,1893.8012698792584,850.9487301207416
863.61,2151.145473146837,-1287.535473146837
4064.61,3114.01688136088,950.5931186391203
1700.14,2603.4791981633252,-903.3391981633251
1655.92,1896.784004945355,-240.86400494535496
359.76,1441.4959001986736,-1081.7359001986736
2238.02,3186.374355301692,-948.3543553016921
1172.35,2134.518932126151,-962.168932126151
1349.67,1594.0682262921914,-244.39822629219134
1016.91,2113.912950988064,-1097.0029509880642
14995.06,11710.932593546378,3284.127406453621
1156.57,3444.408123867324,-2287.8381238673237
3231.0,1812.982644056738,1418.017355943262
13941.61,9729.746193591742,4211.863806408259
609.66,1191.7673927518365,-582.1073927518365
762.48,1468.368473543219,-705.8884735432189
544.35,1505.928560546076,-961.5785605460759
936.36,2195.0252593805235,-1258.6652593805234
2381.03,3388.544902850755,-1007.5149028507549
509.84,1685.3401573830085,-1175.5001573830086
861.17,1315.3238174868573,-454.1538174868573
5696.69,4573.728114195981,1122.9618858040185
1200.15,1886.2868488704735,-686.1368488704734
4657.82,4533.972348748951,123.84765125104877
1401.62,2380.7958000236395,-979.1758000236396
1409.55,1642.3826650298718,-232.8326650298718
10746.79,6228.834368934128,4517.955631065873
497.8,1484.2332704514067,-986.4332704514068
1940.38,1558.8666288119664,381.5133711880337
1279.52,2075.17657157063,-795.6565715706301
1116.54,3544.6910273250633,-2428.1510273250633
721.9,1643.9654084028825,-922.0654084028826
1570.8,2618.579796645654,-1047.779796645654
1318.34,2571.621826163448,-1253.2818261634482
3183.43,1428.2104386587873,1755.2195613412125
1302.41,2032.5345336141675,-730.1245336141674
2649.2,2261.929150789178,387.2708492108218
980.49,1673.6718904017957,-693.1818904017957
1412.06,2601.364572176921,-1189.3045721769208
1737.68,1617.6813880092952,119.99861199070483
1629.69,1574.3701558864993,55.31984411350072
5418.2,4996.60733266421,421.5926673357899
6010.74,5376.589322470437,634.1506775295629
11410.65,11512.403391724141,-101.7533917241417
4228.52,6942.920432540702,-2714.4004325407013
1052.27,3704.8583263002374,-2652.5883263002374
920.19,1416.7514586520208,-496.56145865202075
1079.03,2001.1384211405007,-922.1084211405007
5278.2,4379.585226033064,898.6147739669359
7106.8,4128.010668576572,2978.789331423428
3214.5,3365.2665697953744,-150.76656979537438
3996.93,3997.455711746818,-0.5257117468181605
3912.23,1712.852227622721,2199.377772377279
1834.51,3830.861255560715,-1996.3512555607151
3195.32,4358.642771253612,-1163.3227712536122
2620.64,1781.8665478035884,838.7734521964114
1278.13,4495.002002536842,-3216.872002536842
2040.48,4364.692532323041,-2324.2125323230407
2631.69,2432.4375117540626,199.25248824593746
1950.76,2302.4880948291425,-351.7280948291425
3877.23,5238.750128782093,-1361.5201287820933
5372.55,3821.8653428984558,1550.6846571015444
8798.36,5139.747141055944,3658.612858944057
2071.96,3402.014161067546,-1330.054161067546
1585.31,1384.0897513951136,201.22024860488636
1971.81,2393.7726031281786,-421.96260312817867
1616.27,1531.8491676792914,84.42083232070854
552.1,1622.6714041347493,-1070.5714041347492
1523.55,1568.8286322124684,-45.27863221246844
339.81,1302.9181120137805,-963.1081120137806
173.13,1447.7803472265743,-1274.6503472265745
8443.54,6998.971076562112,1444.5689234378888
739.3,1474.997644126534,-735.697644126534
8513.68,6223.215053377316,2290.4649466226847
5931.8,4585.330275834599,1346.4697241654012
980.53,3167.6858891995053,-2187.1558891995055
1881.75,2918.618851930885,-1036.8688519308848
1453.12,1117.4042102749568,335.7157897250431
15957.15,5294.30309843275,10662.846901567249
1707.5,1780.1215513974164,-72.6215513974164
1250.93,2228.868749047255,-977.9387490472548
5965.33,3995.3726935463887,1969.9573064536112
879.23,4095.08124488852,-3215.85124488852
1625.87,1772.223845885762,-146.3538458857622
1247.13,3638.9504550517277,-2391.8204550517275
7811.16,5191.57710843212,2619.5828915678794
3300.84,2792.2912447282647,508.54875527173544
1132.43,1633.2945302073704,-500.8645302073703
7676.73,3751.2504082464625,3925.479591753537
4140.33,2748.0972621682854,1392.2327378317145
2753.37,3950.054049766018,-1196.6840497660182
7465.82,3147.13419122107,4318.68580877893
8574.3,6458.454984063854,2115.8450159361455
1121.68,1891.9691524749292,-770.2891524749291
2714.41,4221.334024478584,-1506.9240244785842
1107.44,1779.7507704320544,-672.3107704320544
1691.37,1819.109271677904,-127.73927167790407
1523.93,1499.5425487272162,24.387451272783892
3519.23,5876.000116924459,-2356.7701169244588
2469.6,2062.464957932098,407.13504206790185
4304.3,3818.9195479917616,485.38045200823854
1625.26,3581.747340247452,-1956.487340247452
1861.99,3279.6885895967844,-1417.6985895967844
2262.02,1776.5593886568156,485.4606113431844
951.54,1869.4246000852668,-917.8846000852668
453.2,1400.5112109312406,-947.3112109312406
3380.91,2244.876851879944,1136.033148120056
610.78,1378.9868384868398,-768.2068384868398
3891.84,3073.531972285292,818.3080277147083
2228.12,3159.2567922594444,-931.1367922594445
1472.02,2019.3043144844394,-547.2843144844394
1670.26,2019.6485353468872,-349.38853534688724
6591.15,4853.143276341799,1738.0067236582008
5067.05,4647.852445859621,419.197554140379
620.89,1335.5542472029906,-714.6642472029906
798.97,1435.1820975392984,-636.2120975392984
5324.98,6581.452955663773,-1256.472955663773
6627.77,9046.51500231476,-2418.7450023147594
806.57,1495.8311961843742,-689.2611961843742
343.35,1393.8887495191489,-1050.538749519149
5634.57,4847.439149424636,787.1308505753641
1958.66,2593.2581562306605,-634.5981562306604
1339.38,2819.691625971399,-1480.3116259713988
6213.63,3196.225275357359,3017.404724642641
2443.24,2499.007170828248,-55.767170828248254
5333.0,2264.5217202086137,3068.4782797913863
1218.05,1695.5675149888611,-477.5175149888612
195.18,2653.0301879023227,-2457.850187902323
8568.7,3727.565804222724,4841.134195777277
693.52,1711.4483394593544,-1017.9283394593544
1037.64,1412.2301542025168,-374.5901542025167
1906.57,2179.4845051508078,-272.9145051508078
5568.78,6724.502472018245,-1155.7224720182448
3718.55,8034.781883612254,-4316.231883612254
821.28,1727.5176295143735,-906.2376295143736
1965.86,1467.5728096660605,498.2871903339394
1791.7,1060.8869956566466,730.8130043433534
535.54,1453.4253577888062,-917.8853577888062
1030.11,2898.895837320308,-1868.7858373203082
2288.1,2587.7969295306057,-299.69692953060576
14752.78,6192.498673851428,8560.281326148572
1454.54,2309.406885776309,-854.8668857763091
2262.49,4062.5019786989783,-1800.0119786989785
779.49,1432.5419959403687,-653.0519959403687
913.31,1331.7812464609972,-418.47124646099724
3943.95,4845.434786947441,-901.4847869474415
8367.25,12433.521151645544,-4066.271151645544
472.19,1625.9390089839926,-1153.7490089839926
3871.88,4622.208172346127,-750.3281723461268
2152.23,2952.639415660232,-800.4094156602318
1685.15,1578.7039460892863,106.44605391071377
2878.27,7455.992027576011,-4577.722027576012
9818.86,4725.8747313535305,5092.98526864647
6714.52,7145.205689756208,-430.68568975620747
1532.02,2485.653165221093,-953.6331652210929
1837.35,1409.9041566733547,427.4458433266452
5227.85,7331.094739927129,-2103.2447399271286
2085.36,2593.971724993542,-508.6117249935419
811.1,3880.993205621666,-3069.8932056216663
1220.98,2626.364478820059,-1405.384478820059
5405.49,5607.530558664824,-202.04055866482395
1347.6,1561.875793918269,-214.27579391826907
2655.01,1520.4578636118615,1134.5521363881387
2075.26,1810.040128315691,265.2198716843093
15013.38,11579.283503835031,3434.096496164968
1658.93,2779.561462877953,-1120.631462877953
1462.64,2158.817397786715,-696.1773977867149
2322.58,3613.1333036025485,-1290.5533036025486
1011.4,1551.0759243794332,-539.6759243794332
4556.91,4090.0052427937057,466.9047572062941
2374.05,1842.5806044935591,531.4693955064411
2520.34,1698.4741833357623,821.8658166642379
1657.13,1382.514608513198,274.6153914868021
3706.35,3286.184772544662,420.165227455338
1502.91,2059.9302141794055,-557.0202141794055
1574.52,1909.7865257843184,-335.26652578431845
5706.77,4745.453822396948,961.316177603052
4322.78,4738.427371004626,-415.6473710046266
1045.93,1263.3092876982191,-217.37928769821906
2102.32,2438.959018287688,-336.63901828768803
1324.84,907.2035200660812,417.63647993391874
2455.09,2557.3268636839425,-102.23686368394237
2830.9,1767.9397723000325,1062.9602276999676
1095.89,2060.536799524391,-964.6467995243909
1378.27,2103.0949412708446,-724.8249412708446
1556.75,1971.29733857026,-414.5473385702601
1883.23,3170.130835478739,-1286.9008354787388
1114.83,2937.1149681835177,-1822.2849681835178
378.76,1794.1181956223575,-1415.3581956223575
2954.62,6733.6183337746525,-3778.9983337746526
197.07,2122.7155410595424,-1925.6455410595424
7829.13,7309.518432125297,519.6115678747028
2335.75,1608.8524343474405,726.8975656525595
2894.9,1995.7910243316721,899.108975668328
4952.3,3448.937804479396,1503.362195520604
1567.46,1563.8812298592998,3.5787701407002714
3643.81,1604.821993048849,2038.988006951151
2616.63,3967.6785942145852,-1351.0485942145851
4289.98,2507.1627750322064,1782.8172249677932
1099.04,1738.8817828692142,-639.8417828692143
5885.68,6825.7392582977745,-940.0592582977742
1650.75,2280.617901053966,-629.8679010539659
5056.38,5746.998023983891,-690.6180239838905
2147.2,4633.9118103275905,-2486.7118103275907
1069.97,1919.3200913572928,-849.3500913572927
989.26,1086.2282461355658,-96.96824613556578
1761.73,1618.861364930647,142.8686350693531
3374.81,3150.99882524043,223.8111747595699
3748.98,2615.8537884588723,1133.1262115411278
2680.0,4165.247683752588,-1485.2476837525883
3486.69,2491.9094585207463,994.7805414792538
7256.32,6022.8643231929245,1233.4556768070752
8646.52,4505.830139759724,4140.689860240276
1890.46,1900.2835768004538,-9.823576800453793
3095.13,5991.580276640103,-2896.450276640103
6482.37,2222.200307459112,4260.169692540888
11428.89,8588.211783479877,2840.678216520122
1512.04,2796.5089732340166,-1284.4689732340166
898.55,2622.4518770474856,-1723.9018770474856
3055.15,2351.855043862864,703.2949561371361
958.04,1210.213412505158,-252.173412505158
1626.55,3072.5874558841183,-1446.0374558841183
6537.98,6480.490054137297,57.48994586270237
2842.53,2405.9346982746047,436.59530172539553
1442.7,3197.4269640079547,-1754.7269640079546
960.13,3063.0318499414457,-2102.9018499414456
5138.76,4622.138388855409,516.621611144591
2307.17,2736.7933127871856,-429.62331278718557
1023.46,1413.2201583280503,-389.76015832805024
5202.59,4598.456077612581,604.1339223874193
4035.33,6047.184521061053,-2011.8545210610528
2838.17,2241.258522037174,596.9114779628262
4592.39,3692.6396533695006,899.7503466304997
1187.54,2010.1401033821382,-822.6001033821383
588.2,1593.3363056928108,-1005.1363056928108
550.74,921.9347066597721,-371.1947066597721
2535.04,2174.541059338902,360.498940661098
7599.04,2329.2670746615768,5269.772925338423
975.82,1251.77405535361,-275.95405535361
6234.55,4399.568566296792,1834.9814337032085
1502.58,1851.5322230122408,-348.9522230122409
1026.29,2153.341589300289,-1127.051589300289
2837.93,2405.704919502837,432.2250804971627
1753.02,1801.1444712534696,-48.124471253469665
1114.16,1132.3443526537396,-18.184352653739552
3355.44,3231.8218135728457,123.61818642715434
2643.38,2145.320990201531,498.0590097984691
3761.55,2491.9181496397255,1269.6318503602747
1073.9,2035.7351699549472,-961.8351699549471
3052.8,2147.7138091826446,905.0861908173556
875.37,2151.940549498275,-1276.5705494982749
4929.93,5543.621142019557,-613.6911420195565
2663.54,3894.8275266578867,-1231.2875266578867
761.95,3532.7832113870536,-2770.833211387054
790.25,1625.4474101234116,-835.1974101234116
1875.11,1783.8377917625398,91.27220823746006
335.99,2136.63250624967,-1800.6425062496699
693.18,2487.664741783433,-1794.484741783433
717.11,1890.7059454195066,-1173.5959454195067
1824.33,1921.2389384164435,-96.90893841644356
3984.34,2038.3770864894238,1945.9629135105763
523.54,1914.7261266873245,-1391.1861266873245
2445.99,1741.838294464974,704.1517055350257
3701.91,4309.144001066624,-607.2340010666239
740.2,1940.0667786274555,-1199.8667786274555
3702.53,2104.148940790717,1598.3810592092832
580.31,1063.6789256740992,-483.3689256740993
4805.15,2378.4950384873764,2426.6549615126232
1509.41,1483.9972432335783,25.412756766421808
8769.83,7532.6327062087785,1237.1972937912215
2642.72,2786.4911457333737,-143.77114573337394
524.33,1622.6643214327003,-1098.3343214327
7850.82,5916.99359940152,1933.8264005984793
11092.23,3046.7004468545797,8045.529553145419
2780.44,3791.6246395387707,-1011.1846395387706
1929.09,2008.5083162952167,-79.41831629521675
1957.49,2231.8213830541995,-274.3313830541995
6584.68,5578.483110858641,1006.196889141359
1412.06,2706.558078407222,-1294.4980784072222
5388.35,4597.073885858936,791.2761141410647
3173.72,3338.115112029413,-164.3951120294132
5225.7,4475.505944066136,750.1940559338636
1332.98,2296.6430788181588,-963.6630788181587
16044.14,10287.47645854679,5756.66354145321
1353.6,1869.2480122878824,-515.6480122878825
254.54,2015.4624904834593,-1760.9224904834593
1584.05,4039.598352095343,-2455.548352095343
2119.07,2452.081466954448,-333.01146695444777
1488.6,2637.9356913094844,-1149.3356913094844
5906.68,3322.9469896064134,2583.733010393587
1022.11,1992.7691862771758,-970.6591862771758
1596.17,2197.738766341765,-601.5687663417648
875.59,1550.5407674372689,-674.9507674372688
1244.03,5190.466650134719,-3946.4366501347195
2436.61,1425.0502255134627,1011.5597744865374
1280.53,1980.4896110021846,-699.9596110021846
2588.77,2150.309948199996,438.46005180000384
5321.49,3755.7052376167094,1565.7847623832904
3603.72,2367.970178260196,1235.7498217398038
1497.51,1832.3037880472036,-334.79378804720363
591.58,1496.3141515905559,-904.7341515905558
1820.38,1679.86865508968,140.51134491032008
2829.12,2263.684016320839,565.4359836791609
649.01,4018.0029179403987,-3368.992917940399
3794.67,4384.577002659785,-589.9070026597847
2314.33,4945.305506609575,-2630.975506609575
4086.24,2238.4905618498747,1847.7494381501251
619.56,1605.836915741694,-986.276915741694
1221.58,2112.0033534388726,-890.4233534388727
3457.98,2528.0644585281393,929.9155414718607
624.98,862.4520145012389,-237.47201450123885
888.25,1692.4873637563005,-804.2373637563005
5275.27,2692.4261230459024,2582.843876954098
11670.31,7038.235292692986,4632.074707307013
4300.62,5569.479716381433,-1268.859716381433
2181.93,6080.234313658678,-3898.304313658678
915.05,1420.7819493818956,-505.7319493818957
4608.26,3793.3682638894957,814.8917361105046
971.78,2764.7276570278964,-1792.9476570278964
2232.13,2356.7504570984333,-124.62045709843323
6992.25,4645.305427144649,2346.944572855351
4453.05,2211.253880846437,2241.7961191535633
3423.57,4349.877806194541,-926.3078061945412
628.76,1032.8954784480413,-404.13547844804134
2719.93,3399.1095787379427,-679.1795787379428
5304.63,6124.683057374268,-820.0530573742681
19841.53,14316.834618882674,5524.695381117324
6175.24,4785.083319893487,1390.1566801065128
8017.88,8220.657576664016,-202.77757666401612
5858.01,3801.430663522581,2056.579336477419
12381.91,8157.390813429907,4224.519186570093
545.45,1777.216551539709,-1231.7665515397089
3956.06,3605.75858695732,350.30141304268
1270.8,2306.3308752640437,-1035.5308752640437
964.13,1776.7583144570758,-812.6283144570758
2090.32,2089.8109588827483,0.5090411172518543
962.06,1167.217671908176,-205.1576719081761
2859.39,1870.9552079380844,988.4347920619155
668.25,1707.1608020517801,-1038.9108020517801
996.02,3573.183360564841,-2577.1633605648412
844.36,1848.091704076971,-1003.7317040769709
1653.03,1949.839457758643,-296.809457758643
1268.59,1486.878506012997,-218.288506012997
1239.7,2825.1868195530133,-1585.4868195530132
8339.46,6579.137993317205,1760.3220066827944
4208.22,3530.6228541241803,677.5971458758199
870.61,1411.1531657208661,-540.5431657208661
4786.29,2805.185453694137,1981.104546305863
818.5,1378.9135663509526,-560.4135663509526
1216.66,1866.2589654041212,-649.5989654041211
909.03,2959.641707616282,-2050.611707616282
594.18,1286.351762738933,-692.1717627389331
6103.07,4395.160557866949,1707.909442133051
4018.77,1936.619121182812,2082.1508788171877
859.78,1676.2965109596885,-816.5165109596885
3521.69,3057.273317345886,464.4166826541141
2369.11,2682.8719557346226,-313.76195573462246
1564.65,1853.412838301567,-288.76283830156694
1815.42,3663.057309990184,-1847.637309990184
4023.36,3926.7034660836134,96.6565339163867
6654.57,7455.122625679175,-800.5526256791754
1278.24,2039.291189632765,-761.051189632765
3792.72,3128.7995889037634,663.9204110962364
485.97,1481.0362751194134,-995.0662751194134
1959.86,3142.4905859207734,-1182.6305859207735
1218.24,1463.8353623045334,-245.5953623045334
2163.77,3340.350281851209,-1176.5802818512088
3546.24,2471.9949938174955,1074.2450061825043
5855.52,2806.8594492515076,3048.660550748493
1251.62,1029.3880907962837,222.2319092037162
1976.03,2686.5116152834767,-710.4816152834767
5220.38,1940.273038061275,3280.1069619387254
2633.19,1901.5491943046786,731.6408056953214
866.83,1444.1284540604452,-577.2984540604451
673.15,1294.3069218281441,-621.1569218281442
5437.01,4645.899976779004,791.1100232209965
942.21,1422.118447377693,-479.90844737769294
4059.61,1850.6132703876056,2208.9967296123946
1162.06,1888.4006588390823,-726.3406588390824
577.47,3503.0495868164303,-2925.5795868164305
2086.56,3653.8867150233273,-1567.3267150233273
1085.11,2169.326925928165,-1084.2169259281652
803.35,1551.1195742426462,-747.7695742426462
12145.5,6503.706866269284,5641.793133730716
12432.48,6315.083388712716,6117.396611287283
3151.96,3159.0714671423675,-7.111467142367474
4309.29,2635.026131116186,1674.2638688838138
2641.59,2427.286197181351,214.30380281864927
1473.87,2160.2167903452823,-686.3467903452824
352.18,1731.0299067113488,-1378.8499067113487
3104.74,5153.382914218816,-2048.6429142188163
765.3,4733.576644938325,-3968.2766449383253
1547.03,2316.7150195125855,-769.6850195125855
4913.96,2033.400894095221,2880.5591059047792
594.11,1453.7956626464515,-859.6856626464515
1528.29,1705.6825170348993,-177.39251703489936
4433.84,6472.632351399681,-2038.7923513996811
1774.77,1551.416977331753,223.35302266824692
1933.27,1426.4235333675426,506.84646663245735
2017.37,2341.754715230983,-324.38471523098315
4891.47,3043.5791207091147,1847.8908792908856
3183.0,1770.2054893301604,1412.7945106698396
1794.53,2035.0821344793778,-240.55213447937786
1334.91,5075.067411737141,-3740.157411737141
2519.71,2114.481172974408,405.2288270255922
2601.86,2026.7001812024648,575.1598187975353
1847.96,3152.7993384315223,-1304.8393384315223
1236.0,1554.0503359521003,-318.05033595210034
1188.0,1893.8211251093103,-705.8211251093103
2192.8,3505.0487096368106,-1312.2487096368104
3771.67,2582.7628325153596,1188.9071674846405
536.06,1055.8926466783837,-519.8326466783838
6167.16,2171.4348630530144,3995.7251369469855
2814.99,2008.5820174676346,806.4079825323652
5421.67,2627.430395283902,2794.2396047160983
561.01,1783.9797600654774,-1222.9697600654774
6612.46,7433.0908741273815,-820.6308741273815
3379.56,1974.9640252865524,1404.5959747134475
3073.84,2593.7808072313833,480.05919276861687
6228.31,3604.111096623975,2624.1989033760256
2103.99,1575.688630023577,528.3013699764228
3445.44,2337.7953579142404,1107.6446420857596
4911.95,6147.8283447544345,-1235.8783447544347
2136.89,1794.3589386470928,342.53106135290705
513.51,1823.5112049291126,-1310.0012049291126
4346.14,4277.113236809565,69.0267631904353
2692.57,2616.565262348559,76.00473765144125
1883.15,1564.418169721281,318.73183027871914
1661.44,2434.8896187278056,-773.4496187278055
1774.72,2295.55689757095,-520.8368975709498
1057.54,1497.797038507712,-440.25703850771197
881.93,1680.9562010239854,-799.0262010239854
1799.82,2148.5957041183015,-348.7757041183015
1332.16,4130.640430616767,-2798.480430616767
1386.13,2745.7711747898857,-1359.6411747898856
10038.53,5952.639857992378,4085.8901420076227
2799.36,2581.0478872605563,218.31211273944382
967.44,1605.3137664958922,-637.8737664958921
1165.92,2293.5311507918805,-1127.6111507918804
1832.27,1567.3130012870897,264.95699871291026
1840.35,2273.8459711311143,-433.4959711311144
1696.62,1990.3865741989882,-293.76657419898834
871.73,3537.6507937315628,-2665.9207937315628
4611.23,6623.924735053852,-2012.6947350538521
9383.8,4305.875354359268,5077.924645640731
827.32,1686.0598989417613,-858.7398989417612
6093.34,3961.7925381440077,2131.5474618559924
2132.7,2118.1742705731667,14.525729426833095
1564.12,1364.5284753357832,199.59152466421665
1347.15,1584.0010405075739,-236.85104050757377
580.94,2866.244357623796,-2285.304357623796
3946.34,2700.1531835121978,1246.1868164878024
4414.66,2976.4638559696486,1438.1961440303512
7844.58,5297.583235156583,2546.9967648434167
2495.87,2460.7535917399578,35.116408260042135
1282.3,1442.7511963133,-160.4511963133
1244.41,2065.3175833335913,-820.9075833335912
2296.39,2057.6657456446296,238.72425435537025
516.22,1746.4055292262146,-1230.1855292262146
1704.39,2124.8438555401585,-420.45385554015843
9746.69,6047.994560725596,3698.6954392744046
3371.63,2134.133468705157,1237.496531294843
1105.21,2338.783325918274,-1233.573325918274
5802.39,6353.287665236533,-550.8976652365327
2956.44,3489.7316829153133,-533.2916829153132
1468.75,4344.457967526704,-2875.707967526704
880.12,1716.6600303593573,-836.5400303593573
1341.15,1676.0082420013416,-334.8582420013415
2246.3,1873.645786235438,372.6542137645622
3735.38,3406.7960345286947,328.5839654713054
1238.58,2055.3943424941863,-816.8143424941863
4472.62,3966.7338948731663,505.8861051268336
12970.28,4460.931863448227,8509.348136551773
508.87,1835.3486065565608,-1326.4786065565609
1361.63,1768.1250495973206,-406.49504959732053
605.12,1237.8879675834005,-632.7679675834005
2982.45,3103.913084355612,-121.46308435561241
1870.25,2262.6455400544246,-392.3955400544246
5216.54,4308.474353190691,908.0656468093093
8303.04,4440.4884108432625,3862.5515891567384
3806.95,2882.2015183584354,924.7484816415645
10030.36,6048.155589636258,3982.2044103637427
1876.68,3783.806856324102,-1907.1268563241017
1190.01,3187.998677111907,-1997.988677111907
1441.93,1797.292173269708,-355.3621732697079
3006.71,1863.739182790835,1142.970817209165
987.84,1273.6728900344633,-285.8328900344633
1351.87,1935.047927422224,-583.177927422224
5986.48,2528.2925939339034,3458.187406066096
1499.33,2039.8717199735172,-540.5417199735173
955.39,3865.54705848204,-2910.15705848204
814.48,1376.0706741123772,-561.5906741123772
2812.66,2160.787782116966,651.872217883034
1314.33,1193.1179073058013,121.21209269419865
12020.29,6009.182668136195,6011.1073318638055
1001.44,1276.8565669838238,-275.4165669838237
1975.71,2703.821219240856,-728.1112192408559
837.73,1952.2570197018895,-1114.5270197018895
3458.44,3042.2399481382417,416.2000518617583
3870.21,5730.2951575168545,-1860.0851575168545
1026.26,2223.2641584584185,-1197.0041584584185
745.51,1879.0676709909612,-1133.5576709909612
5196.22,2905.6335903720787,2290.5864096279215
644.5,1572.5556326488288,-928.0556326488288
10664.23,7819.3840239294495,2844.84597607055
1933.02,1886.9619863213509,46.058013678649104
3558.53,1981.64323044459,1576.8867695554102
10656.23,10074.673515486327,581.5564845136723
6197.85,3208.512278691673,2989.337721308327
2346.82,3663.683333940711,-1316.8633339407106
9612.72,5166.959492738703,4445.760507261296
842.63,1200.1550321846553,-357.5250321846553
874.9,1502.1274498098257,-627.2274498098258
816.94,1113.4155583716554,-296.4755583716553
334.42,1147.9054637824931,-813.4854637824931
1821.49,2630.641302277712,-809.1513022777119
5762.73,2334.1744201291417,3428.555579870858
3935.61,3522.2439289914546,413.36607100854553
961.83,1331.8755452287828,-370.04554522878277
1902.03,4103.932949400905,-2201.9029494009055
2807.66,2131.374163477421,676.2858365225788
885.85,2802.5391228103495,-1916.6891228103495
5127.19,4337.291701848774,789.8982981512254
2086.69,4182.11230950625,-2095.4223095062503
970.24,1718.719244926427,-748.4792449264271
2273.48,2512.171786620145,-238.6917866201452
3534.87,2063.824937568542,1471.045062431458
873.47,1519.154080051171,-645.6840800511709
4939.82,3084.799199065954,1855.0208009340458
2549.92,2599.7896954143976,-49.86969541439748
1170.97,2330.3361305265407,-1159.3661305265407
20492.01,8116.322847355755,12375.687152644245
3670.49,2129.4288492299106,1541.0611507700892
672.37,1545.5544898290054,-873.1844898290054
3037.03,2024.2448598256099,1012.7851401743903
2562.16,2861.6965381538125,-299.53653815381267
2402.75,1977.5244857605035,425.22551423949653
1271.05,1299.3238597390784,-28.27385973907849
1832.06,1722.1761538067785,109.88384619322142
717.22,1670.142955560053,-952.922955560053
1039.74,2342.2364774422285,-1302.4964774422285
3388.16,3435.962086853664,-47.80208685366415
918.27,1286.4128489556351,-368.14284895563515
926.47,1818.561314999823,-892.091314999823
3966.25,2231.981584680237,1734.2684153197629
836.02,1088.206303489371,-252.18630348937108
3377.95,2027.6230503638594,1350.3269496361404
6865.5,4975.041319907813,1890.458680092187
2109.98,5718.559037571593,-3608.579037571593
2891.46,2530.896391650058,360.5636083499421
4821.21,2091.0093588520463,2730.200641147954
3337.34,2744.7964001534438,592.5435998465564
13324.34,4510.600286531909,8813.73971346809
2509.51,3317.0447250153825,-807.5347250153823
1168.14,1678.262523452138,-510.122523452138
5409.39,3780.3112794788794,1629.0787205211209
615.66,1407.507169168656,-791.847169168656
684.52,1040.5395876434761,-356.01958764347614
3963.12,3262.0134413236733,701.1065586763266
3247.8,4544.125226210239,-1296.3252262102387
6164.25,4425.341401663499,1738.9085983365012
3128.07,2679.3875917817513,448.68240821824884
2993.2,2691.3432835026574,301.8567164973424
4211.02,4361.562149162798,-150.5421491627976
2394.18,2509.8784110937527,-115.69841109375284
4328.45,6852.646866541652,-2524.1968665416525
4041.89,2365.957586168558,1675.9324138314419
7238.38,3448.7348813742296,3789.6451186257705
2027.52,2939.14105473675,-911.62105473675
1305.2,2688.0410660301595,-1382.8410660301595
1043.71,1382.7243966491578,-339.0143966491578
847.0,7088.423799718838,-6241.423799718838
2077.81,5967.479357799897,-3889.669357799897
4733.51,2752.750883234207,1980.7591167657934
2960.93,2647.261113755635,313.6688862443648
856.29,2215.95280942714,-1359.66280942714
1420.43,1972.1223881673554,-551.6923881673554
1779.12,3271.9078807495507,-1492.7878807495508
3429.27,5333.655703355157,-1904.3857033551571
6455.68,6010.669608415139,445.0103915848613
4299.22,2028.6308434116602,2270.5891565883403
2705.16,2932.7500107819687,-227.59001078196889
1455.41,2243.755860698198,-788.3458606981978
1910.25,4917.883424843531,-3007.6334248435314
970.55,1242.6787311681478,-272.12873116814785
3686.55,3945.1219111646897,-258.5719111646895
971.8,2057.2431978697145,-1085.4431978697146
3038.74,4373.172821397717,-1334.432821397717
4874.0,2915.615547256757,1958.384452743243
2654.29,2310.0948367090523,344.1951632909477
2794.2,5676.633811831628,-2882.433811831628
3445.91,2171.4501921193164,1274.4598078806835
18865.8,7721.695872396961,11144.104127603037
8178.4,6890.083667054395,1288.3163329456047
2681.42,1502.2751153344466,1179.1448846655535
1893.1,1543.8509864204661,349.24901357953377
4478.61,6256.212498687252,-1777.6024986872526
2312.87,5357.719886850461,-3044.849886850461
5402.18,3259.387565861645,2142.7924341383555
1989.7,2148.767357134301,-159.06735713430112
1165.32,2962.504135288828,-1797.184135288828
2671.17,2941.6713423266697,-270.5013423266696
1309.1,4536.656274312768,-3227.556274312768
4930.04,5392.870895557814,-462.8308955578141
2197.08,2030.1653805660712,166.9146194339287
2485.36,3876.341535823176,-1390.9815358231758
2488.79,2570.5194278711097,-81.72942787110969
1837.66,1337.5150580940397,500.1449419059604
2188.8,3607.0777333217675,-1418.2777333217673
1383.49,2061.2988412736663,-677.8088412736663
3350.08,4856.833633108882,-1506.7536331088822
4101.18,4162.117171539326,-60.93717153932539
1469.82,3019.652967270355,-1549.832967270355
2992.39,2493.064336885097,499.3256631149029
842.94,2028.4431338388254,-1185.5031338388253
4727.87,5337.822202802753,-609.9522028027532
4516.16,1894.1611835667888,2621.998816433211
1199.28,2130.4549285661565,-931.1749285661565
1251.56,2271.7386454667335,-1020.1786454667335
2368.76,1996.460210279987,372.2997897200132
6495.92,3590.4157733412276,2905.5042266587725
7225.31,9178.75438813559,-1953.44438813559
1628.55,2371.6902494028186,-743.1402494028187
1498.01,2329.4702948510267,-831.4602948510267
1255.52,1715.961374399636,-460.44137439963606
518.93,1791.5347815052196,-1272.6047815052198
1087.8,1342.039177088068,-254.23917708806812
3425.58,3712.038593932383,-286.4585939323829
5392.25,7361.820026444327,-1969.5700264443267
888.47,2209.192135823576,-1320.7221358235759
2736.47,2512.482927705784,223.98707229421598
4476.02,2679.540436607906,1796.4795633920944
1652.88,927.5090485700941,725.370951429906
892.38,1698.7742876978243,-806.3942876978243
391.36,1651.2981307876646,-1259.9381307876647
2596.37,3064.9807027211195,-468.61070272111965
544.1,1629.1457189522876,-1085.0457189522876
3519.53,2152.2793946027386,1367.2506053972616
1973.78,2191.450800588904,-217.67080058890383
3053.83,3764.2921228028054,-710.4621228028054
1644.75,7601.4217233053305,-5956.6717233053305
7843.58,3075.0994201558024,4768.480579844198
2060.48,1626.211242181917,434.26875781808303
1239.17,1425.4334756326239,-186.2634756326238
3868.09,4844.4807507133555,-976.3907507133554
2375.92,2409.0856859605656,-33.1656859605655
1132.44,3570.719502745257,-2438.279502745257
733.48,1583.3842338745665,-849.9042338745664
777.12,2099.8439121848846,-1322.7239121848847
366.92,2053.9545294509176,-1687.0345294509175
4569.8,2041.710796422061,2528.089203577939
5824.75,4844.687461768498,980.062538231502
2359.13,2917.732790558092,-558.6027905580918
542.01,1679.1412237129691,-1137.1312237129691
7241.85,6430.026802027794,811.8231979722068
752.08,1669.4158575719773,-917.3358575719773
1139.54,5112.11721916732,-3972.5772191673204
130.0,2632.6800114519947,-2502.6800114519947
4222.99,4190.450503864946,32.53949613505392
1448.7,2634.861142983565,-1186.161142983565
4995.25,2393.8581835792766,2601.3918164207234
755.53,1218.6868763973262,-463.1568763973262
3090.28,3328.363152839946,-238.0831528399458
1449.88,2730.581765399271,-1280.7017653992707
1875.19,1878.741619721043,-3.5516197210429254
3286.68,3283.10696117698,3.5730388230199424
5053.88,5159.028159205243,-105.14815920524325
759.28,1781.2658467777787,-1021.9858467777788
9109.19,7456.700430636996,1652.4895693630042
1783.27,2984.3802979975612,-1201.1102979975612
818.96,1631.725316498024,-812.765316498024
731.56,1153.8947872761134,-422.3347872761135
3670.28,3861.2381977020664,-190.95819770206617
1447.75,1969.7755274222377,-522.0255274222377
1319.38,1788.1715550895985,-468.79155508959843
3096.31,2715.231468417274,381.0785315827261
741.49,1351.4924346319629,-610.0024346319628
10128.09,2795.6072450043375,7332.482754995663
2144.24,1936.6638414600745,207.57615853992525
3581.06,5361.319069766786,-1780.259069766786
2840.56,6803.943716352459,-3963.383716352459
910.65,2003.6833038797295,-1093.0333038797294
4438.48,4598.59827149431,-160.11827149431065
1695.32,2451.832450736413,-756.5124507364133
2884.02,5888.068043104621,-3004.0480431046212
1678.23,2512.134994825872,-833.9049948258721
1603.15,6632.600139617193,-5029.450139617193
8947.84,5934.846526245387,3012.9934737546128
1624.41,2114.576964938059,-490.166964938059
601.45,2959.296411332791,-2357.846411332791
1080.0,3343.774591766013,-2263.774591766013
1400.04,2031.7016683952834,-631.6616683952834
1380.2,1757.5378903883736,-377.3378903883736
3672.4,4526.638217983764,-854.2382179837637
5651.35,2895.1773777392436,2756.1726222607567
1106.74,1188.306776093047,-81.56677609304688
1212.28,1696.3617941322864,-484.0817941322864
6077.86,2070.882283369623,4006.9777166303766
3789.03,1933.3613010982103,1855.6686989017899
518.41,1449.9852201491626,-931.5752201491626
2696.88,4355.18513258205,-1658.3051325820497
1837.42,2750.3653514423017,-912.9453514423017
699.58,1201.4877957693648,-501.9077957693647
4663.51,7103.703591521992,-2440.193591521992
14768.03,8444.140130213817,6323.889869786184
3762.3,2256.3800798761004,1505.9199201238998
1042.18,4761.9448807290055,-3719.764880729005
1000.06,1420.3700058933969,-420.3100058933969
397.04,1760.1877116204994,-1363.1477116204994
5890.93,8257.284204961461,-2366.3542049614607
5809.77,4995.703226304601,814.0667736953992
3460.48,3025.8798956401365,434.6001043598635
3639.94,2872.5340209586843,767.4059790413157
4315.7,3240.1848215842215,1075.5151784157783
3680.55,2615.1736913003797,1065.3763086996205
1541.06,2852.1352063457553,-1311.0752063457553
1914.64,1556.2914332818182,358.3485667181819
833.68,2091.941640360809,-1258.261640360809
866.4,1123.3820460143625,-256.9820460143625
876.42,1368.926171447623,-492.50617144762293
3089.16,3434.0863001992243,-344.92630019922444
1767.92,4715.019229558735,-2947.099229558735
2648.85,1972.9385333472092,675.9114666527908
3297.19,2402.7343747868053,894.4556252131947
1704.91,2265.1274475534897,-560.2174475534896
5237.72,4914.916366143136,322.8036338568645
4756.61,4785.091151161072,-28.481151161072376
2809.57,2716.853679818765,92.716320181235
1213.56,1777.4071899541682,-563.8471899541682
1038.88,1373.5113507812523,-334.6313507812522
5883.15,3347.9346689166464,2535.2153310833532
971.25,1754.6002520228471,-783.3502520228471
12223.56,6094.671118009531,6128.888881990469
1999.47,3883.6726592541027,-1884.2026592541026
1663.06,3965.523032297412,-2302.463032297412
1372.44,1853.9235368497116,-481.4835368497115
2074.4,1894.3630950859842,180.03690491401585
4312.47,1582.6946122172137,2729.7753877827863
1541.76,2429.6533876408544,-887.8933876408544
1111.41,1123.7686782401381,-12.358678240138033
1169.19,1880.9762319627882,-711.7862319627882
1364.18,1979.5558701578423,-615.3758701578422
4223.76,3512.5273703762905,711.2326296237097
2137.37,2083.983369276369,53.38663072363079
1430.29,1945.9433575706978,-515.6533575706978
4008.52,6780.684214029473,-2772.164214029473
639.01,2273.250676525461,-1634.2406765254611
5751.09,4468.728255800312,1282.3617441996885
2902.63,4097.942366502915,-1195.3123665029152
1936.86,3196.392967019312,-1259.532967019312
7111.69,9590.386794588747,-2478.6967945887473
1474.47,1608.8524343474405,-134.3824343474405
9098.16,5526.506726966389,3571.653273033611
1689.37,1494.041325843365,195.32867415663486
1036.91,1562.6896239655007,-525.7796239655006
526.3,1363.5479481049795,-837.2479481049795
16453.31,2455.409007202975,13997.900992797026
1152.73,2251.7674296837927,-1099.0374296837927
7247.33,4312.597248996929,2934.732751003071
560.3,1680.6879992626377,-1120.3879992626378
1841.15,2617.588966649205,-776.4389666492048
22302.6,4129.849345668899,18172.7506543311
870.14,1749.3270802625173,-879.1870802625173
1798.54,1950.6865629627996,-152.14656296279963
1663.91,1830.4562886190045,-166.54628861900437
3475.41,2117.145144001962,1358.264855998038
2311.72,1844.538595974942,467.1814040250579
3528.52,2254.9583174492896,1273.5616825507104
16373.95,8425.144946042936,7948.805053957065
9140.96,10559.183685287078,-1418.2236852870792
1292.66,2975.614148286974,-1682.9541482869738
1940.12,4298.496053232302,-2358.376053232302
1273.26,3483.5551456407534,-2210.2951456407536
850.92,1837.1225658735243,-986.2025658735243
2838.05,2071.7668270503873,766.2831729496129
2678.55,1775.9479963900947,902.6020036099055
1339.09,2689.942085292602,-1350.852085292602
557.66,2135.5938018573206,-1577.9338018573208
775.53,1360.721464905124,-585.1914649051241
952.32,1360.2523023910558,-407.9323023910557
5590.09,4562.190331336629,1027.899668663371
4599.52,4922.360891896578,-322.8408918965779
3256.19,4415.504278606268,-1159.3142786062676
1872.95,1599.8787114098698,273.0712885901303
2895.7,2483.0315808174873,412.6684191825125
890.09,1464.9512998251155,-574.8612998251155
9846.04,5241.146635567314,4604.893364432687
3422.93,2666.2850238155756,756.6449761844242
1692.4,2134.4628260082745,-442.06282600827444
2188.3,3785.221310050914,-1596.9213100509137
1611.66,2271.4860188230177,-659.8260188230176
3645.91,2091.428015412495,1554.481984587505
3936.57,4133.178213453536,-196.60821345353588
1400.88,1865.8918921789707,-465.0118921789706
4894.06,4075.6238762108073,818.4361237891931
3931.77,3713.008435860079,218.76156413992112
1586.02,1973.6884178778234,-387.66841787782346
2015.91,1644.9502777687585,370.9597222312416
741.13,1311.720575987197,-570.590575987197
1641.19,1748.536287784459,-107.34628778445904
3913.23,3502.372675928657,410.8573240713431
11618.12,7606.979569784911,4011.1404302150895
6488.8,6500.36971442675,-11.56971442674967
5914.69,5703.311982557289,211.3780174427102
2312.53,2111.694487257034,200.83551274296633
850.87,2144.7019672781735,-1293.8319672781736
728.63,1255.1684363896902,-526.5384363896902
1893.39,1383.7613088088906,509.6286911911095
2002.29,3593.4898369456378,-1591.1998369456378
1414.47,2593.6615021483226,-1179.1915021483226
683.21,1675.5053185604845,-992.2953185604845
918.91,1398.5756433361803,-479.6656433361803
1072.93,1895.1455357114676,-822.2155357114675
6747.27,1871.6099666124262,4875.660033387574
10311.03,6219.884376466331,4091.14562353367
1710.18,1636.547501854332,73.63249814566802
5427.31,7138.582712461626,-1711.2727124616258
7253.61,7025.460714293773,228.1492857062267
5999.66,4581.737216575806,1417.9227834241938
3940.34,4436.860314894925,-496.5203148949249
2651.52,4214.464248829368,-1562.9442488293685
390.0,1736.6573616015517,-1346.6573616015517
1657.25,4155.236595980039,-2497.986595980039
2855.39,2882.2047376363676,-26.81473763636768
5857.21,4372.261446136416,1484.9485538635836
2737.27,2694.700969331303,42.569030668696996
1504.57,1837.7473569784813,-333.1773569784814
2229.76,2758.9569186629474,-529.1969186629472
1034.01,2370.333655922627,-1336.3236559226268
732.91,1774.8814628692423,-1041.9714628692423
4989.16,4328.655121867801,660.5048781321984
4245.9,3573.9160202213493,671.9839797786503
534.93,1706.769910962997,-1171.8399109629972
5891.87,2468.224833675581,3423.645166324419
5166.79,5046.0959965035445,120.69400349645548
2497.62,2747.2082405232136,-249.5882405232137
353.23,1171.249168578776,-818.0191685787761
4742.53,1814.3373310095212,2928.1926689904785
4262.81,4383.659609143493,-120.84960914349267
795.33,3001.954291371613,-2206.6242913716133
1612.48,1195.886523649765,416.59347635023505
811.75,1872.5288193143945,-1060.7788193143945
3108.47,3432.737017083946,-324.26701708394603
2048.07,5760.241263899982,-3712.171263899982
6763.8,3931.783870122931,2832.016129877069
1329.84,1910.1372746991165,-580.2972746991165
1562.32,1702.8781043972874,-140.55810439728748
2370.83,3176.553511507957,-805.723511507957
798.98,1729.6686083979287,-930.6886083979286
3010.22,2132.115854141857,878.1041458581426
1508.7,2887.5945322613206,-1378.8945322613206
1761.63,3863.8618340808916,-2102.2318340808915
752.54,1812.6068128790678,-1060.0668128790678
1713.69,1367.7091117963196,345.9808882036805
791.71,4683.224417574942,-3891.514417574942
5989.01,3716.8842516367217,2272.1257483632785
5565.82,2953.0663575474155,2612.7536424525842
1822.99,1997.2505721676985,-174.26057216769846
6086.48,6109.171539669743,-22.69153966974318
16946.2,6326.796537716328,10619.403462283673
3030.07,2081.6933390294666,948.3766609705335
1373.69,1417.199474573522,-43.50947457352186
2813.93,2348.662831847513,465.26716815248665
2694.81,6413.451403710709,-3718.6414037107093
3122.09,2436.35802940047,685.7319705995301
3523.03,2178.4503766218068,1344.5796233781934
2409.34,3345.768564340301,-936.4285643403009
1478.28,1351.8925317120663,126.38746828793364
594.39,3812.2566727241096,-3217.86667272411
6866.22,5515.519625448,1350.7003745520005
13376.8,7869.497399065608,5507.302600934391
607.19,1656.265526615938,-1049.0755266159379
2684.95,2380.1152175234415,304.8347824765583
1738.94,2010.0514266694943,-271.1114266694942
1657.67,4158.872714412545,-2501.202714412545
1039.33,1600.7200512394209,-561.3900512394209
956.5,1242.0927771921451,-285.59277719214515
10402.27,10931.77893867261,-529.5089386726104
808.67,1142.603412002626,-333.93341200262614
337.9,1089.7308305917181,-751.8308305917182
3659.92,5581.508183627921,-1921.5881836279214
2307.49,2375.749472142444,-68.25947214244434
8039.67,5228.852491439274,2810.8175085607263
2341.13,2530.8165166598665,-189.68651665986636
2159.08,2141.2494570992767,17.83054290072323
5779.84,3984.503237684345,1795.336762315655
8514.6,8745.588396705873,-230.98839670587222
3056.4,2466.5671109782693,589.8328890217308
1168.58,2797.9177805088198,-1629.3377805088198
2034.05,3198.96435027831,-1164.9143502783102
2202.77,2142.2055009233795,60.56449907662045
2289.63,2169.0830253261133,120.54697467388678
995.42,2237.3887262854837,-1241.9687262854836
4665.17,6277.564887784703,-1612.3948877847033
2122.92,2239.0900216731497,-116.17002167314968
1244.73,1746.7302170627993,-502.00021706279927
8150.4,4970.664556719524,3179.735443280476
2204.61,3810.4620619383277,-1605.8520619383276
2926.04,2260.6734961864495,665.3665038135505
660.0,1230.9314401969802,-570.9314401969802
846.73,1574.8814811747968,-728.1514811747968
805.81,1487.1158005953137,-681.3058005953137
2324.92,1292.8521423994355,1032.0678576005646
3839.66,4111.097927373423,-271.437927373423
11210.94,3994.7703445763987,7216.169655423602
4077.65,1838.599530532668,2239.050469467332
7556.44,4082.517539052946,3473.9224609470534
1349.06,1752.8569276139228,-403.7969276139229
3096.65,2513.5499784730846,583.1000215269155
2529.66,1835.5016620133977,694.1583379866022
1343.46,2912.738866984396,-1569.2788669843958
2272.11,3037.98395936174,-765.8739593617397
2742.56,1853.5395941594006,889.0204058405993
871.81,2336.198843352699,-1464.388843352699
996.72,3589.8826413111374,-2593.162641311137
2337.35,3177.5196665951544,-840.1696665951545
1151.23,3739.0457213785235,-2587.8157213785234
442.57,2292.3440041338445,-1849.7740041338445
1924.72,2982.376442851193,-1057.656442851193
6298.3,5275.831130527623,1022.4688694723773
997.87,1519.2197135925169,-521.3497135925169
2119.97,2363.9911120320785,-244.0211120320787
9811.18,3661.0959718329304,6150.08402816707
4833.79,5791.350227442833,-957.5602274428329
1695.54,1976.4623750792512,-280.9223750792512
3922.48,3522.8087192288763,399.67128077112375
4100.48,3303.941531857147,796.5384681428527
1534.74,3353.3028030133914,-1818.5628030133914
1879.22,1320.6570370622528,558.5629629377472
1435.16,1689.081630834904,-253.9216308349039
3277.37,2272.6793558606596,1004.6906441393403
4074.1,5090.900236890738,-1016.8002368907378
954.64,1259.8168480873962,-305.17684808739625
1463.77,1699.0013086031377,-235.23130860313768
1854.48,2045.2031410302855,-190.72314103028543
1212.94,881.9760613869393,330.9639386130608
4675.67,4423.861474397393,251.808525602607
2135.81,2114.124096894638,21.68590310536183
1451.62,1945.853508723794,-494.2335087237941
1434.98,1786.466585494026,-351.48658549402603
678.17,1190.1711432417624,-512.0011432417624
5336.4,5196.62004147638,139.77995852361983
2560.94,1454.1163354627663,1106.8236645372338
2274.37,2559.212430960252,-284.84243096025193
6162.87,4531.13594899721,1631.7340510027898
1696.14,1407.7165826863425,288.42341731365764
11428.64,7528.116850229241,3900.523149770758
1718.99,2436.4206294422006,-717.4306294422006
3487.81,3064.7707215354653,423.0392784645346
452.14,1506.289957409642,-1054.149957409642
2676.2,2275.0644047610035,401.1355952389963
1064.38,4252.103858874614,-3187.723858874614
5780.46,7215.956947182733,-1435.4969471827326
988.36,1480.4194896364215,-492.0594896364215
1962.04,4039.810516159703,-2077.770516159703
663.19,1685.5121741677565,-1022.3221741677564
725.84,979.3135416636757,-253.47354166367563
2207.2,2308.535560070731,-101.33556007073139
7367.49,2857.229708920246,4510.260291079754
4985.4,4417.277978176015,568.122021823985
1204.0,1793.544060442356,-589.5440604423561
967.98,1639.7000908294988,-671.7200908294988
828.32,1348.7303703120467,-520.4103703120467
5492.7,2081.3546687015682,3411.3453312984316
2903.22,2196.227831000791,706.9921689992088
2801.25,2271.4558748538657,529.7941251461343
2226.94,2087.8527581067797,139.08724189322038
580.64,1609.9800187245573,-1029.3400187245575
5459.93,2531.4477020922445,2928.4822979077558
1709.9,1145.983394228796,563.9166057712041
8561.84,6374.893544176048,2186.9464558239524
3933.11,1457.3166323317896,2475.7933676682105
2478.88,4385.391100610516,-1906.5111006105162
2808.58,1681.7558240897185,1126.8241759102814
820.9,1156.59249650774,-335.69249650774
2190.08,2303.6458364183513,-113.56583641835141
3235.9,2954.455991099107,281.4440089008931
1570.93,1262.124041637816,308.8059583621841
1580.01,1327.5362983708658,252.4737016291342
2118.39,1614.759029068149,503.6309709318509
8489.74,4710.9785701104665,3778.7614298895332
1258.34,1831.4506050383823,-573.1106050383823
2731.27,2298.3527572470757,432.91724275292427
4546.41,1731.2186238721267,2815.191376127873
2189.2,2009.9424216321438,179.257578367856
1421.08,1570.1724483888047,-149.09244838880477
1071.18,3101.564458716828,-2030.384458716828
1276.7,1816.3102287606846,-539.6102287606845
3384.77,5206.936684716756,-1822.1666847167558
2558.39,1688.634126799699,869.7558732003008
1695.46,1708.206742896528,-12.746742896528076
934.95,1813.0442745283372,-878.0942745283371
1194.24,1775.4797623754325,-581.2397623754325
586.37,1782.3025635767453,-1195.9325635767455
6816.27,5282.232306949631,1534.0376930503699
4852.24,4041.7561256783615,810.4838743216383
611.3,1346.4727796977056,-735.1727796977057
3604.53,3428.711548820539,175.81845117946114
1526.19,2220.1070270598134,-693.9170270598133
3125.68,3144.8186988533075,-19.138698853307687
1733.95,1819.329981629431,-85.37998162943086
1331.76,1542.625813548225,-210.8658135482251
3112.67,1833.2937737528148,1279.3762262471853
7787.15,8586.177053866055,-799.0270538660552
1868.72,3284.399465486405,-1415.679465486405
4750.66,3528.2310871718623,1222.4289128281375
5241.97,3735.4839787123797,1506.4860212876206
2966.42,3592.48373045672,-626.0637304567199
3200.96,2948.039918544813,252.92008145518685
539.82,1736.6318639722967,-1196.8118639722966
1688.64,2303.423296460294,-614.7832964602937
1539.98,2242.1200560475336,-702.1400560475336
1683.67,1795.3499577972907,-111.67995779729063
2374.11,3954.7037927719293,-1580.5937927719292
904.9,2616.2716283658965,-1711.3716283658964
1269.67,2124.530334809954,-854.8603348099541
2367.77,1552.5200065363063,815.2499934636937
4865.9,3713.200216095038,1152.6997839049618
494.41,1583.4833742347578,-1089.0733742347577
899.31,1437.7989224492514,-538.4889224492515
745.75,1283.2895741211871,-537.5395741211871
6120.75,5486.560298359691,634.1897016403091
1692.75,1230.677967198511,462.07203280148906
2305.31,4574.606982636023,-2269.2969826360227
1425.21,2649.8061506793424,-1224.5961506793424
2021.92,4335.58020708621,-2313.66020708621
1791.05,1299.401459482449,491.64854051755106
4481.05,4332.968736834679,148.08126316532162
1014.59,1384.397204997479,-369.80720499747906
2105.04,1514.231049965959,590.8089500340409
2583.92,4743.596194560218,-2159.6761945602175
1790.83,3548.7454616647283,-1757.9154616647284
1493.45,1389.2576443000282,104.19235569997181
2346.9,3079.917325934483,-733.0173259344829
2519.39,4150.045645974468,-1630.6556459744684
1560.67,3315.6729178693463,-1755.0029178693462
4053.75,2520.3412008869095,1533.4087991130905
2072.49,2057.3396991102927,15.150300889707069
1404.6,1942.3487558174506,-537.7487558174507
31710.15,9642.940340798137,22067.209659201864
315.64,1527.5235144023882,-1211.8835144023883
773.8,1513.2160702734434,-739.4160702734434
1135.57,1499.473658950025,-363.90365895002515
3874.8,3874.760782372304,0.03921762769596171
5445.16,3652.291704405556,1792.8682955944437
2113.94,3727.3589553292745,-1613.4189553292745
1132.38,1901.1323170209887,-768.7523170209886
1645.28,2368.387324637396,-723.107324637396
1588.33,1869.3918920753156,-281.06189207531565
1118.77,1894.4507224861566,-775.6807224861566
1938.24,1781.189829529265,157.0501704707351
1872.58,1931.9994748362246,-59.41947483622471
1761.97,2118.5643736975094,-356.59437369750935
7052.7,3779.6636578821203,3273.0363421178795
2774.02,1894.0539862423611,879.9660137576388
1796.17,1705.575504678881,90.59449532111898
8718.77,5951.310897461459,2767.4591025385416
2550.16,2856.2549937703484,-306.09499377034854
766.09,1692.3897304491168,-926.2997304491167
2140.2,2642.474928324852,-502.2749283248522
1481.84,1756.6414421856668,-274.80144218566693
2842.34,2604.3804947732488,237.9595052267514
2382.95,2195.866395931725,187.08360406827478
2936.66,2315.1412241312587,621.5187758687412
2368.76,2294.9042876573467,73.85571234265353
1298.07,1956.0605011056496,-657.9905011056496
3692.29,2452.9280422891393,1239.3619577108607
3328.46,3607.7021513285426,-279.2421513285426
8091.48,9506.54718191988,-1415.0671819198797
2970.74,2752.957648088839,217.78235191116073
3688.09,1996.8469494646602,1691.24305053534
7318.37,3748.0745684904055,3570.2954315095944
4722.74,5303.972948287858,-581.2329482878586
610.02,1838.6671924459918,-1228.6471924459918
2018.15,1462.3899818660725,555.7600181339276
3995.45,2926.638068346515,1068.8119316534849
3633.39,3722.8367110836875,-89.44671108368766
6478.4,8189.0373235918105,-1710.6373235918109
793.89,1768.368143871702,-974.478143871702
2059.34,2375.7828131565734,-316.44281315657327
5262.59,5592.513948640553,-329.92394864055314
2209.26,2250.41439817711,-41.15439817710967
1636.46,1733.623464412942,-97.16346441294195
3060.73,5458.003061133698,-2397.273061133698
10061.75,5197.606108687154,4864.143891312846
1316.27,1865.0186132995204,-548.7486132995205
2821.41,4542.019561371547,-1720.609561371547
801.36,1066.551539894032,-265.19153989403196
886.67,1940.4533465335771,-1053.783346533577
1380.79,1818.8911436126282,-438.1011436126282
2188.91,2188.3875809363353,0.522419063664529
1603.52,2577.4568066857883,-973.9368066857883
705.59,1064.8153238504306,-359.2253238504305
577.46,1587.0562483248798,-1009.5962483248798
1368.23,1339.7156978800892,28.51430211991078
979.74,1594.7712735899352,-615.0312735899352
1238.99,2200.1420066565215,-961.1520066565215
2945.67,2152.9449427228046,792.7250572771954
2527.64,2248.45432256206,279.18567743793983
1856.18,1539.3481493847687,316.83185061523136
1605.68,1815.299863088297,-209.61986308829682
8415.91,3885.8268392324826,4530.083160767517
2232.01,1852.3216753594322,379.688324640568
5202.91,1896.555364251129,3306.354635748871
1463.03,1343.640963390214,119.38903660978599
1513.73,1687.846754419924,-174.11675441992406
957.2,2155.6819308996114,-1198.4819308996114
2272.73,2272.239391323815,0.49060867618482007
646.05,1440.9544088731238,-794.9044088731239
1376.38,1313.7765657922769,62.60343420772324
1300.38,1619.3941279330597,-319.0141279330596
528.2,1078.5609508585587,-550.3609508585587
1132.22,1667.2909891771078,-535.0709891771078
1261.29,1792.2784135637587,-530.9884135637587
2211.64,1972.781068585678,238.8589314143219
1816.99,1846.7231961237103,-29.733196123710286
703.15,1947.584957342822,-1244.4349573428221
689.33,1253.5814974888838,-564.2514974888837
2383.83,2924.2520704858202,-540.4220704858203
3211.64,1628.6533203076897,1582.9866796923102
1728.68,2692.8119986812662,-964.1319986812662
1090.44,2029.9147126119913,-939.4747126119912
979.79,1931.721222715415,-951.9312227154151
1301.33,2394.8044818872518,-1093.4744818872518
872.55,1450.936713204895,-578.3867132048952
1584.47,1815.4085439558296,-230.93854395582957
2187.33,4186.375801850292,-1999.0458018502923
523.43,1761.0944959903363,-1237.6644959903365
707.43,2258.4635638352893,-1551.0335638352894
6368.4,6554.049458322697,-185.64945832269768
1252.97,2918.0818447901124,-1665.1118447901124
1370.69,1808.045509957952,-437.3555099579519
3188.54,3001.802938328077,186.73706167192313
853.13,1630.2604130568998,-777.1304130568998
5000.75,3899.2660514299596,1101.4839485700404
1016.59,1349.993862678751,-333.4038626787509
861.41,1765.020565601018,-903.610565601018
915.84,3272.3523435194975,-2356.5123435194973
2533.19,1452.5847360193657,1080.6052639806344
817.43,2049.782528464895,-1232.3525284648954
2775.39,4336.384176499416,-1560.994176499416
4310.67,1683.7647691888576,2626.9052308111422
400.69,1650.1277639428808,-1249.4377639428808
2812.67,4515.155119369274,-1702.485119369274
5303.39,3173.3701704784744,2130.019829521526
2183.09,1410.773500243202,772.3164997567981
363.37,1220.142052775229,-856.7720527752291
2994.01,2125.807403556862,868.2025964431382
6055.09,4710.764351149965,1344.3256488500356
564.82,1283.0319034113297,-718.2119034113297
2444.27,3951.4796560135305,-1507.2096560135305
6738.05,2937.536364180833,3800.513635819167
1268.82,1478.4662323731625,-209.64623237316255
2694.54,2397.343000000851,297.19699999914883
1182.93,1603.9006808739937,-420.9706808739936
3890.22,6727.758763422409,-2837.5387634224094
6254.05,3991.329305172392,2262.720694827608
4629.81,1766.0113991828036,2863.7986008171965
830.32,1284.975929453396,-454.65592945339597
7604.55,3505.5246837495197,4099.0253162504805
1165.94,1461.514406562278,-295.574406562278
1504.23,1646.0897883445618,-141.85978834456182
1930.1,4061.4005551951614,-2131.3005551951615
2780.07,2437.78885303331,342.28114696669036
11646.95,10402.367462502249,1244.5825374977521
6964.19,4910.090875498817,2054.099124501183
3669.86,1765.1485525539683,1904.7114474460318
7200.03,2642.7160303625838,4557.313969637416
6865.61,5405.827426720838,1459.7825732791616
7076.88,9455.566644654833,-2378.686644654833
637.06,1116.2754843914286,-479.2154843914286
636.64,1648.4689329255186,-1011.8289329255186
504.37,3014.6064893695243,-2510.2364893695244
1896.56,2205.170559203023,-308.61055920302306
4153.86,5403.299050459089,-1249.4390504590892
2805.58,1932.8788826496482,872.7011173503518
1328.66,2328.9492038977555,-1000.2892038977554
867.96,1893.7340496413735,-1025.7740496413735
3622.16,3870.0801721550447,-247.92017215504484
719.05,2461.6456944400425,-1742.5956944400425
2264.32,1655.0695287351618,609.2504712648383
3122.42,1752.5254741094154,1369.8945258905846
3403.52,4656.269373206647,-1252.7493732066473
2223.87,1794.7886714405167,429.08132855948315
9562.53,9603.140186195304,-40.61018619530296
3180.54,2519.420161299,661.1198387009999
9352.39,10657.608158136543,-1305.218158136544
4494.3,2930.7212520381954,1563.5787479618048
3322.33,5317.999560820851,-1995.669560820851
1897.55,3095.2740114455532,-1197.7240114455533
1036.92,1736.1239699075836,-699.2039699075835
2039.79,2626.478869172471,-586.6888691724712
4477.41,1920.7990397221563,2556.6109602778433
863.03,1369.7780460386598,-506.7480460386598
2520.38,1704.6029880474832,815.7770119525169
4537.56,2109.9484370729742,2427.611562927026
684.59,1593.5239890749287,-908.9339890749287
775.99,1445.6589909842442,-669.6689909842441
359.81,1655.5753437616415,-1295.7653437616416
1199.93,1505.8646283671812,-305.9346283671812
3927.59,3253.1140268053327,674.4759731946674
776.78,1846.8665318965284,-1070.0865318965284
1279.27,2641.3198236073026,-1362.0498236073026
868.63,2048.0907223977542,-1179.4607223977541
3064.22,3027.288454030076,36.93154596992372
1143.73,1994.3829018197148,-850.6529018197148
2234.8,1832.138172145358,402.66182785464207
8798.87,2643.3444437615003,6155.525556238501
1836.26,1840.446917301702,-4.186917301701897
10789.87,6313.3315051515565,4476.538494848444
3787.22,4352.528361487737,-565.3083614877373
3739.78,3190.110269193814,549.6697308061862
4680.36,5131.132411848861,-450.77241184886134
1714.35,1684.5377375924556,29.812262407544267
1063.44,3487.729160314796,-2424.289160314796
13858.46,12828.972764527462,1029.4872354725376
1192.01,1073.7273954164054,118.28260458359455
1578.52,1342.6297771620664,235.8902228379336
1556.89,4347.222451673023,-2790.3324516730227
6181.36,4372.640066922301,1808.7199330776984
2226.87,2841.6641761020655,-614.7941761020656
851.88,1996.2483781844567,-1144.3683781844566
2658.6,5525.288589217844,-2866.688589217844
2973.76,2482.4414999424343,491.31850005756587
3325.98,2023.5211385271266,1302.4588614728734
701.9,1589.4480224366587,-887.5480224366587
3652.28,3361.68335698773,290.5966430122703
3984.26,2581.9204425868174,1402.3395574131828
1196.1,1733.0631788114345,-536.9631788114345
4568.97,3915.9205175536877,653.0494824463126
3606.48,4252.073995446363,-645.5939954463634
657.13,1035.596011331901,-378.4660113319011
3363.19,2188.9337047384324,1174.2562952615676
394.92,1559.3583287763358,-1164.4383287763358
1378.9,7889.512354698955,-6510.612354698955
14556.13,11197.828740066549,3358.3012599334506
624.63,1645.3808107952473,-1020.7508107952473
1473.42,1275.253686291406,198.1663137085941
1210.84,2197.505840119425,-986.6658401194252
1026.08,1637.2798982643685,-611.1998982643686
1310.5,1221.8747179047161,88.62528209528386
671.01,1859.2675045466233,-1188.2575045466233
1490.63,2047.4320685265518,-556.8020685265517
1315.83,1524.9369022123074,-209.10690221230743
1252.43,4413.262688606098,-3160.8326886060977
2115.95,2013.8284432668443,102.12155673315556
3162.01,7860.967292138577,-4698.957292138577
4275.88,1954.0319998934974,2321.8480001065027
3700.12,4119.383630326521,-419.2636303265208
4745.07,1740.9705825341757,3004.099417465824
1484.01,1535.3798315469242,-51.36983154692416
1347.51,3564.513908961685,-2217.003908961685
1611.78,1747.1051774547477,-135.32517745474775
1270.48,1637.3485481531418,-366.8685481531418
1639.23,4425.985612717857,-2786.7556127178573
919.95,1242.769272561401,-322.819272561401
1006.31,2654.1738011805355,-1647.8638011805356
675.72,1532.6117550712647,-856.8917550712647
952.98,1674.670601459264,-721.6906014592639
1849.97,2263.4000034625533,-413.43000346255326
898.89,2769.3152099772915,-1870.4252099772916
16569.9,7971.908273904217,8597.991726095785
3727.56,5313.778216997353,-1586.2182169973535
2119.58,1765.5677257789557,354.0122742210442
798.42,1727.7388459967667,-929.3188459967668
3575.09,2656.0322641320913,919.0577358679088
1883.36,1642.9528432299403,240.4071567700596
1843.08,2187.638692443302,-344.5586924433019
1928.33,1234.831613035439,693.498386964561
1249.53,1687.1186536179312,-437.5886536179312
1711.01,1715.932320678662,-4.922320678662118
2294.27,1525.2778710131681,768.9921289868319
985.74,1657.0789867955204,-671.3389867955204
3226.23,2497.551065836516,728.678934163484
836.4,2256.1491382408863,-1419.7491382408862
1647.6,2146.191758093395,-498.59175809339513
1970.29,2062.9823146494646,-92.6923146494646
7229.05,5372.291827993397,1856.7581720066028
853.82,1841.2314000663853,-987.4114000663852
4808.28,5070.0602671762845,-261.7802671762847
2128.22,2454.447667907974,-326.22766790797414
4121.23,3869.9540117538763,251.27598824612323
2678.73,2386.3050576610835,292.4249423389165
18270.03,9102.064400735877,9167.965599264122
3835.45,2235.744949866861,1599.7050501331387
4975.68,1634.7147325393246,3340.965267460676
9097.96,9111.688687550544,-13.728687550545146
1620.01,984.7130816713094,635.2969183286906
744.86,2013.5611446982396,-1268.7011446982397
3739.86,8226.37087766576,-4486.51087766576
1239.0,1554.0973659687245,-315.0973659687245
623.29,1137.4775469471822,-514.1875469471822
876.75,2222.9555846114167,-1346.2055846114167
7261.61,6960.596368662921,301.01363133707855
4068.52,3826.076963474782,242.44303652521785
4286.0,3790.0855680821855,495.91443191781445
1153.68,2082.541507270714,-928.8615072707141
1199.12,1559.830629089101,-360.7106290891011
2001.32,3543.0741194131065,-1541.7541194131065
1714.65,4385.269238600347,-2670.619238600347
7901.87,14166.068869829207,-6264.198869829207
14378.6,6409.748306608106,7968.8516933918945
2409.72,3555.386973812892,-1145.6669738128921
2498.08,2700.5206607575988,-202.44066075759883
972.2,2893.8546955485494,-1921.6546955485494
1342.93,1977.2462847454397,-634.3162847454396
5429.42,4186.862049762847,1242.557950237153
1890.3,1996.2155858328053,-105.91558583280539
3569.46,2994.1282363192977,575.3317636807024
2270.48,1692.800404361913,577.679595638087
2363.42,4099.5538413927925,-1736.1338413927924
1045.37,1333.5958065579507,-288.2258065579508
609.45,1330.6858782408724,-721.2358782408724
2808.82,1594.7796138926044,1214.0403861073958
2401.74,3427.138800260081,-1025.3988002600813
3478.14,2851.143455140196,626.9965448598041
449.05,1363.7512850527255,-914.7012850527256
3137.63,3307.709692088039,-170.07969208803888
590.0,6486.82823129828,-5896.82823129828
10954.62,8249.193503900458,2705.4264960995424
921.84,1801.953690394933,-880.1136903949329
1430.25,2550.1661153498258,-1119.9161153498258
1759.66,3174.6282334865527,-1414.9682334865527
798.54,1263.070992990442,-464.530992990442
3967.65,10103.702329902777,-6136.052329902777
5630.17,2712.1131640392546,2918.0568359607455
6101.18,6059.695261772037,41.484738227963135
728.77,1712.052489428665,-983.282489428665
449.86,1559.172089037043,-1109.3120890370428
1078.08,1678.9452495005178,-600.8652495005178
1531.77,1831.059368967286,-299.289368967286
1052.62,1673.038853207188,-620.418853207188
2219.62,2238.3976307298853,-18.77763072988546
5633.63,4844.352591756867,789.2774082431333
7735.78,7160.51538737295,575.2646126270502
4617.95,2991.6197898613523,1626.3302101386475
942.99,1811.7359675109221,-868.7459675109221
3560.07,2836.9405694308566,723.1294305691436
3844.22,2060.0258376041534,1784.1941623958464
2463.24,2183.093978420653,280.1460215793468
6986.42,2265.3105183587227,4721.109481641277
2908.39,3721.5129379861605,-813.1229379861607
2527.91,1909.3416102628905,618.5683897371093
7674.92,2220.513109834724,5454.406890165275
907.78,1586.206253928837,-678.426253928837
819.73,1610.5519739228725,-790.8219739228725
1899.63,2321.4390266865694,-421.80902668656927
2109.06,1856.2742159099043,252.7857840900956
2443.75,2462.2328901721885,-18.48289017218849
3388.6,2057.6810714444027,1330.9189285555972
770.58,1283.6093299309146,-513.0293299309145
2141.49,5065.4095748989,-2923.9195748989005
2804.74,2934.59606969644,-129.85606969644004
22989.62,16203.429842306537,6786.1901576934615
862.59,1920.8747918094975,-1058.2847918094976
757.15,1133.5697171912432,-376.4197171912432
10545.15,4528.548155359051,6016.601844640949
1212.31,2914.0380270171327,-1701.7280270171327
550.35,2557.8783465765327,-2007.5283465765328
3369.39,5476.166019096937,-2106.776019096937
9252.88,5036.115497180567,4216.764502819432
740.92,1732.03340007928,-991.11340007928
4575.77,2850.3744288510557,1725.3955711489448
1458.23,2920.7593129126585,-1462.5293129126585
1998.22,2154.6365240617,-156.4165240617001
3067.31,3135.0606558453414,-67.7506558453415
3934.23,1893.846616334739,2040.383383665261
24046.29,12120.628563646094,11925.661436353907
1304.54,1827.2294308449234,-522.6894308449234
758.46,1489.1245472080673,-730.6645472080672
5343.05,2312.427349221092,3030.6226507789083
505.85,1100.9389693443825,-595.0889693443825
915.77,2482.662247522867,-1566.892247522867
2783.75,1517.7646580005478,1265.9853419994522
649.57,1926.9425652734203,-1277.3725652734202
702.98,1569.535389756971,-866.555389756971
1779.58,1723.576842669655,56.00315733034495
6535.52,2418.0509342362975,4117.469065763703
2385.45,2027.6591571659867,357.7908428340131
1405.98,4022.73899582522,-2616.75899582522
2695.61,1472.016591119181,1223.5934088808192
2714.23,2197.036892960454,517.1931070395458
999.61,2026.0991890358002,-1026.4891890358003
1633.37,1864.6341844821568,-231.2641844821569
519.66,1385.4432628015174,-865.7832628015175
1039.92,1419.1874383074924,-379.2674383074923
3089.73,2158.807941526209,930.9220584737909
2542.47,3095.919046463358,-553.4490464633582
2892.26,2176.107120878994,716.1528791210062
6818.73,5692.861216322542,1125.868783677458
2754.08,2424.4058301052555,329.6741698947444
1936.87,2214.8751385610494,-278.00513856104953
2316.43,1740.9691724431007,575.4608275568992
935.91,2061.5732352898917,-1125.6632352898919
9722.56,9059.58518533416,662.9748146658403
3578.01,1981.2898616709522,1596.720138329048
4950.76,3834.7137262663687,1116.0462737336316
2630.04,2957.926461152629,-327.8864611526292
1317.15,2140.1904750388394,-823.0404750388393
2393.02,2593.3921411073907,-200.3721411073907
2411.44,4131.93177410663,-1720.4917741066297
2939.02,2418.5310108992503,520.4889891007497
5806.6,4815.8661873028095,990.7338126971908
1679.02,2371.8479979928534,-692.8279979928534
5493.25,6135.755942174621,-642.5059421746209
1047.45,1502.5146961705318,-455.06469617053176
17099.99,12243.810365508823,4856.179634491178
3803.6,4721.410318583008,-917.8103185830082
3154.86,2093.202624526202,1061.6573754737983
1055.72,1733.1445560858133,-677.4245560858133
5052.35,5345.342724770498,-292.99272477049726
2465.62,2889.8716337195347,-424.25163371953477
4665.86,6104.856066373907,-1438.9960663739075
727.48,1364.4133989031009,-636.9333989031009
1677.07,2211.2497941680695,-534.1797941680695
3066.89,1559.5923986934586,1507.2976013065413
628.87,1622.210128303348,-993.340128303348
4642.8,2515.99101020573,2126.80898979427
1401.18,2171.690158778596,-770.510158778596
2616.97,2386.0857832748807,230.88421672511913
8118.93,7270.113269528066,848.8167304719345
2793.88,3389.2500364472594,-595.3700364472593
4761.33,1944.4805260602673,2816.849473939733
1015.89,2154.4039295418806,-1138.5139295418808
5015.78,4882.330912973889,133.44908702611065
931.87,1209.4981163780349,-277.62811637803486
2890.92,3061.652800698028,-170.73280069802786
468.87,1593.7643572102131,-1124.894357210213
6510.59,2069.6210991175403,4440.96890088246
656.46,1844.4979292119697,-1188.0379292119696
2244.49,2367.2334794979192,-122.74347949791945
3722.06,4789.1140363850545,-1067.0540363850546
3633.29,1833.2937737528148,1799.9962262471852
2049.63,2060.5919446497965,-10.96194464979635
3144.88,5867.435921989642,-2722.5559219896422
872.89,1363.1003958497613,-490.2103958497613
1381.56,1721.403882847027,-339.8438828470271
1360.57,1899.085191530906,-538.5151915309061
3303.74,3469.768836050787,-166.02883605078705
9571.28,5582.343176662287,3988.9368233377136
2165.81,1475.0238837111922,690.7861162888078
5987.88,5173.42295576107,814.4570442389304
4044.14,2001.6270098188927,2042.5129901811072
2105.2,4050.145937039126,-1944.945937039126
1971.62,1751.490679382442,220.12932061755782
502.15,2979.5441416932467,-2477.3941416932466
6039.97,6279.768241302952,-239.7982413029522
2091.47,4305.5706643912845,-2214.1006643912847
5444.02,3380.887608788494,2063.1323912115063
4909.67,4052.2460097623652,857.4239902376348
853.48,1451.8430990513853,-598.3630990513852
616.06,1390.0452812067472,-773.9852812067472
928.76,1563.1087953637286,-634.3487953637286
3881.44,2561.305996717105,1320.1340032828953
7735.46,6752.630293368833,982.829706631167
1520.61,1981.4117262410302,-460.80172624103034
2194.09,1778.6469404978343,415.44305950216585
1342.67,1408.7799525308628,-66.10995253086276
835.27,1559.4371757962417,-724.1671757962417
12071.7,8193.376621311241,3878.3233786887595
1576.21,3603.4716825416126,-2027.2616825416126
874.86,1815.299863088297,-940.4398630882969
1390.92,2525.366271014203,-1134.446271014203
1223.86,1660.0664513976335,-436.2064513976336
1187.76,1419.0654808782435,-231.30548087824354
4647.02,2113.5106410018534,2533.509358998147
923.07,1795.173004957089,-872.103004957089
2926.29,3864.322403261242,-938.032403261242
357.35,1464.7172547719656,-1107.3672547719657
639.33,2641.0531036561156,-2001.7231036561157
1145.33,3028.3728537266466,-1883.0428537266466
1016.69,1695.9884656641884,-679.2984656641884
7636.48,8045.394108311466,-408.9141083114664
647.14,2207.5354413132227,-1560.3954413132228
813.63,1577.540049118435,-763.910049118435
1264.28,1571.1396125360925,-306.8596125360925
739.4,1457.3261096331476,-717.9261096331476
585.62,1895.6980478469807,-1310.0780478469806
770.2,2753.752634996689,-1983.5526349966888
1885.33,1734.5238352059496,150.80616479405035
925.71,2439.5405315705943,-1513.8305315705943
824.11,1770.8787679676054,-946.7687679676054
1666.18,1803.2616549942436,-137.08165499424354
2738.14,1502.09131268325,1236.04868731675
2266.47,3946.509619602072,-1680.039619602072
2785.29,3777.664690360821,-992.3746903608212
2080.71,2553.6566451149633,-472.9466451149633
6465.33,4229.90884045538,2235.4211595446195
10008.92,9934.493413056658,74.42658694334204
3078.0,2506.1747059489708,571.8252940510292
937.64,2222.373465245286,-1284.733465245286
1078.59,1610.3960342742769,-531.806034274277
3408.64,4240.568276796804,-831.9282767968039
2173.44,1838.6576746983799,334.7823253016202
9320.78,6156.425739408681,3164.35426059132
4591.23,4130.68844953633,460.5415504636694
1790.53,2610.3370224475107,-819.8070224475107
697.69,1523.0775812284264,-825.3875812284264
2045.8,2450.8747630807334,-405.0747630807334
1406.4,3071.7256188385772,-1665.3256188385772
7924.36,8410.032352368771,-485.6723523687715
8005.65,4033.644481359283,3972.0055186407167
514.12,3519.647270464192,-3005.527270464192
8240.85,6858.3569478125555,1382.4930521874448
2051.11,1620.3354220234432,430.7745779765569
560.25,2411.4058295308473,-1851.1558295308473
13021.56,5355.186193685235,7666.373806314765
1313.35,2446.1965795349624,-1132.8465795349625
3715.62,2613.0736465345653,1102.5463534654345
3263.79,3777.544893027296,-513.754893027296
957.25,1269.7039911000263,-312.4539911000263
10637.32,7308.750011488258,3328.569988511742
1829.65,1328.5279777247697,501.1220222752304
1679.52,1770.7061907616485,-91.1861907616485
3649.37,3510.71488527286,138.6551147271398
829.16,1424.9882811410698,-595.8282811410699
3508.46,2218.72587735843,1289.7341226415701
2315.99,2030.8504113689992,285.1395886310006
3447.76,6257.716793573207,-2809.9567935732066
514.1,1460.170363087119,-946.0703630871191
3133.31,3727.596193579286,-594.2861935792862
1942.35,2013.161755215003,-70.81175521500313
950.56,1790.570462049634,-840.010462049634
3309.99,2658.093714126648,651.8962858733516
796.1,2245.005779738088,-1448.9057797380883
11414.78,10855.04331365033,559.73668634967
1605.4,1824.553782611774,-219.15378261177398
4676.42,2659.1306059615395,2017.2893940384606
1050.9,1752.4296995885732,-701.5296995885731
1228.04,2043.9806702619776,-815.9406702619776
2517.18,1760.9782110441665,756.2017889558333
3395.83,2595.06946547311,800.7605345268898
1470.8,2783.452411167326,-1312.652411167326
1823.1,1921.3141737426433,-98.21417374264342
2216.85,2999.5874014859146,-782.7374014859147
6608.59,7742.520013653243,-1133.930013653243
704.15,1102.0638381371236,-397.91383813712366
336.83,1425.9102142413383,-1089.0802142413384
5007.2,2847.068050822227,2160.1319491777726
2995.96,1826.8501858185577,1169.1098141814423
2456.55,3205.597652641424,-749.0476526414236
5210.16,1733.5620912349123,3476.5979087650876
702.79,2126.204597206053,-1423.4145972060533
1765.07,2033.662400132619,-268.5924001326191
1469.47,1372.2974689670855,97.17253103291455
396.65,1485.5233979949478,-1088.873397994948
1458.39,1931.2984151255805,-472.9084151255804
1378.62,1454.919541984154,-76.29954198415408
10418.41,3485.7535400045285,6932.656459995471
5351.25,7514.378115752112,-2163.1281157521116
537.15,1262.4259836961378,-725.2759836961378
9683.27,10732.994898574909,-1049.7248985749084
1050.45,7242.595543295848,-6192.145543295848
4673.67,2628.882488721127,2044.787511278873
5589.36,4391.292586862277,1198.0674131377227
2523.88,3365.9874137570405,-842.1074137570404
559.01,1425.6662675474684,-866.6562675474684
1809.98,2155.970180411184,-345.99018041118416
724.13,1393.4559981933296,-669.3259981933296
3494.77,2876.5966912204785,618.1733087795214
1483.02,1591.6734144919415,-108.65341449194148
9065.13,8282.550230212611,782.5797697873877
2201.5,4201.026616855447,-1999.5266168554472
3202.07,6184.515569416995,-2982.445569416995
1244.49,3881.4584132472805,-2636.9684132472803
4220.38,3854.960538841047,365.41946115895325
1062.28,2238.1676448718085,-1175.8876448718086
1405.44,2764.7630454747073,-1359.3230454747072
3529.9,2690.7713857112312,839.1286142887689
9939.69,4890.77415272412,5048.915847275881
1050.37,1935.9092360604527,-885.5392360604528
4650.56,7503.626926087792,-2853.066926087791
6852.92,8339.19188906252,-1486.2718890625201
1784.88,1654.5760254263478,130.30397457365234
945.6,1026.418920555264,-80.81892055526407
3032.85,2794.836954110944,238.01304588905577
1698.48,2903.9905420698797,-1205.5105420698796
1116.3,2040.8278386633815,-924.5278386633815
22717.59,12693.97875350818,10023.61124649182
2799.23,2179.9429644306615,619.2870355693385
539.19,2479.6213464944126,-1940.4313464944125
1158.04,2036.8114523442734,-878.7714523442735
886.74,1290.549329737674,-403.80932973767403
920.4,2056.809004266107,-1136.4090042661069
2147.54,2082.805071120425,64.73492887957491
1757.88,3875.4761558570212,-2117.596155857021
3794.48,2754.433754818668,1040.0462451813319
5505.86,1548.5643974434722,3957.2956025565272
2088.56,1880.7344748167616,207.82552518323837
1670.98,1301.9544158120623,369.02558418793774
662.33,2612.725526202308,-1950.3955262023082
1181.18,2708.5796415344494,-1527.3996415344493
1029.79,1673.9362801768204,-644.1462801768205
2580.85,3193.1572229482817,-612.3072229482818
192.56,1763.2531288709738,-1570.6931288709739
12931.99,8194.0214574862,4737.9685425138
4998.5,7339.99712499432,-2341.49712499432
2861.67,2644.036641240965,217.63335875903522
701.85,2225.870307235794,-1524.020307235794
1280.48,2874.7881940092475,-1594.3081940092475
1100.62,2135.603312190423,-1034.983312190423
6722.73,6521.981232028439,200.74876797156048
2253.13,4724.504952508731,-2471.3749525087305
4021.22,3559.7582189943073,461.4617810056925
6484.32,7527.424988748372,-1043.1049887483723
3730.88,4692.7963680729135,-961.9163680729134
1587.32,2625.090415180512,-1037.7704151805121
1906.61,1265.4494404760374,641.1605595239625
580.89,1394.8979289423908,-814.0079289423908
1222.5,2458.125451514393,-1235.6254515143928
2341.01,4677.3562226842905,-2336.3462226842903
842.29,1999.3460266227416,-1157.0560266227417
574.51,1539.4447084524274,-964.9347084524275
403.8,1523.7241946864076,-1119.9241946864076
1972.38,1941.762948199095,30.617051800905074
1561.42,5785.907923525933,-4224.487923525933
3714.62,2993.2489321451817,721.3710678548182
9908.83,4001.1151984792714,5907.7148015207285
2009.61,1813.0268069433905,196.5831930566094
2117.14,1897.334540765449,219.80545923455088
26362.6,8551.047885453061,17811.55211454694
9143.77,7352.523976895134,1791.2460231048663
942.33,1361.4757758343567,-419.14577583435664
3753.51,3926.432222114607,-172.92222211460694
7107.84,4669.754602102835,2438.0853978971654
2694.38,2337.982127867303,356.3978721326971
2026.62,5138.714823924127,-3112.094823924127
2111.04,4118.683557970363,-2007.643557970363
783.29,2798.170402519904,-2014.8804025199042
2646.85,2667.876302058025,-21.026302058025067
351.0,1949.3393521883315,-1598.3393521883315
1262.89,1737.7890839573954,-474.8990839573953
5121.74,3495.2468888972844,1626.4931111027154
646.18,2721.608452833795,-2075.4284528337953
908.73,1294.0200918412045,-385.29009184120446
1209.06,1847.071952199162,-638.0119521991621
2103.32,2405.6298535776587,-302.3098535776585
7020.55,5869.433766902026,1151.1162330979741
1162.37,1538.6035099762576,-376.23350997625766
538.87,1733.1145884917778,-1194.244588491778
1603.32,1960.6362683264865,-357.3162683264866
1998.44,2284.5094415128137,-286.0694415128137
4289.45,2174.0302275990216,2115.419772400978
2395.85,2397.383578164433,-1.5335781644330382
869.22,1895.0475224214472,-1025.8275224214472
993.26,1601.692001661031,-608.4320016610311
2670.47,2077.633120987559,592.8368790124409
2350.67,2729.2023960982788,-378.5323960982787
462.48,881.4427391339514,-418.96273913395135
1669.46,3498.336365940799,-1828.8763659407991
1978.26,2097.257601346382,-118.99760134638223
3561.17,1830.9821664019823,1730.1878335980177
1484.22,2309.015359037979,-824.7953590379791
2832.84,4585.412167502342,-1752.5721675023415
538.39,1504.3584246943415,-965.9684246943415
1226.39,1689.1612044308777,-462.77120443087756
2527.95,1212.706556470929,1315.2434435290709
1170.95,1231.7601986734328,-60.81019867343275
1375.95,2136.8623254597205,-760.9123254597205
1419.88,1588.3882068838022,-168.50820688380213
11332.41,5845.178915181572,5487.231084818428
1281.58,2658.9831513863714,-1377.4031513863715
929.33,2410.157400976054,-1480.827400976054
1317.37,2079.1094971367284,-761.7394971367285
1304.4,2265.645913666091,-961.2459136660909
3871.79,2805.01589917698,1066.77410082302
14899.99,8182.453628879368,6717.536371120632
2652.26,1548.5553334011884,1103.7046665988119
2486.64,3761.54671578572,-1274.9067157857203
781.49,1418.636014380287,-637.1460143802869
4839.52,2583.6299172849667,2255.8900827150337
1269.65,1831.0078164641384,-561.3578164641383
5147.57,1845.9413185383805,3301.628681461619
2094.48,1782.176935664146,312.30306433585406
823.79,1279.1726571702804,-455.3826571702805
1487.77,2943.39297787824,-1455.62297787824
3554.1,3866.423262022369,-312.3232620223689
4725.26,3832.9109479049457,892.3490520950545
846.28,2921.9119450761114,-2075.631945076111
1258.12,1536.697388103219,-278.57738810321916
1664.33,1267.0590284982488,397.2709715017511
766.49,1102.1298738535627,-335.6398738535627
2063.14,2227.110306077866,-163.9703060778661
7080.22,9350.125562075074,-2269.905562075074
3654.55,2086.125786633917,1568.4242133660832
2103.85,2057.390370505748,46.45962949425211
657.26,1638.4297184837521,-981.1697184837521
5581.8,4058.374410983289,1523.425589016711
3630.52,2350.6573706040426,1279.8626293959574
4147.72,6796.749307601882,-2649.0293076018816
14392.04,8496.10427019677,5895.93572980323
912.64,1750.397266873902,-837.757266873902
1287.14,1975.1406135246386,-688.0006135246385
8478.84,9839.668750753835,-1360.8287507538353
2812.27,2036.7940537543839,775.4759462456161
1748.48,2667.005810917976,-918.5258109179758
1859.55,2420.6239349953344,-561.0739349953344
2995.95,2484.5760767561887,511.3739232438111
4637.77,2843.4523520923904,1794.31764790761
2064.0,2332.9979706246004,-268.9979706246004
2939.12,5061.952017909791,-2122.832017909791
281.0,2752.2297975083234,-2471.2297975083234
6440.27,1813.958466481628,4626.311533518372
1306.4,1704.8633174325814,-398.46331743258133
1558.15,1503.0581486681294,55.09185133187066
2635.1,2017.767094669078,617.3329053309219
2420.06,4409.847499333101,-1989.787499333101
4162.96,2313.1950674548116,1849.7649325451885
737.97,1108.5797124021672,-370.60971240216713
1657.97,2497.6107056366745,-839.6407056366745
2234.54,2334.9116247865895,-100.37162478658956
5848.91,3161.8526886767618,2687.057311323238
928.0,1847.0237552503984,-919.0237552503984
1973.33,3424.3879170696737,-1451.0579170696737
457.44,2172.2161845657884,-1714.7761845657883
1885.98,2131.2824370341013,-245.30243703410133
439.89,1495.962830365512,-1056.072830365512
3598.88,4075.393995816363,-476.5139958163627
1042.78,2638.601976796048,-1595.821976796048
9834.73,8343.257286619342,1491.4727133806573
972.06,1141.892990736939,-169.8329907369391
567.18,1122.7282782538075,-555.5482782538076
9987.15,6299.256735445264,3687.8932645547357
1107.0,1797.7845127640246,-690.7845127640246
5099.46,4227.863016627941,871.5969833720592
2069.15,2824.0272600127732,-754.8772600127731
1529.52,2012.0964445061213,-482.57644450612133
1286.83,1998.3654133871444,-711.5354133871444
1834.75,5207.0122529352375,-3372.2622529352375
1897.37,1974.6196991544484,-77.24969915444854
8478.16,4551.121419503092,3927.0385804969083
1503.61,2581.9745891179346,-1078.3645891179347
4384.35,3528.140676516892,856.2093234831082
2160.48,2157.326586040604,3.153413959395948
758.37,1567.8981875444597,-809.5281875444597
899.03,1732.0848532782345,-833.0548532782345
1472.44,1690.5520435973028,-218.11204359730277
585.02,1837.301045385603,-1252.281045385603
2008.17,1843.2790367006228,164.8909632993773
1190.15,1485.0520496735542,-294.9020496735541
1007.3,1607.7214283333333,-600.4214283333333
1831.39,2437.1405715055744,-605.7505715055743
2538.71,1809.9885156139553,728.7214843860447
1400.03,2083.842847386732,-683.8128473867321
1020.8,1838.787502192963,-817.9875021929631
1600.51,2331.419177529378,-730.909177529378
2110.03,2276.842042127547,-166.81204212754665
2624.7,2161.2532954017606,463.4467045982392
930.95,1601.8663564827762,-670.9163564827761
5218.34,5972.925572408713,-754.5855724087132
1715.58,1810.753176699239,-95.1731766992391
5235.52,6442.736320665401,-1207.2163206654004
4370.98,6670.245860999528,-2299.2658609995287
1142.23,1657.7072077443984,-515.4772077443984
2419.29,4367.781476191103,-1948.4914761911032
2276.55,2443.680322635813,-167.13032263581272
2646.3,1826.6853244469614,819.6146755530388
1626.99,2103.319029698477,-476.32902969847714
1976.56,2276.550833037407,-299.9908330374069
1141.7,3300.7552672324787,-2159.0552672324784
6026.79,7108.884128577905,-1082.0941285779054
1906.05,1910.00606645608,-3.9560664560799523
7168.82,5408.181930088858,1760.6380699111414
3205.23,2749.9616896429093,455.26831035709074
1606.84,1249.1447528283504,357.6952471716495
4383.91,3023.8745285091654,1360.0354714908344
590.44,1425.9102142413383,-835.4702142413382
7619.44,4399.650561694983,3219.789438305017
2104.74,2169.8622075728517,-65.12220757285195
577.87,1123.399852746074,-545.529852746074
6215.42,4602.522341350596,1612.8976586494036
1577.75,1984.7919968632948,-407.0419968632948
637.52,1165.0683413417642,-527.5483413417642
1590.35,2614.1643463176856,-1023.8143463176857
560.06,1006.4241590684662,-446.3641590684663
1724.39,1646.4335378317041,77.95646216829596
641.87,1433.4718214860998,-791.6018214860998
9707.86,3872.0118651235985,5835.848134876402
734.07,1987.978055526491,-1253.908055526491
6789.47,3317.624901993752,3471.8450980062485
1032.14,2402.289510490245,-1370.149510490245
1172.5,3920.705466278196,-2748.205466278196
828.27,1834.4646163427165,-1006.1946163427165
2093.06,2777.6525208497774,-684.5925208497774
1627.25,2256.663763045577,-629.4137630455771
455.4,2057.4855761036256,-1602.0855761036255
2670.56,4127.47528579964,-1456.91528579964
2687.73,3510.208533560502,-822.478533560502
6708.88,5608.60574347437,1100.2742565256303
4060.79,4481.619930349985,-420.82993034998526
5397.54,2285.882360601917,3111.657639398083
2684.45,1969.1289394230091,715.3210605769907
4283.61,3175.6315956220974,1107.9784043779023
4372.12,5015.275878661314,-643.1558786613141
501.08,1323.9109811957142,-822.8309811957142
6750.67,3600.2793687580256,3150.3906312419745
3840.49,5020.747956582905,-1180.2579565829055
3933.01,5447.001719971261,-1513.9917199712609
779.06,1738.2728186018546,-959.2128186018547
5870.22,7141.266972429673,-1271.0469724296727
4723.41,2516.0783236309762,2207.3316763690236
6697.93,5928.861523904961,769.0684760950389
2474.09,2026.3089922656648,447.7810077343354
2037.27,1568.7651975491892,468.50480245081076
2482.1,2232.7437235457405,249.3562764542594
9021.81,7901.628182200044,1120.1818177999558
4698.22,3928.720864705722,769.4991352942784
689.55,2238.463460183859,-1548.913460183859
1693.64,2030.6819316068638,-337.0419316068637
7933.0,6962.795708948375,970.2042910516248
3654.17,2527.179615376519,1126.990384623481
1535.15,1939.5994687514744,-404.44946875147434
2900.76,2103.009697030468,797.7503029695322
2336.27,1650.541880363357,685.728119636643
1158.92,1675.979154567904,-517.059154567904
1825.88,3461.456829330361,-1635.5768293303609
1596.38,1507.5117029156681,88.86829708433197
4128.02,4791.088893537476,-663.0688935374756
9225.28,4443.132987861701,4782.1470121383
1250.25,1853.8124205738654,-603.5624205738654
3059.05,3832.9581344364956,-773.9081344364954
5033.78,5229.226182238926,-195.44618223892667
2823.03,1580.3575098613253,1242.672490138675
684.31,1621.482638618996,-937.172638618996
1711.71,1589.4480224366587,122.26197756334136
2313.34,2359.1258271091674,-45.78582710916726
8336.62,6011.263418822129,2325.3565811778717
2273.22,2388.9417315799965,-115.72173157999669
1710.72,2766.337613040781,-1055.617613040781
2331.76,4396.69732252794,-2064.9373225279396
1387.11,3967.8194390786643,-2580.709439078664
3967.17,2092.654637892338,1874.515362107662
996.93,2153.1257892084614,-1156.1957892084615
2185.58,2132.1997856485946,53.38021435140536
1522.26,2046.601767912467,-524.341767912467
9568.01,4327.85205057209,5240.15794942791
533.6,1792.0670130803119,-1258.467013080312
2067.88,1839.4315951378744,228.4484048621257
32482.93,4334.48544253538,28148.44455746462
1347.07,2242.920162813597,-895.8501628135971
6373.72,4660.700592125202,1713.0194078747982
1711.74,1659.1801733596742,52.55982664032581
14152.39,8249.094523012385,5903.295476987614
1379.29,1650.0376760973554,-270.74767609735545
1567.11,1389.4621027541805,177.64789724581942
3727.9,2271.4115604181475,1456.4884395818526
2980.31,4346.864052200001,-1366.5540522000015
1584.02,1712.0279381185228,-128.00793811852282
3631.23,3727.552997834788,-96.32299783478811
5584.13,4952.036813016311,632.0931869836895
723.02,2059.052105154764,-1336.032105154764
4638.14,4132.486977782842,505.65302221715865
5049.65,5270.816423110941,-221.16642311094165
1258.72,1732.0219218984234,-473.3019218984234
2530.18,1741.4545051185853,788.7254948814145
2841.33,3767.194562284342,-925.8645622843419
1275.96,2756.7503762372016,-1480.7903762372016
7495.24,3960.873350217224,3534.3666497827758
542.5,1693.4356899495117,-1150.9356899495117
6448.43,5824.123556379439,624.3064436205614
8762.89,5329.8463779788235,3433.043622021176
998.95,2546.7033058978272,-1547.7533058978272
2269.75,1900.5396974715522,369.21030252844776
2497.5,2163.6470628855186,333.8529371144814
4660.51,2949.9499599233695,1710.5600400766307
721.36,1122.3584671321096,-400.99846713210957
1164.85,1205.5314168543418,-40.68141685434193
1158.0,1373.3271143810973,-215.32711438109732
1030.84,4131.217749952572,-3100.3777499525722
3504.88,3901.0527127116643,-396.1727127116642
10027.07,6506.378692823916,3520.6913071760837
2072.92,1605.649049266218,467.270950733782
1540.28,2115.59685694852,-575.3168569485199
578.44,1814.541631761822,-1236.1016317618219
1086.28,2119.437205923931,-1033.1572059239309
2528.24,1878.971511987247,649.2684880127529
1958.99,1669.3833325304142,289.6066674695858
1611.38,2402.284438115493,-790.9044381154927
1139.17,1728.1514062561012,-588.9814062561011
4108.75,1963.5310661537217,2145.2189338462786
846.11,2102.0444712217595,-1255.9344712217594
5476.4,5065.4703202151295,410.92967978487013
6672.95,6942.463161798191,-269.5131617981915
813.0,1626.1111204253757,-813.1111204253757
2828.83,3225.1585511551143,-396.3285511551144
1898.61,1622.6980182656832,275.91198173431667
1313.27,1501.3935398339968,-188.1235398339968
2079.58,4268.006063593584,-2188.4260635935843
1283.96,4920.591200411587,-3636.631200411587
2744.41,3621.197742812869,-876.787742812869
2981.04,3272.8948108101745,-291.8548108101745
24687.94,8195.890235326719,16492.04976467328
2375.04,2569.040624620327,-194.00062462032702
823.04,1751.9526650847754,-928.9126650847754
4451.62,2682.6736643499084,1768.9463356500914
4055.86,2324.091121500688,1731.768878499312
5091.32,2720.1396050596363,2371.1803949403634
1497.28,3916.2235630225,-2418.9435630225
722.75,1727.5273759540312,-1004.7773759540312
1230.91,2224.633451072483,-993.7234510724827
819.25,1658.6150096571948,-839.3650096571948
4206.23,2843.8051484755583,1362.4248515244412
3607.7,2064.001961461814,1543.6980385381858
992.32,1821.8558356985418,-829.5358356985417
966.13,1528.9935859566697,-562.8635859566697
7399.37,3680.246427858474,3719.123572141526
3462.88,8893.562437032597,-5430.682437032597
1684.68,2219.1904838201012,-534.5104838201012
6586.3,2935.7592235354214,3650.540776464579
1847.9,2278.41773064601,-430.51773064601
3695.47,1583.2411254654921,2112.2288745345077
634.95,1055.551443758347,-420.60144375834693
5715.6,4643.579262581496,1072.0207374185047
5048.77,3784.3529513918993,1264.4170486081011
1319.9,2170.5291039644726,-850.6291039644725
5050.81,4403.577914878588,647.2320851214126
5460.7,7645.541486766899,-2184.841486766899
612.32,900.6099864245462,-288.2899864245461
2829.99,5050.796688167014,-2220.806688167014
4136.55,4100.872238878103,35.677761121896765
1432.17,2874.00368718136,-1441.83368718136
2679.71,1999.5391210400226,680.1708789599775
2841.64,2819.4530539327056,22.18694606729423
3125.41,3888.265643209889,-762.855643209889
9015.64,4281.5323377798895,4734.10766222011
8226.1,8112.670679886222,113.42932011377798
1918.05,2043.993302152984,-125.94330215298396
1645.29,2503.936304293064,-858.6463042930641
6832.61,2193.3853583306523,4639.224641669347
621.09,1853.1678888300805,-1232.0778888300806
3094.42,3545.5145275160985,-451.0945275160984
1330.58,2258.8420869539887,-928.2620869539887
2724.53,1792.069826241693,932.4601737583073
1288.87,1430.4995470966796,-141.62954709667974
1299.38,2155.4975239055807,-856.1175239055806
2418.39,2931.2588504393607,-512.8688504393608
718.55,2004.7158285976477,-1286.1658285976478
2873.86,1142.867372892798,1730.9926271072022
4186.29,1778.4085325523763,2407.8814674476234
734.67,1624.0873341518393,-889.4173341518393
919.37,1671.5329408809412,-752.1629408809412
6392.19,3775.0460934626667,2617.143906537333
1093.21,2016.7785946368397,-923.5685946368396
1527.59,1487.05536664418,40.534633355820006
3840.97,2265.455459160301,1575.5145408396988
2108.35,3123.672112618233,-1015.322112618233
7482.92,5546.584549975504,1936.335450024496
1988.56,2514.1211569884144,-525.5611569884145
14031.72,7761.9162175400315,6269.803782459968
736.21,1364.0782650513754,-627.8682650513754
1540.91,4995.817414386183,-3454.9074143861835
2409.47,1680.1899816520338,729.280018347966
1455.8,1168.3780944497898,287.4219055502101
1876.99,2254.790932603502,-377.8009326035019
4870.5,2844.668335990528,2025.8316640094722
3656.5,3366.9490714609283,289.5509285390717
562.99,1606.529001719135,-1043.539001719135
4219.46,4944.632372680197,-725.1723726801965
2612.58,3224.42735646012,-611.84735646012
3002.32,2301.6768227410075,700.6431772589926
2960.58,3071.305648844511,-110.72564884451094
1351.92,2059.927406242338,-708.0074062423378
1801.32,2621.233278373475,-819.9132783734751
881.9,2690.9235248578248,-1809.0235248578247
3728.66,2833.454566630605,895.205433369395
3582.35,3436.708063966633,145.64193603336707
5267.3,5021.527912948573,245.77208705142675
262.97,1601.9807782226471,-1339.010778222647
2443.11,2713.3819625912934,-270.27196259129323
2438.66,5871.72585192777,-3433.0658519277704
1388.09,1850.6869466639307,-462.5969466639308
2120.54,3217.456688532863,-1096.9166885328632
2220.28,1525.5164523246835,694.7635476753167
903.34,1616.7402541362353,-713.4002541362353
1919.76,3622.0911968507435,-1702.3311968507435
2937.48,1480.2091769195056,1457.2708230804944
4473.23,1464.0260712028448,3009.2039287971547
599.73,2009.3154212522338,-1409.5854212522338
6981.83,3790.8111052729387,3191.0188947270613
400.64,1316.7652223454568,-916.1252223454568
1420.41,2578.3282284631173,-1157.9182284631172
615.07,2118.612816494304,-1503.5428164943037
4200.8,2176.192496114319,2024.6075038856811
2209.34,1629.7360237504454,579.6039762495548
1176.48,2330.2782201523787,-1153.7982201523787
1184.97,1521.1629871612115,-336.1929871612115
2525.1,2820.406723660486,-295.3067236604861
876.51,3009.342313817765,-2132.8323138177648
701.58,3303.578390871239,-2601.9983908712393
3098.37,4003.2293210972307,-904.8593210972308
14221.04,7594.501254686732,6626.538745313269
1555.94,2078.493888156142,-522.553888156142
1338.39,1609.4929706762507,-271.1029706762506
7968.15,9338.288437386713,-1370.1384373867131
830.18,1578.0326604795325,-747.8526604795326
4926.87,6809.702949107489,-1882.8329491074892
657.28,1193.7876882126645,-536.5076882126646
850.01,1805.137562032386,-955.1275620323861
3823.63,4232.400538339973,-408.7705383399725
1797.6,2683.5723158924434,-885.9723158924435
2559.35,1836.8123803388783,722.5376196611217
831.92,1568.9217325644922,-737.0017325644923
1397.1,1928.3155370157517,-531.2155370157518
2172.69,3560.6806405902275,-1387.9906405902275
4429.66,5599.43944910045,-1169.7794491004497
2553.15,1708.6655055500757,844.4844944499243
3635.5,2123.4831668606953,1512.0168331393047
1643.33,1608.5056741158041,34.82432588419579
3096.92,1458.450193464646,1638.469806535354
4488.11,3267.0461986087807,1221.063801391219
5889.98,4932.489049567385,957.4909504326142
643.52,1978.245276253907,-1334.725276253907
5524.77,4521.4630860897205,1003.30691391028
2467.45,2591.289943531783,-123.83994353178332
6978.59,5932.268829873681,1046.321170126319
2189.41,1493.8103382716158,695.599661728384
1037.4,2051.848753849201,-1014.4487538492008
4792.35,1871.1810334763168,2921.1689665236836
8759.49,6695.703753465239,2063.7862465347607
641.85,1297.894272213816,-656.044272213816
12578.2,10221.081360522438,2357.118639477563
2283.38,2692.343461586369,-408.9634615863688
648.25,1158.212106928168,-509.96210692816794
11391.35,6446.425236928102,4944.924763071898
593.32,1829.5088312642163,-1236.1888312642163
1387.81,3211.3883136958975,-1823.5783136958976
1082.7,1728.3800472458868,-645.6800472458867
5968.03,2687.5322174169414,3280.4977825830583
806.98,3170.2107177229605,-2363.2307177229604
1764.22,1377.3970299799073,386.8229700200927
993.99,1951.0598374423469,-957.0698374423469
2883.48,2218.121859053313,665.358140946687
1996.41,2779.3694942856473,-782.9594942856472
1187.38,1755.389931167011,-568.0099311670108
2109.94,1231.5766478233966,878.3633521766035
1273.16,3302.9696391926623,-2029.8096391926622
707.35,1510.7161595323828,-803.3661595323828
1202.92,2097.892821048118,-894.972821048118
2591.57,2285.593329475735,305.97667052426505
144.98,2105.9044782847345,-1960.9244782847345
8000.26,5732.800843861565,2267.459156138435
595.12,1967.5667211156178,-1372.446721115618
2138.08,1654.9643817492774,483.1156182507225
740.6,2653.9851331764517,-1913.3851331764517
1434.27,2226.1063223280926,-791.8363223280926
1048.68,1988.1311584737932,-939.4511584737932
3935.91,4786.528666299353,-850.6186662993532
1406.15,1570.743231845536,-164.5932318455359
4929.23,2528.0644585281393,2401.1655414718603
3539.83,1961.3408075874052,1578.4891924125948
1345.59,2567.155639117413,-1221.5656391174132
1220.23,1931.041856281105,-710.8118562811051
1042.82,1742.4206099367088,-699.6006099367089
1480.52,3622.8305452368304,-2142.3105452368304
5568.23,1962.5132418664489,3605.7167581335507
1357.11,1616.7873189974653,-259.67731899746536
1821.39,2581.2529357896274,-759.8629357896273
1591.39,1342.7889039834329,248.60109601656723
1688.03,2392.566452052702,-704.5364520527021
5618.28,2701.973989165207,2916.3060108347927
2533.25,2341.4507834799333,191.7992165200667
3144.32,2701.660335460923,442.6596645390773
3350.38,1929.1269534843068,1421.2530465156933
1204.93,3426.5433480317324,-2221.613348031732
2611.92,2351.6318700762945,260.2881299237056
1463.56,1921.1175465057488,-457.55754650574886
2398.28,3466.8381004402377,-1068.5581004402375
3177.46,2481.2832628576584,696.1767371423416
757.34,1327.9011203254483,-570.5611203254483
7984.06,6079.087169416705,1904.972830583295
1301.09,4525.541127380977,-3224.4511273809767
700.49,2294.2934384704417,-1593.8034384704417
2966.2,2257.007770937231,709.192229062769
3839.95,1767.6574861124298,2072.29251388757
10082.57,8694.735387864674,1387.834612135326
1330.0,1456.575158266757,-126.57515826675694
737.77,1786.30234619744,-1048.5323461974401
1908.34,2537.7809199333255,-629.4409199333256
851.8,1293.3161922673871,-441.51619226738717
793.07,1502.4154679966641,-709.3454679966641
2655.52,2368.4112554299772,287.10874457002274
762.24,1680.5597273680794,-918.3197273680794
4120.57,4380.906499510907,-260.33649951090774
4884.96,3448.6673245567627,1436.2926754432374
1946.04,1670.8010829472796,275.23891705272035
1873.36,2437.9859443205505,-564.6259443205506
4203.57,3404.33656042688,799.2334395731195
634.06,1895.1460720558955,-1261.0860720558956
776.48,1764.5995297668958,-988.1195297668958
2715.03,1808.105408142982,906.9245918570182
2238.54,4473.90805905553,-2235.3680590555305
1352.81,5071.851240805027,-3719.0412408050274
4934.76,2647.305913477853,2287.454086522147
8445.02,2842.3417277118815,5602.678272288119
4398.73,2297.454654886237,2101.2753451137623
1733.18,2249.167312363488,-515.9873123634877
7067.22,8805.872097577792,-1738.6520975777921
3375.1,1941.704643048016,1433.395356951984
1828.82,1941.3828954830055,-112.5628954830056
3400.18,5136.250352852594,-1736.0703528525942
1657.43,1620.3781923034637,37.05180769653634
3103.27,2842.862895694719,260.4071043052809
4474.65,2993.2987168982404,1481.3512831017592
6337.01,6439.71913842231,-102.70913842230948
2668.75,1216.8364157851045,1451.9135842148955
760.82,1453.6829466311863,-692.8629466311862
17227.62,10362.899291166665,6864.720708833334
3824.11,4389.140335723651,-565.0303357236512
2918.01,1834.862033921621,1083.147966078379
15010.47,3004.613945227558,12005.856054772441
3273.33,4271.921865403481,-998.5918654034813
2439.39,2003.0312772951686,436.3587227048313
1751.88,2782.0020334967944,-1030.1220334967943
5263.63,2505.011575908271,2758.618424091729
707.61,1448.966330941092,-741.3563309410921
1380.81,4451.091635411471,-3070.2816354114707
616.19,1764.8100686762862,-1148.620068676286
13118.2,6508.47949369774,6609.720506302261
6037.62,2924.0268942634366,3113.5931057365633
3743.38,3260.8764063146195,482.50359368538057
5976.67,3696.189777355488,2280.480222644512
1848.69,2196.1807674496586,-347.4907674496585
3754.09,2839.09735677985,914.9926432201501
1304.43,1611.7827736318957,-307.3527736318956
1263.95,1411.449170250041,-147.49917025004106
1731.42,1924.4637006859007,-193.0437006859006
3329.43,3379.9076669200927,-50.477666920092815
1348.42,1361.8139565918696,-13.393956591869483
6590.35,5077.824413301366,1512.5255866986345
4344.31,2786.2804247561567,1558.0295752438437
6671.21,3801.046422314768,2870.163577685232
2622.58,2639.376377423142,-16.796377423142076
2134.25,1800.440066747233,333.809933252767
2171.11,6549.564321581179,-4378.454321581179
9422.31,5818.756791189944,3603.5532088100554
783.78,1752.4460366014716,-968.6660366014717
601.08,2912.013196474548,-2310.933196474548
984.1,3894.4798406879677,-2910.3798406879678
1168.98,3116.9584646886515,-1947.9784646886515
432.26,1662.5683076929033,-1230.3083076929033
1649.5,2108.1604870653487,-458.66048706534866
3987.63,3042.3570979004876,945.2729020995125
829.06,1941.925472354428,-1112.865472354428
426.23,1266.4103769823432,-840.1803769823432
1454.57,1631.146474486865,-176.57647448686498
1033.83,1057.7364700226694,-23.90647002266951
6778.16,4480.144397886733,2298.015602113267
892.08,1808.0856734730373,-916.0056734730373
8731.77,4238.435358180687,4493.334641819313
1572.13,1925.6749607966824,-353.5449607966823
1578.07,2397.2925180284983,-819.2225180284984
5102.57,4071.3170713315517,1031.252928668448
4610.59,3444.07180302877,1166.5181969712303
1214.68,1695.6843700387763,-481.0043700387762
1076.73,2047.7931920188405,-971.0631920188405
25153.41,8595.50265202769,16557.90734797231
5495.54,3099.992152586559,2395.547847413441
6245.85,1695.064765771547,4550.785234228453
1314.37,1722.799165425741,-408.4291654257411
1629.98,2775.7955451294256,-1145.8155451294256
1033.57,1453.9622808085385,-420.39228080853854
1770.19,2273.5993167736087,-503.4093167736087
2537.83,1627.8005262163442,910.0294737836557
4295.27,2312.387468442203,1982.8825315577974
5103.86,4281.6570837422,822.2029162578001
2304.46,2574.205469516363,-269.74546951636285
2597.16,5033.840521289097,-2436.6805212890968
1121.6,1730.5259688654126,-608.9259688654126
2236.24,2721.3145669879027,-485.0745669879029
4600.36,2727.0142595492825,1873.3457404507171
3562.71,1605.972408078094,1956.737591921906
929.06,1676.9698127847207,-747.9098127847208
1493.53,2161.5722697900464,-668.0422697900465
4333.78,5032.991350534993,-699.2113505349935
2002.66,4740.147963536271,-2737.4879635362713
3088.02,5953.600964242181,-2865.5809642421814
3011.95,3102.6896794152785,-90.73967941527872
796.82,1322.9626035968558,-526.1426035968558
1030.31,1927.8695189048472,-897.5595189048472
4219.33,1283.923189874159,2935.406810125841
5446.09,4569.629742792098,876.460257207902
2921.69,4328.964858081968,-1407.2748580819675
958.64,1996.3931468050512,-1037.753146805051
661.8,1904.3695728471962,-1242.5695728471962
1311.94,2967.95403787636,-1656.01403787636
1479.88,2729.723440152199,-1249.843440152199
1486.68,2556.4635969696897,-1069.7835969696896
6861.32,6903.304348509111,-41.98434850911144
3117.55,4349.724463768479,-1232.1744637684787
5827.33,6535.543850232882,-708.2138502328817
3866.23,7973.623242049999,-4107.393242049999
1196.37,1723.0521586430543,-526.6821586430544
4769.61,5685.952741702211,-916.3427417022112
934.57,1414.9624854848155,-480.39248548481544
1466.67,1300.4654196549336,166.20458034506646
2160.55,2767.7308668330857,-607.1808668330855
7450.3,7443.109219184575,7.190780815425569
6199.77,4581.85693787146,1617.9130621285403
16627.29,6227.814999109354,10399.475000890647
1383.49,2084.5279094306848,-701.0379094306847
870.79,1490.8482000784372,-620.0582000784373
473.92,1453.1214071142185,-979.2014071142185
1249.15,3146.984170818888,-1897.8341708188877
1273.77,1403.4163335482779,-129.64633354827788
6117.78,2717.4096629808573,3400.3703370191424
4983.38,5781.816199055522,-798.4361990555217
536.61,1349.2945031702043,-812.6845031702043
2268.86,1643.12864062977,625.7313593702302
1799.71,4801.307229111206,-3001.5972291112057
3030.0,1362.2467889458665,1667.7532110541335
769.53,1550.6039102824434,-781.0739102824434
4911.91,3862.8029154051187,1049.1070845948811
7419.13,4801.387989133862,2617.742010866138
2147.58,1743.1941989366917,404.38580106330824
2171.68,1783.8629450334583,387.8170549665415
1175.91,1388.2122689343769,-212.3022689343768
1337.69,3972.4926452181203,-2634.8026452181202
1213.21,1938.028653186737,-724.818653186737
2712.7,1581.4261553835202,1131.2738446164797
9226.09,5879.837648782884,3346.2523512171165
2912.15,2500.6760297657866,411.47397023421354
1191.84,1639.8561907250994,-448.0161907250995
988.21,1182.5884041121355,-194.3784041121355
1871.14,2093.5955839968037,-222.45558399680363
1085.09,1684.7312684984809,-599.6412684984809
727.16,2970.9835471588017,-2243.823547158802
2152.76,1765.4323032052444,387.32769679475587
937.53,1361.3623872795831,-423.83238727958314
3278.93,2660.5997867398796,618.3302132601202
2066.11,2670.1470195723,-604.0370195722999
1697.25,1682.7035384136939,14.546461586306123
2502.75,3271.174287231416,-768.4242872314162
1494.67,3294.346119871141,-1799.676119871141
2446.83,4565.0416158158605,-2118.2116158158606
4453.05,5061.425776105267,-608.3757761052666
1293.12,2325.1378250873076,-1032.0178250873078
4148.51,2581.4015264622476,1567.1084735377526
804.0,1971.7199054745445,-1167.7199054745445
759.17,3302.660842970593,-2543.490842970593
3720.15,4716.506217206353,-996.3562172063525
2261.26,3176.978663733899,-915.7186637338987
2027.03,3298.762813516024,-1271.732813516024
1158.35,1237.7557582472007,-79.40575824720077
689.8,1551.8617004132147,-862.0617004132148
1884.84,1716.9448413109901,167.8951586890098
4293.74,3043.888912598508,1249.851087401492
852.71,1374.1399980170875,-521.4299980170874
3045.2,2067.344006013198,977.8559939868019
2066.35,2412.0357706273153,-345.6857706273154
4487.91,3817.5455763916907,670.3644236083092
3571.69,1576.2389751792407,1995.4510248207594
1093.23,2082.596889417301,-989.3668894173011
4562.4,5481.654600802816,-919.2546008028166
850.61,1971.5471018179364,-1120.9371018179363
1763.18,1832.8817986457327,-69.70179864573265
1215.5,1128.3039317125983,87.19606828740166
1583.83,5239.212451110515,-3655.382451110515
3602.7,3341.9440603508583,260.7559396491415
4567.42,4423.53805210255,143.88194789745012
1419.08,4755.0209252583145,-3335.9409252583146
2568.15,3832.160404223848,-1264.0104042238481
4723.4,1925.7670496136636,2797.6329503863362
2719.77,2401.341470930475,318.42852906952476
2531.98,1678.3329050485625,853.6470949514376
13358.27,4890.84219940074,8467.42780059926
1590.06,2032.0323806344243,-441.9723806344243
4225.07,4820.419103775902,-595.3491037759022
2045.03,3186.0311960173085,-1141.0011960173085
10605.68,4687.230792734186,5918.449207265814
3681.49,1415.3763545640809,2266.113645435919
834.58,1208.8737555541518,-374.29375555415174
2541.18,3572.5197330031874,-1031.3397330031876
989.15,1722.7618987274532,-733.6118987274532
3469.07,2081.547187362076,1387.5228126379243
975.91,3631.3468809801348,-2655.436880980135
3330.55,2725.747037676173,604.8029623238272
785.81,3580.2815295923047,-2794.4715295923047
1972.53,1824.5913907327424,147.93860926725756
4075.37,3104.025461611738,971.3445383882618
1685.32,1747.3348671117096,-62.01486711170969
1242.05,1408.0055454119001,-165.95554541190018
3725.38,4762.187248057105,-1036.8072480571045
374.29,1786.4205161489137,-1412.1305161489138
1663.99,1326.0597642373598,337.9302357626402
883.9,1552.8441408042656,-668.9441408042657
862.02,857.3677332261268,4.65226677387318
2208.04,3835.702649357163,-1627.662649357163
1661.24,1929.1604486107515,-267.92044861075146
1492.09,1904.9875647947492,-412.8975647947493
3562.48,3507.387811230638,55.09218876936211
754.45,1558.043027134205,-803.5930271342049
2348.1,2798.170402519904,-450.0704025199043
963.75,1591.4799595768206,-627.7299595768206
2831.2,3815.112018582791,-983.912018582791
1278.3,1776.3034768949435,-498.00347689494356
1319.24,2019.9193385238918,-700.6793385238918
4104.15,5433.195589590761,-1329.0455895907617
10461.59,2401.7686766416855,8059.821323358315
2703.96,1639.3633000249645,1064.5966999750356
2005.48,2167.6182639022886,-162.1382639022886
1901.81,1835.4780427596252,66.33195724037478
2199.63,1038.163999468298,1161.466000531702
1634.65,3137.7902377506966,-1503.1402377506965
1482.76,1627.8130587173125,-145.05305871731252
1437.15,1520.0421862367944,-82.89218623679426
6448.79,5551.113518341381,897.6764816586192
7002.24,4606.1336811054925,2396.1063188945072
668.6,1306.9628087711787,-638.3628087711787
451.33,1516.0975486819855,-1064.7675486819855
912.37,1091.9554354307925,-179.58543543079247
1991.35,2414.952608331636,-423.602608331636
1290.87,1662.3531329930818,-371.4831329930819
3582.67,5129.736706766511,-1547.0667067665108
1450.5,3322.5383054211693,-1872.0383054211693
9752.96,5603.547674973046,4149.412325026953
1083.3,1302.5174628745565,-219.21746287455653
580.0,1616.623179458108,-1036.623179458108
1000.26,1815.7883882910812,-815.5283882910812
2095.7,1690.4365020951482,405.26349790485165
2355.86,3060.597224809506,-704.7372248095057
10491.14,6301.116515300206,4190.023484699794
1861.67,1599.2470087993013,262.4229912006988
1784.74,3223.6752257674993,-1438.9352257674993
3825.4,3793.987851606259,31.412148393741063
2834.15,1898.2805114771259,935.8694885228742
8542.66,4131.154828900739,4411.505171099261
1602.24,2656.0423782278444,-1053.8023782278444
3311.36,2384.9204183600173,926.4395816399829
3038.36,4271.908832384943,-1233.5488323849427
3354.41,2911.510349615535,442.8996503844651
3983.92,7559.965609814598,-3576.045609814598
855.3,1572.8422676829753,-717.5422676829753
2012.31,3183.6964638809986,-1171.3864638809987
2098.99,2131.9844402728813,-32.99444027288155
7508.32,2475.9985626229313,5032.321437377068
1801.32,1758.795987386217,42.52401261378304
2999.11,3195.6672458519083,-196.5572458519082
999.81,899.144115516196,100.6658844838039
741.75,1435.9465145044287,-694.1965145044287
1785.27,1504.106653132626,281.163346867374
1886.07,2869.2879509608383,-983.2179509608384
1573.66,2289.9192972286332,-716.2592972286332
1206.66,1918.5360330815383,-711.8760330815383
905.82,1430.7800322038008,-524.9600322038008
2393.33,2245.7798097577024,147.5501902422975
2841.74,1264.4472135767307,1577.292786423269
1779.46,2140.744313550607,-361.28431355060684
2405.2,3091.557671448253,-686.3576714482533
1135.29,2184.4286868938634,-1049.1386868938635
1861.43,1461.8075231044188,399.62247689558126
1502.97,2791.4069994334404,-1288.4369994334404
1521.68,2840.510430511721,-1318.830430511721
4326.63,3576.496571020877,750.133428979123
4958.16,5045.349169520592,-87.18916952059226
2358.34,1610.3895322310027,747.9504677689974
2568.62,2270.043754217666,298.5762457823339
1882.86,2854.223708503083,-971.363708503083
1397.64,1682.0283106794611,-284.38831067946103
4485.65,2651.9343824111406,1833.715617588859
2940.25,1820.9483372647405,1119.3016627352595
1796.25,1508.5337491770574,287.7162508229426
260.0,1399.3834481534557,-1139.3834481534557
4714.4,1559.6773172975472,3154.7226827024524
803.3,1684.0443591293679,-880.7443591293679
984.57,1510.0324492913983,-525.4624492913982
3978.16,4452.971682020012,-474.8116820200121
3322.5,2742.885878734013,579.6141212659868
924.1,2266.610711363325,-1342.5107113633253
1878.15,3382.2830650802002,-1504.1330650802001
3952.44,2586.5615008645927,1365.8784991354073
8538.71,4183.65510714096,4355.054892859039
2841.7,1892.2498679853716,949.4501320146283
891.36,1903.35197298084,-1011.9919729808399
2052.76,1595.006944597058,457.7530554029422
889.83,2527.1986529727246,-1637.3686529727247
3517.61,3680.3999842591784,-162.78998425917825
2805.12,1809.195305105611,995.924694894389
1421.25,1871.9991491240967,-450.7491491240967
1331.23,1392.1758424425484,-60.94584244254838
4190.72,3268.373377864287,922.3466221357135
3404.52,2874.5843597356074,529.9356402643925
4153.56,3082.121341711482,1071.4386582885186
922.23,2825.954914298322,-1903.724914298322
1099.14,3138.3815254076253,-2039.2415254076252
29039.85,10306.00655976258,18733.84344023742
583.91,1093.34553973088,-509.4355397308801
564.4,1655.632661666194,-1091.232661666194
1172.29,2091.754390509691,-919.4643905096909
14906.77,7053.195063654661,7853.57493634534
1416.8,2000.0004445334694,-583.2004445334694
1762.71,2787.6392823309893,-1024.9292823309893
1498.21,1726.3007489622157,-228.09074896221568
982.62,1300.2929390282966,-317.6729390282966
3328.92,2918.618851930885,410.30114806911524
3050.97,1923.2868743177341,1127.6831256822657
2474.07,4920.31148581714,-2446.24148581714
5760.46,5106.069018719024,654.3909812809761
6015.12,1837.323550302213,4177.796449697787
1592.11,3288.37947968322,-1696.26947968322
677.21,1468.4754609403146,-791.2654609403146
11504.76,4490.241305123511,7014.5186948764895
539.6,1288.059023877274,-748.459023877274
1059.98,1625.713325850278,-565.7333258502779
1731.38,6862.009142501594,-5130.629142501594
3583.99,3621.427999680366,-37.437999680366374
3192.99,6388.681418928738,-3195.691418928738
1554.54,1561.8034038656401,-7.263403865640157
8003.56,6220.191160203638,1783.3688397963624
4923.36,3264.762339957869,1658.5976600421309
3022.48,2710.692317351506,311.78768264849396
3029.23,1513.201444326251,1516.028555673749
5533.99,5330.833498167364,203.1565018326355
2760.64,5248.429412743918,-2487.789412743918
1701.06,2186.3933589836142,-485.3333589836143
825.6,2583.820501317934,-1758.2205013179341
1843.78,3790.9832065691908,-1947.2032065691908
1801.91,2157.926670559308,-356.01667055930807
1904.05,2624.5838757035085,-720.5338757035086
4444.05,2384.621824732676,2059.428175267324
1843.69,2180.7864998777436,-337.09649987774355
1111.39,1554.8470021415433,-443.45700214154317
952.78,1600.2871931590812,-647.5071931590812
6150.57,4063.4556153216463,2087.1143846783534
1320.98,1852.6416051747544,-531.6616051747544
3876.05,2930.93857674261,945.11142325739
1815.59,1228.2743143064492,587.3156856935507
1512.33,2574.109336298801,-1061.779336298801
953.31,4137.423528724496,-3184.1135287244956
6608.18,3998.7849889735585,2609.395011026442
2268.72,3360.6174395752196,-1091.8974395752198
2008.99,1190.182249561792,818.8077504382079
14499.21,8879.211601815881,5619.998398184118
1539.2,2997.2820699710674,-1458.0820699710673
2754.23,2149.660979423966,604.5690205760338
971.68,2315.4910723037815,-1343.8110723037817
746.21,3721.8089212200903,-2975.5989212200902
1529.19,2225.297204572637,-696.1072045726369
1164.3,1761.2949977589844,-596.9949977589845
5061.62,3098.455953483688,1963.1640465163118
952.98,1483.0876005574025,-530.1076005574025
580.0,1554.8132947733195,-974.8132947733195
622.19,1650.4474696446555,-1028.2574696446554
2806.38,3207.6700724035077,-401.29007240350757
1703.94,2082.258123250805,-378.318123250805
964.1,1302.4452646606717,-338.34526466067166
641.17,1976.1783033992385,-1335.0083033992387
386.65,1161.7684773668561,-775.1184773668562
1264.67,3434.2288196590343,-2169.5588196590343
1786.45,1767.942369569535,18.507630430465042
764.14,1214.4983700365221,-450.35837003652216
970.38,1863.77903011444,-893.39903011444
7690.15,4659.604052094389,3030.545947905611
5813.55,5211.853465271802,601.6965347281985
808.85,1319.7701834354898,-510.9201834354898
1553.15,2938.5590158328473,-1385.4090158328472
2066.32,2144.488175581379,-78.16817558137882
1873.75,1853.8114966413161,19.938503358683874
1832.84,1891.4495359164275,-58.6095359164276
1252.09,2037.9489984663314,-785.8589984663315
2026.99,3388.011679342442,-1361.0216793424422
1154.46,2979.7131510896934,-1825.2531510896933
7336.79,5594.060931933829,1742.7290680661708
643.21,974.4264205048698,-331.2164205048698
1193.55,1303.9773577758076,-110.42735777580765
578.39,2646.9796753644105,-2068.5896753644106
994.61,1533.2038267143876,-538.5938267143875
2207.89,1776.716120251722,431.17387974827784
1307.58,1397.4245800793549,-89.84458007935496
1328.18,4820.608142501025,-3492.428142501025
1938.97,2093.2075895145986,-154.23758951459854
2239.04,3475.685864454681,-1236.645864454681
3519.59,3793.389773334398,-273.79977333439774
1468.2,4020.8104208840427,-2552.6104208840425
830.56,1420.768121336199,-590.2081213361992
1938.67,1552.5924927781518,386.07750722184824
1233.73,1653.4829370077696,-419.75293700776956
3931.41,2793.9112571787446,1137.4987428212553
1611.21,2183.443709904353,-572.233709904353
1938.53,4061.703748934623,-2123.1737489346233
934.51,2451.004592361117,-1516.494592361117
1052.67,1833.144221580857,-780.4742215808569
1173.76,1956.0298502585215,-782.2698502585215
2525.97,3058.1840793105753,-532.2140793105755
1839.74,2382.17373516043,-542.4337351604302
3540.83,2907.1686601621936,633.6613398378063
4092.54,5027.465978992797,-934.9259789927974
372.94,1420.39113525078,-1047.45113525078
10428.11,5130.683077403664,5297.426922596336
2469.31,2327.821105233519,141.48889476648083
5681.98,5853.874001897717,-171.89400189771732
3094.39,5939.221306025604,-2844.8313060256037
3091.7,2048.869532665926,1042.830467334074
975.06,1322.8354150443213,-347.77541504432133
2942.31,3106.778783426883,-164.46878342688296
8130.33,4798.3376658982825,3331.9923341017175
3201.06,2846.8645085583835,354.19549144161647
592.81,3039.7284413706834,-2446.9184413706835
3661.18,3271.8522764985255,389.32772350147434
2213.69,2197.673611650367,16.01638834963296
793.61,1088.5390086687287,-294.92900866872867
3334.96,1373.006238997878,1961.953761002122
1758.16,1081.1140256097797,677.0459743902204
951.47,1423.1931867051358,-471.72318670513573
1006.13,1801.1779024854288,-795.0479024854288
2245.72,1476.1273304041865,769.5926695958133
2216.45,5204.919488657117,-2988.469488657117
10740.94,12067.093662496607,-1326.1536624966066
4875.33,5189.43947643982,-314.10947643982036
3514.54,3057.3322490209544,457.2077509790456
1828.18,2457.0126175273285,-628.8326175273285
737.99,1606.1134971753506,-868.1234971753506
3700.77,2954.057261428473,746.7127385715271
2722.99,4274.519047448283,-1551.5290474482836
7988.69,8805.853875356444,-817.1638753564448
2636.23,4055.6225730717715,-1419.3925730717715
1354.69,1267.488706666041,87.20129333395903
2825.74,3282.329997073769,-456.58999707376915
538.55,1408.3781291478028,-869.8281291478029
7940.07,8352.289858776257,-412.21985877625775
6148.54,6800.2845705925165,-651.7445705925165
3266.49,2387.4585743712346,879.0314256287652
5607.05,5798.5971103043,-191.54711030430008
3132.27,1827.225669672412,1305.0443303275879
969.96,2256.6778040124,-1286.7178040124
1465.27,2120.198571932128,-654.9285719321279
932.22,1604.7323087802795,-672.5123087802795
2094.46,3444.1758644491415,-1349.7158644491415
3638.17,1351.6890710910388,2286.4809289089612
1072.66,4227.410458484188,-3154.750458484188
4195.32,2701.946451810238,1493.3735481897616
801.65,1426.3077870852103,-624.6577870852103
1089.36,1876.385961140937,-787.0259611409372
1763.93,1806.4555611852943,-42.52556118529424
789.94,3103.7020022940596,-2313.7620022940596
751.85,2621.0801020785966,-1869.2301020785967
1713.26,1867.4905703153547,-154.23057031535473
8039.0,6003.916508100634,2035.083491899366
4115.39,7910.994388981611,-3795.604388981611
635.8,1742.002758287377,-1106.202758287377
795.38,1408.3044093003075,-612.9244093003075
4711.56,3701.9636088987572,1009.5963911012432
2022.38,1396.6972500693535,625.6827499306467
2572.34,2227.695688736548,344.644311263452
347.23,1237.1561425577863,-889.9261425577863
2226.39,1868.2976897334058,358.09231026659404
7318.63,6973.121755322537,345.50824467746315
3159.51,2385.180019747327,774.3299802526731
3327.76,2137.732991706737,1190.0270082932634
2020.15,2169.9979150677373,-149.84791506773718
2316.03,1565.4515533540584,750.5784466459418
759.64,2080.6155840599945,-1320.9755840599946
3563.98,3534.511013634278,29.46898636572223
7891.37,2719.127418547631,5172.2425814523685
7041.08,5521.045496719362,1520.034503280638
733.7,1621.5609166565068,-887.8609166565068
14072.32,5624.237340234843,8448.082659765158
5012.39,8767.359656658384,-3754.9696566583834
9015.16,6873.99287805456,2141.16712194544
5404.8,5911.880733589643,-507.0807335896425
4927.3,5572.177414319766,-644.8774143197661
2271.39,1585.4194523323163,685.9705476676836
8615.69,3662.0954899382496,4953.594510061751
761.65,2143.8431812673393,-1382.1931812673392
711.66,1801.0950096752053,-1089.4350096752055
2186.86,2737.517459678183,-550.6574596781829
2603.27,1922.3971019133157,680.8728980866842
1647.78,1718.6572964593274,-70.87729645932745
10489.49,5006.237362510102,5483.252637489898
9212.38,6271.009184192416,2941.3708158075833
6387.24,8764.880894472657,-2377.6408944726572
1120.49,1939.738812895839,-819.2488128958389
1859.57,1224.71023708959,634.8597629104099
719.85,1348.8320071339247,-628.9820071339246
6014.04,3604.2502326984136,2409.7897673015864
2338.87,1798.3088111464256,540.5611888535743
9542.95,6088.423643515434,3454.5263564845663
583.11,1670.0096346700634,-1086.8996346700633
1149.0,1930.160202164551,-781.160202164551
1235.9,1225.4231587656504,10.47684123434965
1446.93,1867.9374925108777,-421.0074925108777
6351.48,5423.892342906059,927.5876570939408
6463.89,2937.019550970932,3526.8704490290684
7321.77,4010.010809395911,3311.7591906040893
3645.02,1811.7180102934312,1833.3019897065687
1411.74,2706.7441005756746,-1295.0041005756746
2810.64,2762.5372824774995,48.10271752250037
5396.61,3677.3253176615335,1719.2846823384662
9723.02,7692.062547533005,2030.9574524669952
828.12,1470.3561048789613,-642.2361048789613
1661.08,2337.445164631692,-676.3651646316921
1418.12,1628.454089855784,-210.3340898557842
1800.34,1483.7841029947565,316.5558970052434
1327.85,3584.2460606647714,-2256.3960606647715
2953.78,1419.629610493737,1534.1503895062633
2868.05,2038.021817713818,830.0281822861821
1447.95,3800.1506735955936,-2352.200673595594
1802.34,3145.3674633533383,-1343.0274633533384
2924.92,3462.9573903793785,-538.0373903793784
2458.45,3055.612596016961,-597.1625960169613
1222.62,1654.8789703509387,-432.25897035093885
7224.66,5237.248474205821,1987.4115257941785
4672.89,3712.9970482580065,959.8929517419938
981.39,1425.7156929423693,-444.3256929423693
7686.83,7707.535955919598,-20.705955919597727
1887.07,4590.0207588742505,-2702.950758874251
1413.83,2335.70064387746,-921.8706438774602
4694.65,2855.4310001610215,1839.218999838978
2863.02,2452.4337239494803,410.5862760505197
1943.01,4319.574605660844,-2376.564605660844
614.4,3132.4006771154372,-2518.000677115437
984.26,2732.4413658136928,-1748.1813658136928
1934.89,2617.7451244285035,-682.8551244285034
1141.56,1980.348631301042,-838.788631301042
10895.25,6254.575987245475,4640.674012754525
942.3,1955.9142065664685,-1013.6142065664685
1943.71,2775.926905887129,-832.2169058871291
2378.11,1925.0414049763529,453.0685950236473
888.94,2005.5421503351297,-1116.6021503351296
1796.69,2859.0337585951747,-1062.3437585951747
1788.26,4281.575510232407,-2493.315510232407
1231.32,2945.703135693327,-1714.3831356933272
828.77,1831.3084956651273,-1002.5384956651274
1671.01,1630.4705957139306,40.539404286069384
2952.74,3709.067671256353,-756.3276712563534
1920.15,1623.3968370214607,296.7531629785394
6108.98,7315.169576862549,-1206.189576862549
13297.66,10556.346215469559,2741.313784530441
4394.61,2890.9721497678606,1503.637850232139
1092.78,1277.6987265419366,-184.91872654193662
5353.21,3646.8602465791546,1706.3497534208454
1720.8,2528.887601825103,-808.0876018251031
936.99,1838.487633963566,-901.4976339635659
1742.09,1904.178110637972,-162.08811063797202
2144.03,1841.4512770141753,302.5787229858249
480.82,1555.2432854657031,-1074.4232854657032
8434.22,5442.325123344056,2991.8948766559433
9843.33,8664.339779648632,1178.9902203513684
4753.51,1920.1436699192907,2833.3663300807093
2651.75,1758.7757404193833,892.9742595806167
2602.14,1917.6839541178733,684.4560458821265
1138.29,1385.000274658673,-246.71027465867314
4135.86,2130.823543019668,2005.0364569803319
1857.43,2159.3176121648803,-301.88761216488024
804.22,2429.8293334433206,-1625.6093334433206
1409.96,1580.731510403491,-170.771510403491
1928.03,2603.8903396452106,-675.8603396452106
6951.4,6524.771912847051,426.62808715294886
4552.59,5450.768564008409,-898.178564008409
4299.95,3439.803906032182,860.1460939678177
2682.97,1847.4864946877228,835.483505312277
722.12,1388.2482821594535,-666.1282821594535
960.8,3250.703519183702,-2289.903519183702
1480.26,2767.416656259006,-1287.1566562590058
932.05,2464.954586566221,-1532.9045865662213
1683.42,3509.685590367242,-1826.265590367242
3223.69,1963.0111960824265,1260.6788039175735
6314.6,4347.419997617404,1967.1800023825963
2565.5,2085.8606116261967,479.6393883738033
2209.45,3282.486474356073,-1073.036474356073
1695.11,2846.9935252491446,-1151.8835252491447
596.61,1195.104474142456,-598.4944741424559
2582.84,2389.3307188866743,193.50928111332587
1316.59,2788.2008306261737,-1471.6108306261738
2658.51,2667.409198927421,-8.899198927420912
3812.45,2218.943916519764,1593.5060834802357
1423.93,1738.175509696744,-314.24550969674397
1216.45,2171.1144755576547,-954.6644755576547
2740.91,1715.579939853145,1025.3300601468547
2318.39,1634.9181443693903,683.4718556306095
10097.85,4940.992378144293,5156.857621855707
903.79,1190.6981458871962,-286.90814588719627
5376.61,4755.273761737509,621.336238262491
1017.88,2483.6055806809272,-1465.7255806809271
7608.35,6770.754651518505,837.5953484814954
1551.37,1124.2664143548745,427.10358564512535
3137.95,2978.5818218604404,159.3681781395594
859.6,1940.4683699096272,-1080.8683699096273
1655.91,1438.054323021656,217.85567697834404
7922.6,5008.0735188547405,2914.52648114526
2260.82,2284.682873298255,-23.862873298254726
629.12,1288.3094276711859,-659.1894276711859
2775.85,5035.171658230691,-2259.321658230691
2543.55,2488.2021142738226,55.34788572617754
1300.66,1627.9145560893123,-327.25455608931225
2719.85,5129.006671429413,-2409.1566714294127
1098.89,2135.3902168090012,-1036.5002168090011
1305.96,1643.5231598690195,-337.5631598690195
2695.32,2168.5864372964134,526.7335627035868
3155.26,2532.2353711224628,623.0246288775375
2782.95,1822.7052261501922,960.2447738498076
1683.2,2218.983123761523,-535.783123761523
1295.21,1667.6874371371446,-372.47743713714453
1152.56,1639.5666142431007,-487.0066142431008
2918.8,3203.0690700879372,-284.26907008793705
2508.06,2152.1446187421584,355.91538125784155
1488.17,2497.0813054274004,-1008.9113054274003
7081.35,3372.4690123379655,3708.880987662035
1381.89,1999.5884440922791,-617.698444092279
527.82,1869.582769998569,-1341.7627699985687
1153.69,2187.8185730331334,-1034.1285730331333
2229.24,3182.4248290963365,-953.1848290963367
1956.26,1452.659443959405,503.60055604059494
28.46,1428.9023162304486,-1400.4423162304486
797.68,1408.7124408084517,-611.0324408084517
3081.25,5737.259816584645,-2656.009816584645
663.39,1684.4019196038914,-1021.0119196038914
1557.42,1433.68712288024,123.73287711976013
1451.89,2127.6323873775277,-675.7423873775276
5875.53,2864.0724254251727,3011.457574574827
451.75,6955.798794072185,-6504.048794072185
716.41,1329.0101279019611,-612.6001279019612
1488.18,2067.756965605868,-579.576965605868
7625.52,6087.1929493020825,1538.327050697918
865.49,1953.019795608549,-1087.529795608549
2972.32,3721.8656655384557,-749.5456655384555
879.69,1521.8606260020483,-642.1706260020483
1752.76,2343.273495337508,-590.513495337508
1811.03,2167.0031323585254,-355.9731323585254
2761.72,3341.6278003589546,-579.9078003589548
2582.05,4711.706057242102,-2129.656057242102
2069.18,3115.310011825896,-1046.130011825896
1570.38,1596.7339054894185,-26.353905489418366
1258.9,1499.7819391162498,-240.88193911624967
3987.13,3070.0876060184282,917.0423939815719
4918.98,2764.4233550455774,2154.556644954422
1723.26,2923.713569116042,-1200.453569116042
3457.79,4364.097301282493,-906.3073012824934
2978.93,2743.717719324038,235.21228067596167
982.65,2104.735980874741,-1122.085980874741
4632.58,1595.9529441816737,3036.627055818326
2609.01,2354.93013541887,254.0798645811301
1102.43,1618.1488818320827,-515.7188818320826
2451.69,4041.2879082511204,-1589.5979082511203
1141.48,1409.4214743245955,-267.94147432459545
6188.65,4461.614224819825,1727.0357751801748
955.48,2271.533803228238,-1316.053803228238
6009.12,3730.5054985329703,2278.6145014670296
984.66,3391.6257318052617,-2406.965731805262
890.54,3579.271332946386,-2688.731332946386
726.67,1403.6789135768836,-677.0089135768836
767.65,1469.9272859220673,-702.2772859220673
6755.1,4048.580745118048,2706.5192548819523
1910.22,2021.1155521630167,-110.89555216301665
6573.05,6139.493385144347,433.5566148556536
1312.26,2918.734470736201,-1606.4744707362008
6464.84,6412.272250815123,52.56774918487736
3547.26,4028.1606449690353,-480.90064496903506
2683.71,2285.4172545617807,398.2927454382193
702.46,1448.4495265547762,-745.9895265547761
1014.78,1831.1729719424552,-816.3929719424552
907.11,1159.6026768134725,-252.49267681347249
2609.01,1569.2716942727084,1039.7383057272918
735.64,1665.291895597723,-929.651895597723
1078.57,1405.5392171722772,-326.96921717227724
618.16,1734.5494259221255,-1116.3894259221256
1302.65,2957.419003496181,-1654.769003496181
2636.08,4994.9292539241005,-2358.8492539241006
872.37,2382.3148879492014,-1509.9448879492015
878.52,1225.644225365101,-347.124225365101
2240.68,3303.5362254279544,-1062.8562254279545
5308.01,4906.483839636904,401.5261603630961
3953.62,1798.0123830436837,2155.607616956316
4527.37,4604.67896444802,-77.30896444802056
1949.64,3271.1438392817995,-1321.5038392817994
3560.12,2285.762868580831,1274.357131419169
6316.98,8356.448960254453,-2039.4689602544531
1058.23,1389.948294267079,-331.71829426707905
862.85,1681.8113751405986,-818.9613751405985
1215.32,1675.3317916858682,-460.0117916858683
947.66,2782.6100845933875,-1834.9500845933876
4040.15,2950.4382487695325,1089.7117512304676
4232.78,2053.7446240321083,2179.0353759678915
3858.48,3280.8668067684866,577.6131932315134
1091.35,1765.2932872002236,-673.9432872002237
6964.62,6500.140682120515,464.4793178794853
1882.07,2059.6107720960345,-177.54077209603452
1638.8,2986.3521990755,-1347.5521990754999
1292.83,1648.5573694113125,-355.72736941131257
4845.58,3207.0487258034627,1638.5312741965372
694.79,1040.7488738250838,-345.95887382508386
865.01,1817.380511380278,-952.370511380278
1748.98,1910.2292810434974,-161.24928104349738
684.92,2226.2936444303277,-1541.3736444303277
1682.35,1690.5992098989313,-8.24920989893144
2168.66,1996.9354631503386,171.72453684966126
5476.36,10784.224137469817,-5307.864137469817
2348.28,3225.6852885810376,-877.4052885810374
4668.84,2831.868380287754,1836.9716197122461
1019.86,2505.485612804996,-1485.6256128049959
694.52,1156.7920434086318,-462.2720434086318
1106.71,1967.0993578863536,-860.3893578863535
1428.69,2145.5758314029995,-716.8858314029994
1976.71,2396.925585285803,-420.2155852858032
3475.37,3486.8301622042454,-11.460162204245535
4172.28,4488.726529294335,-316.44652929433505
3568.7,4432.70748811954,-864.0074881195405
3051.85,966.5022147540968,2085.347785245903
787.31,1245.3182137302103,-458.0082137302104
2126.12,1823.3952412671408,302.7247587328591
4259.26,5719.600794980407,-1460.3407949804068
5847.0,5239.33745855453,607.6625414454702
3000.02,2711.644464668861,288.37553533113896
531.47,875.8835025475084,-344.4135025475084
2673.72,2419.5545575381716,254.1654424618282
1388.76,1879.2769670730156,-490.5169670730156
2779.32,3754.881634728158,-975.561634728158
4723.55,8159.045338366611,-3435.4953383666107
2115.32,1663.8384691955534,451.4815308044467
3103.8,2428.694286384339,675.105713615661
1384.61,2066.8361090693274,-682.2261090693275
1207.56,1735.1364210601155,-527.5764210601155
611.68,1050.1199823879947,-438.43998238799475
1848.91,2852.0119887622363,-1003.1019887622363
1104.55,2386.3795333992375,-1281.8295333992376
819.75,1168.7995928169603,-349.0495928169603
6999.69,3595.1540849711173,3404.5359150288823
3033.69,1745.543071946225,1288.1469280537751
1936.69,4453.945394686336,-2517.255394686336
2126.61,2807.244361731136,-680.6343617311359
824.03,1394.4410796006332,-570.4110796006332
1684.29,2024.4611413156576,-340.1711413156577
1854.51,1433.0818391716978,421.4281608283022
1169.01,2243.8144419500713,-1074.8044419500714
773.0,1289.2717469444297,-516.2717469444297
12221.33,7520.13753520556,4701.19246479444
3512.03,1818.465914971559,1693.5640850284412
4002.19,3176.2482405099854,825.9417594900146
1643.45,2024.5262716449868,-381.0762716449867
7106.39,4489.27066523476,2617.1193347652406
1412.91,1970.5106363476812,-557.6006363476811
1185.97,3110.146392664412,-1924.1763926644119
7944.85,7237.291084860121,707.558915139879
4637.96,3656.9273304714384,981.0326695285617
2847.13,3758.2028910163713,-911.0728910163712
8903.8,6859.47436564472,2044.3256343552794
2422.38,8436.301593961301,-6013.921593961301
6503.55,4299.628537456607,2203.9214625433933
3801.1,4167.266730030109,-366.1667300301092
1327.08,2315.4069963326497,-988.3269963326497
1318.8,1239.6687829140735,79.13121708592644
9413.65,6983.5793581617945,2430.070641838205
543.36,1582.8301070020132,-1039.4701070020133
2912.28,3001.51315652011,-89.23315652010979
1878.67,3043.561004654018,-1164.8910046540177
1381.14,2062.8290888376164,-681.6890888376163
2538.67,2041.2613728338868,497.4086271661133
4640.26,4111.1271865638055,529.1328134361947
1073.86,2050.10938474952,-976.24938474952
3998.27,1833.1546578899267,2165.1153421100735
5928.21,9129.334835723532,-3201.1248357235318
1344.54,1586.236981632984,-241.69698163298403
2144.67,2824.4664091838304,-679.7964091838303
3060.04,3590.1493899278266,-530.1093899278267
2720.69,3880.717127219939,-1160.0271272199388
2237.09,4464.167409185131,-2227.077409185131
3614.11,3311.17506148292,302.93493851708035
2695.91,4597.385829297922,-1901.4758292979222
3813.65,3242.347317913159,571.3026820868413
1675.5,1075.3172422561674,600.1827577438326
3434.87,2969.4988026120755,465.37119738792444
5198.2,3359.2328881352314,1838.9671118647684
923.05,1599.0919310025108,-676.0419310025109
9369.19,7193.534319261826,2175.655680738175
4371.14,6193.53634638781,-1822.39634638781
1618.88,2453.1527793490395,-834.2727793490394
756.57,2174.3947520877996,-1417.8247520877994
6214.19,5540.599577213664,673.5904227863357
925.34,1121.558266861023,-196.21826686102293
897.47,1807.989414575189,-910.5194145751889
1832.48,2974.0060808969383,-1141.5260808969383
1079.07,1250.6562685641627,-171.58626856416276
2590.78,2118.074630827886,472.7053691721144
930.63,1926.3698356987115,-995.7398356987115
16384.42,5636.936286925469,10747.483713074529
1663.6,2271.2436175191942,-607.6436175191943
690.81,2463.402593955436,-1772.5925939554359
14591.93,6756.271736602695,7835.658263397306
1530.42,1873.4544641193384,-343.0344641193383
3164.58,3464.371007927539,-299.7910079275389
4749.81,7963.185312729381,-3213.3753127293803
4828.94,4408.602868166489,420.3371318335103
3347.23,5132.224075215007,-1784.9940752150073
3399.82,2104.5358224151896,1295.2841775848105
845.27,1067.3323604592047,-222.06236045920468
1336.37,1842.4916504962289,-506.121650496229
562.07,1750.4849639915035,-1188.4149639915036
2906.83,3442.348960773409,-535.5189607734092
2317.01,2488.6438173544375,-171.63381735443727
4757.16,3813.9696203827993,943.1903796172005
1251.16,2139.2304284984716,-888.0704284984715
2840.35,2045.353752878501,794.996247121499
3854.9,3366.2259940822073,488.6740059177928
1128.52,1548.912096594386,-420.392096594386
9324.25,5701.374269669127,3622.875730330873
553.07,2150.5705576257933,-1597.5005576257931
1494.59,1461.8931321417126,32.696867858287305
1375.66,1862.5665180641388,-486.9065180641387
1276.68,4095.217899923746,-2818.5378999237455
2506.92,1738.8982580855854,768.0217419144146
4310.45,5524.781248901695,-1214.3312489016953
513.78,1791.8937031105997,-1278.1137031105998
2334.11,3587.6948901481023,-1253.5848901481022
3877.65,3727.214366996099,150.43563300390088
4550.28,4362.283253812765,187.99674618723475
2552.97,1761.7099118411684,791.2600881588314
1646.99,1775.5681050537044,-128.57810505370435
5056.38,3371.028792138943,1685.351207861057
1384.85,2096.236020343631,-711.3860203436311
691.97,1324.2058070504752,-632.2358070504752
2599.55,4952.178621566195,-2352.628621566195
3736.49,4657.081532068798,-920.5915320687982
573.76,1997.1133206629438,-1423.3533206629438
3232.37,3257.8278515727575,-25.45785157275759
4352.02,5137.804207955579,-785.7842079555785
6100.43,5072.178990911275,1028.2510090887254
3017.4,1653.1185675748577,1364.2814324251424
5105.33,4541.064976211101,564.2650237888993
1857.51,1688.583358357346,168.92664164265398
1405.44,1584.2076950661426,-178.76769506614255
586.27,1779.5898869435491,-1193.3198869435491
670.14,1605.061294123412,-934.9212941234119
2861.8,4854.118642022552,-1992.318642022552
2926.66,3327.7727522907003,-401.1127522907004
2252.25,2155.5568806539213,96.69311934607867
111.49,3449.752349821764,-3338.262349821764
4786.57,2174.389846960743,2612.1801530392568
894.08,1697.1249703463184,-803.0449703463183
3247.79,2391.98929068735,855.8007093126498
3750.46,3191.2112991235886,559.2487008764115
4811.17,3948.0049934281974,863.1650065718027
2669.17,3220.4643159353486,-551.2943159353485
4794.17,2436.0411058858876,2358.1288941141124
1217.67,2921.0727643872488,-1703.4027643872487
675.0,1722.4819163527193,-1047.4819163527193
589.05,1170.9377394844937,-581.8877394844937
3582.15,3691.020775876933,-108.87077587693284
1747.65,1596.7030367194861,150.94696328051396
1719.75,2334.3870736404506,-614.6370736404506
6528.64,3628.335652388239,2900.3043476117614
7144.83,5893.337060720867,1251.4929392791328
942.32,1394.5610084724626,-452.24100847246257
3170.29,4218.714269267833,-1048.4242692678326
5055.43,4894.8391810443345,160.59081895566578
3605.23,1852.1228755636116,1753.1071244363884
2260.41,4332.215327005359,-2071.805327005359
1820.52,1932.2846428058099,-111.7646428058099
1673.27,1771.4274420685933,-98.15744206859335
771.1,1067.575085737629,-296.475085737629
1800.98,2120.9703975408906,-319.9903975408906
3827.11,3657.7033940612027,169.40660593879738
1288.61,1724.5093532670032,-435.89935326700333
1074.68,1324.399335121411,-249.71933512141095
1397.03,2972.8974558265027,-1575.8674558265027
11417.02,6441.381116194365,4975.6388838056355
1705.45,1771.90706364335,-66.45706364335001
1945.53,2100.088419062582,-154.55841906258206
3210.58,2930.27988838961,280.3001116103901
889.37,1839.0863338830416,-949.7163338830416
3395.1,2624.201953086693,770.8980469133071
6543.9,6445.114546275543,98.7854537244566
4693.07,3131.7533526980787,1561.316647301921
943.63,1314.0895338109585,-370.45953381095853
586.8,1420.8295899066861,-834.0295899066862
2208.0,2356.1228394469995,-148.12283944699948
669.24,1964.4872308914487,-1295.2472308914487
9725.01,9635.81224852949,89.19775147051041
2733.88,3359.9503136588783,-626.0703136588781
828.93,2833.7293135669456,-2004.7993135669458
1067.98,3100.157952043391,-2032.177952043391
5481.15,6252.836109205313,-771.6861092053132
445.89,1492.4834696163712,-1046.5934696163713
4030.2,3412.361755592374,617.838244407626
1274.68,2592.2223560587413,-1317.5423560587412
1575.97,2067.9031475224383,-491.9331475224383
3010.11,1661.243081694656,1348.8669183053441
3226.59,2916.562702752134,310.02729724786604
1240.47,1793.205396847423,-552.7353968474229
12124.57,4338.610270741985,7785.959729258015
939.4,1858.7582744260542,-919.3582744260542
1491.14,2143.3777653506518,-652.2377653506517
7716.18,7562.498659136191,153.68134086380906
3452.42,4683.25378708551,-1230.8337870855103
3743.66,2715.220960761247,1028.4390392387527
2558.19,3708.3535586251755,-1150.1635586251755
2012.8,2415.633319873237,-402.83331987323686
950.73,2271.283134350124,-1320.5531343501239
8082.37,7911.030671732511,171.33932826748878
5795.72,2887.8229134066814,2907.897086593319
1438.27,3578.3651034663385,-2140.0951034663385
1847.88,1933.617794019039,-85.7377940190388
1728.2,1858.0547716625595,-129.85477166255941
7744.37,3108.11592695856,4636.25407304144
781.73,1988.5852490329135,-1206.8552490329134
698.38,1604.7446301083626,-906.3646301083626
1680.63,1658.1771112811427,22.452888718857366
724.17,1314.0895338109585,-589.9195338109586
508.54,1586.1450585233163,-1077.6050585233163
3800.87,1403.611509589591,2397.2584904104087
745.08,1156.59249650774,-411.5124965077399
501.83,2448.6927601923176,-1946.8627601923176
2176.14,1856.9353082590371,319.20469174096274
6593.26,4967.118832078461,1626.141167921539
4247.12,1871.9245674485765,2375.1954325514234
1130.93,5989.405609014894,-4858.475609014894
349.18,2269.2705169779993,-1920.0905169779992
860.67,1593.1126485839684,-732.4426485839684
1282.94,1729.9463828980925,-447.0063828980924
2322.07,1561.4482644427242,760.621735557276
6903.59,6270.630970271038,632.9590297289624
1937.67,2424.6925785258613,-487.02257852586126
4690.4,5494.902497704759,-804.5024977047597
5546.18,7030.667825461619,-1484.4878254616187
2701.06,2362.421985947361,338.63801405263894
3492.33,2676.952423619795,815.377576380205
5489.29,3384.1843151534354,2105.1056848465646
439.4,1564.0509507386284,-1124.6509507386286
2757.05,3123.697243988963,-366.6472439889626
7450.37,4429.126521810222,3021.243478189778
921.24,1589.4576689934836,-668.2176689934836
980.27,1191.2501616912368,-210.98016169123684
2196.93,3239.634154998552,-1042.704154998552
8120.87,6588.548953644873,1532.3210463551268
1677.19,3592.776020458542,-1915.586020458542
825.74,2577.001880121712,-1751.261880121712
2603.36,3628.4751889822537,-1025.1151889822536
3420.31,3521.7686707451953,-101.45867074519538
1784.7,2267.65267963734,-482.95267963734
1163.38,2044.7516972340275,-881.3716972340274
3475.05,2828.730863193825,646.3191368061753
3127.72,2039.6203347104024,1088.0996652895974
2067.56,2786.237069815035,-718.6770698150349
4254.99,4445.3676652958075,-190.37766529580767
1952.3,3365.945254111562,-1413.645254111562
2242.86,1686.4918535600493,556.3681464399508
2679.78,4609.491348981562,-1929.7113489815615
2084.6,3206.219134003671,-1121.6191340036712
4526.17,4133.107147600407,393.0628523995929
1355.73,2469.8014642248045,-1114.0714642248045
5483.06,3509.195248865383,1973.8647511346176
3910.16,2972.9979887695195,937.1620112304804
7192.4,5849.741104802951,1342.6588951970489
5419.0,4895.035574901912,523.9644250980882
2345.75,3555.011147931971,-1209.2611479319712
2840.31,2179.3141932114395,660.9958067885605
997.88,1671.05144409389,-673.17144409389
2491.84,1715.9388489161372,775.9011510838629
3019.58,4648.948561411065,-1629.3685614110655
7760.53,7449.169978539006,311.3600214609942
4179.32,3232.79385183427,946.5261481657299
27487.66,7952.453502787415,19535.206497212585
801.17,1475.8269314089682,-674.6569314089683
4248.7,5646.066195809577,-1397.3661958095772
1657.43,1761.305313391047,-103.87531339104703
507.58,1790.4622361778668,-1282.8822361778668
2200.99,3234.6027116251316,-1033.6127116251319
2511.65,3156.0111376887758,-644.3611376887757
3635.19,3067.8286503306927,567.3613496693074
7858.45,5566.195327564409,2292.2546724355907
1363.37,1432.8236776773356,-69.45367767733569
4045.36,1751.3398559546665,2294.020144045334
2805.29,2259.0554955346033,546.2345044653966
1431.79,1525.5129575855,-93.72295758550013
1010.25,1454.4968515634773,-444.2468515634773
960.84,1051.5128762485858,-90.6728762485858
1119.23,1782.1617859786065,-662.9317859786065
6560.66,6137.3023747461475,423.35762525385235
687.84,1734.6186187337064,-1046.7786187337065
1849.59,1548.912096594386,300.67790340561396
699.27,1621.2925177909615,-922.0225177909615
4091.32,4796.864695487375,-705.5446954873746
2341.59,1381.767549027244,959.8224509727561
10056.25,4405.724398143883,5650.525601856117
886.65,1923.1363631393147,-1036.4863631393146
5702.67,7208.5112842306535,-1505.8412842306534
4489.05,4662.321741944392,-173.27174194439158
538.89,1472.112145322161,-933.222145322161
6538.16,5344.510066869355,1193.649933130645
4718.11,3246.3339109824756,1471.776089017524
2029.81,2070.4356537686226,-40.62565376862267
3191.49,1968.226153835896,1223.2638461641038
2062.52,1694.2542062760344,368.26579372396554
1538.1,2051.9461261823367,-513.8461261823368
3971.04,2793.5212422119193,1177.5187577880806
858.57,1703.288744292879,-844.718744292879
1168.89,1332.839274234026,-163.949274234026
5230.42,4460.082744043301,770.3372559566988
4204.68,1851.5762247608636,2353.1037752391367
1645.23,1758.876732989879,-113.64673298987896
4253.72,3436.6482096994296,817.0717903005707
2711.89,2655.28741513001,56.602584869990096
4557.19,2723.370305081035,1833.8196949189646
4138.29,3825.5866256981,312.7033743019001
2756.76,2380.0007789380124,376.7592210619878
5319.73,2556.1535010032653,2763.5764989967342
1749.02,1572.3906011117942,176.62939888820574
1342.09,1896.096507068334,-554.006507068334
4058.68,4638.324181744561,-579.6441817445616
967.21,1027.0692549798434,-59.8592549798434
2276.06,1722.3132855543226,553.7467144456773
3098.61,2714.0210057799195,384.5889942200806
5183.73,6575.683601833788,-1391.9536018337885
4119.91,5172.766552292934,-1052.8565522929339
8451.99,3182.8611227688248,5269.128877231175
2095.02,4646.208722606142,-2551.188722606142
1133.15,1158.6013448378797,-25.45134483787956
4078.23,5244.807749118969,-1166.5777491189688
4541.13,2589.0807193314135,1952.0492806685866
3053.66,3125.8372203518275,-72.1772203518276
2410.09,2607.4491931105163,-197.35919311051612
2520.55,1717.2789470932846,803.2710529067156
1706.46,1501.2214724300811,205.23852756991892
1012.35,2139.2889412906434,-1126.9389412906435
1166.59,5720.7921749813995,-4554.202174981399
4146.01,6220.584510040963,-2074.574510040963
1315.15,1766.4487016648857,-451.2987016648856
2649.77,1548.8524628442187,1100.9175371557812
1508.62,1068.1534960151073,440.4665039848926
1538.39,4220.334173955621,-2681.9441739556205
1539.26,1658.805107745765,-119.54510774576511
3510.83,2798.988432200056,711.8415677999437
1558.26,2284.1663593569333,-725.9063593569333
416.86,984.8190406804649,-567.9590406804649
2184.15,1656.306337690707,527.843662309293
3944.2,2255.617863006709,1688.582136993291
441.76,2122.1161055211273,-1680.3561055211273
7449.58,6832.490978030009,617.0890219699913
1314.31,1382.595399915366,-68.28539991536604
1267.08,1521.6779797422475,-254.59797974224762
2126.3,4259.288632960117,-2132.988632960117
1935.7,6352.531727165892,-4416.8317271658925
4829.17,4389.925846218397,439.244153781603
2073.03,1364.0088020894987,709.0211979105015
2554.61,1987.4384572210163,567.1715427789838
1882.84,1375.10406746199,507.7359325380098
628.15,1577.8297048045229,-949.6797048045229
893.77,1203.4553501344806,-309.6853501344806
616.56,1071.3900291320986,-454.8300291320986
9448.17,6685.920972016622,2762.2490279833783
1467.83,1609.1230470906653,-141.29304709066537
587.4,1434.6302223054822,-847.2302223054822
778.72,1745.0944791586137,-966.3744791586137
2097.93,2132.83363520667,-34.90363520667006
1352.4,2933.605612571624,-1581.205612571624
728.32,1772.6647720612696,-1044.3447720612694
5506.23,7102.404577392942,-1596.1745773929424
1255.93,4209.724964967917,-2953.7949649679167
891.59,1068.342470879818,-176.7524708798179
4053.79,7268.659912014918,-3214.8699120149176
1298.48,2669.91308289701,-1371.43308289701
5794.98,5632.636612778129,162.34338722187022
2456.83,1541.3996946855614,915.4303053144386
4869.57,4695.6643669590185,173.90563304098123
813.93,1885.1024372264535,-1071.1724372264534
1011.97,1936.0432326709854,-924.0732326709854
785.11,1357.3995702690538,-572.2895702690538
729.09,1849.1133186521806,-1120.0233186521805
1504.46,2308.0485893502378,-803.5885893502377
833.88,1572.6499189686974,-738.7699189686974
792.51,1167.3933379238313,-374.8833379238313
1190.48,2549.8191966499253,-1359.3391966499253
663.34,1149.6836998221627,-486.34369982216265
2361.9,2657.3862313713057,-295.4862313713056
1890.4,2303.8354102271364,-413.43541022713634
838.87,1200.992697414227,-362.122697414227
3140.73,1830.948021486781,1309.781978513219
6447.08,4218.411826547842,2228.668173452158
8719.86,4456.5135854814,4263.346414518601
796.67,2391.4432838722905,-1594.7732838722904
3866.49,4730.90688333939,-864.4168833393906
3456.67,2972.601478095259,484.0685219047409
2140.0,2040.0395897162005,99.96041028379955
986.67,2101.9155065813393,-1115.2455065813392
1550.89,1789.9032508383148,-239.01325083831466
2495.75,4615.383985077269,-2119.6339850772692
3218.91,2753.467272630115,465.4427273698848
4056.82,3107.2448572982144,949.5751427017858
1189.7,4527.665261695699,-3337.965261695699
1702.36,2389.938563535845,-687.578563535845
2106.77,2909.0229697001155,-802.2529697001155
1654.87,1276.4286277187023,378.4413722812976
2133.58,3046.2977850014254,-912.7177850014255
2206.0,3484.7305203829746,-1278.7305203829746
3075.53,2363.120455526367,712.4095444736331
1923.96,1716.8557269007633,207.1042730992367
2308.02,3927.746311037154,-1619.7263110371541
1109.14,3120.4643003021224,-2011.3243003021223
573.4,1540.3060907596175,-966.9060907596175
6874.66,2268.113847536113,4606.546152463887
11578.73,6279.690068169195,5299.039931830805
1585.4,1456.5877366954046,128.8122633045955
2225.47,1971.9606541185924,253.5093458814074
5255.6,4529.123515723505,726.4764842764953
3951.29,5822.792106536502,-1871.5021065365017
7457.5,2953.8571679357133,4503.642832064286
1125.77,1519.6474316427054,-393.87743164270546
1032.14,985.8891880461034,46.25081195389669
1814.65,2660.30829367547,-845.6582936754698
1348.85,2546.8243962118604,-1197.9743962118605
2769.47,1533.5742086553216,1235.8957913446782
10155.14,7926.742047530974,2228.3979524690258
3581.41,2633.18398417973,948.2260158202698
2316.16,3131.1359763391497,-814.9759763391498
984.41,1201.8538952166152,-217.44389521661526
4762.31,4577.508852626906,184.80114737309395
819.0,4610.168702520045,-3791.1687025200454
1150.46,1275.7652988487878,-125.30529884878774
5899.81,4654.3825198877685,1245.427480112232
889.26,1618.7444635848587,-729.4844635848588
2109.51,1521.2768607772007,588.2331392227995
4800.65,6139.478521551281,-1338.8285215512815
3144.41,2776.2973080583492,368.1126919416506
601.32,1944.3697985065012,-1343.0497985065012
708.41,1366.4510035367414,-658.0410035367414
3456.7,1986.208165459454,1470.4918345405458
565.6,3862.0851860608823,-3296.4851860608824
1944.19,1717.2112557935056,226.9787442064944
3528.43,2414.4922665220006,1113.9377334779992
2632.05,2016.7662379922208,615.2837620077794
9956.48,5472.681882482332,4483.798117517667
2571.49,3002.714304385614,-431.22430438561423
660.18,1686.6704519295104,-1026.4904519295105
1122.38,1406.955372861152,-284.5753728611519
2850.29,2376.591740901879,473.69825909812107
1113.9,1602.9619980428777,-489.0619980428776
742.8,1223.280809531999,-480.48080953199906
1609.35,1562.565976784586,46.78402321541398
574.8,1264.5409839516037,-689.7409839516038
540.61,1430.5503273461102,-889.9403273461102
3170.54,4662.709008785513,-1492.1690087855131
622.01,1777.9703777846403,-1155.9603777846403
290.2,1245.0222170677987,-954.8222170677986
2033.92,2433.7571965798716,-399.8371965798715
716.1,1610.6976262147334,-894.5976262147334
1099.1,1827.92651145233,-728.8265114523301
1265.14,1507.2564267018452,-242.11642670184506
1025.96,4678.083569558958,-3652.1235695589576
916.16,1453.656941529558,-537.4969415295581
2691.41,3460.4487571265317,-769.0387571265319
2660.19,2352.5801652994132,307.6098347005868
2714.75,2822.2525271712984,-107.50252717129842
521.37,1740.0943814081163,-1218.7243814081162
9260.84,6201.051972879884,3059.7880271201166
1538.5,1939.5861215482919,-401.0861215482919
1690.67,6177.683837749929,-4487.013837749929
1054.29,3979.248852641089,-2924.958852641089
2368.48,1995.6218338117033,372.85816618829676
1705.07,2548.586918565576,-843.5169185655761
754.38,1915.1886669711096,-1160.8086669711097
1360.43,3174.0923152858554,-1813.6623152858554
642.96,1214.0986323729499,-571.1386323729498
1031.93,1417.0411377981086,-385.11113779810853
914.55,3210.1351705673374,-2295.5851705673376
984.18,1887.326072746418,-903.1460727464181
1330.33,1429.6697503945643,-99.33975039456436
613.38,1420.9234255348865,-807.5434255348865
19056.91,7268.5592238429435,11788.350776157056
1595.75,1849.4849823224185,-253.73498232241855
9894.75,5443.890010959268,4450.859989040732
2794.65,2887.36167803121,-92.71167803120989
1353.96,2965.4355966724115,-1611.4755966724115
9515.63,9284.65065944028,230.97934055971928
1301.6,1141.6599449044732,159.94005509552676
3260.4,2309.551893057012,950.8481069429881
2676.6,2771.4328081772956,-94.83280817729565
1461.27,2332.534291466655,-871.2642914666549
1145.97,1535.8210103685979,-389.8510103685978
846.65,2209.19611010492,-1362.54611010492
2369.85,1699.3134888457575,670.5365111542424
1070.78,2226.5892062257212,-1155.8092062257213
929.82,2087.1440607415484,-1157.3240607415482
650.0,1763.430730618571,-1113.430730618571
1788.89,2105.3493520933216,-316.4593520933215
12307.71,5620.301308269114,6687.408691730885
929.12,2961.9655247381843,-2032.8455247381844
1158.78,2793.7474279931425,-1634.9674279931426
1190.92,1345.7553134835537,-154.8353134835536
827.21,2119.4576486144065,-1292.2476486144064
3855.78,2447.3268379259503,1408.45316207405
3149.09,1625.0432764879336,1524.0467235120666
919.55,3372.2959191405203,-2452.7459191405205
4545.51,5951.0109533658515,-1405.5009533658513
1124.11,1381.762082978418,-257.6520829784181
1295.96,1643.5198755955719,-347.55987559557184
1550.86,2652.4125113787627,-1101.5525113787628
1322.41,1804.147348107031,-481.7373481070308
1451.91,3477.6428117570176,-2025.7328117570175
2128.63,2473.276928094505,-344.6469280945048
1810.79,3060.8293855653374,-1250.0393855653374
3002.52,3854.1767357938143,-851.6567357938143
1959.34,1598.720751870278,360.6192481297219
1761.67,3151.6095495158565,-1389.9395495158565
2905.53,1744.5421066060353,1160.987893393965
2748.8,1978.740068727052,770.0599312729482
3684.18,1942.2606168936595,1741.9193831063403
778.22,1412.4781439271578,-634.2581439271578
5232.98,1781.4824809228896,3451.49751907711
3077.34,5294.297830253115,-2216.9578302531145
2292.48,1683.8535738074677,608.6264261925323
3869.94,4499.129442125339,-629.1894421253387
1352.51,1254.9364166854084,97.57358331459159
10142.99,3451.372094272364,6691.617905727636
4247.48,3857.8030296031106,389.6769703968889
969.84,1214.9515192634483,-245.11151926344826
821.39,1381.0935255900354,-559.7035255900354
1056.57,1742.9025775578534,-686.3325775578535
2611.66,3787.834906825535,-1176.1749068255353
2841.33,2629.3927822323703,211.9372177676296
1524.17,1380.7018479381884,143.46815206181168
1982.54,1462.9198159388054,519.6201840611945
2208.42,2076.6214902042393,131.79850979576076
4593.09,7736.464039926404,-3143.3740399264043
1406.7,3053.1466717860467,-1646.4466717860466
1793.63,1904.6229772293557,-110.99297722935557
3291.22,2007.6702096901654,1283.5497903098344
1618.38,2745.771397923434,-1127.391397923434
1192.37,1377.9118228835255,-185.54182288352558
1564.73,1387.9116570773645,176.81834292263557
10408.04,4756.643084099799,5651.396915900202
2275.26,2077.587581988221,197.67241801177943
1521.27,2555.9433344866006,-1034.6733344866007
1074.59,2140.593512225338,-1066.0035122253382
1387.43,3193.1647101670037,-1805.7347101670036
2192.61,2262.1969664529192,-69.58696645291911
720.84,3464.0226349038367,-2743.1826349038365
1580.26,2044.0586604281439,-463.7986604281439
3804.07,3035.7390922053,768.3309077947001
7201.26,4396.974606405503,2804.285393594497
2741.45,2397.6168817178896,343.83311828211026
2636.91,2024.3336458262504,612.5763541737495
1379.55,1583.5254343871645,-203.97543438716457
3562.24,2259.6037236337916,1302.6362763662082
2887.29,4276.43008937154,-1389.14008937154
1363.6,1482.326037780696,-118.72603778069606
7029.56,3107.8806414491596,3921.679358550841
1122.12,955.1221698427102,166.99783015728974
1049.35,2352.0569690588723,-1302.7069690588723
1109.34,1768.69972449184,-659.3597244918401
1530.65,4072.510042414861,-2541.860042414861
661.62,1520.4370737334116,-858.8170737334116
3470.97,2678.368879980804,792.6011200191956
1417.7,2617.9137575981445,-1200.2137575981444
3729.06,6040.807486931032,-2311.747486931032
1853.72,1952.657518849222,-98.93751884922199
1200.08,2360.4032422035752,-1160.3232422035753
3420.73,3394.5316882565803,26.19831174341971
473.0,996.7065344889887,-523.7065344889887
1186.28,2042.0755022747953,-855.7955022747954
3871.07,2725.026981158056,1146.043018841944
707.92,9106.344830531229,-8398.424830531229
8451.46,2944.342679573119,5507.11732042688
4865.38,3803.3019186172246,1062.0780813827755
3925.22,2145.3461853637023,1779.8738146362975
1782.69,2011.3744620894397,-228.68446208943965
10195.69,8851.984244174555,1343.7057558254455
530.93,1557.3421414428376,-1026.4121414428378
408.77,1377.0434404546693,-968.2734404546693
5179.27,2935.941087618565,2243.3289123814357
3374.5,3116.9395963216984,257.56040367830155
5120.36,2782.2355718425974,2338.1244281574022
661.85,2967.0400833048434,-2305.1900833048435
2874.33,2894.4770310327835,-20.147031032783616
4013.09,4848.996572967585,-835.9065729675849
6367.62,10161.658476425266,-3794.038476425266
5439.05,2311.055379951625,3127.994620048375
8962.54,6701.959874529962,2260.580125470039
6439.91,4427.0871915305415,2012.8228084694583
7961.24,3083.2228416420144,4878.017158357985
1238.77,2187.3878956329618,-948.6178956329618
2242.1,2659.5028083377897,-417.4028083377898
1678.46,3432.918172460065,-1754.4581724600648
10727.77,7605.853637603401,3121.9163623965997
2852.0,2892.45174855294,-40.45174855293999
4536.01,4127.391328367219,408.6186716327811
2558.28,4526.82538801714,-1968.5453880171394
4807.95,3845.708175978274,962.2418240217257
1706.81,4461.913032788734,-2755.1030327887343
4541.33,2026.7901771075713,2514.5398228924287
4563.26,6174.841913091597,-1611.581913091597
4177.35,2906.9395161611305,1270.4104838388698
1240.65,5021.077270864249,-3780.427270864249
2188.87,2023.5245611812386,165.3454388187613
1513.69,3371.383347528431,-1857.6933475284309
10230.87,7401.9666988825165,2828.9033011174843
908.9,2268.7773218767825,-1359.8773218767824
725.9,1018.4376672293408,-292.53766722934085
7351.31,6722.795377200664,628.5146227993364
944.89,1767.6328993358431,-822.7428993358432
1055.22,1485.8779097798515,-430.6579097798515
1850.71,1589.59497764729,261.11502235270996
1337.61,1582.71448917825,-245.1044891782501
280.0,4130.300294766097,-3850.300294766097
691.14,3652.42009965612,-2961.28009965612
10586.55,5429.586316656302,5156.963683343697
1556.02,1357.627497775153,198.39250222484702
738.26,1607.27541352337,-869.01541352337
1160.23,1966.9282754781218,-806.6982754781218
2298.23,6204.701830839084,-3906.4718308390843
2862.82,1872.1188361690577,990.7011638309425
13449.15,12750.965194242513,698.1848057574862
6231.23,4142.46472461523,2088.7652753847697
575.27,1703.6212628429466,-1128.3512628429467
395.48,1508.3277492349855,-1112.8477492349855
2704.81,2037.7851740894832,667.0248259105167
1735.44,1919.1259267705134,-183.68592677051333
1513.62,1611.9917429852312,-98.37174298523132
563.69,1351.0113918288216,-787.3213918288216
5400.62,4577.151753742618,823.4682462573819
1447.62,2301.246176051131,-853.6261760511311
1920.99,3971.3011995461093,-2050.3111995461095
2655.23,4095.9884963766385,-1440.7584963766385
878.36,1706.0257882442602,-827.6657882442602
6798.49,4425.464430333545,2373.0255696664544
572.34,2181.807659400734,-1609.4676594007337
454.74,1209.0340851309313,-754.2940851309313
7999.05,5248.800154161248,2750.2498458387518
8598.83,4475.6336653093485,4123.196334690651
5307.02,5023.108294207201,283.9117057927997
1105.75,3592.2896827300506,-2486.5396827300506
819.14,1221.8191612064452,-402.6791612064452
5391.13,6850.285213212368,-1459.155213212368
1380.25,1261.0091254532992,119.24087454670075
1421.73,1535.0399666893802,-113.30996668938019
1869.91,3389.8946284120934,-1519.9846284120933
710.99,1312.8083889137783,-601.8183889137783
4521.77,2892.498217094538,1629.2717829054623
739.57,1282.0776877328735,-542.5076877328735
1138.77,4763.161700577732,-3624.3917005777316
2132.94,3841.259872218355,-1708.3198722183552
1311.11,3328.9640594219827,-2017.8540594219828
1383.17,1852.2683706730056,-469.09837067300555
1540.41,1896.8479127362548,-356.4379127362547
1152.54,2048.2950632889833,-895.7550632889834
1488.7,1460.8069940856803,27.8930059143197
761.54,2047.4022460131248,-1285.8622460131248
1807.32,1923.3353132537723,-116.01531325377232
935.55,1593.6012764745572,-658.0512764745572
2375.0,1646.1150321849493,728.8849678150507
4958.51,6863.067148703542,-1904.5571487035422
2704.93,2127.5793630471267,577.3506369528732
2579.35,1867.8370473258233,711.5129526741766
1499.5,1582.4708315581834,-82.97083155818336
3678.16,3533.703319630516,144.45668036948382
2093.66,3795.5623145650306,-1701.9023145650308
713.44,2770.0075657323855,-2056.5675657323854
12997.22,9118.915352683598,3878.3046473164013
1134.17,2836.8127175152003,-1702.6427175152003
353.14,1945.1461526255516,-1592.0061526255517
2273.54,3972.078073358217,-1698.538073358217
2384.35,2830.131929320298,-445.7819293202979
2561.63,4836.222844713735,-2274.592844713735
2111.36,3893.146419560327,-1781.786419560327
3700.3,3363.512077943523,336.7879220564773
2095.67,1559.7626649658434,535.9073350341566
2194.04,2826.260268183385,-632.2202681833851
2417.66,2876.6337764939467,-458.97377649394684
1336.59,1394.2620096878798,-57.672009687879836
1016.02,1430.3786959340352,-414.35869593403527
2101.17,3818.9195479917616,-1717.7495479917616
1866.67,2101.3139257649054,-234.64392576490536
3388.99,1901.8325288262033,1487.1574711737965
1070.36,1446.1999989434914,-375.83999894349154
1319.12,1512.837102650846,-193.71710265084607
15642.45,5754.091034500382,9888.358965499618
2483.74,3458.3185638545333,-974.5785638545335
2201.9,3240.636286784011,-1038.736286784011
655.27,1557.6839540929004,-902.4139540929004
1188.94,1615.45047358509,-426.51047358509004
2205.07,2950.8621305263778,-745.7921305263776
1726.79,1664.2724692981387,62.51753070186123
2506.7,2314.9201583201607,191.77984167983914
1894.86,2677.0526783248356,-782.1926783248357
3295.93,3975.7418682690204,-679.8118682690206
1240.96,3761.8645066341005,-2520.9045066341005
2031.72,4114.878985077987,-2083.1589850779865
1832.84,2814.8487196044466,-982.0087196044467
1310.98,1660.1319996046311,-349.1519996046311
1152.41,3442.4563809911497,-2290.04638099115
1806.12,2745.0496149815554,-938.9296149815555
3236.08,4699.878540151415,-1463.7985401514152
1758.24,1808.7507552930765,-50.5107552930765
3777.64,1799.664716366701,1977.975283633299
1089.92,1917.7615263281234,-827.8415263281233
1325.8,1593.8975386130862,-268.0975386130863
1509.11,1736.3425923240372,-227.23259232403734
3752.64,1918.5168869799038,1834.123113020096
2112.62,2957.3061438532372,-844.6861438532374
2451.07,2838.2490092473045,-387.1790092473043
1084.09,3294.141031105157,-2210.0510311051567
1385.33,2557.1116574710322,-1171.7816574710323
1205.32,1364.4942500497257,-159.17425004972574
701.73,1688.9988378596022,-987.2688378596022
1409.18,1554.529424562841,-145.34942456284102
899.75,1996.3205169149855,-1096.5705169149855
4901.53,6049.131801007874,-1147.6018010078742
1372.7,1338.527078881839,34.17292111816096
7909.15,5329.011326582341,2580.1386734176585
378.8,1068.0084156815515,-689.2084156815515
5129.28,2275.6164508994634,2853.6635491005363
992.22,4747.823628104594,-3755.6036281045936
2433.12,2299.1375862002305,133.98241379976935
1854.16,2870.2379864130394,-1016.0779864130393
1661.85,1375.6485261168368,286.2014738831631
2203.32,4417.116281413833,-2213.796281413833
1599.18,2790.3353510757624,-1191.1553510757624
900.9,1371.2239225444646,-470.3239225444646
7292.63,3581.9862291936106,3710.6437708063895
965.76,1580.3389935317982,-614.5789935317982
2833.03,2380.743628872246,452.28637112775414
1050.46,1845.0302968746691,-794.5702968746691
1739.08,2250.758344409326,-511.6783444093262
3364.34,4756.558012554163,-1392.2180125541627
2419.45,3507.5861596517975,-1088.1361596517977
593.96,2650.0641836706395,-2056.1041836706395
560.08,1599.8096055560256,-1039.7296055560255
1286.41,2972.7484364864126,-1686.3384364864125
7277.65,6620.935647012289,656.7143529877103
3152.5,5781.526198695964,-2629.026198695964
3573.04,3365.484440905441,207.55555909455916
2921.95,2787.927462605776,134.02253739422395
1335.49,1813.0387680059061,-477.54876800590614
4783.4,2247.463536255174,2535.9364637448257
817.21,2043.9063742693586,-1226.6963742693586
6031.16,3022.4207270953493,3008.7392729046505
1832.5,2307.458573253326,-474.958573253326
1961.14,3573.621290174383,-1612.4812901743828
3016.65,3473.1802206352604,-456.5302206352603
5902.91,7100.552827308379,-1197.6428273083793
5645.65,4483.7877465209685,1161.862253479031
5965.94,3867.1244626927573,2098.8155373072423
860.83,1585.2936842173956,-724.4636842173956
618.25,1414.7421898920713,-796.4921898920713
889.61,1696.9113544057996,-807.3013544057995
2342.97,2657.8244300815845,-314.8544300815847
2159.46,1317.154288846688,842.3057111533121
2059.22,2560.8862691868526,-501.6662691868528
3368.7,5595.8558180087775,-2227.1558180087777
2950.02,2619.2415449703353,330.77845502966466
2769.06,1903.353412067828,865.7065879321719
1735.69,1778.1267194412958,-42.436719441295736
469.73,1854.2781403604165,-1384.5481403604165
1431.98,1486.5778972192425,-54.59789721924244
1178.72,1188.1873285465158,-9.467328546515773
8643.26,8393.095673228436,250.16432677156445
4822.47,2849.989847765456,1972.4801522345442
1616.12,2893.6665265290126,-1277.5465265290127
1705.12,1984.2631233347984,-279.1431233347985
731.4,1396.4157167684757,-665.0157167684757
842.88,2143.351836778998,-1300.4718367789978
1163.16,1239.4396240226272,-76.2796240226271
3597.23,7323.505034944094,-3726.2750349440944
2302.63,1912.0696530534287,390.56034694657137
3055.38,2040.711829552071,1014.668170447929
2859.87,2743.6183309046364,116.25166909536347
1073.01,1703.1172764243663,-630.1072764243663
7999.64,2769.5175065597396,5230.122493440261
949.94,1735.4622814669717,-785.5222814669717
1760.8,3244.849934941765,-1484.0499349417648
2850.17,1449.9852201491626,1400.1847798508375
9247.98,6629.110369483445,2618.869630516555
4153.03,4806.407678649205,-653.3776786492053
2048.51,1918.7054395178607,129.80456048213955
8544.17,7571.82083562794,972.3491643720599
1443.41,1786.895151259532,-343.4851512595319
8949.14,5503.162997605151,3445.9770023948486
2825.33,5530.92756371302,-2705.5975637130205
1220.25,1072.7503102385128,147.49968976148716
2522.31,2709.33619956862,-187.0261995686201
2120.04,1678.6191742365413,441.42082576345865
5290.08,7372.5334349699115,-2082.4534349699115
1638.16,2816.7983474260277,-1178.6383474260276
3616.44,4143.138791134999,-526.6987911349993
898.57,1972.2535422798057,-1073.6835422798058
8009.03,1757.1498709013954,6251.880129098605
2685.63,3623.3622272563375,-937.7322272563374
4107.17,1850.3608320856708,2256.809167914329
1662.82,1586.1514643964945,76.66853560350546
708.67,1724.4632071017352,-1015.7932071017352
5231.78,3721.741373658551,1510.038626341449
2548.7,2756.322773706892,-207.62277370689208
24413.42,9791.974630834808,14621.44536916519
7114.74,5716.99866017573,1397.7413398242697
892.61,1944.898568971597,-1052.2885689715968
2974.87,3331.222336151724,-356.3523361517241
1932.29,1733.1145884917778,199.17541150822217
445.4,1269.2484213280575,-823.8484213280575
2597.77,2754.8680821866988,-157.09808218669878
3743.98,1808.5714039998406,1935.4085960001594
1101.54,1240.9794107627704,-139.43941076277042
7172.56,6905.880053459797,266.6799465402037
5708.02,4632.0475413612285,1075.972458638772
889.18,1540.4440127249272,-651.2640127249273
1372.11,2046.398369981494,-674.288369981494
2577.34,2455.8413442157707,121.49865578422941
1547.39,1935.6322876512568,-388.2422876512567
5180.89,3174.39259034028,2006.4974096597202
830.75,1654.839944423843,-824.089944423843
941.82,1359.9650447428237,-418.14504474282364
2514.33,2200.6850255122417,313.6449744877582
1155.42,1953.4570149728038,-798.0370149728037
950.67,2365.4239435412737,-1414.7539435412737
1807.52,1404.1736725446692,403.34632745533077
8393.33,3850.6225224488,4542.7074775512
7109.46,6066.334352075921,1043.1256479240792
2743.61,3163.8346718483226,-420.2246718483225
6456.41,5602.758798579345,853.6512014206546
1189.21,1589.4274536882026,-400.21745368820257
1883.74,1726.6270176718212,157.11298232817876
1416.18,1307.5348661867524,108.64513381324764
1873.04,1191.994259399467,681.045740600533
2823.12,1994.0177566984144,829.1022433015855
2472.39,2618.848504405893,-146.4585044058931
1130.26,1509.430952357444,-379.1709523574441
1680.15,2184.604362036217,-504.45436203621693
750.0,3500.271025396323,-2750.271025396323
294.53,1858.9655511006877,-1564.4355511006877
1154.53,2003.111261316003,-848.5812613160031
1495.96,2284.2710987227483,-788.3110987227483
9680.64,10796.18023167757,-1115.5402316775708
899.95,1717.0517963815898,-817.1017963815898
740.93,1721.8845072601584,-980.9545072601585
2571.78,2283.0316925934103,288.7483074065899
7650.93,6032.176870823851,1618.7531291761497
1066.26,1668.7116451671336,-602.4516451671336
740.48,2877.8809267898773,-2137.4009267898773
1041.8,1527.4101732211302,-485.61017322113025
1568.68,2132.059505064791,-563.3795050647911
1623.7,2405.0960703495452,-781.3960703495452
574.9,1333.67709618897,-758.77709618897
2680.06,2571.363068014757,108.69693198524283
567.69,1568.3414658082186,-1000.6514658082185
10377.15,7862.455787843129,2514.694212156871
666.03,1960.4074899696504,-1294.3774899696505
1960.04,1306.7827196674361,653.2572803325638
4519.79,1995.8522751688179,2523.937724831182
2073.63,1651.4915154654518,422.1384845345483
2120.56,3084.581251489162,-964.0212514891618
829.3,1565.965297410137,-736.6652974101371
3620.07,2387.432389664205,1232.6376103357952
2117.98,2570.4818155872986,-452.50181558729855
1134.65,1878.821414512609,-744.1714145126089
3184.0,1854.7485981919908,1329.2514018080092
3878.31,6500.9023902062,-2622.5923902062
1536.19,2311.3515963319405,-775.1615963319405
9837.38,4915.313949630719,4922.06605036928
644.29,1229.3102807855398,-585.0202807855399
8123.29,5551.001948822835,2572.2880511771646
183.13,3504.689489413644,-3321.559489413644
1621.92,2065.506080939582,-443.58608093958173
3799.33,1699.4102351958393,2099.919764804161
5058.87,2736.638364020548,2322.2316359794518
1878.3,2378.213403465939,-499.9134034659389
14019.98,13182.455659139152,837.5243408608476
3143.17,3196.0483246604485,-52.87832466044847
2770.24,2465.711395432215,304.5286045677849
3101.01,2061.3918410835777,1039.6181589164225
1001.06,1600.2503267213215,-599.1903267213215
5703.81,6250.911140266097,-547.101140266097
2468.03,2371.999814729502,96.03018527049835
1387.61,3035.2904578526136,-1647.6804578526137
4673.61,3308.4138382647525,1365.1961617352472
6867.31,3672.3431039499537,3194.9668960500467
4483.61,5043.4978595158245,-559.8878595158249
8700.51,3169.6679386789233,5530.8420613210765
3882.54,4532.303785919041,-649.7637859190409
909.65,1682.0364359427347,-772.3864359427347
3529.67,4765.5937847473,-1235.9237847472996
2509.07,1317.9811692819258,1191.0888307180744
3202.97,3083.2856849229906,119.68431507700916
21481.7,7854.162657904895,13627.537342095105
881.56,1683.1585727968957,-801.5985727968957
2409.87,2602.2834092752146,-192.4134092752147
5293.9,3438.1972719741098,1855.7027280258899
1444.4,3153.79043279463,-1709.3904327946298
3905.8,3281.8136081081498,623.9863918918504
2338.51,3613.4069503787055,-1274.8969503787052
2547.83,1845.1678170984633,702.6621829015367
2132.86,1878.1941319206667,254.66586807933345
1622.92,1229.4782763343837,393.44172366561634
1363.12,3182.7307443816044,-1819.6107443816045
834.0,3145.6738089531214,-2311.6738089531214
