Actual_Loss,Predicted_Loss,Residual
3302.33,3864.21570389837,-561.8857038983701
1021.53,1530.512962143457,-508.9829621434569
580.0,4832.937901274796,-4252.937901274796
1109.79,1782.9209897535552,-673.1309897535552
4325.72,4162.103811868243,163.61618813175755
5344.24,6483.555253097395,-1139.3152530973948
1173.77,1141.8029451590855,31.967054840914443
13018.78,9041.55891547976,3977.2210845202408
709.01,2011.5756039071416,-1302.5656039071416
3759.36,4303.259012599727,-543.8990125997266
6297.38,4563.7673123090735,1733.6126876909266
4001.05,3192.473519587262,808.576480412738
854.47,2227.6610678025277,-1373.1910678025276
456.22,2581.64017210538,-2125.4201721053796
1578.7,3178.3951181058947,-1599.6951181058946
2440.51,6524.079816008034,-4083.5698160080337
1488.8,2742.437440314361,-1253.6374403143611
3066.44,4113.178370530133,-1046.7383705301331
1322.68,869.5662933754306,453.11370662456943
1180.88,1376.2051955005145,-195.32519550051438
869.96,1668.8321490416183,-798.8721490416183
1408.94,978.8103536416263,430.12964635837375
611.73,385.7526037652242,225.97739623477582
1394.83,2999.689383677632,-1604.8593836776322
1264.52,1796.9471458347757,-532.4271458347757
2159.85,2113.526716336165,46.3232836638349
4797.96,4497.70412680522,300.2558731947802
2803.9,3039.3838587143696,-235.4838587143695
3685.72,4589.348078739227,-903.6280787392275
3172.75,2239.5994783513097,933.1505216486903
3475.15,2549.515077892151,925.634922107849
1918.9,7370.56386684405,-5451.66386684405
897.15,1996.4902744027672,-1099.3402744027671
634.1,1377.435551217472,-743.335551217472
4177.88,5053.939099065288,-876.0590990652881
1712.92,848.4452686012921,864.474731398708
16070.92,11294.9940910077,4775.9259089923
4818.94,2399.7409491809485,2419.199050819051
12269.88,9392.617858224368,2877.262141775631
1086.1,2064.996368417747,-978.896368417747
4786.92,4137.24783498857,649.6721650114305
1729.6,4129.676303287328,-2400.076303287328
1042.04,1097.2907029310331,-55.250702931033175
3944.02,5390.563181036183,-1446.543181036183
2900.65,3019.898287129842,-119.24828712984208
5182.96,4940.518168283545,242.44183171645545
1223.5,3407.1346645616895,-2183.6346645616895
2293.21,1490.0290865806276,803.1809134193725
2455.79,2943.6466131173097,-487.85661311730973
1674.0,3736.4007531794,-2062.4007531794
1937.77,1855.1400652922198,82.6299347077802
4797.14,6348.5880190428925,-1551.4480190428922
654.23,2005.1248163295668,-1350.8948163295668
4540.82,2259.5334397514416,2281.286560248558
1432.38,1713.8935602303297,-281.51356023032963
10748.93,9712.501026692284,1036.4289733077167
2668.17,3164.070475520685,-495.9004755206847
6558.35,6995.868407594506,-437.51840759450533
5343.54,2722.308413789626,2621.231586210374
1431.27,1482.7351406966459,-51.4651406966459
670.38,1846.8517293093323,-1176.4717293093322
593.53,577.617552175817,15.912447824183005
2113.1,2641.8099985747835,-528.7099985747836
3197.57,3970.025506714141,-772.4555067141409
3497.37,1398.211960016152,2099.1580399838476
1754.68,5047.82753578385,-3293.14753578385
1419.07,2325.333658940468,-906.2636589404681
1866.04,1515.006235193244,351.0337648067559
5604.92,6565.482332138914,-960.5623321389139
6805.22,4385.810713928589,2419.409286071411
1066.99,2264.49209362677,-1197.50209362677
1685.93,1813.0427412907288,-127.11274129072876
10986.28,5602.942836538572,5383.337163461429
2226.28,1605.7378019996631,620.5421980003371
5419.24,2248.3337830652104,3170.9062169347894
9462.9,7909.900679770384,1552.9993202296155
2890.17,4621.376344812199,-1731.206344812199
664.26,417.56251258880764,246.69748741119236
1689.94,1932.4253804974246,-242.48538049742456
1017.47,4503.728105843826,-3486.2581058438254
1377.34,767.7605432583305,609.5794567416694
1259.77,1335.808954152233,-76.03895415223292
2976.58,3423.1345059087453,-446.55450590874534
2962.07,3552.442963422231,-590.3729634222309
3457.33,4615.9094603727735,-1158.5794603727736
5611.61,3711.446560047956,1900.1634399520435
3809.26,1626.42584992871,2182.8341500712904
8565.7,1799.4495964191756,6766.250403580825
2545.21,2627.2829585255963,-82.07295852559628
812.94,2527.99446445884,-1715.05446445884
799.18,2465.4244064355707,-1666.244406435571
9544.22,6829.163046738186,2715.0569532618138
301.8,1085.760858099457,-783.960858099457
2487.06,1375.190586508916,1111.8694134910838
1512.42,3742.1358905324887,-2229.7158905324886
714.28,931.7643758034292,-217.4843758034292
3380.44,2609.4406953267003,770.9993046732998
2210.24,2803.2507914211697,-593.0107914211699
1523.23,3953.213455140822,-2429.983455140822
2507.79,4105.951727763622,-1598.1617277636224
1175.72,1309.425205299224,-133.70520529922396
2289.83,5525.976013464193,-3236.146013464193
2570.9,955.8790097673354,1615.0209902326646
3490.04,2768.3354469195488,721.7045530804512
4212.29,2942.0792524831268,1270.2107475168732
3855.35,3470.4917472824272,384.85825271757267
2555.31,3254.2281347908947,-698.9181347908948
1592.66,384.4421149162979,1208.2178850837022
2624.42,3675.56694188499,-1051.1469418849897
983.16,3945.705905045547,-2962.545905045547
2085.0,3533.2035562028464,-1448.2035562028464
3057.65,2003.4036795019674,1054.2463204980327
3723.78,4407.641649161931,-683.8616491619309
3443.61,3669.2880697369837,-225.67806973698362
7041.3,2221.1764376142305,4820.12356238577
7271.73,4471.4949249245965,2800.235075075403
1034.86,2299.6680623906395,-1264.8080623906396
4007.07,2893.666637175403,1113.403362824597
2023.92,1469.1423481080228,554.7776518919773
6391.62,3580.1926391936645,2811.4273608063354
2834.5,2122.999406241341,711.5005937586589
794.49,437.241422894583,357.248577105417
3177.39,1832.74715675666,1344.64284324334
2500.86,1897.6221467915716,603.2378532084285
1594.29,5378.587522821341,-3784.297522821341
1837.18,3168.514516625651,-1331.334516625651
1260.0,3273.881395809637,-2013.881395809637
6030.53,5295.442050067362,735.0879499326375
3393.34,4305.07533161492,-911.7353316149201
1005.34,2855.5707650852833,-1850.230765085283
1355.07,3484.4573012022415,-2129.3873012022414
836.28,2982.468164149173,-2146.1881641491727
1453.64,1911.0510165967535,-457.41101659675337
5837.45,4445.244293451749,1392.2057065482504
2771.51,6777.803039033082,-4006.293039033082
756.92,1493.8696584297832,-736.9496584297832
4034.32,2503.001797023662,1531.318202976338
2548.51,3883.1660084232703,-1334.6560084232701
20272.33,4229.922934541197,16042.407065458805
4680.01,2269.267449874406,2410.7425501255943
3550.54,3696.510099457114,-145.97009945711397
846.24,5403.031056777958,-4556.791056777958
832.69,1026.715740425979,-194.02574042597894
702.86,1454.4801153624796,-751.6201153624796
1312.78,2153.8424164844578,-841.0624164844578
1808.7,488.9614140199942,1319.7385859800058
4492.19,2706.9538198533655,1785.236180146634
893.9,1831.948129590659,-938.048129590659
749.96,548.3092755063298,201.65072449367028
3426.19,4688.333934914861,-1262.143934914861
4606.64,2023.7682714399111,2582.871728560089
4123.01,2252.257685457476,1870.7523145425243
837.28,846.8901605781891,-9.610160578189152
3863.61,2183.7525793303607,1679.8574206696394
6207.03,1334.3300502630725,4872.699949736927
10399.9,4964.490166775324,5435.409833224676
1351.1,1158.9697497722468,192.1302502277531
2740.27,3263.862736146584,-523.5927361465842
1006.9,1500.7365373201374,-493.8365373201374
783.03,1823.3207090419637,-1040.2907090419637
8238.01,5195.470039226155,3042.5399607738455
1402.86,2053.5143229502655,-650.6543229502656
8046.71,5812.667552623794,2234.042447376206
2196.43,3024.0970301179777,-827.6670301179779
882.76,1648.3258426015436,-765.5658426015436
1023.42,345.3877720851817,678.0322279148182
2734.7,2077.937073637047,656.7629263629528
809.53,1109.9702007928197,-300.4402007928197
1718.79,1285.241289530467,433.54871046953303
681.19,2079.949078878289,-1398.759078878289
5410.34,3921.098526052147,1489.2414739478531
871.66,156.53095883831776,715.1290411616822
1387.62,2487.2905230984193,-1099.6705230984194
2367.75,2151.749191659414,216.000808340586
3925.09,347.9219616397015,3577.168038360299
508.46,1350.1012466968182,-841.6412466968181
1504.41,1956.608656733095,-452.1986567330948
2939.9,3629.4041088857207,-689.5041088857206
1278.76,4392.035623001519,-3113.2756230015184
1818.86,2298.318342740555,-479.4583427405553
1779.66,2491.7175771081447,-712.0575771081446
1378.47,1240.8732957115378,137.5967042884622
991.16,1558.5345540060955,-567.3745540060955
1444.4,2740.946705394238,-1296.546705394238
720.35,1298.4109950583234,-578.0609950583233
1579.63,1668.80317338377,-89.17317338376984
8891.97,7462.768477528811,1429.2015224711886
1385.41,3469.5029081908347,-2084.0929081908344
1799.13,1398.7613222348436,400.36867776515646
6556.18,2100.9745243720918,4455.2054756279085
2107.63,2309.5264782692743,-201.8964782692742
6997.28,3809.523702721013,3187.756297278987
5145.75,3202.661318119277,1943.088681880723
968.63,1498.494320361022,-529.8643203610219
5932.08,2471.327895793125,3460.7521042068747
3870.38,4610.070429603118,-739.690429603118
2227.4,3158.622652501761,-931.2226525017609
6403.9,6762.307584577264,-358.40758457726406
1792.18,3062.179125043619,-1269.999125043619
4901.53,3307.8944937951774,1593.6355062048224
1774.79,1089.5963589015153,685.1936410984847
2006.73,4234.582887791543,-2227.852887791543
3315.63,2920.576190009384,395.0538099906162
9677.04,5154.023161168398,4523.016838831603
4112.61,2154.566345897528,1958.0436541024715
2834.47,1926.9250355062518,907.544964493748
973.75,2240.3488389032073,-1266.5988389032073
7305.25,3201.3594616865703,4103.89053831343
5395.98,4699.3311744527855,696.6488255472141
2162.52,906.212388253711,1256.307611746289
6208.32,4092.999343425366,2115.3206565746336
9681.97,3688.9517571965825,5993.018242803417
1558.63,4937.849627517255,-3379.2196275172546
5688.62,3818.1065898996435,1870.5134101003564
3400.22,3538.070846441043,-137.85084644104336
5609.2,3825.5198653050425,1783.6801346949574
625.46,-40.74128762938341,666.2012876293834
2754.84,1735.4994113762987,1019.3405886237015
2135.01,1266.3331208265201,868.6768791734801
1949.7,2335.8931418973375,-386.19314189733745
2311.84,4966.601975723952,-2654.7619757239518
7250.76,5254.699630405385,1996.0603695946156
11864.32,7133.514387489353,4730.805612510647
1574.87,2204.5781425853247,-629.7081425853248
3544.3,3531.1417697928673,13.158230207132874
2303.35,2639.9816607921352,-336.63166079213534
5079.42,4861.505344206093,217.9146557939075
1311.11,886.0386224737549,425.071377526245
691.8,1231.9640098910932,-540.1640098910932
1005.63,1652.2407648738003,-646.6107648738003
835.22,1928.6588391232845,-1093.4388391232844
2070.03,2828.1478970603393,-758.1178970603391
3526.7,3462.831511357863,63.86848864213698
8726.48,7043.74896313844,1682.73103686156
729.75,2369.247683076875,-1639.497683076875
5098.78,4194.902035188341,903.8779648116588
1201.11,2756.8524244030996,-1555.7424244030997
4561.64,6499.490731035981,-1937.850731035981
977.75,1324.6429093940228,-346.8929093940228
5487.97,5334.554325865303,153.41567413469693
3057.69,1310.9324229402055,1746.7575770597946
2226.9,2100.1427756923135,126.75722430768656
2724.59,2898.029044388269,-173.43904438826894
1719.6,1212.1638514239667,507.43614857603325
562.94,1260.8515460674928,-697.9115460674927
4378.26,2539.559729898501,1838.7002701014994
4358.13,4816.426723483086,-458.29672348308577
5015.92,5515.681407578493,-499.76140757849316
1708.48,965.4934955450144,742.9865044549856
1312.64,1456.6009621456783,-143.9609621456782
2188.58,1546.3964135957533,642.1835864042466
870.01,1381.213934611124,-511.20393461112394
1037.58,1802.666294941449,-765.0862949414491
16620.24,9088.064063816282,7532.175936183719
870.97,1758.4131631089153,-887.4431631089153
848.21,795.5198187877513,52.69018121224872
2102.08,4134.356200841557,-2032.2762008415575
2755.56,2211.6980577696004,543.8619422303996
3830.86,1633.8384333218523,2197.021566678148
1178.69,1176.4004287766406,2.2895712233594168
1120.02,3119.8976027012122,-1999.8776027012123
13149.75,7573.466941161823,5576.283058838177
5635.81,8651.263886937526,-3015.4538869375256
2371.75,5854.832894345534,-3483.0828943455344
5908.98,4170.754753025958,1738.2252469740415
1336.98,1976.1459869304485,-639.1659869304485
4028.04,1900.9352865526257,2127.1047134473743
787.81,2167.5501407450197,-1379.7401407450197
2054.23,4003.333804291556,-1949.1038042915561
12777.64,5838.300446105424,6939.339553894575
1553.79,1387.7365109167229,166.0534890832771
406.77,1103.3136835389187,-696.5436835389187
1192.58,2182.9025153232333,-990.3225153232333
2654.32,1275.1714844478913,1379.1485155521088
7531.2,6189.188763204929,1342.0112367950705
9309.04,4991.609081573606,4317.430918426395
5560.27,1568.6286054895422,3991.641394510458
1505.96,3694.696256433176,-2188.736256433176
501.95,2582.002875586029,-2080.052875586029
536.56,1731.1442583677253,-1194.5842583677254
2379.01,4512.504575856055,-2133.4945758560552
733.53,751.2712393388595,-17.741239338859486
5279.01,2104.566596794024,3174.443403205976
397.76,1116.9558919407264,-719.1958919407264
2740.52,1657.9538923106838,1082.5661076893161
5526.41,8799.949866459647,-3273.539866459647
6086.39,6600.801606708001,-514.4116067080004
6916.66,5732.018939423471,1184.6410605765286
7898.61,4975.253481837011,2923.3565181629883
22236.37,12510.204704926637,9726.165295073362
3740.13,3229.6023410583434,510.5276589416567
1099.89,663.7332216174846,436.15677838251554
967.7,1797.3974397799302,-829.6974397799302
782.0,2709.549222905244,-1927.5492229052438
780.0,3322.1704013565595,-2542.1704013565595
3037.99,4447.725307581151,-1409.7353075811516
1251.95,2244.974261119371,-993.024261119371
852.66,1631.4863259574684,-778.8263259574684
2607.03,3316.7133150488685,-709.6833150488683
4149.48,2848.75048482491,1300.7295151750895
4038.1,3564.0528432204064,474.0471567795935
640.97,727.7833758557474,-86.81337585574738
403.7,1717.6356491297415,-1313.9356491297415
981.92,1802.9419638741565,-821.0219638741565
4372.66,4353.806766268162,18.853233731837463
1305.34,2048.3262698734325,-742.9862698734325
2083.79,1920.3582168465673,163.43178315343266
1508.93,1121.8611807881123,387.0688192118878
6129.74,6642.9196394454775,-513.1796394454777
748.54,2286.767129794078,-1538.2271297940779
518.56,2725.639669822724,-2207.079669822724
885.17,69.79792002613374,815.3720799738662
2522.09,2932.23869122235,-410.14869122234995
1855.29,1102.69285382227,752.5971461777299
869.04,1526.4823582310214,-657.4423582310214
2931.69,2320.02470842868,611.6652915713203
1331.4,-306.25030667797955,1637.6503066779796
5971.93,2806.918315226041,3165.011684773959
4123.62,3210.661520261873,912.9584797381267
519.58,697.1350932305668,-177.55509323056674
1008.68,178.37416549379316,830.3058345062068
1057.64,1983.6213627072266,-925.9813627072265
1634.7,1675.341999567383,-40.64199956738298
1925.74,3245.670679525064,-1319.9306795250639
2989.5,3540.8702826028634,-551.3702826028634
1301.44,881.3426416948553,420.0973583051448
2836.67,2973.956918925678,-137.28691892567804
1918.96,2620.3916325594128,-701.4316325594127
1121.7,1814.9642818929897,-693.2642818929896
794.28,1722.0076471723046,-927.7276471723046
7965.51,6749.953321703741,1215.5566782962596
4944.61,4716.754779236026,227.8552207639741
2422.15,2029.3310361149206,392.8189638850795
1063.71,3011.1299472705223,-1947.4199472705222
4293.21,2023.593468318596,2269.616531681404
1141.24,2138.0292869541595,-996.7892869541595
2193.33,4427.79402144601,-2234.4640214460105
1867.8,2744.8189498797447,-877.0189498797447
3226.52,3051.041275465906,175.478724534094
1981.67,901.1253926226416,1080.5446073773585
937.15,2906.535158488198,-1969.3851584881977
5620.02,4345.251835604129,1274.7681643958713
1212.39,1539.8736697181162,-327.48366971811606
1373.23,4027.2074744954048,-2653.9774744954047
3409.99,3623.0282374158564,-213.03823741585666
2547.22,3147.365117474931,-600.1451174749313
691.21,288.05222156072614,403.1577784392739
491.03,1247.3482203618485,-756.3182203618485
4402.48,4193.323506271228,209.15649372877124
2107.95,2344.039145642022,-236.08914564202223
2148.11,4963.802711328943,-2815.6927113289426
975.59,-57.91390996815494,1033.5039099681549
851.6,929.1133836634106,-77.51338366341054
7972.02,5068.704809884837,2903.315190115163
3970.56,2322.958729489497,1647.6012705105031
1478.8,4370.984556511696,-2892.1845565116955
3058.93,1451.254248834217,1607.675751165783
617.42,454.2770551635233,163.14294483647666
795.78,2883.4641720638974,-2087.6841720638977
1351.66,1016.6117361889435,335.0482638110566
616.07,572.7242218441337,43.345778155866356
1139.03,4641.713949352805,-3502.683949352805
2794.45,5176.778646873585,-2382.328646873585
1535.5,535.0912366079439,1000.4087633920561
4189.96,2572.3401686586853,1617.6198313413147
5588.52,3286.262013774936,2302.2579862250645
980.21,1990.8232057050286,-1010.6132057050286
2427.97,3051.7691596045443,-623.7991596045445
2028.21,2001.9646146599798,26.24538534002022
9045.74,6616.630213770002,2429.1097862299976
893.93,2255.5971092079853,-1361.6671092079855
920.17,1459.2933380293255,-539.1233380293255
2240.73,3930.1415333241544,-1689.4115333241543
2285.55,2059.1751342621883,226.3748657378119
1829.42,1447.1282860892954,382.29171391070463
7996.31,4048.481518309725,3947.8284816902756
6861.94,3211.8945680127063,3650.0454319872933
2481.78,1276.1471293628995,1205.6328706371007
7274.57,7001.780733730957,272.78926626904286
1140.54,1733.5453084452447,-593.0053084452447
1754.59,1430.235107149566,324.354892850434
2804.29,1779.2964173195237,1024.9935826804763
862.37,1051.4949707289445,-189.1249707289445
466.67,1266.158797793415,-799.488797793415
3014.27,1068.874269024194,1945.395730975806
846.12,2041.141130028384,-1195.021130028384
8581.98,4363.302754862709,4218.677245137291
2098.34,3814.7914994838943,-1716.4514994838942
2477.55,1846.1943140438234,631.3556859561768
6776.9,4879.435605248862,1897.4643947511377
2305.14,1393.2315800919303,911.9084199080696
976.38,1906.4182512064222,-930.0382512064222
21187.55,10865.198688983013,10322.351311016986
2702.01,2200.657605500796,501.35239449920437
2237.88,4914.347060534856,-2676.4670605348556
1176.93,1941.0017845092002,-764.0717845092001
2138.6,2039.7170341012861,98.88296589871379
1587.52,1804.7961282347337,-217.27612823473373
13373.98,5529.599418883052,7844.380581116948
1730.46,2889.0119847624405,-1158.5519847624405
2311.33,588.3063575874424,1723.0236424125574
4965.18,3249.0630277582854,1716.1169722417148
675.25,1961.1709375150149,-1285.9209375150149
3527.82,4132.086040920483,-604.2660409204832
2391.06,1751.4599202020781,639.6000797979218
907.7,1250.3147259963755,-342.61472599637545
1624.9,2013.6245605702675,-388.7245605702674
3256.1,2371.5592588678933,884.5407411321066
942.36,3587.9381535320063,-2645.578153532006
1470.86,2089.187295090228,-618.3272950902281
2423.74,2629.2717032594737,-205.53170325947394
1200.33,1528.8972325768354,-328.5672325768355
1882.4,2703.854563046677,-821.4545630466769
1245.6,1641.7054229667308,-396.1054229667309
1810.25,1229.314843159939,580.9351568400609
4030.03,5533.19474511461,-1503.1647451146096
5951.49,4157.614433552404,1793.8755664475957
13308.04,6320.969950851004,6987.070049148997
3433.0,402.51968155789973,3030.4803184421003
1850.27,1852.979112440472,-2.7091124404719267
996.11,1319.094579711809,-322.98457971180903
3146.94,2999.302101702852,147.63789829714824
1077.33,218.3458086295318,858.9841913704681
1996.0,1544.439657567758,451.5603424322419
1007.74,1612.6966347206176,-604.9566347206176
7733.38,6679.537929050617,1053.842070949383
1506.2,1894.7443386048626,-388.54433860486256
7882.59,4653.958420074368,3228.6315799256317
3058.96,2071.244003801603,987.7159961983971
1028.56,1506.2946982195542,-477.7346982195543
1273.51,2823.8593826770934,-1550.3493826770934
3880.89,2969.194989974654,911.6950100253457
2345.48,2414.839082841935,-69.3590828419351
1296.38,1346.7777607922067,-50.397760792206554
1630.16,1223.522624048282,406.637375951718
13699.44,8646.273398644198,5053.166601355802
5494.96,8564.299528074731,-3069.339528074731
759.36,747.6779608614561,11.682039138543928
1420.4,1704.7990060061654,-284.39900600616534
474.87,2282.693092842532,-1807.8230928425323
1115.16,2112.7599241755365,-997.5999241755364
1152.66,3828.0646641076924,-2675.404664107692
3252.31,4783.830704361306,-1531.520704361306
6624.18,3097.746969783492,3526.433030216508
2257.33,2113.192379085368,144.13762091463195
794.62,3275.8300459499924,-2481.2100459499925
3098.37,1517.7198207637812,1580.6501792362187
579.53,1480.484103274178,-900.9541032741781
2033.28,2154.5168317477587,-121.23683174775874
1088.76,2115.9270522003035,-1027.1670522003035
3715.73,1449.8458675104073,2265.884132489593
1261.49,1079.0127798563399,182.47722014366013
2121.9,1795.7708487121317,326.12915128786835
1794.33,581.8955641352945,1212.4344358647054
772.4,3848.9678596815825,-3076.5678596815824
920.99,1081.82328148317,-160.8332814831699
18872.81,6563.765302249229,12309.044697750773
1837.54,1016.5074890111143,821.0325109888856
2687.06,1343.626640621668,1343.433359378332
8693.34,2948.3902164127317,5744.949783587268
538.13,1059.5543483546212,-521.4243483546212
2073.88,2153.7236003267835,-79.84360032678342
1848.8,1710.8801065447208,137.91989345527918
720.84,1525.5247754161944,-804.6847754161944
1188.58,5152.633525705503,-3964.0535257055035
756.66,96.73883117366614,659.9211688263338
953.05,1874.3519913916757,-921.3019913916758
14876.8,4183.187695428385,10693.612304571614
828.37,3382.2990466645188,-2553.929046664519
18692.45,8982.85018666661,9709.59981333339
1432.95,855.9954266608058,576.9545733391942
3396.04,2182.6710496690293,1213.3689503309706
1223.61,1876.092316097417,-652.4823160974172
2886.99,4434.167868010358,-1547.177868010358
4883.47,6611.3015258733485,-1727.8315258733483
7097.48,4777.148858070152,2320.331141929848
1117.53,1584.0724102400648,-466.5424102400648
503.71,1842.987998508896,-1339.277998508896
759.42,1644.6894390314676,-885.2694390314676
5476.25,5988.646629472225,-512.396629472225
1702.93,3455.7844699939956,-1752.8544699939955
1304.95,843.5423704920483,461.4076295079517
4778.08,5092.128697142236,-314.04869714223605
2263.98,3371.0337849873404,-1107.0537849873404
522.05,615.1605063180386,-93.11050631803869
6205.33,6211.7029266709,-6.3729266708996875
882.76,4164.753040273197,-3281.993040273197
1311.22,2918.5364061104533,-1607.3164061104533
3935.99,3776.293200145833,159.69679985416678
785.74,1336.9481692087543,-551.2081692087543
4433.67,5029.335103366448,-595.6651033664475
1093.51,4090.0259255745473,-2996.5159255745475
2732.99,3226.610075289847,-493.62007528984714
2591.16,1406.8098993285598,1184.35010067144
1170.35,1891.4143847001096,-721.0643847001097
346.0,436.5641921061142,-90.5641921061142
1101.57,2105.528507185904,-1003.958507185904
2785.54,691.824558844306,2093.715441155694
2394.5,3400.4601706733915,-1005.9601706733915
2449.99,1866.492897597649,583.4971024023507
1910.41,2481.4008110852146,-570.9908110852145
2450.52,2989.2937768224233,-538.7737768224233
650.46,1278.966491931828,-628.5064919318279
16746.24,7187.003270846699,9559.236729153303
632.88,2646.6245559848476,-2013.7445559848475
834.2,1078.4611227896432,-244.2611227896432
2475.08,3738.4771457273314,-1263.3971457273315
2765.79,1798.7770796647956,967.0129203352044
1703.92,1751.9876626441605,-48.067662644160464
2693.94,3148.627236004629,-454.6872360046291
713.9,1514.7112147054759,-800.8112147054759
2916.29,2213.7521252103093,702.5378747896907
1648.74,4060.790992401477,-2412.050992401477
4441.59,1707.739469304736,2733.850530695264
4523.64,4770.439933776866,-246.79993377686606
2991.22,5336.880404215195,-2345.6604042151953
1732.58,1885.1204345364677,-152.54043453646773
2246.68,2321.8328810699013,-75.15288106990147
1280.83,3521.1937676526895,-2240.3637676526896
2118.67,2260.7627838636167,-142.09278386361666
1644.75,2367.488667263023,-722.7386672630232
2129.62,1150.1071876566823,979.5128123433176
14638.48,3035.9072445595957,11602.572755440404
13254.86,10146.126800841012,3108.733199158989
2799.62,3310.454047092868,-510.83404709286833
894.86,1819.8761449905492,-925.0161449905492
1475.49,0.09190003962595483,1475.398099960374
722.65,1772.3402066296667,-1049.6902066296666
1619.81,2562.622251712628,-942.812251712628
656.02,754.9271977501548,-98.90719775015486
1681.95,1941.1664625350495,-259.21646253504946
61.69,1163.4477986269442,-1101.7577986269441
1960.22,5462.845876757216,-3502.6258767572153
2460.56,3272.9673040909074,-812.4073040909075
2823.2,3714.4790309464943,-891.2790309464945
2407.97,2806.4926000766854,-398.52260007668565
1643.73,2661.415215220561,-1017.6852152205611
5572.25,6710.112099323904,-1137.8620993239037
2996.63,1505.1997513548376,1491.4302486451625
2153.51,1794.32960273678,359.18039726322013
379.3,642.6628491975767,-263.36284919757674
1787.25,1880.495982252252,-93.2459822522519
5438.23,3614.8118548336574,1823.4181451663421
6062.07,4045.2382418456723,2016.8317581543274
1905.53,3016.9562969209715,-1111.4262969209715
1206.4,3552.274958459645,-2345.874958459645
3084.69,2967.0968364322644,117.5931635677357
13641.64,9637.036906670994,4004.603093329006
2037.47,7066.040087321562,-5028.570087321562
831.02,1163.1024038733779,-332.08240387337787
3906.28,6465.46499643782,-2559.1849964378202
2237.16,4384.623634233572,-2147.4636342335725
19074.9,6795.182190247047,12279.717809752954
2074.54,4750.648841509426,-2676.1088415094264
2687.0,2506.2623005451396,180.73769945486038
1054.2,2742.078392734492,-1687.8783927344919
5684.75,2606.977488637162,3077.772511362838
675.71,1021.9783272142831,-346.2683272142831
746.38,1758.6912945779954,-1012.3112945779955
7673.54,7146.668164126753,526.8718358732467
580.0,7337.1134488998505,-6757.1134488998505
3433.65,2678.101609383929,755.5483906160712
3551.87,3428.213602320979,123.65639767902076
3203.05,3237.8055051165315,-34.75550511653137
2535.1,1710.945963918991,824.1540360810088
3563.42,2708.706579590181,854.7134204098193
2112.15,2012.7944082905556,99.35559170944452
790.61,889.3974398905145,-98.78743989051452
1870.57,2333.9956130820656,-463.42561308206564
997.03,431.4742596134013,565.5557403865987
637.88,790.7849260872683,-152.90492608726834
2924.23,3515.0923268708502,-590.8623268708502
2758.31,3584.7367694314075,-826.4267694314076
1869.28,1567.1525537555738,302.1274462444262
1183.35,1603.495634389804,-420.1456343898042
524.4,374.428952802293,149.97104719770698
1423.79,4353.5185799267565,-2929.7285799267565
5373.44,2182.495761919469,3190.944238080531
1737.08,680.7045864254394,1056.3754135745605
1186.91,3360.5373342539356,-2173.6273342539353
3190.59,1977.9385261395787,1212.6514738604214
1130.55,6289.439834622643,-5158.889834622642
5299.36,5099.542043205021,199.81795679497827
2110.1,1691.9151464678127,418.18485353218716
1127.67,1784.781918168309,-657.1119181683089
692.77,1563.5884477191778,-870.8184477191778
755.98,3099.8978101254834,-2343.9178101254834
3501.36,2625.6463223009673,875.7136776990328
2648.17,2717.318635857442,-69.14863585744206
5310.63,5287.09398829151,23.53601170849015
621.58,2383.49106361195,-1761.9110636119499
4209.97,5200.565166211929,-990.5951662119287
9455.38,7520.351809955457,1935.0281900445425
1832.96,1844.1602438420955,-11.20024384209546
645.39,1072.462279646648,-427.0722796466481
2508.16,2474.944519485558,33.21548051444188
3390.79,2952.236367550668,438.5536324493319
1322.55,1370.7432682086683,-48.193268208668314
1313.37,1774.384450752504,-461.0144507525042
4200.32,1186.9716100056721,3013.3483899943276
2345.71,2134.4628575077527,211.24714249224735
5850.07,9871.366793528228,-4021.2967935282286
494.76,109.58219625473049,385.1778037452695
3712.0,3436.3491886008137,275.6508113991863
3789.54,4112.328509347057,-322.7885093470568
1976.3,2636.0952666954,-659.7952666954
978.12,1732.7267449203268,-754.6067449203268
5506.36,3129.0756904852924,2377.2843095147073
3371.98,3577.652545966526,-205.67254596652583
2717.83,2287.7686166386447,430.0613833613552
2445.87,4040.975432307849,-1595.1054323078492
2109.06,4558.262186538526,-2449.2021865385263
865.86,1229.220397490137,-363.36039749013696
2046.43,3208.2299196441336,-1161.7999196441335
1404.22,1162.0023281655515,242.21767183444854
815.65,3604.1708887888994,-2788.5208887888994
2665.56,2009.0084566490445,656.5515433509554
5017.61,4485.562030211064,532.0479697889359
9791.72,4235.957673894976,5555.762326105023
3269.97,6549.495773436791,-3279.525773436791
1364.94,1335.1002227457338,29.83977725426621
240.92,421.09655580034143,-180.17655580034145
1807.41,3086.8876363425893,-1279.4776363425892
10753.08,6197.115970926117,4555.964029073883
3241.84,3832.716940092311,-590.8769400923106
2002.63,1141.8463659300066,860.7836340699935
4539.75,2986.590401093258,1553.1595989067418
1655.57,2347.08600456708,-691.5160045670802
3095.22,1786.9769561331036,1308.2430438668962
8709.84,5850.304819170531,2859.535180829469
586.61,2616.649841771495,-2030.039841771495
2559.34,3536.413680384016,-977.0736803840159
988.8,2743.429102298491,-1754.6291022984913
786.79,790.7088931767441,-3.9188931767441773
995.7,1637.6871766397442,-641.9871766397441
1605.36,1419.7329022953581,185.62709770464176
1414.23,2008.2976385098605,-594.0676385098604
4761.48,1919.7961532045902,2841.6838467954094
1609.97,2089.4472263488483,-479.47722634884826
2226.4,5244.603753554675,-3018.2037535546747
1172.57,606.1684237780729,566.401576221927
2099.21,2630.9807470022015,-531.7707470022015
641.23,2850.290253975216,-2209.060253975216
7443.95,7944.82113445906,-500.87113445906016
4888.64,2332.249476186312,2556.390523813688
7099.56,2634.9433971699527,4464.616602830048
2621.72,2468.0313662799563,153.68863372004353
636.18,839.1494745576388,-202.96947455763882
5262.92,2241.553747782185,3021.366252217815
4333.97,2459.319573899775,1874.650426100225
3764.17,5688.391207560528,-1924.2212075605275
2500.67,4414.334209941477,-1913.6642099414767
703.69,1408.0655756770961,-704.3755756770961
706.19,1267.7323556119984,-561.5423556119983
697.06,1262.3558392340738,-565.2958392340738
1806.57,2984.0859922495374,-1177.5159922495375
1790.88,5994.174098113652,-4203.294098113652
1075.69,918.3271352253846,157.36286477461545
16963.78,8183.694905550517,8780.085094449481
2616.22,1410.7149957600025,1205.5050042399973
2506.48,3673.227360902068,-1166.747360902068
1030.28,2804.7891743342816,-1774.5091743342816
4088.35,5151.782106622657,-1063.432106622657
12063.43,3892.026987177936,8171.403012822064
2275.82,1108.6583092483475,1167.1616907516527
3201.57,2025.9636290009562,1175.606370999044
2679.19,5408.144850631317,-2728.954850631317
1279.87,1779.0911256914037,-499.2211256914038
3005.48,1543.144883576575,1462.335116423425
1855.85,2230.8158961214904,-374.96589612149046
4541.99,4622.641263564328,-80.65126356432847
10354.08,7814.332029266909,2539.7479707330913
15497.77,10359.162495205135,5138.607504794865
11880.64,7982.068085152037,3898.571914847962
6274.85,2516.1874352916007,3758.6625647083997
1151.72,4347.500595110321,-3195.780595110321
1215.66,2724.2720520855214,-1508.6120520855213
1210.02,2170.920545755469,-960.900545755469
6288.71,5486.25955525891,802.45044474109
2767.65,2203.3681598105295,564.2818401894706
3797.6,3758.003512007942,39.59648799205797
1726.17,1929.438061009566,-203.26806100956583
2354.93,1836.8019598282367,518.1280401717631
2932.51,1851.7230563845824,1080.7869436154178
800.72,1693.755537116308,-893.035537116308
4745.23,6191.738756588671,-1446.5087565886715
2547.55,2740.093023262629,-192.5430232626286
1222.67,3336.228978851886,-2113.558978851886
559.53,1140.3968155824477,-580.8668155824478
1006.74,1717.4582216029123,-710.7182216029123
6115.34,4033.3889808626295,2081.9510191373706
2303.23,2647.705082038245,-344.4750820382451
6439.23,7994.195606393809,-1554.9656063938091
3581.87,3120.89853397318,460.97146602682005
4079.03,5209.689283833906,-1130.659283833906
1788.95,1093.54231204436,695.4076879556401
1949.19,548.7054121142718,1400.4845878857282
6547.51,4567.364842983874,1980.1451570161262
3452.27,1786.7636447611826,1665.5063552388174
9457.29,5623.558930697551,3833.73106930245
1227.39,2437.5131063863078,-1210.1231063863077
3684.2,3400.4341195616676,283.76588043833226
738.07,142.39678742498893,595.6732125750111
4666.49,2185.2856356712095,2481.2043643287902
2315.76,2350.6560533265606,-34.89605332656038
3472.76,1928.8541854230302,1543.90581457697
2464.13,2201.230190144596,262.8998098554043
7449.36,2059.088384239622,5390.271615760377
2584.09,1967.4624870231978,616.6275129768023
1606.12,2690.9816532599443,-1084.8616532599444
2084.79,1799.3165677592879,285.4734322407121
688.1,883.7235094452433,-195.62350944524326
1613.38,3476.7270915653867,-1863.3470915653866
6597.34,7867.550742549047,-1270.2107425490467
2023.76,2632.1963835417896,-608.4363835417896
2260.9,3216.338757194811,-955.4387571948109
1126.42,2985.029803603322,-1858.6098036033218
2032.96,2701.2058842010683,-668.2458842010683
2257.47,3899.7759869868464,-1642.3059869868466
3173.92,2458.8433727671136,715.0766272328865
1067.43,3708.450449837499,-2641.0204498374987
1399.09,1807.925017489104,-408.8350174891041
8144.97,4759.0131611067645,3385.9568388932357
979.41,2805.1508322357,-1825.7408322357
1285.26,1682.8071781253143,-397.5471781253143
2820.11,3635.284580577011,-815.174580577011
700.33,1391.485225784209,-691.1552257842089
739.28,1763.6730305340488,-1024.3930305340489
1377.46,1783.7097790198836,-406.2497790198836
854.27,1267.4891539524795,-413.2191539524795
1335.12,2968.5941136666593,-1633.4741136666594
4019.18,3471.5232735850745,547.6567264149253
3134.57,3021.7927451412056,112.77725485879455
959.56,1579.522765112585,-619.962765112585
1281.95,1972.360143982099,-690.410143982099
1963.97,3085.962050973002,-1121.992050973002
1429.08,704.1064340958993,724.9735659041006
4168.42,2057.6910134918803,2110.7289865081198
528.09,556.4359401825307,-28.345940182530626
3806.91,3259.249741375858,547.660258624142
2200.49,1024.8569856312067,1175.633014368793
1833.88,2093.4205249069987,-259.5405249069986
971.11,562.3534700653597,408.7565299346403
1677.77,4440.029324097919,-2762.259324097919
1465.56,1641.7634124903268,-176.20341249032685
2022.51,1354.0442348106296,668.4657651893704
1516.59,529.344174985287,987.2458250147129
3511.68,3475.558195854932,36.12180414506793
1070.63,2846.2029919362303,-1775.5729919362302
6098.16,8258.590326137206,-2160.430326137206
3740.85,1581.0138442997422,2159.8361557002577
2243.63,4167.650607936577,-1924.020607936577
7632.18,5759.781892852665,1872.3981071473354
3183.1,3561.147497446315,-378.047497446315
7188.44,6491.773280003954,696.6667199960457
338.01,1318.8046534555942,-980.7946534555942
2206.56,-137.24522758179418,2343.805227581794
1752.57,3169.6527551594377,-1417.0827551594377
663.18,1312.7648241530376,-649.5848241530376
5496.71,4004.6457771932533,1492.0642228067468
6285.76,9247.41779145759,-2961.65779145759
608.31,-405.4976859638722,1013.8076859638721
1865.32,2138.596967012848,-273.276967012848
1073.77,2614.1587768550194,-1540.3887768550194
815.77,210.80619679930805,604.9638032006919
1440.76,2791.820358572164,-1351.060358572164
946.97,0.6216631395119521,946.3483368604881
4511.23,3892.5425615183017,618.6874384816979
1223.18,3379.768127038864,-2156.5881270388636
1357.84,3400.8691693136457,-2043.0291693136458
1693.04,3099.5559937087514,-1406.5159937087515
973.22,2649.0327880662394,-1675.8127880662394
2603.24,2168.654446744419,434.58555325558063
2558.33,-253.78979446669473,2812.1197944666947
1532.14,2691.74226563453,-1159.60226563453
5665.32,5324.747403503268,340.5725964967314
627.68,880.966779039929,-253.286779039929
1223.14,1394.8641002756372,-171.72410027563706
1815.59,1697.185375776742,118.404624223258
3663.22,4029.3650192795035,-366.1450192795037
2377.96,1435.9911499909451,941.9688500090549
1545.35,2275.87341165799,-730.52341165799
2403.47,1450.448043987962,953.0219560120379
736.22,2175.0928050103316,-1438.8728050103316
1342.3,2468.209621178628,-1125.909621178628
1314.51,1335.6871508417944,-21.1771508417944
1873.63,3306.604544382669,-1432.9745443826687
2886.1,2206.635609316625,679.4643906833749
3356.0,4215.731220311629,-859.7312203116289
1627.78,1596.3339345476925,31.446065452307494
3994.18,2485.409839485596,1508.7701605144039
901.54,1190.7880975089338,-289.2480975089338
9161.49,3836.9077523730107,5324.58224762699
2804.02,2979.2811244887866,-175.26112448878666
3644.75,3107.6047948168007,537.1452051831993
1763.93,1170.8403069651886,593.0896930348115
5278.35,4230.724060582617,1047.625939417383
1875.48,2149.962116113513,-274.4821161135128
6670.57,4567.122941236035,2103.4470587639644
3416.69,1322.6758143105583,2094.0141856894415
2370.0,2295.9873808069988,74.01261919300123
3782.99,2514.066825869014,1268.923174130986
7306.66,4023.8719505003123,3282.7880494996875
16365.89,14189.664021251245,2176.2259787487546
5621.93,5650.933797007554,-29.003797007553658
2403.82,2589.940271397587,-186.12027139758675
2720.22,1875.700279824865,844.5197201751348
2877.53,3310.2142629282885,-432.68426292828826
928.2,3787.8060697694523,-2859.606069769452
1893.19,3965.303310904697,-2072.113310904697
1873.79,2586.700937972458,-712.9109379724582
1097.82,1909.9516998001568,-812.1316998001569
1074.33,8821.186054346836,-7746.856054346836
2682.87,2499.2211683487008,183.64883165129913
1859.2,751.0312489104642,1108.1687510895358
757.78,1257.5503154289827,-499.7703154289827
1208.29,2235.223636878594,-1026.933636878594
449.17,1126.842708529691,-677.6727085296909
1625.95,1348.4034653765966,277.54653462340343
1555.73,3054.2618610838144,-1498.5318610838144
4094.13,3528.6432483696544,565.4867516303457
439.8,3280.968386941488,-2841.168386941488
3683.99,5824.646217524634,-2140.6562175246345
7168.88,3969.7095346673746,3199.1704653326256
908.72,2042.5571271622184,-1133.8371271622184
2025.46,3039.9570946412896,-1014.4970946412896
946.48,1762.238365812908,-815.7583658129079
1228.39,1433.7456014288769,-205.35560142887675
3502.67,4128.661439652478,-625.9914396524782
997.1,3421.7751699911973,-2424.6751699911974
3512.56,2397.2354050366403,1115.3245949633597
4222.29,4649.968557606422,-427.67855760642215
512.65,1402.4585183773404,-889.8085183773404
721.8,1570.0562340458678,-848.2562340458678
2292.57,2439.650295989069,-147.08029598906887
1635.68,2.404635042191785,1633.2753649578083
5882.17,5843.3142246687075,38.855775331292534
950.74,1126.3291985701983,-175.58919857019828
1517.0,1485.0305237772197,31.96947622278026
2184.45,2838.672541430277,-654.222541430277
1241.72,3227.403360214233,-1985.683360214233
1139.52,1715.4568587959077,-575.9368587959077
497.58,2171.5645995472237,-1673.9845995472238
4068.75,3646.2140580222017,422.5359419777983
1300.74,2415.0517026361244,-1114.3117026361244
4144.67,4902.51514225674,-757.8451422567396
3595.17,2075.388164073324,1519.7818359266762
1176.75,1869.6722719135578,-692.9222719135578
1227.01,2024.9099427380265,-797.8999427380265
2408.93,4435.657341771805,-2026.7273417718047
2580.08,4283.111647551481,-1703.031647551481
1872.23,1787.5968192283576,84.6331807716424
9214.65,3261.6621262582203,5952.987873741779
4710.53,3613.2125838592583,1097.3174161407414
2366.25,1574.6441736905429,791.6058263094571
1031.74,1232.2488969680444,-200.50889696804438
3939.57,4402.8569456382265,-463.28694563822637
4907.18,4211.203838571804,695.9761614281961
3386.85,2848.234588584345,538.6154114156548
2543.38,1885.385855793792,657.9941442062081
2320.34,1445.991549032018,874.3484509679822
1622.14,1526.0270523201787,96.11294767982145
5608.07,2670.146391649329,2937.9236083506707
792.12,990.1031061633032,-197.9831061633032
1307.65,1502.8021970198045,-195.15219701980436
1421.86,2151.661409731608,-729.8014097316079
2385.6,2402.110433452557,-16.51043345255721
2624.95,4434.950115035404,-1810.0001150354046
4122.22,2728.3091294073183,1393.910870592682
819.18,1057.6371794906297,-238.45717949062976
1430.5,797.5004961492084,632.9995038507916
2282.7,3854.77610662463,-1572.07610662463
3175.15,4988.492827807708,-1813.3428278077076
1868.15,1640.7971073849678,227.35289261503226
1184.74,1575.6543492093397,-390.91434920933966
1016.91,3433.282466319591,-2416.3724663195912
9232.26,5504.167184404729,3728.0928155952715
1755.18,3134.0267710304106,-1378.8467710304105
1895.28,2595.184214878774,-699.9042148787742
1973.14,684.4294416352246,1288.7105583647754
1204.44,2034.4055765037815,-829.9655765037814
4947.8,5502.800839919539,-555.0008399195385
9833.63,5950.14164176074,3883.4883582392595
1576.35,2212.6552226749222,-636.3052226749223
917.11,534.3366284349668,382.77337156503324
5323.57,1169.864356464121,4153.705643535879
3012.75,4106.5490166621,-1093.7990166621003
1245.24,2630.803277792353,-1385.5632777923531
940.77,1711.013942666628,-770.2439426666281
2235.04,4137.1610170994645,-1902.1210170994646
1880.46,1793.082927280811,87.37707271918907
2239.66,817.2433511682507,1422.4166488317492
593.21,463.7821357643669,129.42786423563314
4345.06,5426.3370697621995,-1081.277069762199
4488.89,2526.074027947081,1962.8159720529193
570.6,2279.6507312164667,-1709.0507312164668
2386.97,3415.453076050145,-1028.483076050145
1754.19,2979.168227529275,-1224.978227529275
7495.76,5536.778173888511,1958.9818261114888
2407.27,2984.1295501890327,-576.8595501890327
3025.06,3828.892399987592,-803.832399987592
1816.72,1955.7073402483484,-138.98734024834835
1540.08,1773.7480054343773,-233.6680054343774
1255.24,1326.3284260024998,-71.08842600249977
1239.32,581.7204407238944,657.5995592761055
2572.81,3791.036122723764,-1218.226122723764
613.32,1555.0527398252173,-941.7327398252172
1647.78,3821.0847972448632,-2173.304797244863
8110.23,2231.6285473768917,5878.601452623108
2856.69,1584.2833037468843,1272.4066962531158
8890.35,8183.621108345116,706.7288916548841
4156.14,2012.3653622163974,2143.774637783603
5969.42,4319.839426809833,1649.5805731901673
15034.19,9865.797305112828,5168.392694887172
5545.51,2201.7722836872513,3343.737716312749
1849.41,2820.996852653055,-971.5868526530551
1105.45,1347.3399751889885,-241.8899751889885
6517.32,8901.697720317594,-2384.377720317594
3570.11,3010.9755613674533,559.1344386325468
1629.95,32.98745880875248,1596.9625411912475
904.3,235.15115999177306,669.1488400082269
912.98,2004.0747868220951,-1091.094786822095
2749.96,1570.2411423677413,1179.7188576322587
2456.45,4204.101220263994,-1747.6512202639942
778.37,1885.7403547950516,-1107.3703547950518
1505.1,444.8997095391918,1060.200290460808
3285.81,3267.0245419091684,18.785458090831526
9639.67,5526.0917009524965,4113.578299047504
1003.35,742.7559750784883,260.59402492151173
1795.89,1305.8935127803975,489.9964872196026
895.51,1372.534446669035,-477.0244466690351
2301.94,3287.564087848353,-985.6240878483532
22109.16,9015.983350150094,13093.176649849906
952.83,1587.0924101140122,-634.2624101140121
916.25,697.0698178654214,219.18018213457856
829.65,1281.8187115262174,-452.1687115262174
2595.44,2066.160430508792,529.2795694912079
4745.02,8786.503997730359,-4041.483997730358
1910.74,560.9982712422733,1349.7417287577268
5409.04,4183.511147988942,1225.528852011058
1940.06,1339.9242162860842,600.1357837139158
1738.81,3642.538891661213,-1903.7288916612129
6667.73,4041.557708959582,2626.1722910404173
1867.72,545.7548766920296,1321.9651233079703
1729.35,1147.3704489869872,581.9795510130127
1163.45,1438.661206483014,-275.21120648301394
2954.35,2475.681614035365,478.66838596463504
5667.08,4825.481382884791,841.598617115209
5854.21,3515.925380893005,2338.2846191069953
1551.65,3617.978834438091,-2066.328834438091
4540.33,4770.521177346451,-230.1911773464508
1764.03,1934.4821058868329,-170.4521058868329
1175.53,1311.7904897766728,-136.26048977667278
3448.3,2383.2768651236406,1065.0231348763596
1212.88,934.4068409114011,278.473159088599
3385.1,4044.7063176533934,-659.6063176533935
1371.63,2224.4787214103494,-852.8487214103493
650.85,2199.6214593902127,-1548.7714593902128
18570.76,6825.953513446844,11744.806486553154
611.84,1134.0108371397394,-522.1708371397393
1211.29,1423.545844420319,-212.25584442031914
3564.25,3393.2113119557475,171.03868804425247
3465.77,2892.1786791296286,573.5913208703714
1342.8,1418.846450710547,-76.0464507105471
5831.93,6510.210781066124,-678.2807810661234
7523.61,2633.763459244564,4889.846540755436
2902.39,1841.6810443022564,1060.7089556977435
979.21,1100.547745954533,-121.33774595453292
4286.36,961.601081496081,3324.7589185039187
2549.11,2681.3272503873936,-132.2172503873935
1442.53,860.4713757395145,582.0586242604854
1000.62,2678.7023913786647,-1678.0823913786649
1393.84,602.0390429075771,791.8009570924228
681.64,259.49649991340846,422.14350008659153
7422.0,3871.2282244179055,3550.7717755820945
5587.39,7109.842319776642,-1522.452319776642
1385.28,810.0559657832728,575.2240342167272
2911.24,4084.8309136552566,-1173.5909136552568
850.92,1945.2060400298233,-1094.2860400298232
3906.75,3562.1743229914946,344.5756770085054
769.35,1247.0569538314599,-477.7069538314598
1405.26,1287.285035456782,117.974964543218
37724.85,7997.767882088343,29727.082117911654
1229.51,1573.614878384447,-344.1048783844469
1584.72,777.6582541560865,807.0617458439135
3894.86,2277.264048084036,1617.5959519159642
1935.03,2297.5273286358897,-362.49732863588974
3065.18,3112.3149325389318,-47.134932538931935
1161.58,1368.2546188220253,-206.67461882202542
1194.38,2179.4947383575354,-985.1147383575353
1250.36,3052.270525006422,-1801.910525006422
2641.7,2761.635817128742,-119.9358171287422
5503.36,4397.023773931169,1106.336226068831
825.36,546.1950376603471,279.1649623396529
10145.3,5610.027582623259,4535.27241737674
3284.13,2334.311835849219,949.8181641507813
2936.51,4118.462408126714,-1181.9524081267136
1199.48,1539.06401547036,-339.5840154703599
5166.16,5301.011125762076,-134.85112576207575
1278.01,732.1514582345071,545.8585417654929
1220.9,1120.7493711012507,100.15062889874935
2849.78,2659.0719931157,190.70800688430018
1212.62,1958.0586096499942,-745.4386096499943
1887.6,4948.281631387377,-3060.6816313873774
4711.02,3683.239597111313,1027.7804028886876
447.1,1299.1812163619068,-852.0812163619067
3091.16,1386.3657230088775,1704.7942769911224
2114.93,2179.375611971708,-64.44561197170833
1596.72,3076.267782956312,-1479.5477829563122
2519.9,2901.6904960358074,-381.79049603580734
1048.72,2169.138901186795,-1120.418901186795
6466.66,4870.760369138912,1595.8996308610876
3989.95,4878.392928901561,-888.4429289015616
1387.38,1697.6121778935221,-310.232177893522
918.89,2370.0360242873357,-1451.1460242873359
3718.87,3331.559992565572,387.3100074344279
1597.52,2619.414024082626,-1021.894024082626
6224.52,5302.417854036827,922.1021459631738
1342.93,684.8341230560086,658.0958769439915
1672.89,872.9672155732617,799.9227844267384
2471.96,1998.258043152715,473.70195684728515
1662.44,2681.700063300449,-1019.260063300449
4998.38,5039.351935040813,-40.97193504081315
1811.38,2834.314919140008,-1022.9349191400079
4281.64,3243.5650055384413,1038.074994461559
2057.38,1836.0723557284405,221.30764427155964
2789.74,3309.1414308074363,-519.4014308074366
3446.96,2414.0147022077986,1032.9452977922015
5675.63,4610.376835644009,1065.2531643559914
847.88,697.1588696807638,150.72113031923618
1466.0,2162.0988638497233,-696.0988638497233
8956.88,4161.779766315272,4795.100233684727
1967.47,656.3490699608586,1311.1209300391415
5365.45,2549.3415198710086,2816.1084801289912
788.44,1407.71165301363,-619.2716530136299
6741.4,4546.6036494496475,2194.796350550352
4800.4,4284.153986650419,516.2460133495806
6577.87,3225.4756100099025,3352.3943899900974
4740.05,2337.417048664432,2402.632951335568
2513.07,1262.4575543313174,1250.6124456686828
1619.42,4004.0194989700008,-2384.5994989700007
2708.49,3780.6180333735642,-1072.1280333735644
729.77,3550.8976206686148,-2821.127620668615
1662.79,3243.9455030625463,-1581.1555030625464
2121.93,1336.3440114091327,785.5859885908671
1353.61,758.8046677531654,594.8053322468345
3565.48,6063.9957637253265,-2498.5157637253265
5186.8,4459.826592412841,726.9734075871593
3119.36,5358.946754669643,-2239.586754669643
7973.56,6136.344059974874,1837.2159400251267
3127.36,4221.833393870196,-1094.473393870196
8444.52,5016.819329224638,3427.7006707753626
3949.81,2344.321538436432,1605.4884615635679
1705.79,1267.4155625520837,438.3744374479163
1847.43,1301.7602848390366,545.6697151609635
2205.35,3858.04135634793,-1652.6913563479302
8066.6,8817.075560171515,-750.4755601715151
2250.34,1724.6443663488762,525.6956336511239
776.99,397.56174461904993,379.4282553809501
3666.35,4458.9379445240775,-792.5879445240776
1096.45,2684.1976831981356,-1587.7476831981355
1806.47,1317.216707785882,489.2532922141181
880.85,3052.8006790380355,-2171.9506790380356
2653.63,1316.5467826205822,1337.0832173794179
9560.0,4358.609416873267,5201.390583126733
2805.1,469.8041342231634,2335.2958657768368
1420.28,2089.335934046419,-669.055934046419
987.64,2125.9298433781105,-1138.2898433781106
2637.51,3692.738715006827,-1055.2287150068269
3849.77,4004.258595559933,-154.48859555993295
1641.55,3313.813011815336,-1672.2630118153359
3034.48,5407.357827072945,-2372.877827072945
2369.54,1451.339060617982,918.2009393820179
3330.17,3273.5673432622016,56.6026567377985
2370.85,2687.2607751603564,-316.4107751603565
2725.36,2218.0080545341675,507.3519454658326
2787.68,1414.1671415134997,1373.5128584865001
664.16,1283.2401547154586,-619.0801547154587
7355.87,12234.710157345198,-4878.840157345198
2022.93,1805.9863139966833,216.94368600331677
428.84,1142.3335321059626,-713.4935321059627
1358.04,1472.7056625222908,-114.66566252229086
1363.03,2347.664978210878,-984.634978210878
1205.0,4685.466677345721,-3480.466677345721
1571.61,1665.0408321720552,-93.43083217205526
1934.33,1253.2660099524942,681.0639900475057
3832.21,2773.651575837188,1058.5584241628121
6422.54,2406.5367022125483,4016.0032977874516
2178.0,3759.7282400361596,-1581.7282400361596
3104.29,5043.219488116538,-1938.9294881165379
776.15,2760.6477279544984,-1984.4977279544983
448.27,3260.4660745826745,-2812.1960745826746
701.0,1264.5029706479672,-563.5029706479672
1060.69,1183.889131947738,-123.1991319477379
1275.87,2235.4386924898704,-959.5686924898705
1345.27,3365.985154869825,-2020.7151548698248
407.04,1159.7325878825225,-752.6925878825225
5755.77,5351.90537545418,403.86462454582033
1250.35,2468.0080569865713,-1217.6580569865714
3089.24,3439.541334030088,-350.3013340300881
786.81,1490.5023565816498,-703.6923565816498
2312.77,2861.2286903673457,-548.4586903673458
1526.97,2440.448875275574,-913.4788752755742
3269.48,4978.729431379286,-1709.2494313792863
3888.51,3115.46616854011,773.04383145989
757.42,68.59674990500781,688.8232500949921
1117.36,2208.763264773191,-1091.4032647731913
2408.0,1485.690887937478,922.309112062522
1948.57,4704.212257718293,-2755.642257718293
1725.78,1466.2130064384917,259.5669935615083
4166.92,1974.6125700008529,2192.307429999147
1042.09,1970.5247088612032,-928.4347088612033
1024.08,1054.7809284034156,-30.700928403415674
2079.84,2794.5281295665577,-714.6881295665576
5078.68,3003.6566258701187,2075.0233741298816
3887.27,3733.4227551562453,153.84724484375465
2863.72,4327.62040767325,-1463.9004076732504
2158.44,4604.0710260862015,-2445.6310260862015
1176.52,3717.22555062284,-2540.70555062284
2707.18,2031.2112794170102,675.9687205829896
8545.22,12205.61756188639,-3660.3975618863915
1757.53,1455.2893230208292,302.24067697917076
6051.71,6561.857884836905,-510.1478848369052
5929.41,2270.8747080297057,3658.535291970294
3243.01,5258.05354864051,-2015.0435486405095
3017.11,3000.8149207931438,16.29507920685637
2788.81,2867.734705081704,-78.9247050817039
3104.52,4332.148336164533,-1227.6283361645333
983.43,794.475017726948,188.954982273052
595.72,2628.8410762553303,-2033.1210762553303
1480.6,3266.6697292027675,-1786.0697292027676
1773.7,2332.460257324049,-558.760257324049
1188.76,1778.2136400058353,-589.4536400058353
1429.39,4299.814216633566,-2870.4242166335653
8907.1,5818.790638441376,3088.309361558624
5913.79,7363.6029710373605,-1449.8129710373605
5816.96,4332.2472936045,1484.7127063955004
896.29,2422.9999290108753,-1526.7099290108754
2342.56,1722.6696594851383,619.8903405148617
1489.14,1564.4958606034384,-75.35586060343826
1000.39,1752.5663820517134,-752.1763820517134
2071.21,5542.199896895083,-3470.989896895083
2486.65,3087.29643667108,-600.6464366710798
286.04,756.8691347789929,-470.8291347789929
5969.07,6224.305249586065,-255.23524958606504
1090.84,1052.2538908241816,38.586109175818365
3535.96,2725.4720403674405,810.4879596325595
3229.58,2500.617948645683,728.9620513543168
1268.04,1046.1540668623024,221.88593313769752
3652.29,2273.579602886061,1378.710397113939
3763.53,3250.7819424934023,512.7480575065979
1134.98,258.4810178310678,876.4989821689322
313.55,431.40199215937525,-117.85199215937524
417.57,692.173108684082,-274.603108684082
2595.52,1445.8853339254622,1149.6346660745378
1083.59,412.5710039589977,671.0189960410022
588.47,1761.6074597682323,-1173.1374597682322
798.54,806.5653501239349,-8.025350123934913
7747.11,9192.494696359012,-1445.3846963590122
3327.71,2219.503963548373,1108.206036451627
956.65,2186.4806030417117,-1229.8306030417116
1508.9,2161.718476418181,-652.818476418181
15071.12,11189.501756965596,3881.618243034405
3005.38,2668.7041585594043,336.67584144059583
8060.83,5830.924724860244,2229.9052751397558
10141.67,5056.838748145527,5084.8312518544735
3582.49,4287.295799817381,-704.8057998173808
2516.91,4093.9491108514508,-1577.039110851451
1773.87,2531.4257435178247,-757.5557435178248
695.82,575.1632286889256,120.65677131107441
9208.83,7738.827909319829,1470.002090680171
1634.59,2370.9693552302374,-736.3793552302375
1618.58,870.9420640301917,747.6379359698083
2561.96,1985.9821832798393,575.9778167201607
1222.69,1894.618587558517,-671.9285875585169
8490.15,7408.207370849212,1081.942629150788
4413.1,1854.8403736480682,2558.259626351932
1522.81,2097.0032659922636,-574.1932659922636
1519.57,2617.311941816148,-1097.7419418161483
757.54,960.5038992134528,-202.9638992134528
4243.64,3166.3095117521693,1077.330488247831
3292.89,6126.634199483469,-2833.7441994834694
1135.64,874.5980539900868,261.0419460099133
790.65,217.11540426292584,573.5345957370741
3148.52,3552.3857489742613,-403.86574897426135
3946.95,5759.786495271232,-1812.8364952712318
2897.28,1139.8325228514757,1757.4474771485245
513.4,1376.3085280506418,-862.9085280506418
2454.57,2497.2725513408227,-42.70255134082254
2434.97,3489.4735504358373,-1054.5035504358375
2803.5,2643.950243564506,159.54975643549415
2651.58,5234.838329894619,-2583.2583298946192
1822.09,3310.439170535874,-1488.349170535874
2648.48,4024.401256386554,-1375.921256386554
2611.56,3197.602193802898,-586.042193802898
14670.82,5625.433422254693,9045.386577745307
7768.44,8087.220578063956,-318.78057806395645
2525.48,3855.4424940534577,-1329.9624940534577
14528.19,5653.931355207937,8874.258644792064
4783.16,8043.189620224139,-3260.029620224139
1285.89,1543.9395187799971,-258.049518779997
3595.67,4811.703623500694,-1216.0336235006944
660.45,1724.3739167541546,-1063.9239167541546
2859.75,3367.221403256719,-507.471403256719
1322.62,700.0351052462839,622.584894753716
3928.64,6185.461065493109,-2256.8210654931095
1454.26,2650.4918945796558,-1196.2318945796558
5833.18,6834.392546918469,-1001.2125469184684
6290.32,4964.579527139424,1325.7404728605761
523.13,803.2407005643531,-280.1107005643531
5091.86,3705.7762515439385,1386.0837484560611
3382.87,5254.137861502051,-1871.2678615020513
10219.71,10060.6695894511,159.04041054889967
3796.46,4790.20856411418,-993.7485641141802
2768.66,2489.790703042658,278.8692969573417
1703.44,2466.8925105551216,-763.4525105551215
1291.01,836.0195039802077,454.9904960197923
2644.14,2938.7667966480476,-294.62679664804773
2757.55,5270.15716865333,-2512.6071686533296
1955.85,2818.4667886260013,-862.6167886260014
812.18,1727.7360554482727,-915.5560554482728
2504.23,2739.343424004392,-235.11342400439207
943.08,1851.2245883618934,-908.1445883618934
687.82,2305.8699082983267,-1618.0499082983265
2822.17,1229.400609759449,1592.769390240551
1890.83,1666.7890574576695,224.0409425423304
3617.49,7099.250544394034,-3481.760544394034
2487.96,4977.12340335909,-2489.16340335909
1045.99,871.8625115574159,174.12748844258408
844.29,2079.006897260708,-1234.7168972607078
1078.75,4159.671825382491,-3080.921825382491
643.97,844.2563695880924,-200.28636958809238
822.15,1780.1153001421667,-957.9653001421667
1932.89,3837.3632015555554,-1904.4732015555553
991.14,843.4326151083151,147.7073848916849
1094.04,1361.6366812943534,-267.5966812943534
2362.11,4401.421299379981,-2039.311299379981
1688.03,888.9991990574151,799.0308009425848
1388.25,1938.6862824997047,-550.4362824997047
582.78,1610.4008626325385,-1027.6208626325385
6691.53,6273.289227928588,418.2407720714118
1833.26,3639.7898776111338,-1806.5298776111338
2521.8,1360.9430704655783,1160.8569295344219
2495.55,842.212171479744,1653.3378285202562
5135.26,3229.6388777125735,1905.6211222874267
629.0,846.6231592196445,-217.62315921964455
6277.89,7445.205139562799,-1167.3151395627983
4113.07,4225.355549565884,-112.28554956588414
5795.7,4279.936139670461,1515.763860329539
2064.55,2802.354251017385,-737.804251017385
996.59,2795.180123369946,-1798.590123369946
1394.57,1671.0290540896399,-276.45905408963995
2811.18,5292.631656596221,-2481.451656596221
3790.0,6170.94584418874,-2380.94584418874
4080.7,4512.254356667123,-431.5543566671231
4317.53,4381.456631679364,-63.92663167936462
4510.16,5395.213155548139,-885.0531555481393
2189.59,2067.4194027543376,122.17059724566252
1364.17,3881.7659985578025,-2517.5959985578024
4611.09,4630.626344646051,-19.536344646050566
891.95,1787.5462825554264,-895.5962825554263
1122.55,997.4979430410101,125.05205695898985
1729.12,1705.763677538977,23.356322461022955
14899.89,4664.186062626406,10235.703937373593
778.81,4125.151353102354,-3346.341353102354
1309.09,2267.5000594686194,-958.4100594686195
1659.22,2131.671565634422,-472.4515656344222
4715.24,3608.6278137118716,1106.6121862881282
2055.53,3242.1458906320336,-1186.6158906320334
1810.12,1776.48137541903,33.63862458096992
862.72,19.90734138898398,842.8126586110161
3051.11,3525.816536294494,-474.7065362944941
11047.3,6230.74329216948,4816.556707830519
8560.31,8474.445323636664,85.8646763633351
3893.56,2844.33027506054,1049.22972493946
5689.84,3322.6410897311257,2367.1989102688744
1587.6,756.7635817151152,830.8364182848848
4821.68,5621.786951663222,-800.1069516632215
3852.31,1933.6808494832658,1918.6291505167342
3674.38,2913.4863298014193,760.8936701985808
1790.18,1837.266936832823,-47.08693683282286
1688.56,2544.623683504158,-856.0636835041582
1480.11,1120.407845637512,359.7021543624878
513.62,3350.6005283532913,-2836.9805283532914
4469.62,2092.2804014844933,2377.3395985155066
1180.88,1467.3318292338834,-286.45182923388325
2959.87,2700.7912648340985,259.07873516590143
1040.33,258.33971905513135,781.9902809448686
1598.25,4516.276214109428,-2918.026214109428
3144.61,2886.51268736716,258.09731263283993
6003.34,5146.125945209631,857.2140547903691
2428.61,2909.5540735475092,-480.9440735475091
1270.98,2706.1690892729143,-1435.1890892729143
557.68,978.0947287224119,-420.41472872241195
2279.21,2485.7295523186763,-206.51955231867623
6197.09,3809.3290163134093,2387.760983686591
1021.1,337.38674002990194,683.7132599700981
2508.23,4912.624338191576,-2404.3943381915756
2958.38,5364.226106919563,-2405.8461069195628
3605.74,1752.085398228291,1853.6546017717087
1454.79,2374.243076110401,-919.4530761104011
943.52,2329.70033506602,-1386.1803350660202
3214.4,2073.4483441188486,1140.9516558811515
9317.53,7462.701577526217,1854.8284224737836
1381.36,2798.219041931876,-1416.859041931876
5572.84,4361.996215244948,1210.8437847550522
3316.87,3391.966531632825,-75.09653163282519
550.09,2112.3058425005916,-1562.2158425005914
6195.78,1480.0684179781595,4715.7115820218405
1725.46,2257.1766968875386,-531.7166968875385
531.09,1196.464145155227,-665.374145155227
812.67,178.63207952267982,634.0379204773201
1135.75,1713.2495270782338,-577.4995270782338
2848.32,3542.866436984378,-694.546436984378
1172.61,3260.3456151775376,-2087.7356151775375
1335.49,626.0494512334111,709.4405487665889
2984.49,2947.9635252511616,36.526474748838154
11284.21,12753.739295225965,-1469.529295225966
1888.35,4365.470643998722,-2477.1206439987222
651.83,1095.1612523070523,-443.3312523070523
976.65,2581.984015087203,-1605.3340150872027
906.37,914.4595272885053,-8.089527288505337
2503.59,1958.8027980584043,544.7872019415959
1530.42,1773.3241278338837,-242.90412783388365
2783.43,3794.736719882147,-1011.3067198821473
1086.73,2167.548200489323,-1080.8182004893229
1507.66,1483.30803438731,24.351965612690037
1804.2,3688.4114890737624,-1884.2114890737623
1655.49,613.3793894065902,1042.1106105934098
1014.64,1997.4180266879903,-982.7780266879903
5768.4,3203.824370279195,2564.5756297208045
2894.44,3460.8110334522094,-566.3710334522093
1314.07,1066.4573717819496,247.6126282180503
4691.68,4860.1770697296,-168.4970697295994
7680.94,6838.328969784825,842.6110302151747
985.31,765.1401712523641,220.16982874763585
3901.26,2677.545510902378,1223.7144890976224
1640.11,1161.7328546364772,478.3771453635227
4151.81,4549.690548266128,-397.88054826612733
722.74,753.1513936353972,-30.41139363539719
1836.7,2118.1784352840446,-281.4784352840445
5157.06,2399.1830184808623,2757.876981519138
1576.44,988.6859683075925,587.7540316924076
7797.92,4040.938116087959,3756.981883912041
691.15,374.42910128399205,316.7208987160079
753.49,826.4050760610319,-72.91507606103187
5875.38,6108.140295205982,-232.7602952059815
2335.4,1412.7119027014446,922.6880972985555
1109.23,3389.081874068341,-2279.851874068341
499.2,934.1091571780671,-434.9091571780671
1624.71,1231.4680499993815,393.24195000061854
4560.79,1497.5565504483432,3063.233449551657
1542.51,2684.148740731752,-1141.6387407317518
911.97,972.810892866893,-60.840892866893
299.84,345.0962555576193,-45.25625555761934
2633.0,1181.1685629112224,1451.8314370887776
5798.32,5293.817810479666,504.50218952033356
3273.36,2447.4788756618855,825.8811243381147
4830.52,3807.072719409171,1023.4472805908295
3232.24,3207.007204715318,25.232795284681742
2876.77,3073.6401460928487,-196.8701460928487
10477.44,9917.376854957349,560.0631450426517
21627.84,11253.44404819376,10374.39595180624
1620.42,1078.4637313768121,541.956268623188
1063.25,1560.3315695821127,-497.0815695821127
1620.55,938.7860665078099,681.7639334921901
1232.4,930.8721819781827,301.52781802181744
1382.87,290.7421436812599,1092.12785631874
2068.22,854.9272347459828,1213.292765254017
3937.57,2392.9321234685444,1544.6378765314557
3991.87,3275.3414098527346,716.5285901472653
1189.86,728.3746045442335,461.48539545576637
6920.83,2733.5428332731194,4187.287166726881
2372.7,2354.1047444177607,18.595255582239133
849.69,2393.3825390372353,-1543.6925390372353
1751.53,3147.4240153202295,-1395.8940153202295
1391.1,1772.6564437320662,-381.5564437320663
7271.26,5012.9654225666,2258.2945774334003
747.19,924.1123449108679,-176.92234491086788
737.37,1877.703415152328,-1140.3334151523281
3208.41,3102.26740887877,106.14259112123
3320.72,6694.279253482786,-3373.559253482786
8946.07,4583.255384359529,4362.814615640471
2665.28,2148.1920328541532,517.087967145847
3199.08,3353.827550868451,-154.74755086845107
1444.86,3564.8511489377333,-2119.9911489377337
994.8,2280.864537533337,-1286.0645375333372
915.15,2044.3524020855275,-1129.2024020855274
832.54,908.9910571885544,-76.45105718855439
703.3,1121.315882426318,-418.01588242631806
1409.02,337.9486333081654,1071.0713666918346
5241.72,5246.697140927425,-4.977140927424443
2390.71,1757.2066937572654,633.5033062427347
2698.22,2660.012603780143,38.207396219856946
2664.49,4809.075482286682,-2144.5854822866822
3802.44,3501.7682715410997,300.67172845890036
1438.88,1777.9203448531498,-339.0403448531497
557.7,1022.7264793310039,-465.0264793310039
1271.49,5781.078943863002,-4509.588943863002
875.78,1076.257048344852,-200.47704834485194
4144.24,2754.5670018265214,1389.6729981734784
2776.7,3003.7214254403457,-227.02142544034587
1085.67,2081.8766989373903,-996.2066989373902
2011.52,3098.5192664413757,-1086.9992664413758
5196.72,4760.389301995328,436.33069800467183
3526.43,2953.0231078566485,573.4068921433513
2716.72,5244.180442806464,-2527.4604428064645
11743.19,9246.006508715614,2497.183491284386
6512.26,3158.340978916504,3353.9190210834963
5565.91,3558.83062690628,2007.0793730937198
1806.03,2101.6557822454106,-295.6257822454106
3039.36,2554.0334979529844,485.32650204701577
1813.8,3103.8782849932873,-1290.0782849932873
729.07,1176.6418588794297,-447.57185887942967
2704.99,3296.3419295506164,-591.3519295506167
2596.6,1008.4069315538393,1588.1930684461606
2296.01,2771.1944463123937,-475.18444631239345
5626.67,5499.324787728152,127.34521227184814
2174.18,2516.253361331051,-342.0733613310513
670.49,2098.211181420174,-1427.721181420174
1282.8,984.2997482651895,298.5002517348105
2477.77,2097.56639726908,380.20360273092
1846.3,1541.5920492193404,304.70795078065953
2116.98,1201.8191484492538,915.1608515507462
4559.31,6088.087446723586,-1528.7774467235859
7829.25,13343.605888987766,-5514.355888987766
1595.59,3039.66644589858,-1444.0764458985802
1676.65,1244.9723666032262,431.6776333967739
2426.09,3139.9858744685484,-713.8958744685483
1870.38,2551.0892278533042,-680.7092278533041
3475.28,2643.684998489707,831.5950015102931
2100.89,2559.474687595733,-458.58468759573316
1405.04,2789.1810991147795,-1384.1410991147795
644.95,1699.024823998276,-1054.0748239982759
1945.7,2377.3294794200474,-431.62947942004735
1516.41,1278.9001078701458,237.50989212985428
1455.3,1182.9491158642552,272.35088413574476
1298.89,983.3027425336768,315.5872574663233
988.04,3247.22381749561,-2259.18381749561
2963.28,5263.364464434473,-2300.084464434473
1787.29,5908.422892929846,-4121.132892929846
3173.86,2179.7467453016457,994.1132546983545
2086.07,2947.939299805184,-861.8692998051838
2023.93,3178.6749182576054,-1154.7449182576054
702.91,2072.895606717083,-1369.985606717083
581.46,236.8431739566612,344.61682604333885
539.82,728.7568443667474,-188.93684436674732
1141.75,53.90745213973287,1087.8425478602671
959.86,1769.4267352548109,-809.5667352548109
1726.86,1187.8408428547002,539.0191571452997
1855.1,2213.2699754896157,-358.1699754896158
968.55,1542.820638451366,-574.270638451366
1748.24,2128.5387802597434,-380.29878025974335
7847.62,3807.359650620549,4040.260349379451
3587.05,2742.6616672182085,844.3883327817916
6362.45,4503.738173109918,1858.7118268900822
4178.52,4099.093965569367,79.42603443063308
3937.46,2269.506175578674,1667.9538244213259
1609.28,1008.7574278851998,600.5225721148001
2429.96,2034.899216053097,395.06078394690303
2848.88,3086.5609123091767,-237.68091230917662
1772.37,3684.962411181164,-1912.5924111811642
1032.51,-479.4557425539267,1511.9657425539267
1158.72,-42.02209436464557,1200.7420943646457
928.9,966.4245283572493,-37.524528357249324
2279.31,4601.585104048332,-2322.275104048332
9192.27,5042.455824283365,4149.814175716636
1658.8,5309.523585052146,-3650.7235850521456
4441.91,3735.754335493254,706.1556645067458
2368.31,1552.7677023908836,815.5422976091163
1505.85,1047.1064842246624,458.7435157753375
2422.71,1324.3928879212694,1098.3171120787306
1535.4,1601.565040131184,-66.16504013118401
1155.16,2395.0715123175214,-1239.9115123175213
1587.2,2009.412370397834,-422.21237039783387
2149.49,3047.086597284597,-897.596597284597
4023.15,3737.558781019691,285.5912189803089
1697.12,1550.6903712889116,146.4296287110883
5526.1,4389.969540320837,1136.1304596791633
1330.33,902.3631560926522,427.96684390734777
524.72,1211.402685815671,-686.682685815671
790.13,1585.004716049393,-794.874716049393
1316.09,2088.500210632158,-772.4102106321582
7772.8,7389.556651243798,383.24334875620207
1575.84,4004.712692185975,-2428.872692185975
6466.74,4892.3583945118135,1574.3816054881863
395.3,1835.5672913489148,-1440.2672913489148
2421.37,1467.1927189368964,954.1772810631035
6083.73,5595.1225665393995,488.6074334606001
2962.16,2745.3265166460087,216.83348335399114
1791.94,2436.591226746941,-644.6512267469411
2084.74,2558.4843481738303,-473.74434817383053
1505.68,2047.1633093502223,-541.4833093502223
694.32,2048.126146030795,-1353.806146030795
2427.36,2277.0260040548824,150.33399594511775
708.29,2411.7431262280024,-1703.4531262280025
1810.01,1773.1456324084666,36.86436759153344
8820.99,3282.5988078607625,5538.391192139237
805.13,1544.5535074416296,-739.4235074416296
4227.83,5218.486822927831,-990.656822927831
3766.8,2974.7995064447696,792.0004935552306
3189.84,2882.5739797731476,307.26602022685256
3178.81,3360.6207925585936,-181.81079255859368
1168.68,1864.9906233155657,-696.3106233155656
1163.65,4010.5287501798543,-2846.8787501798543
3224.29,2931.5192197201927,292.77078027980724
5103.98,6963.526945398718,-1859.546945398719
795.66,1487.0189445276037,-691.3589445276037
5686.99,6761.679897581951,-1074.6898975819513
1738.72,1775.4385954557779,-36.71859545577786
7612.23,4863.14358217723,2749.0864178227694
1726.57,2823.151655095931,-1096.581655095931
1831.54,1849.52569446479,-17.985694464789958
1047.36,4607.636504122003,-3560.2765041220036
833.16,2380.14490394179,-1546.98490394179
9625.21,3656.2521425388904,5968.957857461109
13857.5,5526.916630038077,8330.583369961923
7577.57,4238.652040029534,3338.9179599704657
3715.12,1909.9316726820293,1805.1883273179706
3061.6,3406.2946857149054,-344.6946857149055
1283.96,3204.5905442560074,-1920.6305442560074
5182.48,5504.2141759783335,-321.73417597833395
1716.71,3818.5037017391564,-2101.7937017391564
2292.42,1457.3763565238826,835.0436434761175
3673.81,4551.492606525089,-877.6826065250893
798.46,195.1892075712305,603.2707924287695
5771.87,3647.773322149782,2124.096677850218
3062.02,3837.3404991545162,-775.3204991545163
1829.53,2778.8367066703786,-949.3067066703786
1268.54,1228.5409031078705,39.9990968921295
1198.99,2061.6933335501626,-862.7033335501626
1352.06,2549.642216884494,-1197.5822168844938
2775.14,2823.969492952886,-48.829492952886085
2107.68,1349.8666441575042,757.8133558424956
3728.48,3099.8646942692117,628.6153057307884
12447.96,7469.83326464072,4978.126735359279
3240.22,5631.068140295478,-2390.848140295478
6405.95,3382.873653110522,3023.076346889478
779.82,2475.729208731658,-1695.909208731658
1538.66,1391.9737518320574,146.68624816794272
3086.6,3972.404634069027,-885.8046340690271
5238.85,2630.99885616237,2607.8511438376304
668.93,1148.283292323119,-479.35329232311904
2055.46,3311.701305154896,-1256.241305154896
2880.93,3261.9162498032424,-380.9862498032426
744.54,1752.7225698579582,-1008.1825698579582
4014.65,6155.752800023518,-2141.102800023518
1910.6,2495.4875837609347,-584.8875837609348
2265.68,3998.684518306183,-1733.004518306183
1582.02,3875.3846031313647,-2293.3646031313647
1138.42,3343.4514967265845,-2205.0314967265845
5388.08,2658.412634071278,2729.667365928722
5886.57,3660.505018230316,2226.0649817696835
6095.07,5128.569537712872,966.5004622871274
803.24,195.21953464832825,608.0204653516718
3821.96,7874.139388697411,-4052.179388697411
2839.43,3108.21855195615,-268.78855195615006
543.55,-153.5012956632741,697.051295663274
2740.37,3030.2794451840227,-289.90944518402284
7562.49,4163.860500259547,3398.629499740453
934.49,1421.775082062497,-487.28508206249694
7595.97,7130.787501421706,465.18249857829414
6178.78,3101.710216895481,3077.0697831045186
13289.27,8999.121743261941,4290.148256738059
748.25,2316.381420482959,-1568.1314204829591
2027.47,2407.0861340740926,-379.61613407409254
2415.46,1575.9699393454516,839.4900606545484
1419.02,1740.4483477025174,-321.4283477025174
5135.65,3951.5823466771258,1184.0676533228739
5783.2,5167.706527445345,615.4934725546545
877.76,1451.767631128825,-574.0076311288251
1224.34,1142.5769122591307,81.7630877408692
1317.56,2221.160048989328,-903.6000489893281
1617.24,4288.1207584757285,-2670.8807584757287
356.92,116.11573963706206,240.80426036293795
2268.56,1341.5284670347446,927.0315329652553
782.46,491.7931436802485,290.66685631975156
4154.48,3407.1237650256526,747.356234974347
3389.34,3953.698459340943,-564.3584593409428
6030.23,4179.478942178213,1850.7510578217862
2553.8,2380.20257524676,173.59742475324038
2607.29,1687.9698436416695,919.3201563583305
1903.92,1731.2236938085864,172.69630619141367
1760.05,2883.172407137531,-1123.1224071375311
6819.44,1694.32121435412,5125.11878564588
3311.84,2418.061343499184,893.7786565008159
901.52,1496.780806392917,-595.260806392917
9510.2,5255.105844767802,4255.094155232198
5705.98,2736.256898154286,2969.7231018457137
3998.21,3071.739511976738,926.4704880232621
6714.99,6036.534842641551,678.4551573584486
640.83,687.00225901499,-46.172259014990004
1236.59,4415.616745572448,-3179.026745572448
1562.52,1741.7056143481873,-179.1856143481873
1304.27,1410.7985584723592,-106.52855847235924
1373.96,855.3597387112079,518.6002612887921
737.54,1885.2943961411215,-1147.7543961411216
860.38,-297.41436751761813,1157.7943675176182
1596.09,3732.261503416058,-2136.171503416058
4065.22,4980.565901736736,-915.3459017367363
3056.76,4095.00171338289,-1038.2417133828899
3921.41,1733.79166417623,2187.61833582377
6104.77,2207.757638111529,3897.0123618884713
5343.44,3552.4060390903983,1791.0339609096013
2271.72,1969.5155533044622,302.2044466955376
1437.36,1680.8764533114052,-243.51645331140526
1326.85,1339.8076276492561,-12.95762764925621
2242.31,1757.596468200636,484.71353179936386
1191.37,1981.0676336348902,-789.6976336348903
5401.44,3724.34589579479,1677.0941042052095
5566.38,5052.1569805021845,514.2230194978156
2684.64,1241.5580176027765,1443.0819823972233
6250.25,5426.708146567737,823.5418534322635
1528.43,1869.2372468069802,-340.8072468069802
2641.72,2165.4543012292947,476.26569877070506
531.11,1318.7083042753138,-787.5983042753138
1942.97,3115.429564635216,-1172.459564635216
2420.02,3243.691002553916,-823.671002553916
2995.98,1885.4977535051494,1110.4822464948506
4123.97,3417.0829095799113,706.887090420089
586.35,1951.9331955649932,-1365.5831955649933
2436.47,2389.4888884196266,46.98111158037318
538.27,2432.625939528301,-1894.355939528301
2047.05,2791.146788416896,-744.0967884168961
2848.31,3575.862807415731,-727.552807415731
8441.7,7174.526890793444,1267.1731092065565
2385.99,4927.481908898104,-2541.491908898104
5482.64,3068.5595210167585,2414.080478983242
1565.98,3377.7171751584765,-1811.7371751584765
437.7,1968.8750271105414,-1531.1750271105414
3844.96,5868.151589916601,-2023.1915899166006
1539.29,1445.74099666307,93.5490033369299
2406.94,3310.253945146342,-903.3139451463421
2087.92,2403.5710678516048,-315.6510678516047
2392.13,2258.4253866881672,133.70461331183287
4002.76,4721.99523927609,-719.2352392760895
3818.24,2338.625090424863,1479.6149095751366
2872.21,4476.3604055770265,-1604.1504055770265
4245.87,3757.45726559482,488.4127344051799
1489.39,1217.1608367498782,272.2291632501219
6386.99,5943.719665438883,443.2703345611171
6109.49,5469.433794388193,640.056205611807
1563.11,1816.6751866556397,-253.56518665563976
1152.73,1753.0652091674137,-600.3352091674137
3598.98,4257.887909180994,-658.907909180994
3552.01,2980.6397964661064,571.3702035338938
2753.92,4379.007481869468,-1625.0874818694683
4233.79,3484.0460493150117,749.7439506849882
6826.98,6867.64269643592,-40.662696435920225
1163.09,1973.847325509154,-810.757325509154
7413.39,3190.1742688586687,4223.215731141332
3251.4,2623.4905738369844,627.9094261630157
688.58,1539.5072374307015,-850.9272374307014
1985.18,2519.2604844665148,-534.0804844665147
2478.0,4229.871026907986,-1751.8710269079857
1440.13,2380.028191705115,-939.8981917051151
539.96,1815.7773175673515,-1275.8173175673514
851.89,1435.258438254825,-583.368438254825
1434.23,2977.82308911595,-1543.59308911595
828.69,646.6845274743011,182.0054725256989
2367.8,1726.2488596670512,641.551140332949
2470.73,1955.110798603343,515.619201396657
867.74,1524.5146322487938,-656.7746322487938
7849.17,4442.388308378428,3406.7816916215725
2741.82,2833.593149617206,-91.77314961720595
1531.69,2381.771127744148,-850.081127744148
3284.69,4629.28455485509,-1344.5945548550903
3262.64,1352.0105353740314,1910.6294646259685
7161.82,6874.68093177027,287.1390682297297
2676.39,2843.6304866906726,-167.2404866906727
1675.99,749.0741365557035,926.9158634442965
1484.25,2386.8004270969936,-902.5504270969936
1696.87,3454.7145398583166,-1757.8445398583167
4284.94,4673.129073113831,-388.189073113831
3163.36,3330.306758340666,-166.94675834066584
1660.2,2176.861313246088,-516.6613132460877
1288.06,916.7100635183208,371.34993648167915
507.57,2134.046358188491,-1626.476358188491
800.04,1825.8797552688156,-1025.8397552688157
6588.19,5850.870581559911,737.3194184400882
1366.6,2220.90182514834,-854.30182514834
155.51,596.3142455829922,-440.80424558299217
719.06,2183.718457040885,-1464.658457040885
4339.19,5254.228992028113,-915.0389920281132
5912.94,5864.949064044351,47.99093595564864
3044.21,3130.246159534381,-86.03615953438111
4806.2,4938.5249269725955,-132.32492697259568
5770.6,4192.044276660794,1578.5557233392065
2747.75,2206.688502345721,541.0614976542788
2581.36,3661.9762881613538,-1080.6162881613536
1054.42,3049.8945425728534,-1995.4745425728534
1812.59,1652.57113809696,160.0188619030398
1163.11,1406.5701574410045,-243.46015744100464
1302.97,684.2319112137901,618.7380887862099
7439.77,6871.36191876681,568.4080812331904
1297.12,1933.8632961851058,-636.7432961851059
2564.95,2855.220413082725,-290.2704130827251
3766.09,4135.101094167465,-369.01109416746476
1655.66,2124.0593088467663,-468.3993088467662
995.85,1554.9041310507532,-559.0541310507532
3634.36,4544.590356260162,-910.2303562601614
8130.6,6299.6935796126,1830.9064203874004
2349.12,2504.9933267868846,-155.87332678688472
2269.17,2149.876247546765,119.2937524532349
5031.12,1648.1816548982472,3382.938345101753
1470.0,3251.4175420247743,-1781.4175420247743
2178.25,656.9243916220898,1521.3256083779102
1064.31,883.7863790993463,180.52362090065367
1088.74,1709.7001105299457,-620.9601105299457
1335.98,2747.148881242517,-1411.1688812425168
3892.01,3248.6676335317293,643.3423664682709
3158.72,3005.7520327521206,152.9679672478792
1307.73,3615.5562849880293,-2307.8262849880293
650.65,1121.7456506777326,-471.0956506777326
1422.01,2624.725927829767,-1202.715927829767
2612.0,2506.6244243270285,105.37557567297154
10876.05,3792.7625023152946,7083.287497684705
1806.62,2078.4197565148697,-271.79975651486984
4196.24,4385.307165378521,-189.06716537852117
946.6,2170.1944817786375,-1223.5944817786376
1166.77,2563.337632219956,-1396.567632219956
625.95,-91.60351497101013,717.5535149710101
2784.2,601.8100487685942,2182.3899512314056
6598.14,7063.014003166922,-464.8740031669213
5093.53,4395.36659169532,698.1634083046802
907.53,2746.3402570147136,-1838.8102570147137
3146.01,4769.391695227478,-1623.3816952274774
2392.99,2604.237824110925,-211.2478241109252
1405.16,1615.4225774514484,-210.26257745144835
3940.72,4532.064908034859,-591.3449080348596
1273.42,672.9513107904544,600.4686892095457
1670.21,3989.609952159309,-2319.399952159309
1953.52,1753.4972720426704,200.0227279573296
1048.81,1542.040161317464,-493.2301613174641
2114.18,836.5571116365659,1277.622888363434
1610.26,828.5695139769443,781.6904860230557
4257.34,3219.1835443338937,1038.1564556661065
1011.42,1869.9843716496712,-858.5643716496712
2152.93,1471.0311715648386,681.8988284351612
8041.99,4050.8549749996178,3991.135025000382
689.61,2160.4744709998195,-1470.8644709998193
1188.44,1956.1814391986463,-767.7414391986463
1988.65,2756.4010077968514,-767.7510077968514
2513.69,1096.6969535103476,1416.9930464896524
766.93,1771.26335696151,-1004.33335696151
2931.36,7358.956737656894,-4427.596737656893
951.31,555.1323933847876,396.1776066152123
2438.13,2162.22844335012,275.90155664988015
2141.46,2880.513527906318,-739.0535279063179
390.56,1682.924957050162,-1292.364957050162
2400.58,3919.3826808530025,-1518.8026808530026
2306.75,5676.577007676544,-3369.827007676544
623.61,1795.7242175691767,-1172.1142175691766
511.55,1244.9142361829227,-733.3642361829227
1864.84,2228.9956020597765,-364.1556020597766
2264.95,2826.369060485856,-561.4190604858563
593.46,3295.2758810084433,-2701.8158810084433
899.79,840.7910154559438,58.99898454405616
10880.82,5002.122795070492,5878.697204929507
3052.89,2696.4906780695696,356.39932193043023
2637.24,1792.7833416162707,844.4566583837291
2512.32,2592.0292384031072,-79.70923840310707
1491.84,2043.5928466588407,-551.7528466588408
1959.23,2026.0050049038055,-66.77500490380544
5558.37,3605.9303227250603,1952.4396772749396
1893.75,1516.9253787098537,376.8246212901463
2529.53,2693.3334131653623,-163.80341316536214
4389.97,7175.523883612475,-2785.553883612475
2463.36,2382.570408882677,80.7895911173232
4922.64,6060.071336317387,-1137.431336317387
2008.58,1494.7951713796292,513.7848286203707
1192.83,2670.457522598955,-1477.6275225989552
1997.94,701.0306230982707,1296.9093769017295
8222.45,8868.555027995635,-646.1050279956344
1754.97,2657.9179958232253,-902.9479958232253
2073.42,1329.993425941439,743.4265740585611
1054.79,1722.159716198898,-667.369716198898
597.32,802.2356596646755,-204.91565966467545
2140.09,4559.525062268283,-2419.435062268283
2018.71,3887.6972682712453,-1868.9872682712453
1273.7,1895.1083212906642,-621.4083212906642
709.62,2354.457517033136,-1644.837517033136
1772.71,2508.848724536938,-736.1387245369378
3851.88,1276.0533481215,2575.8266518785003
2080.34,1090.1873628282542,990.1526371717459
1145.58,1605.6008946943673,-460.02089469436737
4608.25,2875.896937326523,1732.3530626734769
1379.65,3182.4750417122905,-1802.8250417122904
3141.86,4335.475337543272,-1193.6153375432718
1126.77,1700.101877903975,-573.331877903975
1877.61,1209.3577979204408,668.2522020795591
855.42,2274.6565413242643,-1419.2365413242642
677.83,611.5682271668492,66.26177283315087
3472.73,4160.012656985682,-687.282656985682
3970.45,3874.0781664447345,96.37183355526531
1367.23,1384.267314199318,-17.03731419931796
1339.2,2752.2454144132676,-1413.0454144132675
1773.25,2073.6955697593958,-300.44556975939577
3566.45,1747.0463790041708,1819.403620995829
1085.52,2037.1195501833513,-951.5995501833513
679.02,2051.7795120026494,-1372.7595120026494
4340.97,4548.979262129871,-208.00926212987088
4483.36,3350.708750394879,1132.6512496051205
3036.4,1609.3317713157794,1427.0682286842207
2661.18,2959.445225818794,-298.2652258187941
2422.37,1797.8358763382134,624.5341236617865
1771.2,1446.9913240258234,324.2086759741767
7655.72,4038.177777031767,3617.542222968233
4453.9,8282.421151804903,-3828.5211518049036
1474.12,2466.816263763664,-992.6962637636643
759.06,673.2772571478303,85.78274285216969
6995.67,5936.938023980856,1058.731976019144
503.79,1776.4725574357158,-1272.6825574357158
688.64,960.6586903159241,-272.0186903159241
2335.76,2401.377999675423,-65.61799967542265
1543.8,1172.3132711988828,371.4867288011171
3425.46,2804.2760629340924,621.1839370659077
1050.06,1731.7860866575852,-681.7260866575853
7721.93,8881.244579392749,-1159.3145793927488
6320.51,4979.661281456314,1340.8487185436861
5089.35,3626.163083963826,1463.1869160361744
872.91,1017.1504964331525,-144.24049643315254
3600.44,4077.7143986268206,-477.2743986268206
7779.97,2494.3129133522966,5285.657086647703
3270.45,2079.3505930711444,1191.0994069288554
4859.0,2174.4833579961996,2684.5166420038004
1183.62,1803.5890159741725,-619.9690159741726
5052.34,3587.9177408072737,1464.4222591927264
689.97,1063.6115806736132,-373.64158067361313
1212.66,2426.536586129459,-1213.876586129459
6573.58,3854.3015118164153,2719.2784881835846
6025.51,1492.0684574043755,4533.441542595625
914.34,1169.0065689090968,-254.66656890909678
3175.03,3690.178843745015,-515.1488437450148
6855.83,2566.1979539969125,4289.632046003087
834.41,1050.930981824111,-216.52098182411112
1319.14,1472.761559735282,-153.62155973528183
1596.13,3228.207158441622,-1632.077158441622
3949.15,2220.127531573768,1729.022468426232
740.96,1985.097004932279,-1244.137004932279
3741.01,3314.5095323145497,426.50046768545053
3928.11,1842.4577273106665,2085.6522726893336
2466.0,2205.850289304745,260.1497106952552
2315.34,3911.2848431521247,-1595.9448431521246
6663.53,1650.9455116636377,5012.5844883363625
606.42,1015.3845556577583,-408.9645556577583
6412.58,7526.655595532009,-1114.0755955320092
1528.33,1698.537174001699,-170.20717400169906
997.93,1875.6503024260737,-877.7203024260738
1048.25,2168.154635648898,-1119.904635648898
3034.28,2108.9745880943196,925.3054119056806
1785.06,3021.695436700611,-1236.635436700611
2778.14,1904.0758311738346,874.0641688261653
6532.79,9534.258514958416,-3001.4685149584157
682.79,854.7526934966131,-171.96269349661316
1024.91,1842.2210686368076,-817.3110686368075
1857.13,3289.895161239521,-1432.7651612395207
5298.18,2384.1753736378605,2914.00462636214
2418.29,2956.5569625954836,-538.2669625954836
4488.35,3692.7250638048918,795.6249361951086
1844.85,3910.3947814667504,-2065.5447814667505
1753.51,2324.1031782247296,-570.5931782247296
2837.84,5442.91138155613,-2605.0713815561303
2196.27,3487.7783913275703,-1291.5083913275703
585.14,875.4238150128917,-290.28381501289175
4854.92,6749.745640709789,-1894.8256407097888
14882.14,13807.46236355655,1074.67763644345
14018.37,5412.148263583333,8606.221736416668
1056.29,1737.6141786023309,-681.3241786023309
2754.58,2569.8089315655902,184.7710684344097
2967.44,3501.92782238236,-534.4878223823598
3166.87,5456.592243036652,-2289.722243036652
971.25,3641.9743329324842,-2670.7243329324842
7992.43,7237.370875884366,755.0591241156344
1170.94,1563.3471865797846,-392.4071865797846
1131.84,939.996441548026,191.84355845197388
2592.01,2741.831982346541,-149.8219823465406
2296.16,1847.3541221977248,448.80587780227506
2138.69,2771.277748926929,-632.5877489269287
670.95,1536.6444076099383,-865.6944076099383
503.78,1502.483425462819,-998.703425462819
2147.4,2789.135733796523,-641.7357337965227
602.08,353.7003784415083,248.37962155849175
1760.17,3375.6010119419775,-1615.4310119419774
566.63,2421.938945950165,-1855.3089459501648
878.69,1394.4444573832163,-515.7544573832163
2935.29,5859.5656180850165,-2924.2756180850165
1997.07,2584.0765158020627,-587.0065158020627
1368.25,3014.6162016719954,-1646.3662016719954
3492.8,2604.6740347714385,888.1259652285617
4088.59,3948.339646296699,140.25035370330124
1823.47,2590.945223248838,-767.4752232488379
2173.06,1585.4922829946977,587.5677170053023
962.5,1220.474572217115,-257.9745722171151
5384.71,7016.9951951003,-1632.2851951003004
1342.94,3105.556644836447,-1762.616644836447
729.02,997.8504263873187,-268.83042638731877
4910.39,3555.855418169145,1354.5345818308551
4513.62,1223.3133496116793,3290.3066503883206
964.22,1672.4046206717096,-708.1846206717096
1365.84,1355.461189776137,10.378810223862956
685.48,2475.1549534456594,-1789.6749534456594
2486.11,2611.28908408718,-125.17908408717994
14402.79,11052.834864802704,3349.955135197297
1586.95,2684.7156521997867,-1097.7656521997867
1438.05,1534.5393243034455,-96.48932430344553
1070.72,2355.242992221965,-1284.5229922219648
1507.68,2468.559184946957,-960.8791849469569
636.95,1814.0814653315401,-1177.13146533154
6113.22,4971.376865458911,1141.843134541089
428.47,2063.473940377046,-1635.0039403770459
837.14,1464.2459540442062,-627.1059540442062
3585.05,5749.958395676584,-2164.9083956765835
5232.79,6727.467749880934,-1494.6777498809342
513.25,847.5739143499043,-334.32391434990427
3425.83,1332.6459385070993,2093.1840614929006
1049.98,2660.5633417729105,-1610.5833417729104
11061.95,9630.507276298678,1431.4427237013224
14829.43,8222.848327536329,6606.581672463672
8647.15,4537.112575241568,4110.037424758431
5406.73,3774.6908120062412,1632.0391879937583
6030.7,6266.332019524978,-235.6320195249782
1123.68,2199.9238390404803,-1076.2438390404802
2587.17,1827.5203026853178,759.6496973146823
4226.4,5209.6145970925645,-983.2145970925649
1803.34,2546.0760197257496,-742.7360197257497
956.5,2337.933590625673,-1381.4335906256729
724.1,1386.2032569229514,-662.1032569229513
736.7,2949.5874918038503,-2212.88749180385
2248.19,3761.1319061427726,-1512.9419061427725
1163.55,1210.1763263511566,-46.62632635115665
3203.57,2608.1302626947086,595.4397373052916
1398.55,1232.2702615578585,166.27973844214148
2889.12,1630.4977838937853,1258.6222161062146
1270.36,1485.8685338447785,-215.50853384477864
685.25,1124.154241649972,-438.90424164997194
2622.1,1267.6751139375408,1354.424886062459
1364.36,1568.8597244140083,-204.49972441400837
2337.45,1244.4231572246028,1093.026842775397
7666.79,13263.803351919338,-5597.013351919338
2449.33,1502.6328855108356,946.6971144891643
2365.01,1601.4793292880922,763.530670711908
2143.09,3611.921154565656,-1468.8311545656557
1890.69,2563.673971408815,-672.9839714088148
1663.43,2709.444061855286,-1046.0140618552857
5411.88,2931.217168060166,2480.662831939834
1241.4,1987.211264767353,-745.8112647673529
3313.88,1442.5555801907549,1871.3244198092452
2622.28,1767.8734266139077,854.4065733860925
1960.3,1639.5410205348294,320.75897946517057
1485.38,1651.1790542288375,-165.79905422883735
1032.02,1180.9153280529429,-148.8953280529429
1781.63,1699.560939184988,82.06906081501211
291.41,2406.047467665423,-2114.637467665423
11598.57,6952.234116742806,4646.335883257194
3104.45,7203.085878324877,-4098.635878324877
3200.55,3472.1375124493666,-271.5875124493664
9469.91,4311.740944720334,5158.169055279666
3822.76,4624.035738205015,-801.2757382050149
1171.73,1877.2498537031274,-705.5198537031274
2929.76,3148.4225180463363,-218.66251804633612
4270.91,6150.200730844243,-1879.2907308442427
1375.0,3839.8819354538477,-2464.8819354538477
2187.62,2792.0755770675655,-604.4555770675656
2842.45,3489.960331418363,-647.510331418363
1865.9,2964.801483025856,-1098.9014830258561
5264.73,7559.576411886619,-2294.8464118866195
2505.74,2889.9314552804713,-384.1914552804715
2817.18,1532.9065178509,1284.2734821491
2043.75,1880.2999062899657,163.45009371003425
5412.5,4041.1025835407504,1371.3974164592496
5820.32,11930.489381821668,-6110.169381821668
2838.08,1960.7202588662694,877.3597411337305
1182.83,540.9687858827407,641.8612141172592
2037.09,718.6550881128946,1318.4349118871053
788.38,322.73628708151784,465.64371291848215
1340.9,3111.3567935898823,-1770.4567935898822
1417.16,4423.856702398045,-3006.696702398045
632.03,580.8730070891619,51.156992910838085
1083.05,2743.7401888909817,-1660.6901888909817
1166.5,4358.1329553251835,-3191.6329553251835
732.53,3433.624991598749,-2701.0949915987494
889.09,1265.635214316579,-376.54521431657906
5408.08,2802.7946998209645,2605.2853001790354
1696.74,1918.078649420254,-221.3386494202539
7113.41,4696.419974736156,2416.9900252638436
688.23,1753.5214433197384,-1065.2914433197384
1968.75,2016.7058379472983,-47.95583794729828
1912.62,3077.413806275775,-1164.7938062757753
4129.44,2267.880808085552,1861.5591919144476
863.49,930.9277233172534,-67.43772331725336
1104.41,776.0604762836072,328.3495237163929
1798.95,1083.2182219193342,715.7317780806659
6225.31,1443.729358706264,4781.580641293736
4332.98,2879.621668167987,1453.3583318320125
3303.79,1758.8329541735357,1544.9570458264643
2836.59,920.5155374814533,1916.0744625185469
3878.82,2011.8360103391383,1866.9839896608619
1842.84,1619.1196321845873,223.7203678154126
11613.2,6418.123145660764,5195.076854339237
818.4,1384.06424827492,-565.6642482749199
4186.2,4815.669215664104,-629.469215664104
5172.16,6970.031298349244,-1797.8712983492442
1302.74,2352.4803238673203,-1049.7403238673203
1074.5,689.7196647556754,384.78033524432465
2233.67,2813.9810630181487,-580.3110630181486
2517.2,1922.042876365701,595.1571236342988
604.01,1420.5782676860006,-816.5682676860006
4113.35,4667.31491350217,-553.96491350217
16596.56,7064.107366933053,9532.452633066949
8715.92,5899.775715557082,2816.1442844429184
878.74,1312.6317124833117,-433.8917124833117
3670.43,3720.911726173755,-50.481726173755305
3936.74,6285.298727149111,-2348.5587271491113
3284.02,3569.0794245936095,-285.0594245936095
2347.96,7021.333272649988,-4673.373272649988
4902.59,6566.188031267397,-1663.5980312673964
1934.48,4240.93046145982,-2306.4504614598204
925.36,1466.473256294629,-541.113256294629
3815.87,2382.519168319344,1433.350831680656
688.61,1559.9556196664503,-871.3456196664503
1162.79,1603.111081777807,-440.32108177780697
1250.92,3611.4940150793655,-2360.5740150793654
1689.04,2176.261451965194,-487.22145196519386
737.44,860.6932166750566,-123.25321667505659
6817.68,3359.71182119974,3457.9681788002604
857.78,2103.2124079359783,-1245.4324079359783
763.29,1504.9756027741814,-741.6856027741815
2646.89,2696.1720714263474,-49.28207142634756
1630.61,1721.5915777056434,-90.98157770564353
677.1,475.06825457958905,202.03174542041097
1747.27,1636.3650569381018,110.90494306189817
15005.94,9461.834883071368,5544.105116928633
552.91,1276.0623990514093,-723.1523990514094
1233.16,2340.205532047707,-1107.045532047707
3038.8,3614.6011618763287,-575.8011618763285
1575.61,518.5954558714353,1057.0145441285645
2156.08,3830.4989969079766,-1674.4189969079766
1987.31,1242.3465574001862,744.9634425998138
2499.6,3636.963912891563,-1137.363912891563
694.52,1752.4064549076625,-1057.8864549076625
2303.2,2762.2027398835467,-459.00273988354684
3308.8,6225.081218181271,-2916.2812181812706
1401.84,2182.766173866309,-780.9261738663092
1656.83,1890.6057431346271,-233.7757431346272
1064.41,445.20291761262297,619.2070823873771
532.88,2451.830708393782,-1918.950708393782
799.41,1590.237674993582,-790.827674993582
4162.97,4526.441579897071,-363.471579897071
2796.19,2309.075705467657,487.11429453234314
296.4,1605.2753061387104,-1308.8753061387106
4315.02,3770.143756144656,544.8762438553445
4938.68,4142.6328196233135,796.0471803766868
1341.86,646.7222182438504,695.1377817561495
4043.13,4948.234198690227,-905.1041986902264
10441.13,6353.809548676756,4087.320451323243
1524.63,2149.3323395217244,-624.7023395217243
906.15,3963.095265990048,-3056.945265990048
1988.14,4103.846538359767,-2115.7065383597665
10977.31,5063.811159082001,5913.498840917999
3123.27,2444.3665383534335,678.9034616465665
4129.06,2232.136570849912,1896.9234291500884
1782.87,1719.336401423511,63.533598576488885
7655.76,4109.153536790347,3546.606463209653
1155.97,1603.1649139416238,-447.1949139416238
16014.48,9176.42818117031,6838.05181882969
2258.87,2285.1786167521263,-26.308616752126454
5401.58,6639.634954172594,-1238.054954172594
411.0,1256.6470365954754,-845.6470365954754
1182.94,2857.3828740486683,-1674.4428740486683
10.0,2265.6634618638423,-2255.6634618638423
853.22,459.4145742546913,393.80542574530875
903.21,2273.9711577469416,-1370.7611577469415
805.42,1444.3661830001633,-638.9461830001634
4009.24,3537.8294813324706,471.41051866752923
702.52,1774.675688493077,-1072.155688493077
3251.23,3221.589127130619,29.640872869380928
1222.04,1491.5887212099785,-269.54872120997857
4566.69,4238.246112358662,328.4438876413378
3094.86,4449.332003257379,-1354.4720032573791
938.57,1712.1794217840995,-773.6094217840995
842.32,2469.9407630727037,-1627.6207630727035
1787.89,1284.8893625701057,503.00063742989437
1413.34,2287.0023819861685,-873.6623819861686
4981.55,6522.510066600102,-1540.9600666001015
9644.46,4804.597560261514,4839.862439738485
1091.13,3758.959344689142,-2667.829344689142
2636.46,3129.7537002055274,-493.29370020552733
1511.79,1822.8738211252498,-311.08382112524987
8308.63,12317.930361189325,-4009.3003611893255
6968.77,6671.249192822839,297.52080717716126
520.43,604.8816584578947,-84.45165845789472
11811.97,6451.341618125802,5360.628381874198
8322.99,5960.59691922343,2362.39308077657
2323.38,1653.935912172956,669.4440878270441
3098.16,7949.532684645854,-4851.372684645854
2537.97,3008.1696801266366,-470.19968012663685
2848.58,3860.66528031392,-1012.0852803139201
6766.97,6924.959210156656,-157.98921015665564
621.36,441.7686797087548,179.5913202912452
10969.5,2411.1035471237947,8558.396452876204
2358.72,1060.0470347188627,1298.672965281137
888.31,1527.0683377195319,-638.7583377195319
1461.55,3022.1411918791905,-1560.5911918791905
710.09,996.2820780746661,-286.19207807466603
6613.28,6171.660398259375,441.6196017406246
1284.53,1923.5856764423202,-639.0556764423202
1347.36,1955.5644157432225,-608.2044157432226
5579.3,4388.09061215749,1191.2093878425103
1703.33,2702.3353806107416,-999.0053806107417
696.7,185.98019160888998,510.71980839111006
1273.8,736.1012388557849,537.698761144215
3006.49,3128.8533183001964,-122.36331830019662
4983.4,3052.0946381764716,1931.305361823528
4046.24,3358.3661536543573,687.8738463456425
1445.83,1449.5020728354107,-3.672072835410745
5512.62,2073.813741434324,3438.8062585656758
2240.86,2665.8518329019385,-424.9918329019383
1331.42,1898.3527538792764,-566.9327538792763
2289.39,2548.780081569895,-259.3900815698953
5286.99,5131.703674579476,155.286325420524
1451.12,1009.5732137505374,441.54678624946246
637.31,16.916864675151544,620.3931353248483
1090.66,1376.4307092138004,-285.7707092138003
8335.32,4446.839256872827,3888.480743127173
1021.26,2977.78520044523,-1956.5252004452302
1990.99,2383.7643137848886,-392.7743137848886
1418.21,3165.1835366902774,-1746.9735366902773
1847.63,3969.4438372444342,-2121.813837244434
5812.81,3793.3586254822662,2019.4513745177342
3354.85,5544.766894249069,-2189.916894249069
8906.73,8588.379326086759,318.3506739132408
1300.74,4284.297588077006,-2983.5575880770066
1668.78,1996.074899258259,-327.29489925825897
1809.1,1263.5871515273295,545.5128484726704
3701.23,2909.2867025860182,791.9432974139818
2719.42,3871.0060204183096,-1151.5860204183095
812.11,434.6808506107436,377.4291493892564
1682.04,728.3230866779381,953.7169133220618
1684.61,2532.0485539096544,-847.4385539096545
4113.69,2993.0791181171085,1120.6108818828911
626.15,2279.7324677807396,-1653.5824677807395
634.11,1426.993379933627,-792.883379933627
3262.46,2019.9618149506778,1242.4981850493223
1825.93,2241.4707791611922,-415.5407791611922
1447.44,3810.77485756963,-2363.33485756963
3281.5,3956.0408994042614,-674.5408994042614
2502.7,1014.8593630482922,1487.8406369517077
1512.98,3320.114347015401,-1807.134347015401
6729.12,7060.419124477859,-331.29912447785955
1400.0,3608.1695796923927,-2208.1695796923927
2111.79,2510.5228883097648,-398.7328883097648
732.3,1217.3031706046963,-485.0031706046964
2380.39,2897.890420386933,-517.500420386933
4855.36,1205.8551913943193,3649.5048086056804
1370.87,3896.091692023811,-2525.221692023811
938.44,2250.0263254017623,-1311.5863254017622
6325.69,4344.182361796062,1981.5076382039379
3292.32,2648.7227375000466,643.5972624999536
579.62,681.4534132973054,-101.83341329730536
7650.85,5695.993099119893,1954.8569008801078
1266.73,2026.0433182408865,-759.3133182408865
3093.0,1898.747644167367,1194.252355832633
1479.1,2312.5678358346786,-833.4678358346787
3977.39,1699.1153036194062,2278.274696380594
8207.08,7979.32157561112,227.75842438887958
1290.6,1836.5907268697638,-545.9907268697639
3215.48,2888.147018359785,327.33298164021517
1378.68,1723.930509860374,-345.250509860374
1057.74,1505.4024863207421,-447.6624863207421
11100.39,7605.648528169371,3494.741471830628
2617.06,1965.3319179913788,651.7280820086212
3843.72,2965.9972330475575,877.7227669524423
3003.75,2678.526435901126,325.2235640988738
1673.41,4554.272958392417,-2880.8629583924176
891.14,1582.923247716242,-691.783247716242
3518.16,4535.384596791033,-1017.224596791033
6758.05,5597.841461537886,1160.2085384621141
934.98,843.9965866001771,90.9834133998229
2381.82,798.2587342726767,1583.5612657273234
1693.42,-877.7426462615566,2571.162646261557
1187.92,-533.863245346996,1721.783245346996
2116.88,2492.5742712995107,-375.69427129951055
1200.4,1921.3452236765793,-720.9452236765792
1655.3,3175.9307700748222,-1520.6307700748223
2439.95,2863.243755664667,-423.29375566466706
2459.13,2283.1033016867686,176.02669831323146
8178.07,7208.219390379505,969.8506096204947
3859.13,5856.37462291257,-1997.2446229125699
5069.7,2273.5646759493875,2796.1353240506123
1957.05,1974.6528292217154,-17.60282922171541
557.62,1419.9077308232422,-862.2877308232422
4295.43,3766.537806481215,528.8921935187855
764.6,1208.9187120710128,-444.3187120710128
1089.25,2391.5085294246283,-1302.2585294246283
3313.56,3865.372759451356,-551.8127594513562
625.57,1690.8056397184923,-1065.2356397184922
1256.37,2741.9552905009377,-1485.5852905009378
1836.68,2790.7547133485905,-954.0747133485904
3304.82,5031.220797375097,-1726.4007973750972
3604.13,4782.68178802591,-1178.5517880259094
1728.9,2199.379275100238,-470.4792751002378
2208.28,1805.9367091514218,402.34329084857836
4471.33,3015.469674723962,1455.860325276038
2622.18,4252.2268929720885,-1630.0468929720887
3172.09,2904.949310510205,267.140689489795
731.24,3764.484909575643,-3033.244909575643
2115.61,3544.934367941855,-1429.3243679418547
6324.22,7793.336649739578,-1469.116649739578
2585.97,3983.6916733872245,-1397.7216733872247
7069.58,6729.299451704916,340.2805482950844
1354.34,2059.2689190750502,-704.9289190750503
3640.04,2397.2442130568934,1242.7957869431066
771.89,181.88366302423617,590.0063369757638
2395.13,3914.1943120442534,-1519.0643120442533
6028.49,3489.998570496833,2538.4914295031667
751.7,5221.181122867882,-4469.481122867882
7881.43,2544.152339984021,5337.27766001598
1539.4,1826.6749131887132,-287.27491318871307
1443.25,1842.3992336065621,-399.1492336065621
7716.1,5943.434600570015,1772.665399429985
650.2,432.988584080161,217.21141591983906
1810.72,4659.8631465537455,-2849.1431465537453
1392.63,2445.9247284387857,-1053.2947284387856
541.7,4367.871956647852,-3826.1719566478523
896.03,-525.3042936991683,1421.3342936991683
1862.89,3049.986372752292,-1187.096372752292
752.81,1342.6037040752287,-589.7937040752288
1728.39,2075.0802855778356,-346.69028557783554
1218.61,1941.1985042444148,-722.5885042444149
3105.75,1924.7527691004148,1180.9972308995852
6169.66,4715.795701852749,1453.8642981472512
12160.11,6187.22056399812,5972.88943600188
5647.52,2419.9775205681567,3227.5424794318437
769.55,754.2382464690575,15.311753530942497
1147.65,3030.4568849154784,-1882.8068849154783
3033.27,5568.984434234546,-2535.714434234546
6657.84,5137.054161616101,1520.7858383838993
2537.57,2481.2144472640193,56.35555273598084
2922.08,1736.651369795487,1185.428630204513
1571.02,3015.2246902410316,-1444.2046902410316
1311.03,3719.9336788471705,-2408.9036788471703
2173.49,3223.2184546257035,-1049.7284546257038
652.85,2170.023539918233,-1517.173539918233
8408.09,6460.7116625288,1947.3783374712002
2469.95,3870.183266393297,-1400.233266393297
2936.89,2890.5272152637535,46.36278473624634
2069.44,2382.379618864447,-312.93961886444686
4634.44,2213.7143631297763,2420.7256368702233
2479.7,4483.433390109114,-2003.7333901091142
3313.81,1056.690649449073,2257.1193505509273
11221.56,11296.050605683922,-74.4906056839227
1471.49,2843.854746502241,-1372.3647465022411
3050.15,5364.826046197997,-2314.676046197997
2752.17,3859.458461305631,-1107.2884613056308
1406.92,4815.2829820311235,-3408.3629820311235
3750.83,1726.8485551372694,2023.9814448627305
4196.78,2512.711312644646,1684.0686873553536
2261.53,2137.0070786022434,124.52292139775682
2077.01,1103.4348040517941,973.5751959482061
5073.58,6725.268736968679,-1651.6887369686792
3841.14,4076.711312442683,-235.57131244268294
3247.09,2557.203512994509,689.8864870054913
9420.0,3965.851783025659,5454.148216974341
1901.57,3042.948142498552,-1141.378142498552
3905.29,1930.0588324681025,1975.2311675318974
3118.53,5033.73981520447,-1915.2098152044696
3350.37,2230.459443742842,1119.910556257158
417.35,1604.99975421509,-1187.64975421509
2410.76,1896.8817359248496,513.8782640751506
1378.34,4002.8919073743023,-2624.5519073743026
898.46,1855.7199541187051,-957.2599541187051
1783.18,1027.8747667308353,755.3052332691648
1435.54,2017.566080200293,-582.0260802002931
2987.03,1555.853998277593,1431.1760017224071
970.84,1356.432683876785,-385.5926838767849
2750.82,3968.497037268426,-1217.677037268426
739.84,1530.9426366672142,-791.1026366672141
1384.65,3034.3440997879607,-1649.6940997879606
1764.27,1546.829835521493,217.44016447850709
1511.75,1792.9180057857488,-281.16800578574885
1504.11,1865.9158253270393,-361.80582532703943
1850.88,2998.0767265217055,-1147.1967265217054
9840.85,5586.287018531211,4254.562981468789
1537.01,2062.3156538513044,-525.3056538513044
1601.13,1118.6554263330456,482.4745736669545
3480.66,4665.230238249662,-1184.570238249662
1433.47,2007.0020155265925,-573.5320155265924
1226.32,-319.61123147469857,1545.9312314746985
1970.02,6084.832094881967,-4114.812094881967
2980.03,4540.281129942594,-1560.2511299425937
4162.87,3658.027170509376,504.8428294906239
915.2,256.0732358420099,659.1267641579901
4142.51,3176.8610541165012,965.648945883499
8059.07,4785.218072597772,3273.8519274022274
3565.81,2059.92586455487,1505.8841354451301
1590.42,3841.021045229307,-2250.601045229307
2606.42,2625.7468252085364,-19.32682520853632
1057.0,1359.8224787060972,-302.8224787060972
937.37,134.55278543049997,802.8172145695
2880.96,4916.14538942491,-2035.1853894249098
2164.95,2504.5491661559286,-339.59916615592874
15002.89,5425.223587165881,9577.666412834118
838.19,794.1270402742853,44.06295972571479
816.21,1984.5769493491825,-1168.3669493491825
1064.6,1750.3576077584084,-685.7576077584085
2964.92,2711.4155739543558,253.50442604564432
1668.41,3417.4714900966733,-1749.0614900966732
805.89,883.9886497691982,-78.09864976919823
3030.37,3313.6708338847807,-283.3008338847808
4131.89,3523.2979894705827,608.5920105294176
917.64,1426.0652184217838,-508.4252184217838
2089.26,2172.5890255458835,-83.32902554588327
881.49,416.28889724680164,465.20110275319837
1174.64,1421.3738229574058,-246.73382295740566
1605.8,1824.2210475686984,-218.42104756869844
1031.57,-306.42048301172997,1337.9904830117298
10010.0,8239.831401346075,1770.168598653925
837.2,2531.640413139897,-1694.4404131398971
954.83,2118.0909182934893,-1163.2609182934893
5264.84,2682.152617481974,2582.687382518026
1284.67,1677.3430759735475,-392.6730759735474
847.98,745.5971450906611,102.3828549093389
7830.21,4644.978866661677,3185.231133338323
8054.92,6813.723058720232,1241.196941279768
4013.41,3709.5403490843014,303.86965091569846
4283.25,2529.8949966415676,1753.3550033584324
782.7,2191.6381210580735,-1408.9381210580734
3017.92,2908.1763535949626,109.74364640503745
755.78,919.1177887897143,-163.3377887897143
1426.96,1513.703962279455,-86.74396227945499
2717.54,1344.5854056037037,1372.9545943962962
2066.85,1697.861741614243,368.9882583857568
1795.03,969.8313407718354,825.1986592281646
223.49,1138.2692862086674,-914.7792862086674
5764.42,10483.370444063756,-4718.950444063756
2096.85,1873.9625856699608,222.88741433003906
3436.55,5350.805199527875,-1914.2551995278745
2787.64,2861.3131941602933,-73.6731941602934
2438.3,1779.2697140801083,659.0302859198919
441.04,257.6976828731249,183.34231712687512
3802.45,3351.009072749226,451.4409272507737
7968.22,6211.870780599342,1756.3492194006585
1080.0,8953.542443237655,-7873.542443237655
757.78,1440.846641750946,-683.066641750946
2116.81,2248.3462584659846,-131.5362584659847
1217.4,2800.068495407586,-1582.6684954075859
534.27,2041.4117354478944,-1507.1417354478945
5331.9,3212.3133858636456,2119.586614136354
1676.71,2591.608585221174,-914.898585221174
944.9,659.6577463729583,285.2422536270417
2950.07,3031.2822078985114,-81.21220789851122
808.6,1137.2916376733444,-328.6916376733444
1784.18,3440.708575281703,-1656.5285752817028
1229.0,2615.347943365674,-1386.347943365674
721.92,775.2444909213348,-53.324490921334814
646.0,1146.2738109830925,-500.2738109830925
1828.82,3879.0209810582214,-2050.2009810582213
1875.42,2797.1785854418854,-921.7585854418853
2236.53,1972.3508826869975,264.17911731300273
963.36,2973.028638059503,-2009.6686380595029
16832.12,5499.343991319605,11332.776008680394
2314.84,4404.5564618039825,-2089.7164618039824
2241.95,2851.8970715479422,-609.9470715479424
4368.4,4696.622605165541,-328.2226051655416
1456.56,409.6467194418641,1046.9132805581357
4777.88,4186.299095039982,591.5809049600184
1600.52,4669.583778091537,-3069.063778091537
1686.59,1233.7060225031805,452.8839774968194
773.73,513.8166137194644,259.91338628053563
2635.47,4520.941984566312,-1885.4719845663126
908.71,1094.655461774067,-185.94546177406687
7874.39,3952.340478616376,3922.0495213836243
1211.12,2811.1207668483808,-1600.0007668483809
2943.73,3136.330915723929,-192.60091572392912
2105.52,3118.0302880403483,-1012.5102880403483
445.93,943.5307183465741,-497.60071834657407
2514.84,2607.9796524433737,-93.1396524433735
1006.35,3532.333212745636,-2525.983212745636
1628.5,1772.7664854269065,-144.26648542690646
3025.52,1655.014044014919,1370.505955985081
1439.77,1965.8823570400587,-526.1123570400587
2074.88,5424.169212061925,-3349.2892120619244
8456.09,4744.687010166526,3711.402989833474
676.15,-166.71084846341452,842.8608484634145
4852.27,5626.90273231721,-774.63273231721
293.66,884.4341678187418,-590.7741678187417
1345.52,935.2223921655632,410.2976078344368
2475.41,2583.297760104849,-107.88776010484935
794.28,1019.1775444670404,-224.89754446704046
1651.91,2755.36876794552,-1103.45876794552
2855.24,2863.164619533961,-7.9246195339610495
2935.55,2301.0180104695364,634.5319895304638
5121.4,6514.524680993838,-1393.1246809938384
4857.98,5238.1885313015755,-380.20853130157593
1250.93,456.64582723826334,794.2841727617367
841.43,2061.6701918332296,-1220.2401918332298
1217.81,1974.3294844824477,-756.5194844824478
2049.88,2927.856514902195,-877.976514902195
2227.73,2869.5157357019057,-641.7857357019057
3224.63,1203.5296176152688,2021.1003823847313
7806.11,5243.319356805168,2562.7906431948313
1480.52,3002.737615314829,-1522.217615314829
1270.32,1659.252376765204,-388.932376765204
2245.81,1393.0862765595125,852.7237234404874
10691.88,7027.748715857997,3664.131284142002
1104.16,1010.6810402444626,93.47895975553752
2632.6,2321.1258684545446,311.4741315454553
3951.65,2138.6730524495333,1812.9769475504668
4324.75,4845.232610661889,-520.4826106618893
1157.46,2633.4644025269727,-1476.0044025269726
5845.08,8614.286101179929,-2769.2061011799287
2428.33,1379.75298797195,1048.57701202805
1183.22,935.719160542777,247.50083945722304
1518.89,2616.509562946251,-1097.619562946251
3000.27,2537.69028851724,462.5797114827601
690.97,1739.1397571542784,-1048.1697571542784
589.85,904.3096117971777,-314.4596117971777
11599.45,11920.42328287553,-320.97328287552955
2235.55,1921.3133626239241,314.23663737607603
2671.48,2449.7453483069526,221.73465169304745
5331.94,5641.837197280729,-309.8971972807294
2040.35,2149.4112537839414,-109.06125378394154
2378.94,2598.5276806202014,-219.58768062020135
3482.82,5013.306141178082,-1530.4861411780817
3288.63,2953.9331362618295,334.6968637381706
2728.86,2070.2814276856316,658.5785723143686
3316.46,5809.758946563494,-2493.2989465634937
1765.99,1733.3873877684537,32.602612231546345
1122.09,2449.5571356111773,-1327.4671356111774
2679.95,3710.2710894026595,-1030.3210894026597
2107.85,3835.2233479141264,-1727.3733479141265
4049.02,4698.831327779193,-649.8113277791931
9913.63,10281.36390536413,-367.7339053641299
1758.42,1081.5873690197864,676.8326309802137
2058.0,794.5106659958547,1263.4893340041453
3015.13,2605.047503810574,410.0824961894259
5169.65,4619.5195195439355,550.1304804560641
1780.21,2035.4414931692586,-255.23149316925856
2576.48,1593.2717305391986,983.2082694608014
1506.36,3939.805091145636,-2433.445091145636
6971.98,3956.4132095179343,3015.5667904820652
6302.71,5358.9952948410755,943.7147051589245
996.63,2120.9895147123007,-1124.3595147123006
573.75,586.2538857843703,-12.503885784370254
3413.7,2130.723934498933,1282.9760655010668
1312.14,2138.492258968833,-826.352258968833
1244.61,1729.0555288606156,-484.4455288606157
1699.01,444.14569445440475,1254.8643055455952
3097.59,6165.868942224626,-3068.278942224626
7944.5,4550.041796800424,3394.458203199576
6957.23,11085.152973252665,-4127.9229732526655
701.96,2021.6759959834476,-1319.7159959834476
1981.64,1998.308357611621,-16.668357611620877
1588.46,2973.3028383458654,-1384.8428383458654
5262.95,5098.919093251234,164.03090674876603
208.28,1151.3873608703502,-943.1073608703502
2463.93,2049.9759581008198,413.9540418991801
1362.95,1807.5449559157832,-444.5949559157832
5206.81,4991.126542521863,215.68345747813783
1829.49,1578.2932750427058,251.19672495729424
2936.69,2497.7422940220617,438.9477059779383
1766.88,1332.6900663804595,434.1899336195406
5027.09,5298.744851243826,-271.65485124382576
1236.74,2436.06156030858,-1199.3215603085798
2706.99,2164.9042206495337,542.085779350466
865.2,2966.315897036086,-2101.1158970360857
2758.88,3778.418869101117,-1019.5388691011167
569.89,2551.5177156942023,-1981.6277156942024
4439.03,1572.6539191734441,2866.3760808265556
521.7,-28.495631469733326,550.1956314697334
3437.9,1975.32168479573,1462.57831520427
1074.74,2269.941102588403,-1195.2011025884028
1023.71,1475.706851388051,-451.996851388051
2217.47,4493.1996930705245,-2275.7296930705247
2380.29,1905.549722267845,474.74027773215494
1018.06,1219.5195463045002,-201.45954630450024
656.99,1208.3917237455712,-551.4017237455712
1713.28,3254.7682809915145,-1541.4882809915146
832.38,1675.715449171729,-843.335449171729
784.31,2856.457311489846,-2072.147311489846
2261.5,4899.879515357945,-2638.379515357945
3268.75,4126.853093636599,-858.1030936365987
3962.11,3289.480229664957,672.6297703350433
2328.68,5072.646483153114,-2743.966483153114
3594.76,4316.809224674758,-722.0492246747581
4590.84,4855.826725101462,-264.98672510146207
2080.91,1914.3321349071634,166.57786509283642
2717.1,2120.259815367891,596.840184632109
1929.79,2222.4948119772703,-292.7048119772703
6758.16,5895.800457628369,862.3595423716306
1563.45,2371.919733128871,-808.469733128871
2356.68,3240.3774059297575,-883.6974059297577
914.08,2661.756673597004,-1747.676673597004
794.26,751.2761211876366,42.9838788123634
1168.65,1420.247932211204,-251.5979322112039
2468.08,2633.6690076857285,-165.58900768572857
824.28,2160.645340333401,-1336.3653403334008
4134.21,4842.7123918760135,-708.5023918760135
1306.51,1129.2284466576225,177.2815533423775
1073.38,1591.6250750315294,-518.2450750315293
1574.82,1795.3532728711402,-220.5332728711403
1855.82,3597.3574330882984,-1741.5374330882985
5693.52,3817.593490273483,1875.9265097265175
1039.05,2420.1778571484997,-1381.1278571484997
1790.65,2056.800211373961,-266.1502113739607
570.39,1728.481803390286,-1158.0918033902858
621.2,1257.7338212324669,-636.5338212324668
992.23,3672.0678240948155,-2679.8378240948155
2278.82,1527.5835594238608,751.2364405761393
4200.26,3036.6918947763947,1163.5681052236055
5058.96,3521.2152773392017,1537.7447226607983
1238.67,2632.195481162282,-1393.5254811622817
3222.75,1861.0684258847573,1361.6815741152427
1536.62,2405.699900429879,-869.0799004298792
810.6,549.4575492311152,261.1424507688848
3287.67,1587.0537320514268,1700.6162679485733
2805.94,4587.832932172027,-1781.8929321720266
3472.6,3672.3033261189403,-199.70332611894037
2228.83,2697.35389238834,-468.52389238833985
1458.94,2486.222142205708,-1027.2821422057082
2431.22,2679.191146168174,-247.97114616817407
1274.98,2647.9858871916786,-1373.0058871916785
4794.58,6009.045212774516,-1214.4652127745157
1394.86,1412.7963615939016,-17.936361593901665
1114.1,1208.1366617247224,-94.03666172472253
3544.57,2853.0080263586137,691.5619736413864
3024.85,2624.7170868480457,400.1329131519542
3783.99,4652.412538283181,-868.422538283181
2235.25,3464.0973091460473,-1228.8473091460473
2058.66,3982.720526013871,-1924.0605260138714
1552.33,1615.600154378325,-63.27015437832506
1586.11,1387.130083950428,198.979916049572
3402.95,1043.6810240625266,2359.2689759374734
1760.42,876.1614729622136,884.2585270377865
3524.18,3320.1569001321636,204.0230998678362
771.3,1049.8824410490643,-278.5824410490643
7956.2,6120.772575068093,1835.427424931907
2721.4,2970.2074632794374,-248.80746327943734
4661.22,5558.795102014243,-897.5751020142425
5281.01,3535.346775519273,1745.6632244807274
829.36,2682.764022838293,-1853.4040228382928
1411.84,2667.571327776737,-1255.7313277767369
2514.84,1136.0230899180387,1378.8169100819614
3287.17,1320.1131433158275,1967.0568566841725
1397.25,2700.532736161204,-1303.282736161204
555.67,3070.479595850187,-2514.8095958501867
9705.96,8133.434377653088,1572.5256223469114
1106.99,1751.6544289659828,-644.6644289659828
2600.1,3700.8098139199856,-1100.7098139199857
464.19,-228.94411786316152,693.1341178631615
2440.61,3785.945309565727,-1345.3353095657267
3805.29,5687.070506895225,-1881.7805068952248
4939.49,4928.2338155095695,11.256184490430314
12013.76,8778.382379410887,3235.3776205891136
2165.08,4618.996208797442,-2453.916208797442
1237.18,1476.283257898266,-239.10325789826584
1077.65,3130.4234824131645,-2052.7734824131644
4476.74,2988.7551209159647,1487.9848790840351
2366.5,3588.7313955763934,-1222.2313955763934
410.98,824.722733218563,-413.742733218563
1577.38,4343.107632836953,-2765.7276328369526
2988.9,1349.830686163045,1639.0693138369552
1034.69,1417.8563609925293,-383.16636099252923
1328.55,1198.1721944408328,130.3778055591672
212.88,-297.9434037579507,510.8234037579507
2266.86,1852.8116207387948,414.04837926120535
654.98,829.0189919630702,-174.0389919630702
2318.64,2906.30420015116,-587.66420015116
1160.91,1484.8128271956102,-323.90282719561014
1578.25,2988.5913444368302,-1410.3413444368302
9978.98,7890.7766365792195,2088.20336342078
2310.18,4099.99770027307,-1789.8177002730704
1894.7,925.6366132898229,969.0633867101772
5597.48,3885.94552341993,1711.5344765800696
954.01,2848.9124621404935,-1894.9024621404935
2389.75,3997.350886365705,-1607.6008863657048
6278.2,4367.045515221347,1911.1544847786527
1985.99,1789.900254151427,196.0897458485731
2413.58,2552.2680085332972,-138.6880085332973
1878.14,4722.334489433755,-2844.194489433755
1809.96,3439.6383920958083,-1629.6783920958082
1504.05,3030.955137189587,-1526.9051371895869
1184.54,2027.0141929713336,-842.4741929713337
2835.96,6235.3269821783615,-3399.3669821783615
4568.53,5500.835178552819,-932.3051785528196
2498.29,1344.0820336575475,1154.2079663424524
6329.23,4550.904659800994,1778.325340199006
956.38,1242.9851790463526,-286.60517904635265
2196.44,1513.8366126605204,682.6033873394797
3366.01,3240.227171447769,125.78282855223142
1274.94,1312.513964427609,-37.57396442760887
1297.3,4404.986424740409,-3107.686424740409
1927.14,3185.1556186179273,-1258.0156186179272
1560.54,1368.2673612386834,192.27263876131656
1709.85,1731.3683015179138,-21.51830151791387
1853.36,2708.2294279262583,-854.8694279262584
5728.43,1611.0407221669916,4117.389277833008
893.61,1941.4493676112802,-1047.83936761128
6031.43,4591.989056330784,1439.4409436692167
3043.02,2635.8986639821856,407.12133601781443
264.29,1393.5315496756389,-1129.241549675639
2819.56,2415.366248738763,404.19375126123714
2205.68,3250.1487779740955,-1044.4687779740957
2894.97,3896.3910881615416,-1001.4210881615418
4083.26,5965.759456869166,-1882.4994568691654
5725.54,4686.788176395798,1038.7518236042024
9374.62,5521.182085344204,3853.4379146557967
971.03,2200.7643681777863,-1229.7343681777863
2153.59,1614.6586912863254,538.9313087136748
2386.98,1631.5484134960495,755.4315865039505
1735.89,1710.7735165573463,25.116483442653816
1898.76,1458.1373298290237,440.62267017097633
6255.93,3969.62917782063,2286.3008221793702
1250.4,2366.0796177215348,-1115.6796177215347
13079.75,7589.176411190461,5490.573588809539
1679.53,2593.5292339143493,-913.9992339143494
1460.13,1223.679055462803,236.45094453719707
918.74,1917.5396703957335,-998.7996703957335
3321.99,2437.2814047395627,884.708595260437
8829.13,2091.908302189018,6737.221697810981
958.09,1396.3225410448977,-438.23254104489763
2847.24,1968.7673048423953,878.4726951576044
1132.56,2400.8947640281763,-1268.3347640281763
2120.07,3681.9908478061875,-1561.9208478061873
1896.36,1188.0613328596698,708.29866714033
1596.43,3591.751303580908,-1995.3213035809079
1200.15,1741.7700263261536,-541.6200263261535
745.71,1575.138206130207,-829.428206130207
9096.22,4599.676124919924,4496.543875080075
334.1,1295.1280446782935,-961.0280446782934
1713.49,3851.2009132685375,-2137.7109132685373
1287.19,2518.4466316429307,-1231.2566316429306
931.73,2698.3335368800713,-1766.6035368800713
2869.0,4093.463652583135,-1224.4636525831352
3744.07,3419.023195743721,325.0468042562793
1231.65,982.4675255681841,249.182474431816
3920.29,5179.724333576036,-1259.434333576036
1820.36,3165.8045027712933,-1345.4445027712934
2565.14,2664.8615037763316,-99.7215037763317
3151.74,3510.5871852794835,-358.8471852794837
1094.72,2400.326500330225,-1305.606500330225
1647.64,2337.711414106298,-690.0714141062979
1962.72,1574.6081851158885,388.1118148841115
7444.68,6613.25412409315,831.4258759068507
1597.65,1834.649834199593,-236.9998341995929
682.63,523.8482528125751,158.7817471874249
2142.76,2255.443450577613,-112.6834505776128
778.53,2007.604382610626,-1229.0743826106261
3084.52,5300.515936098673,-2215.9959360986727
1762.24,2908.332843259415,-1146.0928432594148
4191.27,2439.800909264148,1751.4690907358527
1280.08,1441.7370000721326,-161.65700007213263
616.82,822.7050058477344,-205.8850058477343
923.84,377.031653380429,546.808346619571
2220.56,635.9509412234971,1584.609058776503
1800.28,1659.263431337915,141.01656866208486
706.38,1576.8554575729506,-870.4754575729506
512.3,2353.183769771711,-1840.883769771711
1543.32,2177.8052667369184,-634.4852667369184
1880.97,2418.0665914890833,-537.0965914890833
3899.53,4491.297696384612,-591.767696384612
3418.19,1038.168386723528,2380.0216132764717
612.71,1368.8969167880828,-756.1869167880827
5656.28,6341.81152512838,-685.53152512838
7528.31,5095.474726624976,2432.8352733750244
1615.81,3282.7654945788195,-1666.9554945788195
1412.71,2241.471158720819,-828.7611587208189
3642.95,2315.340950659153,1327.609049340847
2529.86,2207.1175071645475,322.7424928354526
616.25,2415.1650798423266,-1798.9150798423266
19535.36,5885.411391575073,13649.948608424927
1798.49,1891.162056471897,-92.6720564718969
947.86,244.54823474000546,703.3117652599946
3071.5,3276.4456600444832,-204.94566004448325
4644.86,5211.784320677922,-566.924320677922
1962.7,2328.208726070367,-365.50872607036695
2564.09,1354.2522189077813,1209.8377810922188
7201.92,5935.483104136114,1266.436895863886
1739.78,1880.8247156295743,-141.04471562957428
2386.87,4444.234223311931,-2057.364223311931
2457.45,1743.2475076149085,714.2024923850913
2005.6,971.5829037405235,1034.0170962594764
623.71,2208.92964333621,-1585.21964333621
869.72,1497.9750292775223,-628.2550292775222
2653.01,3528.7713925747526,-875.7613925747523
1962.77,2653.3507658817666,-690.5807658817666
1796.02,3012.632624624401,-1216.6126246244012
1601.24,2274.506464651366,-673.266464651366
1533.77,2309.2698632095758,-775.4998632095758
3812.25,3415.2640250701816,396.98597492981844
5383.37,4168.431819433219,1214.9381805667808
1255.22,1148.887546332226,106.33245366777396
2416.53,844.5920422500969,1571.9379577499033
9189.62,3243.976011869102,5945.643988130899
9746.75,4714.117100125246,5032.632899874754
11069.73,7995.00698098592,3074.72301901408
1134.61,1583.4948173081016,-448.8848173081017
14839.35,7699.123069592259,7140.226930407742
3130.3,4446.912142984909,-1316.612142984909
1240.55,1417.4941439867077,-176.9441439867078
1200.04,1438.6326638154053,-238.59266381540533
2576.04,2320.0201608066614,256.0198391933386
5142.87,4538.4353062053615,604.4346937946384
2496.84,1836.2304619764268,660.6095380235734
2072.56,1872.2659880288943,200.29401197110565
2635.39,3786.6918867605586,-1151.3018867605588
1300.09,4385.4349825572735,-3085.3449825572734
1688.33,3241.366041189492,-1553.0360411894922
777.56,676.898059245795,100.66194075420492
506.01,2570.603032730025,-2064.593032730025
691.35,1511.9122362932374,-820.5622362932373
3242.75,3212.805347531981,29.94465246801883
5810.09,6111.69236149871,-301.6023614987098
3017.61,2565.4758265117803,452.13417348821986
1255.39,1153.002017410468,102.38798258953216
6139.05,5363.9609134832845,775.0890865167157
3314.44,3404.532020127286,-90.0920201272861
1996.19,4318.901018283252,-2322.7110182832516
7035.23,6846.50153152476,188.72846847523942
4457.09,1939.4457355375948,2517.6442644624053
2301.54,3451.7586985383286,-1150.2186985383287
2205.51,3447.3245930317953,-1241.814593031795
1737.52,2554.441464799041,-816.9214647990411
3314.59,2049.636506891338,1264.9534931086623
6422.32,6715.423071012621,-293.1030710126215
1940.39,1621.395208681081,318.99479131891917
2786.73,2187.0280823512226,599.7019176487775
911.76,1653.750903960412,-741.990903960412
1300.58,1491.3515874281975,-190.77158742819756
1501.56,2134.983347273044,-633.4233472730439
1752.67,2174.694713672059,-422.0247136720591
881.83,2437.0059207058607,-1555.1759207058608
3684.74,4302.363350467698,-617.6233504676984
486.19,570.2051326151745,-84.01513261517454
714.59,981.3271728637751,-266.7371728637751
1730.49,1127.6179954185561,602.8720045814439
1622.81,2487.9693630468296,-865.1593630468296
2023.16,-356.1148320842749,2379.2748320842747
1462.13,1835.103923017767,-372.973923017767
2893.48,2771.3208431853823,122.15915681461775
1691.95,2048.919562884652,-356.96956288465185
7587.78,4328.747195748583,3259.0328042514166
4052.74,3374.1063147143755,678.6336852856243
557.25,1025.3036876182398,-468.0536876182398
935.03,2504.9192750842126,-1569.8892750842126
638.13,1144.5083477109415,-506.3783477109415
764.53,1894.3494785227876,-1129.8194785227877
1732.53,1029.2859168899408,703.2440831100591
6930.48,4807.562486277022,2122.9175137229777
2946.97,3777.225546814639,-830.2555468146393
4301.12,7686.218830258782,-3385.098830258782
2951.5,3129.045057666544,-177.54505766654393
3544.22,5720.974153759011,-2176.754153759011
1576.54,1604.9431556647712,-28.403155664771248
7340.22,6902.445830895858,437.77416910414195
956.83,1655.9837339643016,-699.1537339643015
1057.8,805.8745011468582,251.9254988531418
2035.9,4643.326143710938,-2607.4261437109376
2001.35,2050.7980573875334,-49.44805738753348
1703.35,1280.238822707749,423.1111772922509
18689.59,12290.91726616442,6398.6727338355795
840.5,1603.4616033568932,-762.9616033568932
5717.97,6951.470136568347,-1233.5001365683465
578.59,1051.9613417930661,-473.3713417930661
771.54,1491.319322059123,-719.7793220591229
683.83,707.2061195748886,-23.37611957488855
11524.11,3058.3435668570523,8465.766433142948
1350.0,7335.500099960464,-5985.500099960464
4309.82,4440.2963047987305,-130.47630479873078
1977.31,2980.4668519397915,-1003.1568519397915
1166.62,1141.7129055025948,24.90709449740507
5454.65,3318.6506242017263,2135.9993757982734
2154.64,998.2546650164575,1156.3853349835424
633.95,1451.9557335937895,-818.0057335937895
3876.1,6951.972676268091,-3075.8726762680913
3618.3,4978.1366106635,-1359.8366106634994
772.54,1211.0415123461405,-438.50151234614054
2929.66,5560.134678904682,-2630.474678904682
8750.1,5125.976309429507,3624.1236905704936
1610.38,1742.9295102657466,-132.54951026574645
2536.87,951.9723790599833,1584.8976209400166
778.95,1712.9182025063599,-933.9682025063598
3344.63,2608.7392844506758,735.8907155493243
2546.52,3261.380402285418,-714.8604022854179
1620.44,1901.4215639884683,-280.9815639884682
6269.6,4026.404502306866,2243.1954976931343
1528.85,2627.493083426282,-1098.643083426282
1236.07,2037.5191694998207,-801.4491694998208
1694.51,2012.590455300509,-318.0804553005089
680.16,3922.1543461237475,-3241.9943461237476
2655.3,8632.14787594903,-5976.847875949029
1704.98,1119.7879852892963,585.1920147107037
1584.27,2148.2005348107214,-563.9305348107214
862.77,1881.809563648474,-1019.0395636484741
1261.78,2300.6932359905163,-1038.9132359905163
5145.5,3349.0364338624127,1796.4635661375873
6544.95,4770.778801311151,1774.1711986888486
4103.38,6659.696730617567,-2556.3167306175665
2883.62,4297.846745373927,-1414.2267453739269
11389.57,7120.989456648249,4268.580543351751
399.67,633.9141512832905,-234.24415128329048
538.51,1377.7660361492697,-839.2560361492697
1657.32,1716.6284966885853,-59.308496688585365
5254.28,3768.6521333758405,1485.6278666241592
1152.68,365.9327949143793,786.7472050856207
2826.69,2778.8570737564405,47.83292624355954
1773.92,1637.6889723036163,136.23102769638376
2998.9,3647.907744281319,-649.007744281319
997.5,994.9405993899343,2.5594006100657225
1084.14,1504.9955261046985,-420.85552610469836
1373.95,3048.0163954006757,-1674.0663954006757
1521.49,2712.747527296796,-1191.2575272967958
2931.21,1498.1619927953368,1433.0480072046632
1695.0,3092.644675832787,-1397.644675832787
5022.71,5928.9058430304485,-906.1958430304485
1347.66,2424.604637790069,-1076.9446377900688
850.68,399.2286856483188,451.45131435168116
5907.17,6035.961671823039,-128.791671823039
5956.99,6054.785412462228,-97.79541246222834
2047.92,1102.1117881290327,945.8082118709674
7120.71,3880.9468859920185,3239.7631140079816
2124.03,1688.059454299817,435.97054570018327
5611.56,6594.700668928646,-983.1406689286459
1527.28,2859.8786352895045,-1332.5986352895045
8982.33,5636.235427426751,3346.094572573249
7726.78,8534.312956799735,-807.5329567997351
4821.1,2036.5410330267732,2784.558966973227
647.56,1777.2527774427895,-1129.6927774427895
3255.9,5328.368925637471,-2072.468925637471
863.93,3179.3541370092553,-2315.4241370092554
3089.03,3577.8459341602465,-488.81593416024634
2184.37,3939.2054694761387,-1754.8354694761388
2080.85,1860.9281668689246,219.92183313107535
951.65,1696.3606181219504,-744.7106181219505
8091.51,10575.002778567488,-2483.492778567488
989.82,907.3465962732298,82.47340372677024
3767.67,5122.3369241844175,-1354.6669241844174
2661.34,2408.150674187409,253.18932581259105
566.9,2319.2262766817526,-1752.3262766817525
7939.91,8677.773115575608,-737.8631155756084
8266.66,4701.9363093981265,3564.7236906018734
4641.17,4267.2621202499395,373.9078797500606
1006.15,2201.866214898057,-1195.716214898057
4782.79,3167.422515932027,1615.3674840679728
2249.41,4925.341432499694,-2675.931432499694
8735.58,4380.324764068666,4355.255235931334
2501.02,2242.2952825188718,258.7247174811282
1305.27,3693.003411406461,-2387.733411406461
925.07,2686.2693410857773,-1761.1993410857772
2048.53,1023.8318346396293,1024.698165360371
1320.39,458.8261557031551,861.563844296845
1621.9,2481.274684537956,-859.374684537956
5367.47,5884.151571620901,-516.6815716209012
901.1,4010.948434260979,-3109.848434260979
3187.34,3191.2588933808756,-3.918893380875488
2761.62,6081.41085175724,-3319.7908517572405
6999.29,7014.4997953501315,-15.209795350131571
1193.02,2342.0354500715084,-1149.0154500715084
3323.13,1851.0279264950027,1472.1020735049974
3578.3,2883.0971861379257,695.2028138620744
3507.32,3044.397765361657,462.92223463834307
347.64,1068.2810196922371,-720.6410196922371
2145.86,481.39138911256043,1664.4686108874398
3939.35,5234.3109977172135,-1294.9609977172136
2409.54,2075.31587029666,334.22412970334017
1912.83,1946.511243061831,-33.68124306183108
5771.6,4465.562843284999,1306.0371567150014
2065.95,4569.093191596481,-2503.1431915964813
11802.14,7609.812341492765,4192.327658507234
4893.62,6427.213554376851,-1533.593554376851
934.1,1583.4364101059293,-649.3364101059293
949.09,-202.08530047458413,1151.1753004745842
5074.22,6603.703420309859,-1529.483420309859
3505.1,6084.603299321125,-2579.503299321125
1208.36,2574.152309148148,-1365.7923091481482
1271.9,465.8060622353296,806.0939377646705
2051.73,1605.0500102121516,446.6799897878484
491.15,2216.695992147752,-1725.5459921477518
961.46,1617.1034971977883,-655.6434971977883
2777.34,3545.487604612433,-768.147604612433
3538.24,7802.201650164432,-4263.961650164432
1787.22,3099.4804417381893,-1312.2604417381892
11257.77,6506.364570943018,4751.405429056982
6378.04,1963.1327799511737,4414.907220048826
8450.87,7066.681284643111,1384.1887153568896
2497.53,2920.9246335389266,-423.3946335389264
1681.56,4390.6947333113785,-2709.1347333113786
2087.67,2078.832129505368,8.83787049463217
2182.11,1581.5317209291513,600.5782790708488
8438.73,7189.895078726053,1248.8349212739467
2575.16,1824.2918816546003,750.8681183453996
1702.73,2189.657051790296,-486.927051790296
5774.26,5894.872380370623,-120.61238037062321
2768.11,3360.122130608032,-592.0121306080318
3012.46,1487.2122936522485,1525.2477063477515
867.69,1586.3834745988888,-718.6934745988888
940.55,1598.88051618736,-658.33051618736
2265.83,4823.400048938573,-2557.5700489385727
5627.53,5408.638525478365,218.89147452163434
2586.49,3996.500929183066,-1410.0109291830663
2508.42,1697.8946363053533,810.5253636946468
12608.78,5986.874298494309,6621.9057015056915
1913.72,1701.9189939337723,211.80100606622773
4271.3,3546.4043833708497,724.8956166291505
3407.57,4345.214797394836,-937.6447973948357
1201.45,2324.941667538077,-1123.491667538077
5003.12,6519.885832082742,-1516.7658320827422
1256.17,1951.4944366882687,-695.3244366882686
4504.52,2284.8401479377335,2219.679852062267
2143.64,3258.705395991426,-1115.0653959914262
7539.64,3917.8919802809164,3621.748019719084
698.29,1561.3850470711748,-863.0950470711748
3127.17,3069.39730653622,57.77269346377989
1165.86,1809.3546907744671,-643.4946907744672
1419.22,861.6485856687545,557.5714143312455
1631.8,4248.244767498878,-2616.444767498878
722.87,950.864540833933,-227.994540833933
893.79,1040.648254818947,-146.858254818947
1086.85,1993.181053317121,-906.3310533171211
1821.65,4952.331833488783,-3130.6818334887826
6687.21,2505.8021002866712,4181.407899713329
4680.64,2373.8087861616336,2306.8312138383667
840.93,1887.8326293226082,-1046.9026293226084
1604.6,2607.749606881279,-1003.1496068812789
3986.87,1071.081454186061,2915.788545813939
1806.6,2130.4833478469427,-323.8833478469428
1723.14,2083.659293346359,-360.51929334635884
4990.71,7091.170027132563,-2100.4600271325626
1453.22,153.10585406351186,1300.114145936488
1302.09,2622.4194991213894,-1320.3294991213895
1753.45,2382.279492561763,-628.8294925617631
1812.14,1283.876095288858,528.263904711142
2255.21,3645.566071003392,-1390.3560710033921
2138.76,2822.3348996959276,-683.5748996959273
1075.36,1618.3704264420135,-543.0104264420136
1537.76,1777.1749717200187,-239.41497172001868
1352.03,2328.5125268932447,-976.4825268932448
1594.3,917.2652065636807,677.0347934363192
5683.37,6633.835443209564,-950.465443209564
3660.09,3288.8849246052073,371.20507539479286
20695.69,8619.012230375864,12076.677769624135
347.87,1602.0294926476083,-1254.1594926476082
6890.98,6708.384234202089,182.59576579791064
2347.19,1370.3303471076358,976.8596528923642
5056.39,5365.108703143782,-308.71870314378157
970.83,1976.4634025896416,-1005.6334025896416
1722.44,2236.945472601481,-514.505472601481
2125.07,3057.2634897305516,-932.1934897305514
2664.28,4765.364812235228,-2101.0848122352277
793.57,2224.245869905391,-1430.6758699053908
969.59,914.0707356359455,55.51926436405449
3357.37,4350.338446751217,-992.968446751217
7043.01,2259.3405336355054,4783.669466364495
2450.47,1085.1753359048262,1365.2946640951736
1662.8,1733.6954359131246,-70.89543591312463
3633.92,2248.499830969602,1385.420169030398
689.86,2304.493293373576,-1614.6332933735757
2369.55,4585.8699517391815,-2216.3199517391813
1656.96,2133.9004952136625,-476.9404952136624
2447.72,1449.6152917369907,998.1047082630091
2418.58,5182.904613246425,-2764.3246132464246
1829.54,1939.8869084724865,-110.34690847248658
437.54,3437.5320941839423,-2999.9920941839423
9381.96,9238.311816799229,143.6481832007703
1630.66,2448.1959580477096,-817.5359580477095
1315.89,1755.555346528031,-439.6653465280308
7617.7,5298.985460989261,2318.714539010739
8077.11,7513.585539082213,563.5244609177871
8770.28,5596.113960693008,3174.1660393069924
2486.65,1288.309904740815,1198.340095259185
4346.75,7951.2324147319505,-3604.4824147319505
2448.93,1154.7437225752567,1294.1862774247431
2167.49,2720.379123781944,-552.8891237819444
6001.97,4234.970796246751,1766.9992037532493
1120.19,1712.8396377602041,-592.6496377602041
6365.29,5699.7878986303895,665.5021013696105
802.89,3882.5503038270786,-3079.6603038270787
3708.57,5793.060314623475,-2084.490314623475
2946.17,2997.474931905339,-51.30493190533889
4840.87,5409.633432702918,-568.7634327029182
1730.57,2123.792165464643,-393.222165464643
753.12,1767.4956286941988,-1014.3756286941988
948.05,1659.0988672650906,-711.0488672650906
2228.91,3515.871939085871,-1286.961939085871
7256.96,2023.7045425206861,5233.255457479314
2150.89,3247.187100814762,-1096.297100814762
1713.86,2202.6837199571505,-488.8237199571506
580.0,4361.61267183024,-3781.6126718302403
2611.22,995.0148082658295,1616.2051917341703
1329.16,2589.0663000748154,-1259.9063000748154
4387.91,4745.235334338588,-357.3253343385877
1012.23,1506.9158121758342,-494.68581217583414
4328.86,3567.6352507320294,761.2247492679703
4702.15,2182.130476433927,2520.0195235660726
765.76,1106.9823759093952,-341.22237590939517
6416.6,3568.7683254769204,2847.83167452308
2042.49,3114.526581102192,-1072.0365811021918
3817.36,4350.714147752682,-533.3541477526819
5708.77,4619.0653296471955,1089.704670352805
715.46,2001.9608779901487,-1286.5008779901486
2992.15,1395.80497850053,1596.34502149947
1284.89,1878.058169716608,-593.168169716608
6083.74,3109.707988241572,2974.032011758428
4354.97,7166.805173926901,-2811.835173926901
8067.17,4402.281729451288,3664.888270548712
584.7,1616.5112277636922,-1031.8112277636922
10476.0,8276.629149139026,2199.3708508609743
4258.88,3196.8860998671544,1061.9939001328457
2202.09,1920.9496784400903,281.1403215599098
2876.8,1455.2730455030078,1421.5269544969924
1823.15,1774.6406039475264,48.509396052473676
699.93,1290.0968960472348,-590.1668960472349
4222.91,4651.758079323248,-428.8480793232484
1681.36,1457.1804820489851,224.17951795101476
4486.12,2851.5972248227645,1634.5227751772354
1562.06,1808.399916749127,-246.33991674912704
2398.5,3060.4863939499,-661.9863939499
1248.37,2518.8085371292564,-1270.4385371292565
3670.25,2971.1857737628484,699.0642262371516
3716.73,3172.604192465438,544.1258075345622
2954.87,4272.5098607970995,-1317.6398607970996
9230.39,4437.847980803193,4792.542019196806
1263.47,1118.9699193445676,144.50008065543238
903.21,1693.921718099537,-790.7117180995369
1492.41,2275.4996288531916,-783.0896288531915
4800.49,2513.1463024632926,2287.343697536707
2438.18,4098.368177807526,-1660.1881778075262
3269.77,5460.0325615650345,-2190.2625615650345
2647.18,3080.921358926265,-433.7413589262651
998.27,597.9772172694522,400.29278273054774
7528.4,7450.924307927355,77.47569207264496
533.0,2675.5952602106145,-2142.5952602106145
2185.49,2500.4258629482,-314.93586294820034
1083.0,3921.0967324080607,-2838.0967324080607
3879.15,2815.8116655870003,1063.3383344129998
942.69,816.7476859231642,125.94231407683583
1724.78,2430.7296961087445,-705.9496961087445
9654.41,5384.9435396407025,4269.466460359297
7601.97,3112.9685548753364,4489.001445124664
1902.31,1757.753501925774,144.55649807422606
2437.13,1813.6002349683322,623.5297650316679
543.6,1423.384193139816,-879.784193139816
2324.2,2158.668746706856,165.5312532931439
738.16,2134.3068315522523,-1396.1468315522525
1754.69,1237.1417612114908,517.5482387885093
1029.01,3158.5620512239907,-2129.552051223991
639.34,1290.174546302542,-650.834546302542
1652.84,1537.7243893511616,115.11561064883836
3686.1,5506.18634895234,-1820.0863489523404
7774.71,7138.720679842196,635.9893201578043
1298.83,815.1144859781075,483.71551402189243
851.77,1273.6734456324534,-421.90344563245344
903.92,2130.213648508453,-1226.2936485084529
4561.88,4418.761887187562,143.11811281243808
1100.38,328.02606459502147,772.3539354049786
947.32,1599.8185057365813,-652.4985057365813
3659.81,7236.4273694640215,-3576.6173694640215
3892.39,4192.368643205615,-299.97864320561484
1142.78,3035.396001109102,-1892.6160011091022
4400.55,5880.326232435715,-1479.7762324357145
1015.99,1304.2125782202368,-288.22257822023676
6093.34,4718.257557035371,1375.082442964629
3739.07,6428.975406394418,-2689.905406394418
2134.75,2625.6780767896207,-490.9280767896207
7268.87,7647.2625845325,-378.3925845325002
844.29,743.823198223361,100.46680177663893
3884.4,4158.4098340691635,-274.0098340691634
1812.14,2029.5198335397854,-217.3798335397853
1113.13,1980.9289032973097,-867.7989032973096
4409.8,4727.8324651810635,-318.03246518106334
5053.46,3892.9149025832016,1160.5450974167984
655.4,281.3054659705052,374.09453402949475
2532.11,3862.299525294989,-1330.189525294989
2173.28,3592.6384779695686,-1419.3584779695684
1483.48,1039.3966841957886,444.08331580421145
660.66,1432.2712866128306,-771.6112866128307
2704.88,1445.6053940623165,1259.2746059376836
584.86,756.5814651955322,-171.72146519553223
7154.84,6653.056438961354,501.78356103864644
3670.47,1876.2147801616966,1794.2552198383032
7126.38,3278.7290067802696,3847.6509932197305
6341.8,3150.7767165063974,3191.023283493603
1829.98,2023.4709263435511,-193.4909263435511
1974.14,1110.8788926795821,863.261107320418
1068.62,1455.303657383644,-386.683657383644
4078.29,6408.821026970334,-2330.531026970334
3212.54,3697.819224104016,-485.27922410401607
1864.19,1079.310289668452,784.879710331548
1437.24,3052.2948723305794,-1615.0548723305794
1024.8,1024.0352700463043,0.764729953695678
2048.92,1986.9405180372,61.97948196280004
791.77,1377.1444496760944,-585.3744496760944
889.92,3496.465511424406,-2606.545511424406
724.17,2061.633312810881,-1337.4633128108808
922.77,1101.261928803454,-178.49192880345413
2996.46,4931.080398642656,-1934.6203986426563
1961.49,3389.7118358735197,-1428.2218358735197
4680.24,9974.055829072338,-5293.815829072339
810.59,2784.6629655405864,-1974.0729655405862
2161.31,2161.6860442597604,-0.37604425976041966
1516.69,1458.2077673063504,58.48223269364962
3727.08,6591.399842931618,-2864.319842931618
6883.0,7334.116894983077,-451.11689498307715
1301.12,2188.489622035924,-887.3696220359243
3085.77,1613.3539979352038,1472.4160020647962
5497.11,4462.99672454075,1034.11327545925
1125.45,2750.966677301222,-1625.5166773012218
2387.19,3273.4156041363403,-886.2256041363403
3500.05,5437.346177981961,-1937.2961779819607
1693.04,3109.287910697827,-1416.2479106978271
3367.19,5815.424690784976,-2448.2346907849756
1307.98,2247.7953084797196,-939.8153084797195
2152.19,1317.9945281004732,834.1954718995269
2195.81,3373.799046725911,-1177.989046725911
1110.44,1765.9986808625185,-655.5586808625185
535.62,391.8516274249963,143.7683725750037
3403.54,4170.992090100945,-767.4520901009446
1891.81,2647.0832444344155,-755.2732444344156
4559.71,3366.196802737926,1193.5131972620738
2335.68,2166.955408337555,168.7245916624447
583.35,6512.38442270925,-5929.03442270925
1150.28,2178.6388991861645,-1028.3588991861645
1295.16,3541.054956902921,-2245.894956902921
2154.45,2005.552232237249,148.89776776275085
4979.15,4782.864841282953,196.28515871704622
1130.8,2283.6605720067023,-1152.8605720067023
816.8,230.76825672419716,586.0317432758028
890.58,2830.435199869978,-1939.8551998699782
1614.88,1139.6016392805261,475.278360719474
4169.3,4734.460208866003,-565.1602088660029
3467.73,6321.756239169581,-2854.026239169581
5430.3,5955.998751083465,-525.6987510834651
2608.02,3593.1061382203648,-985.0861382203648
7496.38,6680.6726718603,815.7073281396997
5377.32,4965.925276794769,411.39472320523055
21688.63,6349.340466092339,15339.289533907662
6768.82,6160.903104884514,607.9168951154861
1576.57,2745.3301364659924,-1168.7601364659924
4704.3,3540.0721610337373,1164.2278389662629
1608.69,3449.7430288832848,-1841.0530288832847
1860.27,1620.1364698466532,240.13353015334678
4051.87,3935.8707528709806,115.9992471290193
2602.56,4678.135280239221,-2075.5752802392212
1629.8,3990.704135198034,-2360.904135198034
950.77,1527.745740354792,-576.9757403547919
1856.11,2477.7331044382154,-621.6231044382155
5489.78,6572.272151123387,-1082.492151123387
1495.05,2490.188619113984,-995.1386191139839
2057.21,3312.0468032251592,-1254.8368032251592
2229.35,2250.157636745455,-20.807636745455056
1099.82,209.8570968564277,889.9629031435722
3368.01,5534.9213679032455,-2166.9113679032453
3257.42,958.5316001025772,2298.888399897423
2941.11,1630.2652751671997,1310.8447248328005
5511.24,5747.685907611518,-236.44590761151812
702.34,508.71493925044683,193.6250607495532
2493.71,2669.210779819584,-175.50077981958384
2899.07,851.7831151031291,2047.286884896871
4960.16,5333.876117815755,-373.71611781575484
6113.52,7730.8074080070055,-1617.287408007005
2560.34,4352.793809303541,-1792.4538093035408
2906.84,2063.263508986353,843.5764910136472
1016.52,3955.9952629862814,-2939.4752629862815
1966.0,1805.3222042900152,160.67779570998482
3646.41,3274.8086746579174,371.6013253420824
2653.99,2871.788616251728,-217.79861625172816
735.21,612.056708446364,123.153291553636
6286.43,4959.29946933901,1327.1305306609902
2140.75,2459.6501429640684,-318.90014296406844
2660.7,3050.466498567468,-389.76649856746826
2668.94,1831.1331374270007,837.8068625729993
1644.99,1294.1113634485264,350.8786365514736
3437.26,3492.7669070155885,-55.50690701558824
6058.44,5510.669078350133,547.770921649867
786.81,2314.860866008334,-1528.0508660083342
8648.04,5922.358551877258,2725.681448122743
2307.3,2666.081205269778,-358.78120526977773
3922.61,3444.542556280118,478.06744371988225
538.85,4962.944154175073,-4424.094154175073
4228.94,2516.2904856726,1712.6495143273996
714.55,2096.9524228383934,-1382.4024228383935
2381.74,2277.899262337421,103.8407376625787
1647.63,2991.0926900494424,-1343.4626900494422
2932.73,4337.648268419078,-1404.9182684190778
772.9,1280.4836369514167,-507.5836369514167
5497.0,4494.237272062519,1002.762727937481
839.48,748.0531601262232,91.42683987377677
750.4,2067.7543184794085,-1317.3543184794084
1297.57,1925.1759082195977,-627.6059082195977
1373.28,2930.391744413054,-1557.1117444130539
8039.82,5976.032676141009,2063.787323858991
835.0,4013.4304954253353,-3178.4304954253353
3065.49,1835.897436911941,1229.5925630880588
8590.69,9214.681931580782,-623.991931580782
3951.35,3398.567842387705,552.7821576122951
3202.37,2908.2379312100534,294.1320687899465
272.23,562.0696695641568,-289.8396695641568
2391.11,1371.9555724246804,1019.1544275753197
5525.55,5945.666494145542,-420.11649414554176
2941.65,3081.6490566339407,-139.99905663394065
687.86,923.1336545594156,-235.2736545594156
2797.9,2940.8655001003476,-142.96550010034753
1253.59,1923.1221594348376,-669.5321594348377
3930.29,1128.3132728867504,2801.9767271132496
1517.08,2083.1747963314547,-566.0947963314547
2195.96,2325.9146805544246,-129.9546805544246
2621.15,2611.0226150166454,10.12738498335466
8174.69,4710.34912830718,3464.3408716928197
9911.79,7971.219592289122,1940.5704077108785
1226.27,1458.8735516715606,-232.60355167156058
1649.35,2412.7039665646003,-763.3539665646003
1500.64,3107.353815912407,-1606.7138159124067
1108.47,286.5952250715702,821.8747749284298
6776.4,7898.280772145827,-1121.880772145827
1964.95,2072.2376139902644,-107.28761399026439
941.06,1163.1660697492075,-222.10606974920756
436.76,999.0869067567319,-562.3269067567319
6675.92,8423.51621278923,-1747.5962127892308
3034.9,5284.233930873737,-2249.3339308737372
953.38,1235.8110863392337,-282.43108633923373
4166.73,4971.157943123395,-804.4279431233954
1900.74,2672.814321982422,-772.0743219824219
1961.41,3714.981826886546,-1753.571826886546
405.85,40.498943884973016,365.351056115027
1740.66,3316.0798305310777,-1575.4198305310777
2074.03,3137.140307967329,-1063.110307967329
2654.6,1726.0695263167977,928.5304736832022
2160.1,3019.1840580269136,-859.0840580269137
3045.93,2670.0709882885885,375.8590117114113
4716.07,4158.724108625489,557.3458913745108
1400.7,1672.3528380847174,-271.65283808471736
1616.82,1481.287577138605,135.53242286139493
6012.6,4515.00053518861,1497.5994648113901
3235.84,3520.709408888597,-284.8694088885968
3596.02,4677.723783920803,-1081.7037839208028
590.11,1425.2197336383015,-835.1097336383015
1935.58,3173.824814653203,-1238.2448146532029
7625.06,4558.968854555451,3066.0911454445495
4992.68,3718.6842356294997,1273.9957643705006
1963.59,2496.3939676110435,-532.8039676110436
1565.2,3138.9540795401135,-1573.7540795401135
1628.32,1813.8771754302306,-185.5571754302307
413.91,2640.90767775959,-2226.9976777595903
3695.71,4188.707498075029,-492.9974980750294
1135.98,2564.145562439383,-1428.165562439383
1060.02,777.4223127593962,282.5976872406038
1526.74,655.7016879143521,871.0383120856479
5280.31,7190.115846294106,-1909.8058462941053
1079.07,1139.3952181111795,-60.32521811117954
1531.81,2027.814786221527,-496.00478622152696
805.3,401.7004389932083,403.59956100679165
3379.84,2118.7999499160737,1261.0400500839264
445.84,2817.7366137313575,-2371.8966137313573
2810.84,2463.400717602565,347.43928239743536
1177.08,605.5830264045978,571.4969735954021
15527.36,6637.600043947916,8889.759956052085
502.17,749.4826470841297,-247.31264708412965
1615.9,1835.0097549945658,-219.10975499456572
890.88,2854.7892292867914,-1963.9092292867913
1658.18,1577.169421086576,81.01057891342407
4220.48,4303.455993468171,-82.97599346817151
1030.79,1352.1075578717237,-321.3175578717237
2601.76,3024.6796033479814,-422.91960334798114
3678.95,2683.0946245979203,995.8553754020795
1018.27,1642.4636561057807,-624.1936561057807
5644.53,8095.5180260707275,-2450.9880260707278
970.14,2749.5276429233545,-1779.3876429233546
6835.63,1241.189760865221,5594.440239134779
4022.41,5843.870226533345,-1821.4602265333451
4184.5,6472.309950455021,-2287.809950455021
380.75,248.66419553967205,132.08580446032795
465.8,1203.1445108237433,-737.3445108237433
1809.69,2623.964662715837,-814.2746627158372
5620.02,4270.162891540629,1349.8571084593714
3220.21,1566.7871119294143,1653.4228880705857
3890.72,624.7366186853365,3265.9833813146633
5072.79,3816.785599972241,1256.004400027759
9863.93,6554.025967364087,3309.9040326359136
9675.88,7358.257962280713,2317.622037719286
6059.41,3612.346655134133,2447.063344865867
1804.39,2298.562135794957,-494.17213579495706
830.45,843.7317355729454,-13.281735572945308
1193.6,295.1832791405333,898.4167208594666
4088.63,2634.954222555972,1453.675777444028
2743.94,4501.648146321319,-1757.7081463213185
2192.42,2460.908939121556,-268.4889391215561
6117.4,4242.581830397843,1874.8181696021566
295.46,1096.6924710386659,-801.2324710386658
4052.41,2391.5862266479203,1660.8237733520796
5238.48,5407.792119197775,-169.31211919777525
778.58,544.3548493115516,234.22515068844848
825.26,2151.6933031969556,-1326.4333031969556
4710.25,3426.7648087657544,1283.4851912342456
3992.97,3095.190601469625,897.7793985303747
1691.26,2889.6006090699084,-1198.3406090699084
2613.75,2385.904279274505,227.84572072549508
1145.01,686.2589075634723,458.75109243652764
2090.56,2600.953548265082,-510.39354826508225
1879.36,3387.9191951885414,-1508.5591951885415
623.5,2190.564588883878,-1567.064588883878
1976.98,1174.4532830389305,802.5267169610695
1349.48,1379.5664306505987,-30.086430650598686
2047.35,4693.2657178550635,-2645.9157178550636
715.28,673.7773265054772,41.50267349452281
7225.54,7053.327181901248,172.212818098752
1058.22,2592.7948261125716,-1534.5748261125716
8109.78,7733.618780414328,376.16121958567146
1235.1,1018.657978517384,216.44202148261593
4286.83,8680.340451499225,-4393.510451499225
2899.16,3386.110767169839,-486.9507671698393
2384.79,1899.8788816833235,484.9111183166765
11418.97,7548.463426965607,3870.506573034392
1807.43,5706.364348823216,-3898.9343488232153
5364.13,1521.8812107947488,3842.2487892052513
1190.0,8012.603530686585,-6822.603530686585
2970.65,3842.5823697243873,-871.9323697243872
2116.53,2006.6274982523287,109.90250174767152
2583.19,4151.437892489737,-1568.2478924897373
3735.74,2462.7753837467353,1272.9646162532645
815.95,1427.6388855272946,-611.6888855272946
729.74,1371.0685334684783,-641.3285334684783
2777.94,2010.2326549787585,767.7073450212415
3143.22,3591.8948645574624,-448.67486455746257
12998.52,7646.204183966251,5352.31581603375
726.35,2600.100425808284,-1873.750425808284
1395.38,1254.0016883551098,141.37831164489035
2274.09,2358.5055489285446,-84.41554892854447
773.52,4487.8354071305785,-3714.3154071305785
2663.25,3517.686814813772,-854.4368148137719
1739.02,1341.5591060004353,397.46089399956463
6498.35,4066.075020989421,2432.2749790105795
1742.23,1403.919868131501,338.31013186849896
2025.49,3660.028647386988,-1634.5386473869878
733.76,-403.4326168602486,1137.1926168602486
2023.09,2287.385776822438,-264.29577682243803
7666.62,8224.770656860104,-558.1506568601044
6304.74,6683.452876569567,-378.712876569567
5825.19,6169.899152474134,-344.7091524741345
654.23,308.52117250650076,345.70882749349926
3467.2,2216.069596128623,1251.130403871377
1245.55,3571.000779844274,-2325.4507798442737
1170.2,985.780431889159,184.41956811084106
5638.4,3305.6981036340712,2332.7018963659284
6823.98,6845.145160997059,-21.165160997059502
6233.45,3395.5862955051384,2837.8637044948614
4203.77,3577.661134530337,626.1088654696632
2221.5,3142.1295896665833,-920.6295896665833
3911.96,2091.7211257104973,1820.2388742895027
2868.78,555.7255469419464,2313.0544530580537
974.63,2289.5101340435767,-1314.8801340435766
737.91,556.4700348295411,181.4399651704589
3252.41,6240.222757838821,-2987.812757838821
3738.0,1070.8820785512844,2667.1179214487156
1463.43,2400.8646091670607,-937.4346091670607
1935.66,3020.105237793535,-1084.4452377935347
1631.1,1461.561306825609,169.5386931743908
794.23,3317.9751436838887,-2523.7451436838887
3114.86,1863.8568104898818,1251.0031895101183
5222.89,4039.3684974836237,1183.5215025163766
1962.35,1752.1918816581374,210.15811834186252
2784.1,2363.0571628589605,421.0428371410394
4769.94,3234.7998911966642,1535.1401088033354
1919.08,6072.757698885833,-4153.677698885833
9193.77,6344.296796040862,2849.473203959138
4736.71,2599.39638120161,2137.31361879839
338.62,843.1038061547415,-504.4838061547415
933.33,874.8873877887784,58.44261221122167
709.96,726.0497445785959,-16.089744578595855
544.88,1966.5091979607482,-1421.6291979607481
4010.4,4336.586786536462,-326.18678653646157
1421.5,1215.43059106934,206.06940893066007
1454.45,1832.178740599315,-377.72874059931496
2930.16,3038.3294659937483,-108.16946599374842
2464.0,2465.468209539328,-1.4682095393281998
3162.25,4235.658342585784,-1073.4083425857843
4973.87,3328.862840882183,1645.007159117817
1266.99,1939.264225993917,-672.2742259939171
1575.97,3543.0570597845735,-1967.0870597845735
3620.58,4350.374325321149,-729.7943253211488
10026.1,11077.194285279646,-1051.0942852796452
3496.95,2215.8662587348667,1281.083741265133
7472.18,5598.720846211763,1873.459153788237
911.54,857.7950355545884,53.7449644454116
3894.3,2376.4174245358577,1517.8825754641425
1132.81,1575.4785119039095,-442.6685119039096
11453.51,10880.101027218496,573.4089727815044
1582.97,2574.6734940749193,-991.7034940749193
3738.56,6412.110320272104,-2673.5503202721043
7455.82,2951.5484754579047,4504.271524542095
725.3,1631.5418456681891,-906.2418456681892
1276.02,1374.9751129122026,-98.9551129122026
1463.65,2065.206698248758,-601.556698248758
1246.86,1381.5799688548416,-134.71996885484168
1915.47,1478.198776441438,437.27122355856204
1820.58,2707.8964195085828,-887.3164195085828
567.1,661.7527091115749,-94.65270911157484
3875.67,2978.7792791820084,896.8907208179917
4913.68,3809.431580878813,1104.2484191211875
6319.97,5329.8491958669565,990.1208041330437
4268.44,2817.4428522105136,1450.997147789486
1273.11,1259.010957797953,14.099042202046803
915.11,1764.3555277149603,-849.2455277149603
2250.96,1809.6720834208368,441.28791657916327
2617.65,4120.589275133461,-1502.9392751334613
1462.12,1263.1155709761495,199.00442902385043
8332.53,2501.0303930777977,5831.499606922203
3651.33,3277.5086936627413,373.82130633725865
2929.31,1282.0468305924667,1647.2631694075333
6523.21,7842.709688689882,-1319.4996886898816
2322.64,2337.8609741283203,-15.22097412832045
17518.38,6756.933444051943,10761.446555948058
776.2,1132.3462029277036,-356.1462029277036
581.69,1642.4217585084286,-1060.7317585084286
2620.33,3894.314611067523,-1273.984611067523
3279.66,5072.664697605385,-1793.0046976053854
1432.34,3166.538837554829,-1734.1988375548292
1927.54,3236.618810835145,-1309.0788108351448
3159.05,2496.4447059513464,662.6052940486538
1506.78,3059.6829014960763,-1552.9029014960763
1453.46,4078.8616132714674,-2625.4016132714673
5237.38,5863.945227983548,-626.5652279835476
365.3,1308.591253107561,-943.291253107561
6047.82,6661.086273595965,-613.2662735959657
2313.11,2122.33198995584,190.77801004416006
1747.36,1855.570211744373,-108.21021174437305
6832.66,2722.0787206830128,4110.581279316987
4368.53,2736.7955930076796,1631.7344069923201
2815.35,1820.920204136794,994.429795863206
757.74,537.5410369494027,220.19896305059729
1453.67,2873.6965079500133,-1420.0265079500132
581.46,52.55411507127809,528.9058849287219
2117.62,2415.6061123898194,-297.9861123898195
1920.98,5229.90776820373,-3308.9277682037296
1826.76,2123.4164783368506,-296.65647833685057
1034.36,1773.1772541398418,-738.8172541398419
584.17,2430.923003852214,-1846.753003852214
1295.65,1509.5734379723206,-213.92343797232047
7745.21,6387.44833269122,1357.7616673087805
4925.05,4510.88054613842,414.1694538615802
2201.95,3765.6397898299233,-1563.6897898299235
7178.23,5413.187416261764,1765.0425837382354
1303.36,1368.6116922183403,-65.2516922183404
1257.21,3446.2989013972388,-2189.0889013972387
3455.0,2745.055670023714,709.9443299762861
3894.21,2725.5598768738078,1168.6501231261923
6296.6,6298.931541270871,-2.33154127087073
2989.42,2417.600263173264,571.8197368267361
5457.66,4763.005318052843,694.6546819471569
2623.26,4914.554492654741,-2291.2944926547407
3148.57,2334.831928627027,813.7380713729731
2121.25,1939.0573612265953,182.19263877340472
2310.55,2444.888383664869,-134.33838366486862
9716.37,9061.175001625536,655.1949983744653
5191.85,9991.530456884133,-4799.680456884133
1688.54,2429.522419508092,-740.9824195080919
2090.02,1716.153430994119,373.86656900588105
1455.46,965.9653478225239,489.49465217747615
997.05,2254.62513748686,-1257.5751374868598
1202.1,235.52778778755794,966.572212212442
3936.57,3447.5414978095423,489.02850219045786
1820.18,1349.9310646939784,470.2489353060216
1496.93,1617.1199866199127,-120.18998661991259
9009.57,3058.8392663426134,5950.730733657387
997.6,1691.5542500607633,-693.9542500607632
5708.29,8035.2770275874245,-2326.9870275874246
8447.92,5452.844013941416,2995.075986058584
1139.98,90.86130346635485,1049.118696533645
2159.04,2061.8502361952483,97.18976380475169
4880.69,1975.1206260076724,2905.569373992327
4844.23,4779.56628102707,64.66371897292993
893.91,2916.993832909729,-2023.0838329097292
3773.67,268.1260082033698,3505.5439917966305
6389.2,6003.191071625799,386.0089283742009
509.97,1176.867213072137,-666.897213072137
896.42,1712.5863747373603,-816.1663747373603
831.9,-182.88532584308916,1014.7853258430891
677.21,2404.1482882959053,-1726.9382882959053
509.34,-195.4573095049414,704.7973095049414
629.95,943.4154411636991,-313.4654411636991
1424.13,2049.218086927236,-625.088086927236
1462.44,1539.4516426852333,-77.01164268523326
5192.88,4611.266643684608,581.6133563153917
1578.18,2254.7344224699177,-676.5544224699177
1949.56,3450.33358756275,-1500.77358756275
721.95,2880.2013245415924,-2158.251324541592
1072.31,1428.5222451706384,-356.2122451706384
1806.0,1826.4715011230264,-20.471501123026428
1097.94,2312.386070447427,-1214.4460704474268
2187.0,5222.726758186511,-3035.726758186511
1219.89,1164.2685874086667,55.62141259133341
2968.69,3092.225417378857,-123.53541737885689
1553.78,1800.1036382647471,-246.32363826474716
717.2,2107.048451509341,-1389.8484515093407
5443.89,4115.4860327112365,1328.4039672887639
2151.69,1003.4263015157974,1148.2636984842027
3840.69,2758.2925250874728,1082.3974749125273
3926.72,3185.1094288416234,741.6105711583764
1319.71,3617.501048460883,-2297.791048460883
17216.61,8776.433543671868,8440.176456328132
1239.17,1528.7505949294882,-289.58059492948814
4912.92,2998.021231834978,1914.898768165022
3512.34,2888.210321773079,624.129678226921
3877.16,5949.108767704274,-2071.9487677042744
3630.77,4859.002851015559,-1228.232851015559
4777.24,5317.244620954145,-540.0046209541451
7246.44,1712.2023780570591,5534.237621942941
3968.87,7293.798116171663,-3324.9281161716635
2150.53,4711.6758990188755,-2561.1458990188753
3094.82,2515.4124817631737,579.4075182368265
4527.05,6215.591100160182,-1688.5411001601815
5874.21,2715.532972560552,3158.677027439448
3547.4,1663.148562101968,1884.251437898032
3099.34,2326.821624956409,772.5183750435913
831.55,1145.5667033627137,-314.01670336271377
4150.65,3230.4242972628485,920.2257027371511
2775.72,2074.1784790138167,701.5415209861831
882.47,1356.6505231818935,-474.1805231818935
2500.86,5292.0550779731675,-2791.1950779731674
3799.04,4807.870486179194,-1008.8304861791939
1667.38,2682.3305623480383,-1014.9505623480381
3740.27,5307.408879127899,-1567.1388791278991
901.06,4627.081653351934,-3726.0216533519338
1012.98,1939.2028255348246,-926.2228255348246
1038.27,770.8660728321515,267.40392716784845
3424.22,1632.0268416375181,1792.1931583624817
6301.75,6163.222244166389,138.52775583361108
1494.14,1590.1416916441945,-96.00169164419435
1352.0,1900.0308236586225,-548.0308236586225
11669.11,9374.03674076131,2295.0732592386903
1454.23,3354.449462769424,-1900.219462769424
903.55,1061.9925225444078,-158.4425225444079
769.64,2101.949418726747,-1332.309418726747
1160.94,-57.468442849963765,1218.4084428499639
482.39,1063.1838222149925,-580.7938222149925
3407.55,6715.423340122552,-3307.873340122552
570.12,-37.506266905593236,607.6262669055932
1586.04,3812.888807916254,-2226.848807916254
2831.47,1767.4438870763688,1064.026112923631
4192.21,5003.457646723828,-811.2476467238275
759.92,2193.729551177272,-1433.8095511772717
2206.27,1278.6161358614572,927.6538641385428
1832.51,3205.680385161788,-1373.1703851617879
3049.25,2296.4071570261262,752.8428429738738
615.5,2741.6041007802705,-2126.1041007802705
2330.2,1227.1873905095795,1103.0126094904203
4324.27,2860.8456475276403,1463.4243524723602
1106.85,1907.8595283465966,-801.0095283465967
6809.3,5212.789492578249,1596.5105074217508
2067.88,2350.5480066777914,-282.66800667779125
2563.4,3772.318838300682,-1208.9188383006817
926.72,1579.0375302887244,-652.3175302887244
1750.98,2763.5146246124714,-1012.5346246124714
1325.15,2639.0413471593156,-1313.8913471593155
5215.34,3899.5859848779223,1315.7540151220778
997.45,884.1411796747425,113.30882032525756
1019.97,1201.3096828295336,-181.33968282953356
1131.66,1737.9982510796162,-606.3382510796162
5387.13,6586.275116409237,-1199.1451164092368
60.8,1465.094320981452,-1404.294320981452
10786.79,7336.065649877475,3450.7243501225257
3530.97,4351.794698551836,-820.8246985518358
2258.38,2054.9019759321723,203.47802406782785
3071.1,6971.760011118218,-3900.6600111182183
1446.61,2691.061810829306,-1244.4518108293062
5195.19,2646.4049106857788,2548.785089314221
4054.25,3800.0016427306414,254.24835726935862
1225.16,1337.0844344418722,-111.92443444187211
555.5,-234.04020468489864,789.5402046848986
1366.87,838.7067754944123,528.1632245055876
1646.0,2183.227529034511,-537.227529034511
682.15,883.4010391463148,-201.25103914631484
635.89,1901.4327697575932,-1265.5427697575933
1577.35,1417.5160234538193,159.83397654618057
2024.03,4368.163107762377,-2344.133107762377
992.1,1750.8924178702155,-758.7924178702154
1235.09,2280.0645818148205,-1044.9745818148206
873.01,1306.5344575694069,-433.5244575694069
3945.56,1833.4068932691994,2112.1531067308006
549.93,1327.7788726110423,-777.8488726110423
1239.98,1997.0634512563443,-757.0834512563442
2079.74,1681.9594736699264,397.78052633007337
3077.4,3014.397552740086,63.00244725991388
579.97,770.2452986365445,-190.27529863654445
1252.5,1515.1118519370655,-262.61185193706547
7541.77,3965.2507504621803,3576.51924953782
6934.83,4756.320499907613,2178.5095000923866
989.81,1651.883170994394,-662.0731709943941
923.89,1132.4052625157617,-208.51526251576172
562.7,1440.1519392859896,-877.4519392859895
2831.09,2987.6008512393214,-156.51085123932125
2430.1,4096.904021728933,-1666.804021728933
7559.95,5893.5710875109235,1666.3789124890764
4990.86,9322.432071235306,-4331.572071235306
2115.86,1586.9101189005366,528.9498810994635
3590.32,4017.458350223063,-427.13835022306284
719.3,1093.958060270569,-374.65806027056897
2481.13,2468.1264170267423,13.003582973257835
3448.33,2269.549269498492,1178.780730501508
1574.34,2686.3560666226745,-1112.0160666226745
2296.09,4127.012982328199,-1830.9229823281985
1185.23,987.6952094199269,197.53479058007315
2871.81,1454.496038033043,1417.3139619669569
6352.24,3057.980551011981,3294.259448988019
9200.5,8284.77053725596,915.7294627440406
368.87,3305.8088047246456,-2936.9388047246457
1745.71,2454.0992264877,-708.3892264877
3293.4,2914.280544745413,379.11945525458714
1596.43,852.2383247511987,744.1916752488014
1121.86,1523.3266347164665,-401.4666347164666
1022.27,2541.742444442965,-1519.4724444429648
1505.87,1359.9521819010322,145.9178180989677
1227.31,2959.5289114991724,-1732.2189114991725
1327.5,3595.6634852236957,-2268.1634852236957
1417.88,1822.7110448709536,-404.8310448709535
954.73,2013.7390354729546,-1059.0090354729546
1470.91,1540.8290254845808,-69.91902548458074
12620.13,6365.125743218583,6255.004256781416
828.3,1304.23905261617,-475.9390526161701
576.46,1827.5034294848006,-1251.0434294848005
588.34,2259.6432834942025,-1671.3032834942023
1302.13,2069.7972227913606,-767.6672227913605
1352.35,1319.5020004927253,32.84799950727461
10076.2,9218.97365595688,857.2263440431216
1723.96,1864.8843405820644,-140.92434058206436
702.12,663.7565879766152,38.36341202338485
4267.2,5049.612275471314,-782.4122754713144
1879.69,1815.0782435492924,64.61175645070762
1607.19,1830.7199347362216,-223.52993473622155
6615.28,6765.138043433359,-149.85804343335894
1055.99,2328.813736229853,-1272.823736229853
2504.94,1774.128076890839,730.811923109161
649.93,1639.6969875851892,-989.7669875851892
801.84,2062.600873648841,-1260.760873648841
1943.99,1878.0560310497117,65.93396895028832
1925.94,2136.5459717948784,-210.60597179487831
253.01,-280.61018613250747,533.6201861325075
747.63,678.1296101321944,69.50038986780555
1352.59,2136.4194446561846,-783.8294446561847
1156.03,2402.135287537342,-1246.1052875373418
9726.36,7997.277045569421,1729.0829544305798
1819.54,1945.326656875373,-125.78665687537296
866.46,1434.7911745748763,-568.3311745748763
1365.65,-172.43529574106037,1538.0852957410605
2392.12,2118.6518787102027,273.4681212897972
3731.03,2945.4765326597735,785.5534673402267
4686.88,5296.405316598955,-609.5253165989552
947.54,608.7084311156609,338.83156888433905
970.33,810.5959937923294,159.73400620767063
1940.17,3505.8139434151003,-1565.6439434151002
2249.7,3381.783090320582,-1132.083090320582
1813.36,947.0656127529642,866.2943872470357
983.48,2002.325754615701,-1018.845754615701
2754.17,2030.1650305796184,724.0049694203817
1898.49,2064.63166272604,-166.14166272603984
1291.78,1831.971927559653,-540.1919275596531
626.35,1896.6757485698126,-1270.3257485698127
1517.58,1628.04414043309,-110.46414043309005
1227.26,990.6881950955137,236.57180490448627
3134.51,1653.5782938508912,1480.931706149109
610.52,1234.3515105980155,-623.8315105980155
1250.28,1724.2854297058382,-474.0054297058382
1654.46,5089.6949621647655,-3435.2349621647654
2826.74,3816.541582144097,-989.8015821440972
681.72,435.4348267760515,246.2851732239485
1224.46,1930.2230848434788,-705.7630848434787
3429.46,4249.685851812852,-820.2258518128519
1226.55,3508.4549446523374,-2281.9049446523377
1216.08,3064.888582482715,-1848.8085824827149
1135.93,447.2395439347341,688.690456065266
1108.63,473.1724073208918,635.4575926791083
3545.96,1425.8233942865304,2120.1366057134696
1599.25,2145.4597783167133,-546.2097783167133
5202.86,7159.906934457262,-1957.046934457262
7534.91,3660.901690311996,3874.008309688004
1118.12,1756.7987004288693,-638.6787004288694
902.6,3142.50158338163,-2239.90158338163
1790.94,1836.2513797072484,-45.31137970724831
1255.46,1043.931717213986,211.52828278601396
2015.41,3758.235987911236,-1742.8259879112359
1984.55,3616.896672088302,-1632.3466720883018
1142.7,1333.9111485540982,-191.21114855409814
4192.53,4471.912273525415,-279.38227352541526
779.31,-265.4388046797928,1044.7488046797928
10161.07,7340.434504085835,2820.6354959141645
939.19,2785.037242401043,-1845.8472424010429
1391.49,2088.270960588704,-696.7809605887039
780.43,500.83456940883787,279.5954305911621
631.75,3255.5216482693704,-2623.7716482693704
965.41,2510.191469475757,-1544.7814694757571
1012.81,3564.258686349245,-2551.4486863492452
1835.81,1618.2657525278323,217.54424747216763
744.83,1209.7398104755994,-464.90981047559933
908.27,886.2625609512133,22.007439048786637
2367.01,4802.6867967738945,-2435.6767967738942
3304.41,4691.943266818571,-1387.533266818571
1146.48,2309.0982017074666,-1162.6182017074666
1467.38,2460.527763579578,-993.1477635795777
8263.74,5246.603170898963,3017.1368291010367
1780.37,4156.155354482045,-2375.7853544820455
2283.3,1792.5998867191438,490.7001132808564
1423.17,3548.9644526630036,-2125.7944526630035
1131.0,2830.7925403014183,-1699.7925403014183
1635.22,1340.5829469113266,294.6370530886734
1293.05,1272.2570287094438,20.792971290556125
2561.1,2150.932194186952,410.16780581304783
2376.16,1945.3297842157126,430.83021578428725
1306.35,589.2553603216608,717.0946396783391
16223.55,6179.244265732901,10044.305734267098
3249.73,3276.469728068511,-26.739728068510885
761.45,2554.991241751836,-1793.5412417518357
7878.64,5297.7105969332515,2580.929403066749
1362.55,2804.8696190179007,-1442.3196190179008
1725.15,1705.8419351380564,19.30806486194365
3181.63,2720.3995011905386,461.23049880946155
2079.84,1238.234263375574,841.6057366244261
5885.77,2477.5135479976916,3408.256452002309
888.83,1114.6911018977664,-225.8611018977664
2369.07,3541.752169617899,-1172.682169617899
10338.98,6897.313014066423,3441.666985933576
1779.42,2195.1148913943416,-415.69489139434154
2695.6,6189.3754121420225,-3493.7754121420226
650.01,1030.710109941358,-380.70010994135805
1432.59,3392.7686203999224,-1960.1786203999225
1639.35,3317.057373900755,-1677.707373900755
3908.43,3234.6101455685057,673.8198544314942
2766.77,6908.039226457651,-4141.269226457651
1010.96,402.85744703465593,608.1025529653441
2638.74,3963.725738069606,-1324.9857380696062
3126.23,1912.520782484608,1213.709217515392
2815.32,4118.066392759947,-1302.746392759947
518.56,1085.012338635676,-566.4523386356761
2547.1,2298.0770819869044,249.02291801309548
2148.47,1550.0534334649076,598.4165665350922
1113.56,1631.511696240237,-517.951696240237
1341.59,1779.7414890013292,-438.1514890013293
1239.7,1878.879612492543,-639.1796124925429
943.38,2999.523045486018,-2056.143045486018
7639.62,5994.640252239467,1644.9797477605325
2100.38,3966.827545283419,-1866.447545283419
997.09,2829.008064236871,-1831.918064236871
3014.01,3861.6569668400693,-847.6469668400691
2582.04,939.2080922135569,1642.831907786443
950.75,1693.7316850017794,-742.9816850017794
899.62,2679.231379182004,-1779.611379182004
1206.31,386.67031546239105,819.6396845376089
3812.72,5609.822670821983,-1797.1026708219829
468.66,2138.5389057115012,-1669.8789057115011
965.34,1926.5677465336362,-961.2277465336362
283.66,2047.2536168757697,-1763.5936168757696
1071.64,2684.9818181056694,-1613.3418181056693
712.97,1800.965217928907,-1087.9952179289069
2369.51,2015.3201902413193,354.1898097586809
7402.8,2628.580244581024,4774.219755418976
1886.94,5154.098586763179,-3267.158586763179
11892.22,6376.636147090761,5515.583852909238
4510.86,1740.9586443608296,2769.90135563917
1130.3,1467.8812553295418,-337.5812553295418
2541.57,2290.192584963879,251.37741503612096
6293.32,6022.129958328442,271.190041671558
2060.23,3794.392357349128,-1734.162357349128
1783.08,3515.4550450117995,-1732.3750450117996
17519.14,9172.638161742163,8346.501838257836
2741.47,1651.3670349212678,1090.102965078732
2788.99,2389.7535535096613,399.2364464903385
4228.68,3422.6921427455686,805.9878572544317
11850.88,5092.364124765556,6758.515875234443
718.69,1433.2705324618958,-714.5805324618957
902.34,1770.104273514938,-867.764273514938
2593.71,1447.4048256153394,1146.3051743846606
656.81,640.713834952133,16.096165047866975
9327.73,7377.739584571747,1949.9904154282522
872.8,1608.4859221596157,-735.6859221596158
1451.25,1337.4520133885806,113.79798661141945
766.19,1700.2524775318634,-934.0624775318634
600.25,1153.511435296846,-553.261435296846
4762.7,4907.898901658629,-145.19890165862944
1977.84,2652.215484732461,-674.375484732461
2750.53,1902.6909763035792,847.839023696421
2147.27,995.5439028962594,1151.7260971037406
1342.84,2757.347462394933,-1414.5074623949329
1829.67,2899.641197181806,-1069.971197181806
1961.55,1867.9985330181821,93.55146698181784
1075.77,2829.3609084903896,-1753.5909084903897
1797.74,2852.0569388247604,-1054.3169388247604
3535.7,4095.6231485935373,-559.9231485935375
1274.38,1936.6797756306928,-662.2997756306927
920.21,1147.6041598900354,-227.39415989003533
2559.2,3439.315416200649,-880.1154162006492
869.95,5257.338932648543,-4387.388932648543
748.39,1679.5215701688103,-931.1315701688103
982.79,1926.5919792521267,-943.8019792521268
365.2,1739.5093443198384,-1374.3093443198384
5777.7,3903.035531535064,1874.664468464936
3127.27,1864.2799219229014,1262.9900780770986
6533.91,3051.675701991656,3482.234298008344
7212.43,4426.748477953941,2785.6815220460594
1507.72,2032.9399062591738,-525.2199062591737
10192.0,9929.091069669088,262.90893033091197
4993.8,6451.837653261988,-1458.0376532619875
1286.9,2265.010461425128,-978.110461425128
3559.02,3515.158785709487,43.86121429051309
1380.47,2290.054310016127,-909.5843100161271
2680.56,2991.946124601499,-311.386124601499
882.67,1827.0366927922882,-944.3666927922883
835.47,1034.1674854725786,-198.6974854725786
2175.89,3031.590520570132,-855.7005205701321
966.75,2370.146208444706,-1403.3962084447062
1353.3,2172.2172465079534,-818.9172465079535
6929.75,5303.18544377372,1626.5645562262798
3066.42,4556.597408042931,-1490.1774080429313
2858.37,4109.861968252804,-1251.4919682528043
1442.14,4072.8471636856107,-2630.707163685611
1988.75,2476.255063813057,-487.50506381305695
1236.3,2303.5218006082205,-1067.2218006082205
554.78,1398.7181749797023,-843.9381749797024
1712.12,1675.96418547635,36.15581452364995
11759.6,11132.526215056245,627.0737849437555
3248.11,2792.4005281849213,455.7094718150788
1806.6,368.30874796316255,1438.2912520368372
2830.28,4791.923905007934,-1961.6439050079339
2863.08,1228.45169670094,1634.62830329906
9561.2,5380.954875680305,4180.245124319696
3144.35,1783.542959809918,1360.8070401900818
5059.29,2604.3492286518044,2454.9407713481955
4460.07,4569.041911955253,-108.97191195525374
5154.05,2640.5897968342,2513.4602031658
2431.57,3438.8547256757392,-1007.2847256757391
3179.23,4695.556005520093,-1516.326005520093
937.59,197.3906381847156,740.1993618152844
1775.77,2613.6042436689977,-837.8342436689977
5158.33,3368.0167663732886,1790.3132336267113
1458.51,1113.8952023873767,344.6147976126233
12227.37,5982.463083529123,6244.906916470878
1378.3,531.258947366994,847.041052633006
1241.57,1655.3006062304376,-413.7306062304376
4241.84,1374.723317284222,2867.116682715778
21468.43,7880.194596634106,13588.235403365894
6868.93,8243.880563587269,-1374.9505635872683
10682.34,5053.64426938442,5628.69573061558
794.0,11685.514024846927,-10891.514024846927
3756.17,2021.7593738034225,1734.4106261965776
7786.93,5552.901759293562,2234.0282407064387
415.51,1955.1597601176372,-1539.6497601176372
16784.14,13369.115664390325,3415.0243356096744
987.62,504.6296671063311,482.9903328936689
1804.4,3272.4514976311393,-1468.0514976311392
1450.76,255.2972663887425,1195.4627336112576
829.86,1949.4038627051564,-1119.5438627051562
2811.01,4689.6918715623615,-1878.6818715623613
6104.8,5444.158968837648,660.6410311623522
15004.87,5541.838135740498,9463.031864259503
8485.63,6904.191733295102,1581.4382667048976
4570.91,4398.066810562434,172.84318943756625
1039.75,1964.9150916593926,-925.1650916593926
4600.91,4730.474047837497,-129.56404783749713
212.46,3858.839170259412,-3646.379170259412
1231.08,2401.758410703551,-1170.678410703551
2037.82,2235.505438657776,-197.68543865777588
2028.31,1728.009584569058,300.30041543094194
2203.72,1233.4087827629303,970.3112172370695
866.57,2217.525431219005,-1350.9554312190048
1589.33,1129.8809282400907,459.4490717599092
3667.95,3001.648675287339,666.301324712661
2526.61,4282.886903926277,-1756.276903926277
3031.46,3028.967119495594,2.4928805044060027
3143.75,2042.7994067886257,1100.9505932113743
8743.62,10560.010656697843,-1816.3906566978421
6820.61,4799.674582838386,2020.9354171616133
3668.86,4603.327181574839,-934.4671815748393
744.62,65.90781054935286,678.7121894506472
767.09,1581.845219444065,-814.7552194440649
1451.05,416.4020098573766,1034.6479901426233
2026.02,729.2833988565058,1296.7366011434942
1848.2,701.2635331799422,1146.9364668200578
4148.61,4445.538933808648,-296.92893380864825
1087.54,2691.5832520999047,-1604.0432520999047
3321.69,2633.501070302858,688.1889296971422
1201.32,3339.2985235000856,-2137.9785235000854
2329.36,3461.0576973299144,-1131.6976973299143
1636.57,1505.0258594566767,131.54414054332324
6261.72,3806.0844488601947,2455.6355511398056
2352.75,2686.256994969135,-333.5069949691351
3369.7,2244.4875940209345,1125.2124059790654
1086.04,1015.59023413297,70.44976586703001
2340.65,4239.836957496387,-1899.186957496387
1018.37,2491.1461232148117,-1472.7761232148118
3591.98,1205.029671720768,2386.950328279232
8677.65,7354.305231803224,1323.3447681967755
2483.04,2029.676435320417,453.36356467958285
950.03,2709.8533565403886,-1759.8233565403887
1587.06,776.4083339858389,810.651666014161
2080.58,1370.2672730993384,710.3127269006616
4276.69,2927.6352163231395,1349.05478367686
995.13,789.1175692202644,206.0124307797356
3298.92,5209.796063985665,-1910.8760639856646
11755.54,8218.261366574323,3537.278633425678
9853.42,4161.457931244457,5691.962068755543
2955.46,1191.7539706070052,1763.7060293929949
2414.98,2953.419010332296,-538.4390103322958
621.34,57.20666164023396,564.1333383597661
2750.69,3040.2163547234136,-289.52635472341353
1129.95,1457.5675087242541,-327.6175087242541
1186.39,1901.0604809421661,-714.670480942166
1639.64,2668.9915958941906,-1029.3515958941905
7650.06,9426.484005816332,-1776.4240058163314
4040.24,3276.6932754522304,763.5467245477694
3120.59,2941.358642643068,179.23135735693222
1896.38,2126.0200474237768,-229.64004742377665
1505.39,1952.9011976250913,-447.5111976250912
927.59,1914.693774940642,-987.103774940642
1639.96,3211.749367218407,-1571.7893672184068
2049.44,4081.914618274986,-2032.474618274986
4217.24,3229.2904093542143,987.9495906457855
6489.88,6136.708901148046,353.1710988519544
5240.33,5236.158344674874,4.171655325126267
3436.13,3728.2305296044037,-292.1005296044036
678.29,3768.412135417656,-3090.122135417656
1543.2,2705.3976556293474,-1162.1976556293473
5647.82,4733.221926493985,914.5980735060148
1483.08,1851.6111634888061,-368.5311634888062
3428.21,3917.860127489724,-489.6501274897241
1015.16,3875.6081440980593,-2860.4481440980594
925.56,1247.5315750307602,-321.9715750307603
8686.41,7654.133515378209,1032.2764846217906
5394.09,6111.72937087478,-717.6393708747801
10570.38,7989.443800462703,2580.9361995372965
6086.21,2275.1207950066437,3811.0892049933564
1236.23,1216.0934160777633,20.136583922236696
952.52,4054.5324090609915,-3102.0124090609916
644.6,3342.9104365454627,-2698.310436545463
1736.68,1166.3545256466102,570.3254743533898
2163.13,428.09814711143633,1735.0318528885637
744.56,1037.4911566848962,-292.9311566848962
708.74,721.3313562757519,-12.591356275751878
9564.6,7947.383791866188,1617.216208133812
2008.18,3218.769093866067,-1210.589093866067
2150.35,2332.5262186964806,-182.17621869648065
7386.44,6645.372858609191,741.0671413908085
816.56,1484.494217455466,-667.9342174554661
5246.67,3964.1383875454817,1282.5316124545184
2090.07,649.1538867741982,1440.9161132258018
2462.76,544.3651368126075,1918.3948631873927
2931.11,4620.933129754021,-1689.823129754021
5906.43,2504.87037323975,3401.5596267602505
2124.53,1973.9641481613708,150.56585183862944
2879.51,2316.2685722756196,563.2414277243806
1817.53,909.9201768077244,907.6098231922756
1361.25,406.6051944037904,954.6448055962096
6674.52,2634.007616186611,4040.5123838133895
2825.41,2473.2228823361243,352.1871176638756
3405.85,2571.7239473145605,834.1260526854394
2416.86,1341.9324933328846,1074.9275066671155
3695.2,3872.2347483154995,-177.03474831549966
1253.88,1954.6513215032132,-700.7713215032131
2724.76,3088.686607226265,-363.9266072262649
3596.38,1293.2462714164487,2303.1337285835516
801.42,1423.522992649482,-622.102992649482
766.59,652.9335391140676,113.65646088593246
1031.62,2182.1132997882482,-1150.4932997882484
1413.43,1846.4014647705894,-432.97146477058936
4789.44,2552.939406493754,2236.5005935062454
728.79,643.3404660947335,85.44953390526643
2151.82,3127.8339119644224,-976.0139119644223
2502.29,2085.694950060977,416.59504993902283
1205.35,1642.2819191601054,-436.9319191601055
607.96,1301.164494972689,-693.204494972689
4050.24,3091.4845115016706,958.7554884983292
4520.87,2871.776803090738,1649.0931969092617
2908.89,615.2858773955761,2293.6041226044235
2925.15,3775.148042521388,-849.998042521388
4570.03,2012.7904150049858,2557.239584995014
798.72,-179.91740945369114,978.6374094536911
1894.02,3651.1766461613356,-1757.1566461613356
1871.06,2338.4544804238785,-467.3944804238786
1266.78,3106.6114932768705,-1839.8314932768706
1855.22,1374.1145213884447,481.1054786115553
12110.8,8750.537268137527,3360.2627318624727
2219.14,2587.210962525667,-368.07096252566726
2655.35,5895.958589097292,-3240.608589097292
1299.83,3350.85674530652,-2051.0267453065203
812.98,2431.226691937047,-1618.2466919370468
518.72,1132.5038331844473,-613.7838331844473
533.78,2023.9098012303325,-1490.1298012303325
1907.9,1393.2170391777206,514.6829608222795
795.93,1794.8948208605502,-998.9648208605503
7211.89,4611.588356882859,2600.301643117141
1279.55,3583.0975773159084,-2303.5475773159087
837.85,1571.8541287876053,-734.0041287876053
4791.76,3061.2634380346644,1730.4965619653358
3274.5,3359.97492900502,-85.47492900501993
2552.89,3712.4998437185127,-1159.6098437185128
1769.37,2230.082332083067,-460.71233208306694
3337.76,4390.102623007329,-1052.3426230073292
1058.7,950.4868142781825,108.21318572181758
6440.81,5371.94445742067,1068.8655425793304
2530.95,5216.177941327383,-2685.2279413273836
7249.49,5626.906606880513,1622.5833931194866
834.39,1370.7371104543552,-536.3471104543552
2066.96,4319.112394999329,-2252.152394999329
1504.09,1670.5249570296846,-166.4349570296847
4604.45,7326.543253730702,-2722.0932537307026
1988.2,921.898876458873,1066.301123541127
569.95,1901.4563937661273,-1331.5063937661273
757.92,2224.9794554652567,-1467.0594554652566
8982.54,7849.414131428055,1133.1258685719458
2748.18,3991.776791644082,-1243.5967916440823
9055.05,12080.244112002936,-3025.194112002937
1584.15,1058.753753200248,525.3962467997521
2944.16,1214.6287648880111,1729.5312351119887
5794.93,6560.751256407826,-765.8212564078258
5694.86,3278.381723002548,2416.4782769974518
3383.37,6914.1380947855105,-3530.7680947855106
1455.7,3114.2507300723196,-1658.5507300723195
4442.84,5776.271796718449,-1333.4317967184488
6893.51,6176.843667893279,716.6663321067208
1298.01,2193.42243061135,-895.4124306113501
579.48,1398.3765890811753,-818.8965890811753
3254.75,2057.71656778742,1197.03343221258
3002.83,2687.4720745225163,315.3579254774836
1990.91,2002.7150532528071,-11.805053252807056
6268.55,4475.083920774601,1793.466079225399
4874.66,2193.240424200436,2681.419575799564
1869.95,1639.5420887963392,230.4079112036609
1182.77,2240.151430964466,-1057.3814309644658
3001.42,3563.009548110022,-561.589548110022
1205.41,1878.3770734280506,-672.9670734280505
7822.47,7327.435345125954,495.0346548740463
589.36,2650.887478611792,-2061.527478611792
5554.86,3364.602683178,2190.2573168219997
693.3,1482.8849564436994,-789.5849564436994
3182.37,3805.220967498058,-622.8509674980583
2134.26,1904.0607133534486,230.19928664655163
1818.17,2084.266524140148,-266.0965241401477
6170.42,1544.73104104588,4625.688958954121
2445.43,896.0036687151564,1549.4263312848434
1525.03,2465.3582722545902,-940.3282722545903
1604.59,3214.464924517896,-1609.8749245178963
7891.27,6178.832343541424,1712.4376564585764
6727.05,3635.9996363081086,3091.0503636918916
3961.31,1038.8967390774985,2922.4132609225016
5501.88,3215.752322557773,2286.127677442227
2390.47,2812.9873847219715,-422.51738472197167
728.49,1613.9037992381207,-885.4137992381206
1609.34,2189.2658404142585,-579.9258404142586
2468.87,3796.0864774479182,-1327.2164774479184
1071.9,2153.331268322285,-1081.4312683222847
1509.51,3140.6079796260087,-1631.0979796260087
4131.49,2863.2286902863952,1268.2613097136045
4208.58,4136.615843835545,71.96415616445483
3001.36,3715.3974721436052,-714.0374721436051
1331.52,1416.406556017674,-84.88655601767391
2895.42,2901.4085509743436,-5.988550974343525
968.63,1764.5302440587425,-795.9002440587425
716.26,1034.3921331008994,-318.1321331008994
5587.26,2444.9278003291315,3142.3321996708687
1512.25,1791.3017766176763,-279.0517766176763
1562.48,2633.946664327471,-1071.4666643274709
9965.2,6946.617145590622,3018.5828544093783
1918.81,2208.751820649033,-289.94182064903316
2300.28,2205.2740489980333,95.00595100196688
4118.29,2231.266981824006,1887.023018175994
2668.42,2894.2342717511965,-225.81427175119643
6629.0,7285.811312839825,-656.8113128398254
1043.78,1072.7250908143858,-28.94509081438582
2011.24,996.4220749687743,1014.8179250312257
5547.29,7983.1222207818755,-2435.8322207818755
2458.74,2402.5973451440605,56.14265485593933
3140.33,3396.2039705291386,-255.87397052913866
16759.47,11642.476878363726,5116.993121636275
1826.7,2242.241913016972,-415.5419130169719
1641.69,2158.400782121584,-516.7107821215841
2587.25,1763.0197714732403,824.2302285267597
3589.36,4380.396471124042,-791.0364711240422
1067.12,966.6365641083994,100.4834358916005
3486.32,3870.5987612131016,-384.27876121310146
1498.81,800.3062290349117,698.5037709650883
1808.15,1436.701203385141,371.448796614859
6322.07,2118.292163047729,4203.777836952271
775.88,3820.816049047184,-3044.936049047184
3632.81,3988.5131385249865,-355.70313852498657
1572.16,3837.7680891315154,-2265.608089131515
717.2,1691.8805121301352,-974.6805121301352
630.39,2333.1670817527042,-1702.7770817527044
4508.11,801.6638966713001,3706.4461033287
1233.87,1179.5827710391186,54.28722896088129
1500.54,1670.3424823693001,-169.80248236930015
5838.86,5548.557658368876,290.30234163112345
1585.94,3975.7386183395242,-2389.798618339524
7229.57,5594.245411376674,1635.3245886233253
1520.48,3631.7357763210857,-2111.2557763210857
1393.35,839.0530912183144,554.2969087816855
3141.48,5064.287397726774,-1922.8073977267736
3321.42,4173.188428887321,-851.7684288873206
6348.02,5493.350997418291,854.6690025817097
4741.25,5814.4864639265015,-1073.2364639265015
1497.14,2901.6540055566065,-1404.5140055566064
1532.39,436.4671995851628,1095.9228004148372
2755.95,1330.5717818121345,1425.3782181878653
654.82,1691.863086378023,-1037.043086378023
3999.3,3846.932005125847,152.36799487415328
2218.6,1823.6461164093753,394.9538835906246
3758.69,4554.011919552888,-795.3219195528877
1375.34,2392.2262470405044,-1016.8862470405045
9523.22,8562.834705021887,960.3852949781121
601.91,1099.4438139757806,-497.5338139757806
7095.41,5415.489115316483,1679.9208846835172
4542.84,3593.179362706156,949.660637293844
889.98,1352.3448578513458,-462.36485785134573
709.73,2654.151685654378,-1944.421685654378
2035.96,1048.0618676218858,987.8981323781143
3138.2,2739.993663495244,398.20633650475565
1782.56,1154.0358709275138,628.5241290724862
656.97,2473.063104693629,-1816.0931046936291
4270.4,2784.163728907995,1486.2362710920047
6649.57,3631.4180692680306,3018.151930731969
675.57,1162.8315391224824,-487.2615391224823
8588.82,5747.486679872751,2841.333320127249
6050.31,5730.130098554131,320.1799014458693
1478.99,1826.7260761403,-347.73607614029993
6262.15,7114.618521122833,-852.4685211228334
2232.11,1299.3247233576988,932.7852766423014
985.47,1308.462872663752,-322.992872663752
4153.89,4824.60163289678,-670.7116328967795
10801.72,4230.126942936486,6571.593057063514
1264.44,635.7454563348944,628.6945436651057
9015.27,4879.972507634344,4135.297492365657
6311.63,8180.988789324045,-1869.3587893240447
1038.19,2512.025388349202,-1473.8353883492018
780.85,1609.5794512020198,-828.7294512020197
2098.4,2236.5237499087248,-138.12374990872468
3305.5,3744.095730781282,-438.5957307812819
2841.0,2792.392989956348,48.607010043651826
752.12,542.4904210932168,209.6295789067832
1997.18,1791.149552023397,206.030447976603
1112.78,3571.337972004123,-2458.5579720041233
233.33,1734.8487132061,-1501.5187132061
1068.48,1249.3844137870535,-180.9044137870535
4754.8,4221.1422828181385,533.6577171818617
903.33,1240.3782765477868,-337.0482765477867
668.96,128.5174468573714,540.4425531426286
3170.44,4063.4314385099774,-892.9914385099773
2161.37,1925.3247020567642,236.0452979432357
9819.92,6163.818035227689,3656.1019647723115
784.34,120.08089127926195,664.2591087207381
3274.01,2352.9969291803927,921.0130708196075
4384.35,6128.2095400239195,-1743.8595400239192
2005.35,2886.1321243048787,-880.7821243048788
1092.06,2955.952971817338,-1863.892971817338
690.73,2571.1530845424923,-1880.4230845424922
6999.9,10027.810612093257,-3027.9106120932574
4146.32,2680.3542985946865,1465.9657014053132
1232.13,4325.939220060605,-3093.809220060605
2717.3,3671.3819238814644,-954.0819238814643
2907.97,2508.814145023264,399.155854976736
2058.09,1743.5988527915151,314.491147208485
2081.73,3032.8471199239143,-951.1171199239143
2418.88,2773.1162892400007,-354.2362892400006
399.93,2572.8977152220855,-2172.9677152220856
3755.86,4880.414859591459,-1124.5548595914593
4456.38,2827.4934623331596,1628.8865376668405
2998.13,3676.4548755845212,-678.3248755845211
1522.73,1660.2905094300916,-137.56050943009154
3107.71,4309.922173580557,-1202.2121735805567
551.28,1311.6986824952864,-760.4186824952865
732.66,835.584337826227,-102.92433782622709
1452.07,1683.5721653364335,-231.50216533643356
4965.05,2184.826093999472,2780.223906000528
3131.19,2939.8658652184427,191.3241347815574
2756.5,1751.8295630383768,1004.6704369616232
2030.17,3148.3928799964806,-1118.2228799964805
2635.79,2805.7581893903666,-169.96818939036666
4276.33,3213.1437429450016,1063.1862570549984
1509.78,2484.958422089985,-975.1784220899851
4477.63,5459.165651147008,-981.5356511470081
6345.89,4164.592639899087,2181.2973601009135
2929.35,2462.4308462532713,466.9191537467286
2605.14,3598.2315418456624,-993.0915418456625
3015.55,4016.732465401957,-1001.182465401957
841.2,4244.308626794984,-3403.108626794984
6463.33,9883.993670654963,-3420.6636706549634
580.0,5716.964712563571,-5136.964712563571
1080.6,1179.0270166822572,-98.42701668225732
4543.94,3024.639378909995,1519.3006210900048
6254.35,3992.6742484337387,2261.6757515662616
860.91,543.9889901769783,316.9210098230217
2540.11,3070.752808594617,-530.6428085946168
1409.18,1861.1019011874564,-451.92190118745634
1544.58,1965.218981148911,-420.63898114891117
1611.09,3924.6917235005308,-2313.601723500531
3310.62,732.4261072069555,2578.193892793044
1943.81,3013.3524983237353,-1069.5424983237353
801.2,3156.3743572878193,-2355.1743572878195
2089.34,3602.767796052578,-1513.4277960525778
3914.19,2386.9276815138833,1527.2623184861168
1589.56,2350.6071242750004,-761.0471242750004
2168.42,1061.3748382950298,1107.0451617049703
1292.2,1553.1986420739345,-260.99864207393443
2477.15,3662.0648286150417,-1184.9148286150416
7731.65,6530.1699641927025,1201.480035807297
3482.48,2488.5466608723186,993.9333391276814
2975.6,4247.27112487022,-1271.67112487022
447.82,49.91109055248057,397.9089094475194
1692.82,1102.0454602688203,590.7745397311796
2608.51,3261.5406405201293,-653.030640520129
1452.85,3778.657838059428,-2325.807838059428
1399.76,1638.070756114773,-238.31075611477308
2422.52,2638.2810570294855,-215.76105702948553
292.99,-401.8392211860754,694.8292211860754
799.91,1945.9078553826766,-1145.9978553826768
2217.51,3208.3280966136545,-990.8180966136542
4491.79,3679.9124259414234,811.8775740585766
1000.48,1430.3200061173386,-429.8400061173386
749.79,2411.888856173594,-1662.098856173594
3264.65,2276.5041057042304,988.1458942957697
4217.46,2983.163363225723,1234.296636774277
999.11,-153.22716088740177,1152.3371608874018
957.16,2362.281583902944,-1405.1215839029442
1199.06,2297.3282436053455,-1098.2682436053456
7758.4,9911.24349847981,-2152.8434984798096
11967.36,7977.713951933669,3989.646048066332
2599.02,3227.240346437834,-628.220346437834
4638.59,4940.033373958173,-301.44337395817274
2472.74,1052.8794217045452,1419.8605782954546
1487.93,3226.612237667967,-1738.6822376679668
6397.73,4497.482361430959,1900.2476385690406
2277.44,5309.035883081553,-3031.595883081553
1823.49,1994.0859930413421,-170.59599304134213
2710.85,1225.4916550829137,1485.3583449170862
2531.19,1270.4648260100726,1260.7251739899275
6297.88,6435.940499556153,-138.06049955615254
16352.5,7533.4409499397025,8819.059050060298
2696.71,2360.8253492407484,335.8846507592516
1508.16,2869.286952361658,-1361.1269523616581
751.65,854.8962581336191,-103.24625813361911
12110.34,8809.947366479797,3300.392633520203
816.48,1050.1661170550833,-233.6861170550833
1175.61,4129.4922001496325,-2953.882200149633
2255.17,1192.9943024513325,1062.1756975486676
14618.33,8397.249725812053,6221.080274187947
2284.87,3142.7637446625454,-857.8937446625455
707.45,2147.064789196497,-1439.6147891964968
1472.77,2880.0034677181106,-1407.2334677181107
2270.94,2791.2917457361204,-520.3517457361204
5807.81,2308.7871737862897,3499.0228262137107
5076.61,6078.963961064188,-1002.3539610641883
2380.84,1694.4631447646486,686.3768552353515
1603.23,1605.6034249946931,-2.373424994693096
5187.87,3966.6598657892987,1221.2101342107012
1824.39,1464.7792610951062,359.6107389048939
1224.76,1226.5808220449378,-1.8208220449378132
2556.96,4678.516548789703,-2121.556548789703
1578.16,4027.0490277300273,-2448.889027730027
2760.87,3901.050557116941,-1140.1805571169411
4240.81,3951.471393266485,289.33860673351546
10946.24,2991.01963473475,7955.22036526525
2063.48,561.414068934714,1502.065931065286
1443.26,3267.9213157700697,-1824.6613157700697
506.62,1536.1695872214991,-1029.5495872214992
4823.55,3882.993447645014,940.5565523549863
5271.33,4780.774700189997,490.5552998100029
2827.72,3605.9667647651054,-778.2467647651056
4825.14,1864.4190145857483,2960.720985414252
5160.43,4576.851752934466,583.578247065534
5458.22,6568.667383076858,-1110.4473830768575
2692.31,2249.4909886139394,442.81901138606054
4842.2,3730.689116910235,1111.5108830897648
888.6,927.9172749180564,-39.31727491805634
1075.46,1528.2562197035434,-452.79621970354333
1160.7,3494.5548770625187,-2333.8548770625184
1439.54,4942.55610488204,-3503.01610488204
596.44,952.5665745167753,-356.12657451677524
4098.73,5011.691858909055,-912.9618589090551
5146.56,6397.391406225079,-1250.8314062250784
3616.59,3538.41117588733,78.1788241126701
2694.18,2319.701156278183,374.4788437218167
1148.74,770.580939700671,378.159060299329
4190.79,1077.225359194946,3113.5646408050543
4130.97,3316.5296632598656,814.4403367401346
1665.1,2063.5786700484923,-398.4786700484924
5473.76,6937.365332310032,-1463.6053323100314
2977.43,2965.871835335967,11.55816466403303
7033.83,3915.6667316280123,3118.1632683719877
3377.53,695.5704213034616,2681.9595786965388
2502.87,3949.8864188883276,-1447.0164188883277
2908.46,7694.824215190014,-4786.364215190014
3581.49,2782.013638374208,799.4763616257919
1977.72,1032.2110668020885,945.5089331979116
6731.63,5486.2435695429685,1245.3864304570316
1907.15,3708.241541255544,-1801.0915412555437
662.19,678.724973373334,-16.53497337333397
4551.12,7339.803143849775,-2788.6831438497748
4655.7,2278.311066350069,2377.388933649931
1930.58,1950.5353923224684,-19.95539232246847
6024.25,5969.6472576370725,54.60274236292753
3280.76,3028.946009429103,251.8139905708972
3895.79,3327.935263222457,567.8547367775432
2308.86,3913.083758952753,-1604.223758952753
833.47,1439.2468982163166,-605.7768982163166
1555.25,3364.9257908585864,-1809.6757908585864
660.02,1032.3884901399506,-372.3684901399506
1424.54,2069.355613368434,-644.8156133684342
1550.07,3970.792162326126,-2420.7221623261257
5543.08,2657.8586837889793,2885.2213162110206
1586.36,826.5183691826014,759.8416308173985
2333.99,3272.211471322708,-938.2214713227081
2445.21,4640.401979874552,-2195.191979874552
826.99,-252.97795258718423,1079.9679525871843
14395.73,10608.029456041968,3787.7005439580316
2726.8,1485.3649469698587,1241.4350530301415
9190.75,7191.083981162692,1999.666018837308
1460.7,1443.278122849622,17.421877150378123
3594.16,1675.9234282710481,1918.2365717289517
9380.26,5865.092675501657,3515.167324498343
2324.04,2537.8056944982063,-213.76569449820636
2086.56,3513.0045900111545,-1426.4445900111546
5948.65,5973.963128396927,-25.313128396926913
1130.56,493.6232145093617,636.9367854906383
2932.34,3512.775902320769,-580.435902320769
3901.74,2705.376184139731,1196.363815860269
3237.86,3302.876066837186,-65.01606683718592
5418.97,4248.230109906224,1170.739890093776
4863.98,4390.53787523018,473.4421247698192
492.94,586.5313485585027,-93.59134855850272
3017.91,2121.538203670158,896.3717963298418
1167.98,2211.943168744541,-1043.9631687445408
1730.99,2109.7537289848506,-378.76372898485056
9203.54,5901.950971338167,3301.589028661834
4362.31,2250.2780413069863,2112.031958693014
5039.77,3674.2206274224527,1365.5493725775477
1450.66,2220.90701628813,-770.2470162881298
2924.95,4756.161402431351,-1831.2114024313514
1474.06,1369.5606807135116,104.49931928648834
2443.1,2435.8483897416654,7.251610258334495
1369.3,1975.0621310286524,-605.7621310286524
792.98,1915.787126707367,-1122.807126707367
3744.45,5862.846050319084,-2118.3960503190838
9385.31,7063.5005451166635,2321.809454883336
847.84,2072.221182064175,-1224.381182064175
2802.6,3657.9929490576887,-855.3929490576888
6011.02,8108.461688572395,-2097.441688572395
623.86,1720.689340913097,-1096.829340913097
2098.65,3681.824394922089,-1583.174394922089
3335.67,3645.2111244163875,-309.54112441638745
2656.89,2042.6613640977484,614.2286359022514
4774.86,7047.274506281612,-2272.4145062816124
3490.99,2080.284638899433,1410.7053611005667
687.0,2205.51411074964,-1518.5141107496402
1610.3,2192.94638684397,-582.6463868439698
611.83,1714.1178718568835,-1102.2878718568836
2369.17,3761.1575143766036,-1391.9875143766035
647.47,969.3561113183894,-321.88611131838934
756.09,1773.5906405974001,-1017.5006405974001
1122.02,1394.9173052253334,-272.8973052253334
1950.88,615.7634782779942,1335.116521722006
1012.05,1213.0621839901064,-201.01218399010645
3623.71,3620.090649765202,3.619350234797821
1057.56,3024.399474730789,-1966.8394747307889
445.08,3177.217569335729,-2732.137569335729
14421.77,3643.1358663886317,10778.63413361137
2486.26,4712.92160515889,-2226.66160515889
1842.62,3951.865393280044,-2109.245393280044
4698.64,2875.31994108123,1823.3200589187704
3648.84,1326.755782229392,2322.084217770608
941.33,1270.2001105032691,-328.8701105032691
2591.36,5608.487115007416,-3017.127115007416
7794.91,7157.983903199385,636.9260968006147
1139.53,1367.161015862509,-227.631015862509
10476.73,5526.769399362238,4949.960600637762
6661.02,3174.6058614824365,3486.414138517564
1075.81,59.60964852381784,1016.200351476182
6752.51,9716.9434768439,-2964.4334768439003
3475.82,2223.0075400783535,1252.8124599216467
1979.9,1758.0557200482726,221.84427995172746
4267.45,1278.8977304764974,2988.552269523502
4161.84,4276.276970817838,-114.4369708178383
4598.01,4082.9701742373213,515.0398257626789
2602.99,2489.8923503068795,113.09764969312027
3885.02,2670.3038809871596,1214.7161190128404
886.07,2373.1856088019367,-1487.1156088019366
892.31,1084.9764529819333,-192.6664529819334
2967.48,2031.8502199749964,935.6297800250036
1924.29,1049.3340799164134,874.9559200835865
3976.65,5652.3786993896465,-1675.7286993896464
5228.94,4634.562050646868,594.377949353132
1923.5,2936.242127005778,-1012.742127005778
3008.86,5200.778347868414,-2191.918347868414
789.47,1729.7326701747197,-940.2626701747197
906.93,2404.0700526943688,-1497.140052694369
2062.93,1470.672698067421,592.2573019325789
5000.27,6492.322449340771,-1492.0524493407702
9382.66,7451.670976891162,1930.9890231088375
3761.4,5543.893329626531,-1782.4933296265312
1865.41,1413.6747073918768,451.73529260812325
6474.83,6783.907973264506,-309.077973264506
4572.39,2561.733402908848,2010.6565970911524
2118.69,1966.2086949434129,152.4813050565872
1834.13,2458.9500162690024,-624.8200162690023
1817.84,2616.1552748672943,-798.3152748672944
1965.31,4596.656701755119,-2631.346701755119
338.71,2212.6088277451045,-1873.8988277451044
5365.55,4937.294548104117,428.2554518958832
1311.68,2163.7289809925674,-852.0489809925673
1110.04,1719.2021080512875,-609.1621080512875
5354.68,5883.839013098561,-529.1590130985605
663.29,4460.011754902425,-3796.7217549024253
7656.82,3890.1646805244204,3766.6553194755793
2802.23,4927.928854557278,-2125.698854557278
2273.01,2340.0005137292706,-66.99051372927033
1052.69,1397.6039776075309,-344.9139776075308
1107.78,1369.1278454350836,-261.3478454350836
623.81,420.81676266367936,202.9932373363206
6423.27,1060.0974297762577,5363.172570223743
11750.32,6402.24549876655,5348.07450123345
875.67,1042.3110567971075,-166.64105679710758
2344.87,2183.3769977289203,161.4930022710796
597.98,2534.3243198211453,-1936.3443198211453
4772.94,3064.4148074334516,1708.525192566548
1075.19,2820.837413628944,-1745.647413628944
1139.43,878.05956472056,261.37043527944
6703.32,4766.596420761391,1936.723579238609
2511.4,1614.16628071885,897.2337192811501
4500.83,2018.0718200039541,2482.758179996046
7118.87,3564.5595081263295,3554.3104918736703
2373.25,2924.860311421934,-551.6103114219341
1539.46,1558.610431330963,-19.150431330962874
1326.48,2809.5107335630587,-1483.0307335630587
881.42,316.0647312011346,565.3552687988654
199.83,220.90686854160015,-21.076868541600135
735.22,1872.0331830841833,-1136.8131830841833
2236.93,5374.184403981066,-3137.254403981066
2696.74,1439.8117575623291,1256.9282424376706
1576.75,1891.6133541052113,-314.86335410521133
1532.6,3194.6703863328144,-1662.0703863328145
1425.97,2331.3204782735893,-905.3504782735893
2002.35,2229.4186933957308,-227.06869339573086
6791.73,5007.427295153413,1784.3027048465865
11319.87,5163.4398795709185,6156.430120429082
2132.94,3937.8270097772206,-1804.8870097772206
620.18,1318.4160027983737,-698.2360027983738
828.53,608.9972842223456,219.5327157776544
2534.95,2201.922293255393,333.0277067446068
2432.24,3307.9994775515925,-875.7594775515927
1719.95,4137.475129307319,-2417.525129307319
1963.21,2662.3024617127453,-699.0924617127453
2536.04,2686.872432199213,-150.83243219921314
1588.16,2789.3633077037907,-1201.2033077037906
1776.19,1908.0682715334701,-131.87827153347007
3784.37,4661.841604997731,-877.4716049977314
3604.61,2493.262682309974,1111.347317690026
1156.95,3703.853047015,-2546.903047015
1355.06,1721.1745046170406,-366.11450461704067
5889.4,5242.90819417475,646.4918058252497
2634.88,864.089693608732,1770.7903063912681
1032.12,1503.6880171163004,-471.56801711630055
1001.07,1830.4995911752471,-829.4295911752471
2856.63,2703.0564159427718,153.57358405722835
1665.2,3311.125608388054,-1645.925608388054
4361.23,5019.569097135029,-658.3390971350291
1146.92,686.9324098873943,459.98759011260574
138.45,194.63346738347104,-56.183467383471054
4277.12,4428.379773998682,-151.25977399868225
2228.91,2116.9161160059743,111.99388399402551
2175.22,2189.1842081216964,-13.964208121696629
2702.66,2987.49445680316,-284.83445680316026
2913.64,1998.4455190330946,915.1944809669053
1666.33,3670.0036385563462,-2003.6736385563463
3613.73,3838.194175612924,-224.464175612924
1332.83,1399.1843299577508,-66.3543299577509
1035.8,1180.2933171984012,-144.4933171984012
750.0,1452.9219463161078,-702.9219463161078
8339.55,4581.340422703455,3758.209577296544
2651.03,2866.679748385991,-215.64974838599073
10954.2,5068.16637901662,5886.03362098338
2680.97,6512.014526639556,-3831.044526639556
3567.01,3562.6857558316947,4.32424416830554
1757.27,3583.8077379239035,-1826.5377379239035
4444.89,2677.363442483996,1767.5265575160042
2297.87,4384.161666832573,-2086.2916668325734
1316.22,1890.8582748775143,-574.6382748775143
603.0,1314.8606640214305,-711.8606640214305
9017.68,6254.209464327829,2763.4705356721715
2285.1,1410.0614797150224,875.0385202849775
1124.53,1632.4104677902396,-507.88046779023966
3300.84,4279.693699960053,-978.8536999600528
1143.66,883.9379631386087,259.7220368613914
1431.82,1226.2692395056372,205.55076049436275
6230.88,8983.300060969492,-2752.4200609694917
711.8,1424.6374623329477,-712.8374623329478
2251.37,5671.107646552964,-3419.737646552964
1685.07,2269.9265622402613,-584.8565622402614
1869.6,1563.2372598146742,306.3627401853257
873.72,631.6502741466334,242.06972585336666
5585.38,6299.008281362059,-713.6282813620592
371.52,2072.249068467107,-1700.729068467107
8943.56,8401.230071593482,542.3299284065179
10336.39,4704.002781676276,5632.387218323724
1224.75,1318.1699713118849,-93.41997131188486
1790.0,1777.3337708588797,12.666229141120311
1977.76,2306.5505717460674,-328.79057174606737
3786.7,7905.369069959248,-4118.669069959248
8975.4,6467.73972824086,2507.6602717591395
4584.19,3880.7934159430856,703.396584056914
857.45,2102.9113451897592,-1245.4613451897592
2936.9,2586.4214585005993,350.47854149940076
3989.44,3410.7428446711347,578.6971553288654
8403.99,6445.058251698558,1958.931748301442
13055.04,7111.461289975527,5943.578710024474
2229.26,3612.3877771661346,-1383.1277771661344
2093.32,1449.5674762518906,643.7525237481095
1392.34,1290.4644857845585,101.8755142154414
2200.43,2341.9168490516804,-141.48684905168057
870.54,940.0990057243014,-69.55900572430141
2277.63,2230.344647614464,47.285352385536044
2200.56,916.4527706827171,1284.1072293172829
870.65,1970.731192502732,-1100.081192502732
353.58,1039.885869634539,-686.305869634539
5918.0,3618.474763401591,2299.525236598409
987.7,1423.138631288858,-435.438631288858
3160.13,3287.5522861561076,-127.42228615610748
8116.15,8386.441566774996,-270.2915667749967
3118.12,2478.4611418479776,639.6588581520223
1627.1,1436.5576847985342,190.54231520146573
4048.41,5666.596851212578,-1618.1868512125784
6397.55,3899.7876755166258,2497.7623244833744
1306.42,2604.600163436635,-1298.1801634366348
3535.47,3977.5359064402815,-442.06590644028165
2303.92,4196.98660666254,-1893.06660666254
3947.76,6309.211045592308,-2361.451045592308
1008.15,661.3792940976408,346.77070590235917
1260.64,2771.898578644751,-1511.258578644751
4235.98,3639.919032006024,596.0609679939757
974.81,1720.2276433076247,-745.4176433076248
2183.48,2292.2087905503818,-108.72879055038175
4019.19,7707.105540318225,-3687.9155403182253
3562.59,2801.724968230563,760.8650317694373
6285.32,6501.632124138981,-216.31212413898174
1649.63,1404.8333530879568,244.79664691204334
11373.49,9853.516980793798,1519.9730192062016
462.97,1275.5481077442646,-812.5781077442646
1681.75,3444.5844053704905,-1762.8344053704905
7171.79,3247.947835815172,3923.842164184828
1533.17,2770.811072165422,-1237.641072165422
1991.24,2591.7298267009432,-600.4898267009432
1540.85,2423.747363831242,-882.8973638312423
4947.25,3409.062892971412,1538.187107028588
905.51,1515.0272884664885,-609.5172884664885
1557.92,4813.2300242599795,-3255.3100242599794
1545.52,3440.8097594885667,-1895.2897594885667
691.69,2134.9046585801407,-1443.2146585801406
2113.73,2819.086448751907,-705.356448751907
22828.41,3808.585493508244,19019.824506491757
2668.27,1835.5734699808136,832.6965300191864
446.04,1199.7519420699393,-753.7119420699394
1906.89,1684.4783671967746,222.41163280322553
2722.26,2344.079826257683,378.18017374231704
2881.2,2115.906448199504,765.2935518004956
4096.25,2418.579361788414,1677.6706382115858
5622.83,2645.1613332852626,2977.6686667147374
1028.47,1473.3927904834334,-444.92279048343335
3753.47,3046.420543956315,707.0494560436846
815.52,2147.0139010446605,-1331.4939010446606
1913.81,540.6908971965079,1373.119102803492
8903.79,5125.300988901507,3778.4890110984943
2458.02,2827.0241251915472,-369.00412519154725
2500.44,2191.4661887525285,308.97381124747153
1396.75,1991.0604054326159,-594.3104054326159
2269.6,1359.3555906517547,910.2444093482452
2016.69,3111.602462372177,-1094.9124623721768
1932.72,3222.324047398557,-1289.604047398557
2515.47,2819.0559026231326,-303.5859026231328
3882.54,4532.492253992892,-649.9522539928921
11679.55,4501.243960873968,7178.3060391260315
3212.4,2462.2735518520167,750.1264481479834
1547.51,2509.315923761264,-961.805923761264
8558.79,9683.57256657591,-1124.7825665759083
2759.61,2540.0784492669054,219.53155073309472
2294.12,5654.615145278454,-3360.4951452784544
3685.76,5713.510712574262,-2027.7507125742613
4599.72,5657.051683223399,-1057.3316832233986
670.68,1272.9720929610733,-602.2920929610733
631.01,2530.6966958145676,-1899.6866958145677
595.0,1701.0617499337106,-1106.0617499337106
3950.9,2951.3048245710656,999.5951754289345
984.78,525.2773262210019,459.5026737789981
726.12,1625.1131151884858,-898.9931151884858
922.65,2418.7624203352316,-1496.1124203352315
920.16,1777.3268366024245,-857.1668366024245
6558.81,6187.655595305914,371.1544046940862
1746.02,1243.9194569583542,502.1005430416458
5964.58,6978.022226697152,-1013.4422266971524
1424.2,2701.6092808960493,-1277.4092808960493
1671.33,1463.096088541274,208.23391145872597
1932.1,1724.4581857700616,207.6418142299383
2042.41,967.4993536502755,1074.9106463497246
2449.51,3721.2279728617345,-1271.7179728617343
803.24,-760.1583132282096,1563.3983132282096
3788.79,3392.8243434003307,395.9656565996693
4055.41,4124.082477306498,-68.67247730649797
300.12,1619.0122573602607,-1318.8922573602608
1686.2,1823.0713429226075,-136.87134292260748
6712.68,3964.4997905248224,2748.180209475178
1237.94,3570.100849395929,-2332.160849395929
3371.89,2140.5495022526056,1231.3404977473942
1520.05,1846.757348607207,-326.707348607207
6422.37,6306.942148427841,115.42785157215894
463.16,649.1553723142041,-185.99537231420408
1485.39,3371.1092978956267,-1885.7192978956266
2455.7,2278.2964466098906,177.4035533901092
1798.62,2738.3874027132065,-939.7674027132066
1482.61,1397.3070170636079,85.30298293639203
1559.12,1837.2642099749528,-278.1442099749529
4270.46,2423.7344097212335,1846.7255902787665
2982.81,1890.964803387024,1091.845196612976
856.1,2605.2765987062985,-1749.1765987062986
4002.73,5148.280551383259,-1145.550551383259
2686.32,2762.5438223951155,-76.22382239511535
4776.09,3053.8997015848313,1722.1902984151689
4589.93,6932.122461417128,-2342.1924614171276
2022.36,1213.8979776347549,808.462022365245
2731.45,2703.2765114739577,28.173488526042092
2388.65,3366.9500778694774,-978.3000778694773
762.34,50.213719449723555,712.1262805502765
446.34,2200.6119966913575,-1754.2719966913576
3001.34,1591.340955715099,1409.9990442849012
4869.12,3085.7587191505563,1783.3612808494436
1070.86,1728.049989641365,-657.1899896413652
1564.68,5835.2877271225425,-4270.607727122542
5445.3,3955.142792213154,1490.1572077868464
4809.43,4785.572028117456,23.857971882544007
2057.96,2840.0617481293734,-782.1017481293734
3306.47,7575.6870782860315,-4269.217078286032
5958.17,3203.4524917921526,2754.7175082078475
1142.0,1865.6349515397474,-723.6349515397474
1563.52,1143.0199123817665,420.50008761823347
5954.6,5776.51989984194,178.0801001580603
4024.68,2250.2391559095913,1774.4408440904085
1413.57,3043.672796925491,-1630.1027969254912
2136.48,3017.061050359208,-880.5810503592079
970.44,1206.5308091804657,-236.0908091804656
5209.66,2353.852270787061,2855.8077292129387
667.96,2232.3765286709545,-1564.4165286709544
2560.47,1495.7538903863456,1064.7161096136542
4935.54,2050.6829676544476,2884.8570323455524
4812.92,4245.809423469182,567.1105765308184
901.18,2213.8473217934115,-1312.6673217934117
736.65,2066.9935124715835,-1330.3435124715834
3652.02,2882.715723058371,769.3042769416288
2425.03,2724.5282587738343,-299.4982587738341
1246.64,151.6038806662591,1095.036119333741
610.87,1946.6504471311455,-1335.7804471311456
621.29,1353.534379871138,-732.2443798711381
766.98,987.15271876677,-220.17271876677
1009.29,1295.0314396380509,-285.7414396380509
6197.2,10004.755494993331,-3807.555494993331
1731.96,3138.7012990038493,-1406.7412990038492
991.83,1048.2710138898428,-56.44101388984279
3136.43,2600.5396340190077,535.8903659809921
1128.5,2493.306271353196,-1364.8062713531958
2442.77,3443.3195206699825,-1000.5495206699825
6467.26,3283.100872461452,3184.159127538548
2373.79,2041.8037290177167,331.98627098228326
8116.39,3259.5180272918774,4856.8719727081225
2748.05,4132.336531360132,-1384.2865313601314
1738.15,1885.2192279843512,-147.06922798435107
2116.88,3750.2029568223093,-1633.3229568223092
5469.22,3390.165000542019,2079.0549994579815
11063.68,4400.62208647419,6663.05791352581
2346.65,3493.3169087554734,-1146.6669087554733
15275.4,8278.861082085828,6996.538917914171
1619.74,4791.142537196574,-3171.4025371965745
1370.6,2051.3035142666545,-680.7035142666546
1907.8,1890.4368347100353,17.363165289964627
2046.82,3204.6328676320054,-1157.8128676320055
6315.26,3576.4332834212537,2738.8267165787465
2357.79,2257.2421381281124,100.54786187188756
2082.41,5461.288584580632,-3378.8785845806324
9329.48,9813.029731964229,-483.54973196422907
1213.63,1219.221617844371,-5.59161784437083
13661.13,5483.355931517637,8177.774068482362
5377.16,7233.572659887106,-1856.4126598871062
3980.87,9706.37960826624,-5725.509608266239
2411.23,1294.47736872269,1116.75263127731
768.41,2457.384017155112,-1688.974017155112
2683.19,3143.566286608055,-460.3762866080551
840.55,2350.6050668064454,-1510.0550668064454
1141.56,1826.36145792452,-684.80145792452
2716.61,1639.2057334918695,1077.4042665081306
1994.88,1492.1813494055762,502.69865059442395
5738.18,4869.812057267607,868.3679427323932
1779.13,1680.778484380321,98.35151561967905
6865.4,4489.4359839689605,2375.964016031039
1763.66,1892.2078281738027,-128.5478281738026
1171.8,2007.7862858475087,-835.9862858475087
666.53,3374.7827508492346,-2708.252750849235
1966.41,2903.516674978008,-937.1066749780077
3078.36,3631.065255227609,-552.7052552276091
1345.32,1733.8820155328863,-388.56201553288633
2132.91,2445.5690957735824,-312.6590957735825
8496.17,5851.665348599383,2644.504651400617
1556.51,2691.6571616843244,-1135.1471616843244
9393.58,5223.593195535079,4169.986804464921
3379.08,5499.694664244935,-2120.614664244935
8446.75,2457.296753800601,5989.453246199399
2610.05,2960.9500103678033,-350.90001036780313
611.4,1535.9438796195627,-924.5438796195627
1034.33,2547.5124209633645,-1513.1824209633646
1933.47,1517.970140596359,415.49985940364104
1391.79,655.5877742012211,736.2022257987788
2779.43,2177.780994611805,601.6490053881948
1737.02,2404.235832736925,-667.2158327369252
2570.23,845.3778678195165,1724.8521321804835
11537.43,6951.113969784874,4586.316030215126
3032.99,2978.0171873574427,54.972812642557074
3176.41,7003.692137448108,-3827.282137448108
3104.55,2851.630049009348,252.91995099065207
8610.93,6913.673855485609,1697.256144514391
2136.95,2086.5342702384573,50.41572976154248
1248.72,514.6684136564068,734.0515863435933
3855.45,2908.5549338958685,946.8950661041313
2622.03,3440.265026846418,-818.2350268464179
3924.11,2068.8288303270915,1855.2811696729086
1994.76,2701.502970246376,-706.7429702463762
5924.68,5074.430318633835,850.2496813661655
748.42,512.5779316645612,235.84206833543874
13469.9,5010.127106229182,8459.772893770818
8713.41,5165.842973314275,3547.567026685725
1877.8,2847.279097920459,-969.4790979204593
587.26,1193.7879219663228,-606.5279219663228
1003.44,1125.5539534623172,-122.11395346231711
4748.97,2272.042261877982,2476.927738122018
1115.51,1135.9308094646408,-20.420809464640797
2934.56,6766.4323883389425,-3831.8723883389425
6739.17,5791.015737263222,948.154262736778
2746.01,3437.6640123210336,-691.6540123210334
2210.4,3015.086256375525,-804.6862563755249
1417.73,864.3432843340058,553.3867156659942
1085.38,828.6370602957252,256.74293970427493
4368.2,5161.745787031725,-793.545787031725
4904.68,4339.046571561272,565.6334284387285
884.7,1122.7760234776706,-238.07602347767056
1568.34,1654.7421878915954,-86.40218789159553
3865.0,4609.568942335816,-744.5689423358162
8597.52,3981.157426686155,4616.362573313845
10466.52,10864.941751021603,-398.4217510216022
1713.87,1513.7216207300094,200.14837926999053
4150.03,6632.695966784071,-2482.6659667840713
6123.73,4116.201337423283,2007.5286625767167
702.04,1424.5493435570606,-722.5093435570607
3557.21,4480.3660150081105,-923.1560150081104
3169.95,1959.176809811674,1210.7731901883258
4455.84,6973.648147577402,-2517.8081475774015
12681.44,5511.141609254308,7170.298390745693
1258.65,3458.653636940479,-2200.003636940479
945.61,3320.126505325733,-2374.516505325733
4149.82,2143.149008259144,2006.6709917408557
1985.7,2834.5005011619974,-848.8005011619973
2538.97,3679.2934551069898,-1140.32345510699
1708.5,2242.273980170158,-533.7739801701582
2415.7,1902.3732822077927,513.3267177922071
867.23,1343.5913360467275,-476.3613360467275
2129.97,2265.1926932483443,-135.2226932483445
1489.24,1782.2610663253545,-293.02106632535447
4942.91,4094.6623678354076,848.2476321645922
2376.98,1717.4271664981923,659.5528335018078
4386.81,3567.023389860899,819.7866101391014
2072.12,2453.4172671924016,-381.2972671924017
1933.2,1406.411682095603,526.788317904397
3969.66,2664.2502299539597,1305.4097700460402
1067.19,961.9005023071793,105.28949769282076
3571.07,4213.028136536981,-641.9581365369809
3806.47,6490.083035467354,-2683.6130354673546
4785.5,2964.340852188807,1821.1591478111932
2239.18,2219.069451763358,20.11054823664199
6189.89,5598.999232391558,590.8907676084427
2423.76,3018.1287202240865,-594.3687202240862
2982.58,231.64942470091307,2750.9305752990867
2005.08,2597.6831164094665,-592.6031164094666
4863.8,3472.118146768819,1391.6818532311813
1571.98,6100.469398495659,-4528.48939849566
5083.09,3377.0867423473924,1706.0032576526078
616.91,947.1293698248492,-330.2193698248492
1687.64,2466.3255223058786,-778.6855223058785
3814.11,6703.676103120486,-2889.566103120486
6583.56,5060.805350399873,1522.7546496001278
2402.93,2921.410221781074,-518.4802217810743
2323.09,2208.8046969497523,114.28530305024788
5002.43,4653.673652575973,348.7563474240269
1303.43,1951.645473180689,-648.2154731806888
7284.95,5578.142093278897,1706.8079067211029
1796.6,2419.6358791988873,-623.0358791988874
1835.88,3292.1815940238553,-1456.3015940238552
1043.07,2871.480362445712,-1828.4103624457123
5307.92,4743.182030269691,564.7379697303095
1404.71,1088.0745167944867,316.6354832055133
2301.38,2325.917947799634,-24.537947799633912
980.67,1419.6305393505236,-438.9605393505236
15792.69,10215.248356794591,5577.4416432054095
1538.53,2105.556215820095,-567.0262158200951
4983.33,3732.0308308239387,1251.2991691760612
4438.04,3203.9833596533877,1234.0566403466123
3060.63,2650.7393362483417,409.8906637516584
6294.57,7527.623239676854,-1233.053239676854
913.36,615.7029421493966,297.65705785060345
3307.34,3207.8033856906573,99.5366143093429
1402.71,4787.429140956394,-3384.719140956394
6611.71,4597.306717519217,2014.4032824807828
3925.23,6075.333620583335,-2150.1036205833348
840.36,1444.7021449003346,-604.3421449003346
1269.85,1873.8989901736313,-604.0489901736314
3826.04,2705.072199379021,1120.9678006209788
7835.17,10281.627898165474,-2446.457898165474
2347.67,1957.9045495928485,389.76545040715155
12687.04,10401.392829741553,2285.6471702584477
3442.42,2486.579042666073,955.8409573339272
1213.36,2210.909014344082,-997.5490143440823
1732.05,3084.916282270141,-1352.866282270141
892.62,1608.1950767930546,-715.5750767930546
2285.56,1439.4570344978827,846.1029655021173
997.03,1838.8940972605164,-841.8640972605165
2648.64,5461.872491469476,-2813.232491469476
6196.63,3104.4081197670425,3092.2218802329576
1456.25,2773.068252656342,-1316.8182526563419
5241.63,3597.533837589807,1644.0961624101933
2037.83,3097.9923295042686,-1060.1623295042687
2311.8,2273.2740493399338,38.52595066006643
1312.59,2270.632729623903,-958.0427296239029
1455.85,2070.46802329338,-614.6180232933802
1198.32,2299.850209748665,-1101.530209748665
1287.16,1008.6011434554482,278.5588565445519
3258.36,2954.8740328392914,303.4859671607087
915.6,2300.3998325547386,-1384.7998325547387
4029.39,7134.409848760455,-3105.0198487604553
280.76,2181.0062861140545,-1900.2462861140546
1912.99,3226.5706665496714,-1313.5806665496714
1910.6,1606.088950121846,304.5110498781539
1849.77,3443.7437414379224,-1593.9737414379224
2542.54,2830.557755661351,-288.0177556613512
672.33,1208.6109813380283,-536.2809813380283
2306.46,1858.0502899897274,448.40971001027265
1483.77,2371.8462880105626,-888.0762880105626
1926.84,2819.612767853769,-892.7727678537692
1508.8,3351.8958394893234,-1843.0958394893235
1530.93,2508.6997696670433,-977.7697696670432
11231.39,5156.591506667301,6074.798493332699
3393.4,5937.370327770635,-2543.9703277706353
2559.53,3897.3289789607848,-1337.7989789607846
1164.92,1398.9299248958257,-234.00992489582563
1074.93,2211.8026903726154,-1136.8726903726154
2980.57,2397.361516589553,583.2084834104471
1352.35,2975.4617726280067,-1623.1117726280067
8296.71,8889.791274224734,-593.0812742247344
3388.34,2207.7364362768285,1180.6035637231716
317.41,2981.1307707506103,-2663.7207707506104
1081.92,2302.6127680273103,-1220.6927680273102
1522.55,2983.457693819252,-1460.9076938192522
652.56,936.3955302237423,-283.83553022374235
2231.03,4415.219509968347,-2184.1895099683466
784.84,2004.7563395216544,-1219.9163395216542
1012.13,1038.6606927712987,-26.53069277129873
695.0,2343.956809476793,-1648.9568094767928
4374.48,5743.525179886672,-1369.0451798866725
977.17,2284.5190904468436,-1307.3490904468435
1485.58,1468.8216567600389,16.75834323996105
575.99,2287.4831953455378,-1711.4931953455377
4035.2,3422.006555612126,613.193444387874
1297.06,1065.9304466273081,231.12955337269182
3743.3,4143.45108814655,-400.15108814655014
2663.71,2470.952978499308,192.7570215006922
6424.03,5724.780669355077,699.2493306449223
474.22,1138.9823596402084,-664.7623596402084
5158.54,5296.7585943692175,-138.2185943692175
1297.77,1276.4230821492072,21.346917850792806
2845.65,2465.926136695859,379.7238633041411
568.61,1251.8237040636052,-683.2137040636052
1154.6,4176.564565737524,-3021.9645657375245
3228.58,805.7712174449221,2422.808782555078
1569.21,2848.290782022433,-1279.0807820224331
1867.57,849.509612325104,1018.060387674896
4637.35,5002.00333877847,-364.65333877846933
888.92,2606.4247130480844,-1717.5047130480843
2437.06,4362.966041572678,-1925.9060415726776
8437.75,5134.3645753987075,3303.3854246012925
1926.24,1132.5302162259723,793.7097837740278
3417.54,2714.100774534212,703.4392254657878
1173.59,2722.3082313345026,-1548.7182313345027
6047.8,3585.935757416193,2461.864242583807
2350.35,2725.2062530981675,-374.8562530981676
2183.94,1821.5976225978043,362.3423774021958
4708.22,2780.214040295556,1928.0059597044442
2253.6,2887.9043803163995,-634.3043803163996
1078.84,839.6323451731387,239.20765482686124
1237.16,1841.6449011131922,-604.4849011131921
9938.88,3742.329185670048,6196.550814329951
2211.0,1307.8967759373318,903.1032240626682
1636.79,2668.8759448937994,-1032.0859448937995
6978.04,1764.6002722738963,5213.439727726103
1328.41,1341.392496892988,-12.98249689298791
2581.04,2620.817976205755,-39.77797620575484
5970.79,7108.949944401955,-1138.1599444019548
1931.36,2851.4404878997384,-920.0804878997385
1552.38,327.8195251094322,1224.560474890568
3873.86,6377.6679512701485,-2503.8079512701484
1169.32,2386.2841015248723,-1216.9641015248724
2776.08,2991.26813181168,-215.18813181168025
949.53,1335.2852640415601,-385.75526404156017
424.36,1845.20548252133,-1420.8454825213298
1365.4,950.8614789564676,414.53852104353246
3283.96,5391.290700089294,-2107.3307000892937
4651.49,6515.197668593255,-1863.7076685932552
1595.63,1174.5814919861423,421.0485080138578
1601.01,2411.4532138103295,-810.4432138103296
1750.51,1677.2974229035678,73.21257709643214
3797.27,2760.1929692329895,1037.0770307670105
740.22,3463.336389041599,-2723.116389041599
3205.45,3552.864635717439,-347.41463571743907
1120.82,2150.732319387431,-1029.912319387431
7360.31,6306.411423751992,1053.8985762480088
701.69,2747.2725887032534,-2045.5825887032534
5131.64,7124.820447210235,-1993.180447210235
1672.69,1247.4657837107907,425.2242162892094
4026.09,4012.004350601323,14.085649398677106
2486.84,1801.5640667229595,685.2759332770406
7293.8,5868.573791761879,1425.2262082381212
4153.27,3994.360918232124,158.90908176787661
5393.6,2408.7474862448416,2984.8525137551587
1947.09,2291.2196629780824,-344.1296629780825
1764.95,3995.523314003323,-2230.5733140033226
8813.06,10224.592586550178,-1411.5325865501782
1255.36,3459.146243668202,-2203.7862436682017
1241.88,2160.049583334459,-918.1695833344588
3372.23,3191.4931935503496,180.73680644965043
822.69,2048.7923038469717,-1226.1023038469716
1303.9,2338.7122439811096,-1034.8122439811095
1330.93,681.8221067966521,649.107893203348
4986.17,3535.0310185615967,1451.1389814384033
2101.05,5032.573175386369,-2931.523175386369
1410.87,1737.8563018474388,-326.9863018474389
3814.21,1968.4644510257754,1845.7455489742247
2506.14,1383.577222276087,1122.5627777239129
216.83,858.5891056813832,-641.7591056813832
7456.29,4503.836726232761,2952.453273767239
7635.07,8561.506127552735,-926.4361275527353
1432.03,3994.043547842824,-2562.0135478428238
1677.74,1630.0801112938134,47.65988870618662
4192.91,2216.03055871963,1976.87944128037
1461.9,1231.579887995506,230.32011200449415
1488.19,1909.203714985022,-421.01371498502203
7890.87,5566.783923006313,2324.086076993687
601.55,3152.2657234823964,-2550.7157234823962
1520.17,2187.015923910312,-666.8459239103117
2288.38,1284.164323042406,1004.215676957594
6906.02,5170.471041587847,1735.5489584121533
2427.8,2841.9196907663804,-414.11969076638024
1811.93,1636.9288852987527,175.0011147012474
6184.74,9286.40039110813,-3101.660391108131
3143.33,1537.2361396672372,1606.0938603327627
851.43,1306.1194720383999,-454.6894720383999
7823.27,9299.561300844509,-1476.2913008445084
1228.93,1584.9307088476965,-356.0007088476964
699.21,1050.4878967931584,-351.27789679315833
1063.6,-53.309299042666,1116.909299042666
10813.59,4415.975763068738,6397.614236931262
1565.29,3356.6892455109773,-1791.3992455109774
517.8,1137.8400920835259,-620.0400920835259
2465.37,1252.1478456235266,1213.2221543764733
4551.71,4591.5360573556245,-39.82605735562447
3254.08,2162.6015789015332,1091.4784210984667
2588.68,3150.3071894024865,-561.6271894024867
5094.23,4799.569306201474,294.66069379852524
943.64,1132.0142278995377,-188.3742278995377
2279.8,1442.9509289546831,836.849071045317
988.65,2240.5189319085102,-1251.8689319085101
1808.04,709.3734729149762,1098.6665270850237
8647.34,6608.18799545929,2039.1520045407105
1648.21,2355.7110491578696,-707.5010491578696
2743.09,2733.537038858995,9.552961141005198
1372.85,4986.0763635019375,-3613.2263635019376
4293.5,7528.453895265207,-3234.9538952652074
336.4,1880.5073717469327,-1544.1073717469326
9949.55,6336.085852651553,3613.464147348446
7657.41,6026.3806438153515,1631.0293561846483
157.18,2429.961531064845,-2272.7815310648452
2879.14,2430.055555897109,449.08444410289076
4394.78,3931.6608149254866,463.1191850745131
2016.37,1566.3355508198963,450.0344491801036
1294.73,2444.530940663501,-1149.800940663501
3178.38,1475.3795351426788,1703.0004648573213
2488.4,1813.920666482994,674.4793335170061
6273.74,1935.0768661069183,4338.663133893082
2600.83,2530.8778183711324,69.95218162886749
841.63,1939.3355386198432,-1097.705538619843
2073.53,3077.514237608817,-1003.9842376088168
3095.34,2636.796846867132,458.54315313286816
518.64,1598.5131576525189,-1079.8731576525188
4333.46,5795.032103568303,-1461.5721035683027
1617.88,2682.8279192633736,-1064.9479192633735
1427.65,645.7326326584213,781.9173673415788
8941.06,4692.808253616195,4248.251746383805
1822.96,1060.7711429830808,762.1888570169192
5156.14,2929.1255541804762,2227.014445819524
1696.04,2197.6205582658426,-501.5805582658427
1573.82,4510.271134796234,-2936.4511347962343
1873.36,624.5126043660935,1248.8473956339064
836.4,2064.783007220484,-1228.3830072204837
1669.0,663.4264089600334,1005.5735910399666
7724.12,3297.8077706150166,4426.312229384983
2976.53,3485.7696116095635,-509.2396116095633
804.75,1760.524404262604,-955.7744042626041
2202.23,2917.3114799600617,-715.0814799600616
872.29,4144.33603849851,-3272.04603849851
2837.53,2800.1802647259738,37.34973527402644
2014.6,2622.604285707474,-608.0042857074741
3751.23,4661.741573210502,-910.5115732105019
3347.67,2974.1852011399783,373.4847988600218
1460.43,3048.7345971224495,-1588.3045971224494
474.85,954.0711592600151,-479.22115926001504
1592.35,2289.2161718520124,-696.8661718520125
2586.84,1049.8302173023224,1537.0097826976778
1489.05,1156.0740131983393,332.9759868016606
828.55,471.9708898147968,356.57911018520315
5107.0,10.579100654331569,5096.420899345669
5041.82,7511.514327121387,-2469.6943271213877
2285.97,3808.1372021315624,-1522.1672021315626
1636.65,1224.9829266287363,411.66707337126377
1361.48,4023.34722557309,-2661.86722557309
688.05,1709.009489884894,-1020.9594898848941
1323.86,2407.750863899312,-1083.8908638993123
1757.81,1463.7415330616382,294.0684669383618
987.55,3629.562851008187,-2642.0128510081868
650.05,5728.504277042059,-5078.4542770420585
1983.81,676.3534882023641,1307.4565117976358
4208.15,4023.956999402217,184.19300059778243
839.7,637.4101254817958,202.28987451820421
2582.61,1843.8436984826408,738.7663015173594
881.33,1496.954855531412,-615.624855531412
1081.6,1191.583650489323,-109.98365048932305
6921.56,7355.205517677214,-433.6455176772133
3444.7,5060.704149429081,-1616.0041494290808
3019.29,2516.086460329983,503.2035396700171
701.55,3111.3744865943368,-2409.824486594337
1095.52,1453.4459785353415,-357.9259785353415
2149.09,3119.5347182400474,-970.4447182400472
826.28,1310.6632670821582,-484.3832670821582
1421.79,2110.6521757335327,-688.8621757335327
1009.03,1132.2667011444896,-123.23670114448964
1065.56,1838.6970216158516,-773.1370216158516
744.88,2637.793894520687,-1892.9138945206869
3577.93,1231.899799079296,2346.030200920704
7207.08,3284.9782337445627,3922.1017662554373
5372.25,3665.8744916606793,1706.3755083393207
1558.82,1929.5168394247594,-370.69683942475945
638.37,2395.797243509101,-1757.4272435091011
1813.03,1537.8378659668888,275.1921340331112
2209.62,1079.0902521794778,1130.529747820522
904.3,1863.4424859289861,-959.1424859289862
2090.31,2914.3329322494797,-824.0229322494797
1239.97,362.00687266559646,877.9631273344036
3589.12,4532.593663745098,-943.4736637450978
3050.5,938.7114614809334,2111.7885385190666
2531.44,2187.3760029673904,344.0639970326097
4066.4,4466.117465403935,-399.71746540393497
530.49,791.170429355248,-260.68042935524795
1380.14,711.7248881038213,668.4151118961788
3744.77,7147.000531820549,-3402.2305318205495
1053.35,2631.053829100777,-1577.703829100777
3533.98,2484.4385174969743,1049.5414825030257
2667.01,3753.5557132566173,-1086.545713256617
3206.74,1832.6552030834996,1374.0847969165002
3303.16,3994.6331196843244,-691.4731196843245
1209.82,2357.630152363754,-1147.810152363754
431.76,1144.0331184250824,-712.2731184250824
838.48,1580.5173847945134,-742.0373847945134
4523.68,4325.377770036626,198.30222996337397
1976.97,1616.6837352781365,360.2862647218635
3573.93,2722.7697684417994,851.1602315582004
5447.55,3557.475690979237,1890.0743090207634
841.13,1823.5904510082028,-982.4604510082028
1920.32,2731.301599021856,-810.981599021856
4845.45,2216.9023173688674,2628.5476826311324
1875.82,2602.6365242387023,-726.8165242387024
465.81,154.56079599089202,311.249204009108
3402.42,3572.458232776956,-170.03823277695574
5851.81,5398.6644243188875,453.14557568111286
1373.46,1259.7157521864885,113.74424781351149
4642.22,1438.929436263329,3203.290563736671
2433.85,1557.589558245692,876.260441754308
1845.67,1646.2301048162074,199.43989518379271
871.59,1755.5945344502097,-884.0045344502097
11314.26,7778.790967070405,3535.4690329295954
2662.3,1583.7221945811539,1078.5778054188463
3383.89,2509.927945957281,873.962054042719
1817.56,724.5265945888032,1093.0334054111968
1288.22,1632.6625265569494,-344.44252655694936
7916.01,4504.169224664467,3411.840775335533
715.36,1161.351314675995,-445.9913146759949
2484.53,3842.0159578538382,-1357.485957853838
1408.12,2939.1121934927114,-1530.9921934927115
6720.75,6939.138021456061,-218.38802145606132
1060.88,609.9685927554643,450.9114072445358
2337.62,5160.398978124231,-2822.778978124231
1629.33,2292.6985361581305,-663.3685361581306
1250.35,2073.6854405323156,-823.3354405323157
4110.21,3779.631299457752,330.57870054224804
2774.21,4754.8710109247295,-1980.6610109247295
837.86,1094.199787459161,-256.3397874591609
5905.3,4040.0264870759725,1865.2735129240277
835.86,1275.685164074105,-439.8251640741049
16197.37,8566.533883819964,7630.836116180037
1376.34,3458.1217060350923,-2081.7817060350926
2063.35,3100.843286499113,-1037.4932864991133
8105.65,5336.49672452959,2769.1532754704094
1652.68,1656.1078791787634,-3.4278791787633054
3287.55,1266.3103928289438,2021.2396071710564
3496.69,3483.138985992701,13.551014007299273
1634.13,1587.739663872995,46.390336127005185
449.44,924.722247504207,-475.28224750420696
331.08,1043.5760530743487,-712.4960530743488
7366.2,2741.907974718201,4624.2920252817985
869.71,2568.541081102544,-1698.831081102544
1414.56,1948.6726338378635,-534.1126338378635
584.51,1967.4621562990942,-1382.9521562990942
576.9,1597.963742043204,-1021.0637420432041
1732.25,1357.6165509734976,374.6334490265024
1786.95,813.970179372184,972.979820627816
5816.97,2399.003985528929,3417.966014471071
898.02,1262.269363645226,-364.2493636452259
4345.68,3816.52485630199,529.1551436980103
6960.51,8067.958765849697,-1107.4487658496964
862.7,-250.1141992562042,1112.8141992562041
2001.32,2376.807870766828,-375.4878707668279
1939.59,2134.7154243565356,-195.12542435653563
3365.37,2391.7515690107875,973.6184309892124
1289.1,4564.559558212266,-3275.459558212266
1045.4,1475.866948392099,-430.46694839209886
2390.46,2421.3930150425103,-30.933015042510306
1617.72,1959.6667979711442,-341.9467979711442
1236.73,944.7643835049334,291.96561649506657
8573.37,6340.7760058985,2232.5939941015004
1441.91,1282.8317208969224,159.07827910307765
981.34,1419.3827558166,-438.0427558165999
4138.85,3897.3065813500675,241.54341864993285
677.15,1497.9419701437494,-820.7919701437494
2699.78,4251.508483604965,-1551.7284836049644
787.58,535.7260789457335,251.8539210542665
617.87,2215.656641241506,-1597.786641241506
6467.05,4858.530151806148,1608.5198481938523
3207.04,2606.526729604164,600.5132703958361
1594.56,657.6652805585825,936.8947194414175
2052.2,1789.5988123294605,262.6011876705393
2680.42,2264.6831058578023,415.7368941421978
2334.32,2861.099672194214,-526.7796721942136
1357.23,1318.445901988777,38.78409801122302
1435.0,5320.890104939117,-3885.890104939117
3027.9,1710.3261503771437,1317.5738496228564
942.08,2145.1198311288044,-1203.0398311288045
1611.02,830.2039655398244,780.8160344601756
1146.77,4843.900244881692,-3697.130244881692
977.31,1366.6213569835882,-389.3113569835882
1901.95,2390.753906974688,-488.80390697468806
407.38,1600.3082714890386,-1192.9282714890387
4975.24,3281.864417118732,1693.3755828812677
2984.58,3074.422998535663,-89.8429985356629
2368.28,1559.7788474114725,808.5011525885277
630.9,1524.7326405623462,-893.8326405623462
5115.72,3312.2518735655303,1803.46812643447
4267.62,4738.478804116137,-470.85880411613743
1931.64,3830.535546989838,-1898.895546989838
4297.62,3903.5889940507736,394.03100594922626
2280.98,2399.2809626630687,-118.30096266306873
825.62,1860.396265862002,-1034.7762658620022
1037.27,1977.2544292202106,-939.9844292202106
4506.71,3784.368729275004,722.3412707249959
3455.1,3626.179930237183,-171.0799302371829
4086.3,3400.031864950396,686.2681350496041
1337.8,1993.9775916593717,-656.1775916593717
5107.98,7519.012990427025,-2411.0329904270257
1984.93,2783.870852230129,-798.9408522301289
2509.7,3787.7394318807014,-1278.0394318807016
2924.18,2691.8897573203844,232.2902426796154
2661.58,3570.1163496387776,-908.5363496387777
2433.26,3191.4031706628907,-758.1431706628905
2879.04,4486.009238010967,-1606.9692380109673
3299.87,7227.448917361378,-3927.5789173613784
2244.13,2034.8328537918865,209.29714620811365
1101.46,2729.901350226589,-1628.4413502265888
2311.1,1665.7809239334663,645.3190760665336
1458.68,1582.6522582700152,-123.97225827001512
1304.27,1024.281048560952,279.9889514390479
1344.08,2163.21718651905,-819.1371865190499
1388.16,1758.4722165593407,-370.31221655934064
824.54,1658.2933886075348,-833.7533886075348
3918.29,3991.8249641174293,-73.53496411742935
8169.51,7826.959973180388,342.55002681961196
3261.7,2345.0687830898105,916.6312169101893
352.35,788.6372830547027,-436.2872830547027
1261.04,4475.029523727586,-3213.989523727586
10382.0,7170.693992386079,3211.306007613921
1178.63,2497.68571482397,-1319.05571482397
26660.3,8631.381710861282,18028.918289138717
2288.44,3149.796648437908,-861.356648437908
853.6,1413.981671380903,-560.381671380903
4257.41,2187.077866671817,2070.332133328183
10964.5,13009.458410459243,-2044.9584104592432
1224.96,1320.7843071606828,-95.82430716068279
11685.09,7871.147173886153,3813.9428261138473
4081.32,4089.8269561095863,-8.506956109586099
2044.43,3632.0694777423782,-1587.6394777423782
2205.68,6063.441412261578,-3857.7614122615782
4951.0,5183.086184061691,-232.0861840616908
2368.92,1162.7910087833172,1206.1289912166828
2102.31,2528.4793092999553,-426.16930929995533
1490.53,98.1353955805667,1392.3946044194333
6040.78,5573.054447791179,467.7255522088208
1574.11,2147.401343404785,-573.2913434047853
1831.13,3209.570208094909,-1378.440208094909
8166.7,6798.205389869128,1368.4946101308715
1338.87,1214.9674573493012,123.9025426506987
846.18,2327.647593153581,-1481.4675931535812
9952.63,10309.121576473266,-356.49157647326683
4790.42,3339.3875800898873,1451.0324199101128
5110.58,6272.291353040728,-1161.7113530407278
2656.47,5522.777325253677,-2866.3073252536774
753.93,1397.1246404898036,-643.1946404898036
4210.87,7259.395812411329,-3048.525812411329
1256.0,2160.972628966657,-904.9726289666569
1445.81,865.1425788962665,580.6674211037334
950.38,1993.3513797681794,-1042.9713797681793
5243.16,5727.393330557341,-484.2333305573411
2710.85,2293.854484911081,416.9955150889191
2538.51,3391.2866840052493,-852.7766840052491
2605.48,2114.458745131629,491.0212548683712
2184.78,3709.9988500425798,-1525.2188500425796
1726.55,3251.033594035933,-1524.4835940359333
4547.0,2037.3828727174055,2509.6171272825945
6682.14,1989.8764093512123,4692.2635906487885
2901.02,4891.578126909035,-1990.5581269090349
3195.24,5056.766019773813,-1861.5260197738135
1475.81,2001.2137117977627,-525.4037117977628
882.76,811.0941027634522,71.66589723654783
1704.6,1496.787670817136,207.812329182864
5580.02,6096.130689490097,-516.1106894900968
770.6,2392.9354922519115,-1622.3354922519115
1470.68,1269.945858647514,200.73414135248618
3204.52,4391.516805394289,-1186.996805394289
2267.49,3776.575830149266,-1509.0858301492663
927.44,1234.8567338714947,-307.41673387149467
3126.73,5292.451484545563,-2165.7214845455633
1495.07,2048.7663783519974,-553.6963783519975
1120.61,3138.0070446182012,-2017.3970446182013
2292.98,2249.503315452788,43.476684547212244
3451.82,4421.2088169920335,-969.3888169920333
13654.95,7903.9181733315145,5751.031826668486
6233.06,5059.074120868101,1173.9858791318993
8473.77,7794.021653654541,679.7483463454591
1388.45,2247.4637015241656,-859.0137015241655
2676.76,3705.4117143616895,-1028.6517143616893
807.44,1264.6318352243115,-457.1918352243115
5638.16,5653.671631867735,-15.51163186773556
1554.06,2020.297176664667,-466.237176664667
10880.74,6280.066244695117,4600.673755304882
4548.46,4455.619792534504,92.84020746549595
4110.66,2907.6341416318,1203.0258583681998
735.63,531.8042505246324,203.82574947536762
1650.5,2314.262253421542,-663.762253421542
1727.58,2263.141741649358,-535.5617416493583
4021.77,2004.9371886590943,2016.8328113409057
1652.9,4626.5775613732585,-2973.6775613732584
3807.49,2099.337089225237,1708.1529107747629
1600.75,1047.8322838858733,552.9177161141267
3983.75,1786.307524322785,2197.442475677215
4379.12,653.6277760048114,3725.4922239951884
1741.43,2818.490358300415,-1077.0603583004151
4219.41,5571.332522640538,-1351.9225226405379
1127.46,1648.4040354555743,-520.9440354555743
3610.56,2630.255050623229,980.3049493767708
563.85,753.2576983834979,-189.40769838349786
764.19,1622.8530864110435,-858.6630864110434
2992.98,2298.262473567835,694.717526432165
1073.31,1684.3245645000713,-611.0145645000714
1852.08,2868.0607128664956,-1015.9807128664957
6369.53,6859.318814413069,-489.7888144130693
4005.39,5298.08234451405,-1292.6923445140505
663.81,2798.702105769144,-2134.892105769144
4199.76,2775.9080093454636,1423.8519906545366
710.69,1085.3790200246647,-374.6890200246646
529.16,1522.906750274361,-993.746750274361
1388.18,3346.591780550907,-1958.411780550907
7169.03,7557.545235353078,-388.5152353530784
2168.21,3028.1627179467496,-859.9527179467495
1828.98,573.0367092867128,1255.9432907132873
6441.2,6096.615673798637,344.5843262013632
405.8,1059.0969442273656,-653.2969442273657
3657.92,2806.2402390087577,851.6797609912423
2245.15,1973.4188786271193,271.7311213728808
2244.89,1320.6665163292228,924.2234836707771
7711.61,4000.5875461473693,3711.0224538526304
6958.03,8684.957584147483,-1726.9275841474837
1542.24,2165.0575852430784,-622.8175852430784
2513.05,2168.9942534174215,344.05574658257865
6966.49,4554.514518409998,2411.9754815900014
943.27,853.5605721026097,89.70942789739024
2438.97,3293.2077287217235,-854.2377287217237
1050.01,3181.0800174310184,-2131.0700174310186
5114.81,4748.971610086373,365.838389913627
1347.35,2169.735561744652,-822.385561744652
3056.8,1852.9614622539139,1203.8385377460863
3619.67,1164.1875955158018,2455.482404484198
2427.37,3739.1800947252664,-1311.8100947252665
1909.43,2560.5170660693643,-651.0870660693643
1397.06,2614.4045075933855,-1217.3445075933855
908.08,2177.5837405346706,-1269.5037405346707
787.12,1705.7356518121667,-918.6156518121667
2985.38,5033.148927718328,-2047.768927718328
531.45,1822.5535523953831,-1291.103552395383
2844.47,4270.278723805501,-1425.808723805501
632.12,1992.5513267808346,-1360.4313267808348
2705.28,2997.1768396490534,-291.89683964905316
1600.99,3772.681170558152,-2171.6911705581524
745.76,1521.4638845971995,-775.7038845971995
761.41,1779.1471296030977,-1017.7371296030977
2646.85,4078.3117371791263,-1431.4617371791264
4555.81,3952.3985288265726,603.4114711734278
2798.0,1072.551893356112,1725.448106643888
3690.28,3605.208323879211,85.0716761207891
2100.84,3212.960943312156,-1112.1209433121558
1285.67,1195.457826015644,90.21217398435601
1202.58,314.04381732326965,888.5361826767303
2780.89,3388.467280352327,-607.5772803523273
886.44,4735.572124278542,-3849.132124278542
1990.36,2399.4437891953776,-409.0837891953777
1976.15,4436.523442137255,-2460.373442137255
2041.11,1896.4273327862807,144.68266721371924
5039.38,5214.271266718273,-174.89126671827307
2761.41,3363.9378020661816,-602.5278020661817
1087.65,958.0312460526375,129.61875394736262
953.26,1576.0349774188123,-622.7749774188123
810.4,430.81442148046176,379.5855785195382
1308.57,4403.9217256114825,-3095.351725611483
8830.35,4647.6344147974105,4182.71558520259
799.25,-303.45414477586087,1102.7041447758609
1136.27,2374.0120617468897,-1237.7420617468897
720.29,955.7224765799283,-235.43247657992833
3155.72,3239.6122563908334,-83.89225639083361
566.05,1422.3921988316417,-856.3421988316418
600.6,1690.0893252573057,-1089.4893252573056
1785.87,1599.885974300335,185.98402569966493
6903.31,5869.26079033285,1034.0492096671505
2622.17,1845.747502039284,776.4224979607161
1504.24,2802.359304765586,-1298.1193047655859
3450.45,2140.094234604525,1310.355765395475
1133.99,1312.5436418773718,-178.55364187737177
9692.89,5201.688723501162,4491.201276498838
460.8,807.2014360616038,-346.40143606160376
1554.59,2471.1830203449263,-916.5930203449263
1267.38,2271.183340017004,-1003.8033400170038
2270.53,2176.6326423389373,93.89735766106287
1915.36,1675.6936363126572,239.6663636873427
2945.39,6067.23884419131,-3121.84884419131
1932.09,2206.085048100954,-273.9950481009539
6258.79,4288.467894915973,1970.3221050840266
2033.28,4032.0644870601413,-1998.7844870601414
606.45,1614.5078249658777,-1008.0578249658777
2557.32,3451.1070786964933,-893.7870786964932
857.22,1866.5127434338133,-1009.2927434338133
3178.96,5065.312666811089,-1886.352666811089
4501.23,6457.902002330997,-1956.6720023309972
1588.95,1539.5481908478275,49.40180915217252
860.4,2055.1933636645012,-1194.7933636645012
1754.69,154.1742244990528,1600.5157755009473
829.84,1463.502569670957,-633.6625696709569
1632.99,4648.284495455111,-3015.2944954551112
2810.2,1379.2234332278679,1430.976566772132
3926.3,6075.426470659231,-2149.126470659231
1306.49,4000.49223070595,-2694.00223070595
2539.13,3331.3078973010097,-792.1778973010096
856.53,473.62577890990895,382.904221090091
1050.61,2299.2252237153584,-1248.6152237153585
4067.99,4466.441985814308,-398.4519858143085
355.74,1055.083931157856,-699.3439311578559
2431.43,690.9919486752352,1740.4380513247647
2636.61,2719.535993062931,-82.92599306293096
1934.18,3350.5991245684277,-1416.4191245684276
1342.83,1829.1713507118152,-486.34135071181527
1259.82,1243.0655969700697,16.754403029930245
3272.25,2259.7780383114327,1012.4719616885673
976.61,1146.1113418671093,-169.50134186710932
5975.82,5933.025600066154,42.79439993384585
1040.41,3356.5688709275246,-2316.1588709275247
3410.46,2081.298774615999,1329.1612253840012
13570.6,8169.021215177363,5401.578784822637
4189.85,5561.824761125134,-1371.9747611251332
680.36,940.161835729685,-259.80183572968497
1595.4,1425.6236190759962,169.7763809240039
1981.08,3015.0412225756163,-1033.9612225756164
1037.02,2098.340744257626,-1061.3207442576258
611.52,1733.3162218029242,-1121.7962218029243
1717.42,2146.83970083877,-429.41970083877004
1763.5,1796.422140551846,-32.92214055184604
1443.64,2394.6775151738657,-951.0375151738656
1004.08,4224.40413359973,-3220.32413359973
1495.71,3520.9261422937466,-2025.2161422937465
776.38,1622.5830474508296,-846.2030474508296
3695.98,4299.796647071824,-603.8166470718238
12331.45,11100.609045266641,1230.8409547333595
1905.01,332.38686354921913,1572.6231364507807
949.15,2452.901462330794,-1503.7514623307939
1471.02,2960.7288733174328,-1489.7088733174328
2055.31,2569.887314915757,-514.5773149157571
784.6,1139.6007319263822,-355.0007319263822
678.92,3366.0440252162703,-2687.12402521627
3602.7,1841.8149291819764,1760.8850708180235
1844.51,2648.130263341993,-803.6202633419932
1591.03,3665.6419064166384,-2074.6119064166387
5964.19,6862.1169130169565,-897.9269130169569
1120.07,839.9016794973427,280.16832050265725
1111.09,1063.9630488105327,47.12695118946726
7036.75,2285.230548320587,4751.519451679413
1563.0,3374.3954706946374,-1811.3954706946374
906.04,2707.994460854808,-1801.954460854808
2166.15,3383.404482654481,-1217.2544826544809
5626.51,3315.472106343241,2311.037893656759
8461.37,10850.372063270868,-2389.0020632708674
5905.19,2257.816625097954,3647.3733749020457
1583.11,2658.6039108211694,-1075.4939108211695
7378.71,3124.1216170893795,4254.588382910621
4699.49,3880.568259253277,818.9217407467227
1768.42,2140.348230318193,-371.9282303181931
2098.38,2382.58907664102,-284.2090766410197
6643.38,4728.957783003179,1914.4222169968207
2560.03,2715.8212767688924,-155.7912767688922
1106.57,3143.677690019576,-2037.107690019576
1160.47,2956.211993347159,-1795.741993347159
233.15,345.5727974544917,-112.4227974544917
2370.52,2999.905650354907,-629.3856503549068
4188.97,4005.562621250389,183.40737874961133
6304.7,3410.5855194714595,2894.1144805285403
6036.35,1521.1747734451499,4515.17522655485
3445.83,6512.9664637894,-3067.1364637894003
1325.02,1893.7592098458872,-568.7392098458872
2183.38,4340.054861390141,-2156.674861390141
624.94,1970.92393463382,-1345.98393463382
770.15,1144.3866899249358,-374.23668992493583
1538.57,2148.5456863205964,-609.9756863205964
1384.71,2325.761585232101,-941.0515852321009
7079.41,5503.633133476847,1575.7768665231524
886.41,4539.638203786593,-3653.2282037865934
1643.97,2174.6198575766675,-530.6498575766675
3183.28,3199.183581953389,-15.903581953388766
5818.29,3037.5465958066893,2780.7434041933107
1163.84,832.2381799485754,331.6018200514245
1444.97,3641.5234853294196,-2196.5534853294193
2517.53,3431.017254768751,-913.487254768751
1966.48,2126.5987400847334,-160.11874008473342
3450.78,2751.2732871285857,699.5067128714145
3383.41,2008.6281114698809,1374.781888530119
5089.85,3333.4148618384406,1756.4351381615597
1275.55,1864.7268372940407,-589.1768372940408
1036.33,2451.0473596426264,-1414.7173596426264
3035.67,1797.534338311053,1238.135661688947
2065.27,3572.208719219987,-1506.938719219987
1236.76,1165.4074011186044,71.35259888139558
2085.47,2532.4650682066494,-446.99506820664965
3748.63,4137.821767576181,-389.1917675761806
1166.58,1412.7502042426006,-246.17020424260068
813.95,3144.3769968367906,-2330.4269968367907
6065.13,6388.327992310104,-323.1979923101035
15116.85,7679.97054346669,7436.87945653331
1690.56,1585.9770436949393,104.58295630506063
647.89,545.2207919905533,102.66920800944672
7329.04,7145.18918374482,183.85081625517978
813.64,1365.9494163903828,-552.3094163903828
595.78,1168.581776724063,-572.8017767240631
1027.68,2695.920251840494,-1668.240251840494
1649.12,2726.706856084888,-1077.586856084888
1584.64,1784.4244678735963,-199.7844678735962
2017.67,2625.5474613192564,-607.8774613192563
748.56,987.8002072599027,-239.24020725990272
6980.84,6975.705296604006,5.134703395993711
7375.91,11374.818478681735,-3998.908478681735
1186.07,2404.986483020784,-1218.916483020784
895.92,1384.9619931167128,-489.0419931167129
1323.61,3554.9239616202503,-2231.3139616202507
2756.39,5327.445028869404,-2571.0550288694044
4398.3,8808.015132663386,-4409.715132663386
849.67,1818.5028069468403,-968.8328069468404
2261.7,-36.311512977831796,2298.0115129778314
3178.22,1463.6180523178848,1714.601947682115
955.6,2814.748516421311,-1859.148516421311
7972.47,7067.349291801591,905.1207081984094
9599.64,7341.190533183022,2258.4494668169773
913.13,1823.3535637807772,-910.2235637807772
1113.44,4538.503147439476,-3425.0631474394763
1417.18,5120.787639968828,-3703.607639968828
1492.98,3614.740531685247,-2121.760531685247
3166.63,1698.0096432273065,1468.6203567726936
4312.86,3491.309713027163,821.5502869728366
6763.17,5311.836998122517,1451.3330018774832
3626.51,3799.1382044012903,-172.62820440129008
914.18,2170.4130311241643,-1256.2330311241644
1233.64,2393.605716913474,-1159.9657169134741
1379.07,1426.6492582013555,-47.579258201355515
801.25,2179.132464906717,-1377.882464906717
3511.08,5038.079762179494,-1526.9997621794937
1348.03,2083.0301137612223,-735.0001137612223
568.03,1956.1079151699014,-1388.0779151699014
3773.33,7379.408807169291,-3606.0788071692914
2236.06,2922.486112441961,-686.4261124419609
6257.58,3037.8829747348213,3219.6970252651786
612.77,621.0095489446705,-8.23954894467056
2125.58,1304.8362024004773,820.7437975995226
4737.09,4187.210409135192,549.879590864808
1511.48,1560.166811645002,-48.68681164500208
6439.63,5828.5417702631585,611.0882297368416
834.36,2083.1700665964822,-1248.810066596482
2585.5,2901.902908464725,-316.402908464725
2826.29,1903.1206966479845,923.1693033520155
2662.95,2218.24196533987,444.70803466012967
1379.7,1448.7664096317542,-69.06640963175414
3268.2,3126.3446714622387,141.85532853776112
4764.42,5216.182593776446,-451.762593776446
8351.07,7462.193761757209,888.8762382427904
2646.42,1960.825426764049,685.594573235951
3583.8,1667.3517771236836,1916.4482228763165
14267.91,4349.915002162428,9917.994997837572
2388.31,2727.327327730357,-339.017327730357
1218.54,723.8511813367634,494.6888186632366
1573.35,2149.9912598468272,-576.6412598468273
575.48,1204.2581930696413,-628.7781930696412
8954.31,6655.797991828698,2298.512008171301
2968.2,4246.259116065676,-1278.0591160656759
1574.57,2863.737429785461,-1289.1674297854609
6654.87,2236.8539226907023,4418.0160773092975
686.4,-49.87057881989472,736.2705788198947
1724.14,3305.5136969080118,-1581.3736969080117
801.36,3149.018294315574,-2347.658294315574
686.82,429.9642977335625,256.85570226643756
2077.9,1412.432860859208,665.4671391407921
1203.55,1359.4936373681428,-155.94363736814284
750.0,2763.1634561069973,-2013.1634561069973
8454.41,8012.374163228116,442.0358367718836
1088.85,2367.9813248235364,-1279.1313248235365
2390.59,3197.7991696776294,-807.2091696776292
8139.87,5464.726546488329,2675.1434535116705
2192.59,2034.1725120712395,158.4174879287607
2401.37,1519.5057601589451,881.8642398410548
1092.16,3020.5705698904953,-1928.4105698904953
1514.05,239.77402390071734,1274.2759760992826
17647.79,9765.553706725226,7882.236293274775
6975.35,6209.478680498603,765.871319501397
6021.69,4222.228321345323,1799.4616786546767
3085.79,2140.989965283703,944.800034716297
833.87,2266.4265011153125,-1432.5565011153126
1497.28,2464.7195409028127,-967.4395409028127
1045.86,1836.277054146216,-790.4170541462161
6449.39,5543.164556803484,906.2254431965166
986.34,996.9013867970186,-10.5613867970186
1208.18,1860.5760530469206,-652.3960530469205
1365.8,3331.3969947555966,-1965.5969947555966
2264.63,3121.2792172636186,-856.6492172636185
1803.74,979.1950605383804,824.5449394616196
3841.29,3434.316692055383,406.97330794461686
9583.07,6525.508141862301,3057.5618581376984
2471.83,6292.464165339714,-3820.634165339714
609.65,469.7507291469907,139.89927085300928
905.22,1038.5460929868304,-133.32609298683042
2005.08,1234.0756438780581,771.0043561219418
1461.56,1565.1736554032111,-103.61365540321117
1966.67,3591.1080520851674,-1624.4380520851673
2184.78,2464.147398463614,-279.3673984636139
421.36,3014.932122407974,-2593.572122407974
1175.59,1901.6020810385417,-726.0120810385417
1780.13,2405.518098195189,-625.3880981951888
1031.78,934.7153109249696,97.0646890750304
2731.15,3508.344558938226,-777.1945589382258
9448.79,7390.98300562069,2057.8069943793107
5740.76,3237.254293079329,2503.5057069206714
2727.93,2683.6783784733,44.25162152669964
2548.05,1088.632066950846,1459.4179330491543
9612.96,5530.0516112740825,4082.9083887259167
941.95,2030.1916879651571,-1088.241687965157
6064.14,3204.0158511911072,2860.124148808893
2650.77,3243.6420609105107,-592.8720609105108
849.31,661.6844363557035,187.62556364429645
858.31,2620.228420449197,-1761.9184204491971
2808.68,1992.0447907368502,816.6352092631496
1114.59,1881.1517855716493,-766.5617855716494
864.33,921.2965569895598,-56.96655698955976
749.31,1883.5815629973426,-1134.2715629973427
2285.94,3047.337530482951,-761.397530482951
1529.06,2285.6719792445065,-756.6119792445065
3378.28,5127.494122053835,-1749.2141220538347
7082.48,4751.156592218431,2331.3234077815687
1600.78,2642.195813590338,-1041.4158135903378
385.04,991.9676958036116,-606.9276958036116
1621.44,1444.58183758067,176.85816241933003
1738.22,4717.414922246035,-2979.1949222460344
5110.59,4197.016422979106,913.5735770208939
3015.93,3203.277599247187,-187.3475992471872
2605.5,1571.6818401758696,1033.8181598241304
2406.11,2358.312558134648,47.797441865352084
1660.23,-433.6615545334823,2093.891554533482
2233.23,1323.1194628934386,910.1105371065614
1080.0,976.5691878186956,103.43081218130442
1271.8,1871.557699692235,-599.7576996922351
643.82,1654.1092151921464,-1010.2892151921463
676.0,1448.471529411352,-772.4715294113521
1941.27,2307.6687692913833,-366.39876929138336
1573.87,3755.9852284186322,-2182.1152284186323
928.48,1321.2348599861748,-392.7548599861748
3074.59,2406.948306081668,667.6416939183323
563.76,81.02420929010458,482.7357907098954
8188.11,9208.9324199151,-1020.8224199151
2411.32,1942.1408578954824,469.1791421045177
1200.07,2064.5085793336466,-864.4385793336467
3144.18,2074.3174683478255,1069.8625316521743
776.02,1302.8197223080208,-526.7997223080208
1916.18,2035.6237500727361,-119.44375007273607
1167.28,1423.456492842698,-256.17649284269805
4110.13,2519.948087204716,1590.181912795284
1510.95,2499.7919654564553,-988.8419654564552
1220.13,812.1191477717423,408.0108522282578
4423.87,2179.875894845145,2243.994105154855
2994.4,1744.57020978646,1249.82979021354
9573.66,3237.6667605043554,6335.993239495645
509.94,1522.2757061447185,-1012.3357061447184
7535.43,5470.516531817033,2064.9134681829673
604.01,1805.6804173244172,-1201.6704173244173
1212.48,2064.955689930945,-852.475689930945
5697.79,7881.104765103602,-2183.3147651036024
2720.71,3269.396885693516,-548.6868856935162
6360.02,4991.832421037812,1368.1875789621881
913.25,2389.5160832206743,-1476.2660832206743
2527.79,3242.9099223047224,-715.1199223047224
1259.8,195.28915325045006,1064.51084674955
6160.33,6769.174936754704,-608.8449367547037
1290.02,4511.500193883168,-3221.4801938831683
1465.91,1896.1885664291617,-430.27856642916163
727.13,794.1964611230999,-67.06646112309988
6675.0,7389.747803897313,-714.7478038973131
1808.13,2239.239689338978,-431.1096893389781
1781.17,1543.9288428665302,237.24115713346987
3469.34,8172.673703093737,-4703.333703093736
1016.1,820.3212463297593,195.7787536702407
2948.32,2770.3050588242804,178.01494117571974
2606.62,3660.548498078743,-1053.928498078743
17312.88,9417.968542937413,7894.911457062588
3649.23,1974.2766147525967,1674.9533852474033
1009.47,1107.5138311221137,-98.04383112211372
2663.73,1642.7813467773283,1020.9486532226717
4638.06,4370.758394596141,267.30160540385896
1128.68,927.5662585645834,201.1137414354166
966.09,9006.209732644505,-8040.119732644505
5789.58,3759.9994668038375,2029.5805331961624
1036.61,2931.472054368653,-1894.8620543686532
915.82,826.5887179126041,89.23128208739593
1836.31,2262.69775119207,-426.38775119207
1336.72,1735.2528927608341,-398.5328927608341
1531.83,3277.2162125131194,-1745.3862125131195
874.4,3382.1495707822264,-2507.7495707822263
4015.57,5069.414703217839,-1053.8447032178387
8355.06,4449.233095230589,3905.8269047694102
3178.97,2835.855282096454,343.1147179035456
5139.57,2939.212265184972,2200.357734815028
1299.33,439.2562335230044,860.0737664769955
864.57,986.4740321200284,-121.90403212002832
6156.97,4914.82037823437,1242.1496217656304
3305.59,1858.4082380558157,1447.1817619441845
1003.98,2348.6743880745407,-1344.6943880745407
1282.96,989.8718111423655,293.0881888576346
12162.78,5710.068980961072,6452.7110190389285
5579.06,1939.7751500046925,3639.284849995308
2732.27,7302.034888606053,-4569.764888606052
563.76,1501.900562342673,-938.1405623426731
3365.55,4143.160329603346,-777.6103296033461
1225.46,1532.022192332343,-306.5621923323429
2606.56,2970.571901539746,-364.01190153974585
1076.85,1206.1421142606666,-129.29211426066672
2238.46,1963.5938273351562,274.8661726648438
970.29,3032.5635436755233,-2062.2735436755233
5165.0,1489.6625978262437,3675.3374021737563
1082.51,1041.9059264368036,40.60407356319638
588.1,3166.052662008067,-2577.952662008067
4240.72,4995.889763708999,-755.1697637089992
5703.83,7133.558831334514,-1429.7288313345143
1851.63,3107.031223129239,-1255.401223129239
2862.05,5981.052800469251,-3119.0028004692513
4708.41,4614.141542134341,94.268457865659
1108.78,2025.8493044801157,-917.0693044801158
1356.57,2721.6180174048745,-1365.0480174048746
2246.91,2984.2961595237166,-737.3861595237167
993.33,1563.0074827053966,-569.6774827053965
3094.42,2552.4525450245696,541.9674549754304
3353.88,3725.0442902127284,-371.16429021272825
1133.77,560.2643455366946,573.5056544633054
2795.56,3414.6966211567187,-619.1366211567188
686.64,1975.1855091373,-1288.5455091373
8466.14,6138.528943414885,2327.611056585114
1302.54,1338.3462664538554,-35.806266453855415
1144.18,1682.6339815295162,-538.4539815295161
2554.41,917.8082591130105,1636.6017408869893
2181.67,4652.9924098147985,-2471.3224098147984
990.16,1836.345158576583,-846.1851585765829
1437.07,2697.9260267132117,-1260.8560267132118
5566.47,4276.26193529245,1290.20806470755
1388.11,3529.1768861581577,-2141.066886158158
902.91,1931.5432909469796,-1028.6332909469797
2482.38,2288.519091135499,193.8609088645012
2087.23,1640.6414099253398,446.58859007466026
6548.79,5851.243847689142,697.5461523108579
3577.5,2722.2249211027215,855.2750788972785
4540.11,3112.212797401701,1427.8972025982985
2934.18,4499.005205636955,-1564.8252056369552
5389.66,4057.5354509004505,1332.1245490995493
408.91,1751.9015220156298,-1342.9915220156297
2988.95,4441.857259317943,-1452.9072593179435
3454.03,2845.202648834831,608.8273511651691
8283.74,7760.553075677757,523.1869243222427
1446.07,832.6301638622069,613.439836137793
1330.16,1161.2516345430754,168.90836545692468
860.2,3941.992649956515,-3081.7926499565147
3006.64,7312.860607758566,-4306.220607758567
545.57,2624.472467400261,-2078.902467400261
2499.15,2862.7861349047625,-363.63613490476246
3122.79,2781.994001418498,340.79599858150186
11155.69,11922.973702001927,-767.2837020019269
931.48,980.0303502732968,-48.55035027329677
2811.33,3053.0136436073994,-241.68364360739952
3793.76,5799.750455224659,-2005.990455224659
1521.33,1619.9497983695217,-98.61979836952173
4640.16,1367.5391512229778,3272.620848777022
2104.79,2039.444428504104,65.34557149589591
7052.05,6961.702063098528,90.34793690147217
697.0,3029.466817672063,-2332.466817672063
23075.22,10445.239109359773,12629.980890640229
851.86,1263.6392496911092,-411.77924969110916
3283.29,2246.8527612457265,1036.4372387542735
1178.1,3360.5258660442146,-2182.4258660442147
9064.81,5774.588102532774,3290.221897467225
3465.22,3471.1385265320487,-5.9185265320488725
2404.37,4223.573948089037,-1819.203948089037
2506.05,3383.787955804351,-877.7379558043508
3044.08,3298.1481832445556,-254.0681832445557
3527.91,2682.620186253613,845.2898137463867
2576.97,3566.6254953587413,-989.6554953587415
4359.41,3140.982867609795,1218.4271323902049
4704.79,1008.2263165687204,3696.5636834312795
16336.82,6274.183347638393,10062.636652361607
719.78,1089.8801207658312,-370.1001207658312
663.38,2905.3118016754615,-2241.9318016754614
1657.08,810.2353886485846,846.8446113514153
2074.27,3283.356771406109,-1209.0867714061092
280.08,3102.3344903798716,-2822.2544903798716
1315.14,902.9514618974692,412.18853810253086
1617.12,644.1887844778307,972.9312155221692
3377.64,1919.1429037031548,1458.497096296845
2881.33,2106.9025516438264,774.4274483561735
6492.05,8323.257530920433,-1831.2075309204329
5727.15,2561.219496172448,3165.9305038275515
685.42,2190.738602746513,-1505.318602746513
2764.35,2934.757452242356,-170.40745224235616
11793.05,6235.91869210193,5557.131307898069
937.33,1308.4765516255263,-371.1465516255263
3805.09,2104.4831109652605,1700.6068890347397
5436.48,2242.6278342886194,3193.85216571138
2261.27,1511.5321573009073,749.7378426990927
2499.25,2435.9101897272917,63.33981027270829
7077.89,4053.4023423975855,3024.487657602415
669.42,1740.2790235978864,-1070.8590235978863
1627.46,129.9153425460368,1497.5446574539633
1603.01,2474.939176054757,-871.9291760547569
724.67,1969.4629370093544,-1244.7929370093543
4754.13,7035.399376866195,-2281.2693768661948
6053.69,3842.6358990857248,2211.054100914275
609.0,927.4554401227931,-318.4554401227931
3070.07,1623.9297605466631,1446.140239453337
2623.3,2474.6884140628904,148.6115859371098
2797.06,4076.3687384895543,-1279.3087384895543
6845.48,6043.726307076582,801.7536929234175
1762.31,3206.404515231108,-1444.0945152311078
1192.27,1808.9938956082638,-616.7238956082638
1302.28,3712.1146987298002,-2409.8346987298
929.55,2086.602507863939,-1157.0525078639391
2594.69,1643.7050488623756,950.9849511376244
3068.06,1932.2829352614913,1135.7770647385087
2678.75,2544.8079295684333,133.94207043156666
3711.06,3059.596378103635,651.4636218963651
2746.77,1754.2513814883096,992.5186185116904
4354.33,4751.327275793543,-396.99727579354294
1711.74,2339.740934860714,-628.0009348607139
3096.24,4459.572064798085,-1363.3320647980854
1788.15,2185.018435272588,-396.8684352725877
1858.54,2055.9286718235385,-197.38867182353852
8506.13,7526.452627932749,979.67737206725
8538.99,3455.992992823628,5082.997007176372
611.37,2212.9842093763764,-1601.6142093763765
1030.35,1550.9885631046798,-520.6385631046799
849.14,1353.6477688108719,-504.5077688108719
7916.83,3787.642280328371,4129.187719671629
5134.12,5175.208566723775,-41.08856672377533
1979.32,574.8012492560134,1404.5187507439864
703.1,1545.1376735158378,-842.0376735158378
2851.23,1117.5340240505839,1733.6959759494162
3778.67,2967.44451457278,811.2254854272201
2399.21,2203.152089317618,196.05791068238204
7103.17,4067.699429855444,3035.470570144556
1042.94,1609.7223091292649,-566.7823091292648
976.97,2354.3661542376185,-1377.3961542376185
4123.19,2503.845356462114,1619.3446435378855
3235.4,2449.101835662076,786.2981643379239
1181.16,1919.1103770462555,-737.9503770462554
3217.13,2516.4440474602834,700.6859525397167
1054.8,1727.7223801886573,-672.9223801886574
1474.07,2623.596426514295,-1149.5264265142953
691.58,1881.9395472872116,-1190.3595472872116
879.14,634.6604718985077,244.4795281014923
8193.14,3879.6524378345343,4313.487562165465
684.52,2370.2507370295466,-1685.7307370295466
13632.0,6641.382665366891,6990.617334633109
2710.89,582.3505949513611,2128.539405048639
600.83,959.4442264421134,-358.61422644211336
3148.9,3962.70754907741,-813.8075490774099
2698.68,4416.473209560923,-1717.7932095609235
677.7,2210.207290745884,-1532.5072907458841
8208.67,7472.365559210941,736.3044407890593
563.76,1891.6038981602283,-1327.8438981602283
5135.65,4833.966671886585,301.683328113415
3030.39,1837.392279335079,1192.997720664921
8598.3,6700.675342513781,1897.624657486218
2752.44,3521.258266793189,-768.8182667931887
3802.3,2794.942315360768,1007.357684639232
14530.86,10802.7458157688,3728.114184231201
1816.69,3322.7986238542303,-1506.1086238542302
1005.89,588.0562005145274,417.8337994854726
3879.81,2551.1876547168877,1328.6223452831123
3767.73,4337.775935622703,-570.0459356227034
6954.14,7426.284508992512,-472.1445089925119
1065.2,474.6014063437591,590.598593656241
1184.33,1025.3701807046623,158.95981929533764
2638.55,1642.7999636818147,995.7500363181855
1511.51,1931.035352386537,-419.52535238653695
1642.2,3667.3404603238514,-2025.1404603238514
1485.33,2995.4691455857264,-1510.1391455857265
1413.3,1182.1563322595916,231.14366774040832
4669.14,3862.3476511471576,806.7923488528427
808.26,1397.48239793291,-589.2223979329101
5885.91,4057.7699892476353,1828.1400107523646
3553.07,2645.1031251940603,907.9668748059398
2307.53,3556.499304714063,-1248.9693047140627
1585.0,1034.9389217314979,550.0610782685021
785.31,1597.6322519321957,-812.3222519321957
1491.93,2250.1359855340197,-758.2059855340196
1073.2,1164.8825191878545,-91.6825191878545
5517.84,4311.433117042943,1206.406882957057
960.73,2652.7745175812765,-1692.0445175812765
3485.53,2838.9165490469013,646.6134509530989
715.13,2338.7129169323402,-1623.5829169323401
3470.06,3630.899953154544,-160.83995315454422
6164.98,4105.229802505692,2059.750197494308
965.2,1704.7344388831905,-739.5344388831904
891.5,1342.0577536866417,-450.5577536866417
5277.33,4107.830034755934,1169.4999652440656
6392.67,4732.32432274416,1660.3456772558402
2356.51,2398.2322951416977,-41.72229514169749
5000.52,3087.265370336208,1913.2546296637925
801.86,547.4650123336647,254.39498766633528
2041.51,2987.950392680059,-946.440392680059
1768.42,661.4979609795889,1106.9220390204111
997.15,1161.261807847675,-164.1118078476751
867.74,2202.660230213239,-1334.9202302132392
7517.04,4120.51357945987,3396.52642054013
3577.45,2370.496525531692,1206.9534744683078
687.83,1367.467113297156,-679.6371132971559
3710.12,2287.9017261481117,1422.2182738518882
6978.69,5603.483529462617,1375.2064705373823
10239.88,5326.30745309023,4913.572546909769
2489.58,3568.029419640838,-1078.4494196408382
781.83,3316.3833094475153,-2534.5533094475154
1476.35,1385.9060861169944,90.44391388300551
5609.37,3932.0761995002345,1677.2938004997654
1442.44,2133.415986616872,-690.975986616872
1817.87,1543.4810087820226,274.38899121797726
593.46,602.673835467818,-9.213835467817944
7620.23,9409.836767314957,-1789.6067673149573
3432.0,2758.5128151684594,673.4871848315406
2764.3,3392.790949634546,-628.4909496345458
825.79,1465.87501969602,-640.08501969602
1110.71,420.9786698006927,689.7313301993073
2839.38,6427.786513798128,-3588.406513798128
1343.36,4179.516360029747,-2836.1563600297477
2570.8,3075.710876766263,-504.91087676626285
1019.36,1951.790310292854,-932.430310292854
1421.02,4318.391789452473,-2897.371789452473
2333.65,1545.7976472489993,787.8523527510008
2067.81,3135.5932172526013,-1067.7832172526014
4313.72,3778.0075961602697,535.7124038397305
1096.17,1821.630776478305,-725.460776478305
2485.97,2360.933272271109,125.03672772889058
2885.62,2535.6148690526584,350.0051309473415
3234.84,2941.8710937713595,292.96890622864066
3315.84,2773.971716588511,541.8682834114893
3799.21,6344.043673619064,-2544.833673619064
879.25,1468.7186195074548,-589.4686195074548
1527.7,3765.5837826450866,-2237.8837826450863
847.91,1994.7556895515568,-1146.845689551557
2437.29,3075.491512296556,-638.2015122965558
1691.4,2876.6048120339765,-1185.2048120339764
2743.35,2756.6442361066743,-13.294236106674362
1443.93,2915.0023458228984,-1471.0723458228983
1162.48,1907.4745881003641,-744.9945881003641
1708.25,3175.091041648641,-1466.8410416486408
1343.28,1796.8560291698846,-453.5760291698846
1934.45,2385.8118372349077,-451.3618372349076
3398.35,1623.3308083098116,1775.0191916901883
5041.26,2294.774571754272,2746.485428245728
9431.57,8312.112442460091,1119.4575575399085
7781.33,4432.752524388494,3348.577475611506
2065.84,2804.0914701845363,-738.2514701845362
1021.55,69.62598856317112,951.9240114368288
1434.19,2134.213875680597,-700.023875680597
5286.88,2772.3757954667453,2514.504204533255
6006.25,2481.5709523807227,3524.6790476192773
1536.49,1442.1773044490938,94.31269555090626
1966.39,1612.9858984575756,353.40410154242454
1765.16,2048.459167596168,-283.29916759616776
2421.53,3121.2013896838575,-699.6713896838573
5814.71,3627.545436966904,2187.164563033096
2859.95,1765.0269527330433,1094.9230472669565
2069.48,2528.942836969336,-459.46283696933597
666.8,152.28404356536646,514.5159564346335
1331.53,1645.878609925549,-314.348609925549
2013.48,1371.85904694608,641.62095305392
2928.65,3489.010920586554,-560.3609205865541
9223.81,7030.830962674419,2192.97903732558
1186.84,742.7740510460962,444.06594895390367
3727.15,3571.972799870574,155.17720012942618
2125.18,5363.893989637751,-3238.7139896377507
5176.93,3639.54328947074,1537.3867105292602
822.74,905.0153552585541,-82.2753552585541
4531.01,3983.5153505133553,547.4946494866449
2166.63,3323.3670464780366,-1156.7370464780365
4150.08,1319.400389824328,2830.6796101756718
2293.88,2082.958414352177,210.92158564782312
5884.07,9933.857364042824,-4049.7873640428243
2743.2,4998.259063207559,-2255.059063207559
1739.26,5346.014626599781,-3606.7546265997807
3983.13,1694.595309977728,2288.534690022272
1771.43,3552.182046836868,-1780.7520468368677
897.15,895.8080693934664,1.3419306065335377
5800.04,4621.222404949658,1178.8175950503419
3517.37,3697.2224926131616,-179.85249261316176
7378.29,7350.485779820101,27.804220179898948
3958.8,2951.048940165304,1007.7510598346962
2713.67,1801.0381798462672,912.6318201537329
3629.6,3848.050369067007,-218.45036906700716
2573.05,3880.161489915408,-1307.1114899154077
2324.22,1490.8774707782582,833.3425292217416
4412.44,5200.666461498457,-788.226461498457
1040.14,-104.21509882460259,1144.3550988246027
11132.43,11923.035139498674,-790.6051394986735
2882.62,6964.061526172443,-4081.4415261724434
2305.68,1067.8739566513837,1237.8060433486162
3467.85,2090.8000229200256,1377.0499770799743
1628.72,-108.41987074445069,1737.1398707444507
439.53,488.15482127237703,-48.62482127237706
1917.0,4130.594176777831,-2213.5941767778313
1262.65,2580.143808264544,-1317.493808264544
3738.52,6852.344880716819,-3113.824880716819
1666.88,1936.2986488488714,-269.41864884887127
2574.77,1006.6421750997274,1568.1278249002726
5016.46,7165.210784115157,-2148.7507841151573
3233.75,3717.663861800282,-483.9138618002821
926.71,1694.267884527365,-767.5578845273649
5295.9,4919.4364933769575,376.4635066230421
1639.98,2032.0757155357237,-392.0957155357237
2842.8,4358.191738769314,-1515.3917387693136
1525.92,1536.3457210438692,-10.425721043869089
3629.9,2427.8938542130068,1202.0061457869933
547.25,-164.68139772788075,711.9313977278807
3482.17,2506.691739027449,975.4782609725512
3219.2,4376.846166529427,-1157.6461665294273
2074.83,2740.7342488881072,-665.9042488881073
1319.22,2696.6690968966273,-1377.4490968966272
6801.14,3799.204803251658,3001.935196748342
702.03,901.7878638042289,-199.75786380422892
4264.57,2787.6660043527268,1476.903995647273
3183.64,2609.2947267696773,574.3452732303226
19811.44,13284.712779688682,6526.727220311317
905.82,1267.6646718605596,-361.8446718605595
593.85,2292.6287095349808,-1698.7787095349809
3702.84,4247.113242923702,-544.2732429237021
2715.19,3264.804488513038,-549.6144885130379
2176.5,2120.1049945981126,56.395005401887374
1089.1,1010.42669527517,78.6733047248299
512.01,2446.099849122068,-1934.089849122068
1302.97,835.1763640377194,467.79363596228063
8854.17,8314.53171831942,539.6382816805799
4248.81,4386.267199891892,-137.45719989189183
3940.82,2791.2292172329,1149.5907827671003
4470.55,1597.8431436857095,2872.7068563142907
5201.75,7147.428795930959,-1945.6787959309586
4872.29,2439.935291576495,2432.354708423505
961.76,816.6471441188744,145.1128558811256
7167.97,2885.5744487288407,4282.39555127116
2370.79,2184.4362038466234,186.3537961533766
3258.79,3166.6108446450075,92.17915535499242
1994.91,2698.278333257965,-703.3683332579651
2218.58,3321.0471440135266,-1102.4671440135266
867.89,180.05749655273405,687.8325034472659
1739.42,3979.5029233902037,-2240.0829233902036
723.94,1884.4673595028771,-1160.527359502877
8216.86,2969.5924030360284,5247.267596963972
2709.1,968.0000868280026,1741.0999131719973
1844.52,2059.3333422430155,-214.81334224301554
2093.7,2319.1538105802774,-225.4538105802776
9132.81,6812.801357568664,2320.008642431336
2110.39,2065.223942797249,45.166057202750835
624.73,2092.1766884248236,-1467.4466884248236
1103.58,2658.2751449904126,-1554.6951449904127
1275.16,2192.327438511583,-917.1674385115828
4482.2,5084.871771522858,-602.6717715228579
1728.91,2909.125164440437,-1180.2151644404369
7910.67,5198.259369789181,2712.4106302108194
4403.7,4525.323999859302,-121.62399985930188
4929.32,3900.584180998994,1028.735819001006
2721.2,3228.027525327122,-506.8275253271222
875.0,1463.532121019052,-588.532121019052
4568.68,6410.8190738607445,-1842.1390738607442
1673.4,4169.677933263838,-2496.277933263838
4187.88,3094.848593603999,1093.0314063960013
2660.63,4771.074771313331,-2110.4447713133313
943.72,1786.2310501378602,-842.5110501378601
4771.64,3207.334499908087,1564.3055000919135
3004.73,3933.043060806485,-928.3130608064848
1696.72,1885.7899008166319,-189.06990081663184
5999.19,5901.888399879157,97.30160012084252
1526.27,1775.3035808441437,-249.03358084414367
4626.12,3080.4729791406126,1545.6470208593873
526.87,1723.1664383115706,-1196.2964383115705
10340.38,9984.937665082974,355.4423349170247
2462.52,3923.3550163991745,-1460.8350163991745
1106.7,2234.5129463706617,-1127.8129463706616
4113.43,4755.025664809551,-641.5956648095507
1763.41,1892.4761345944103,-129.0661345944102
1674.87,884.5175765762478,790.352423423752
1594.02,2878.8069674256776,-1284.7869674256776
2489.93,2034.7260705064377,455.2039294935621
2750.98,2691.537268475045,59.44273152495498
2040.48,2108.3301365509656,-67.85013655096554
2097.97,1397.5846350940587,700.3853649059411
3369.9,3372.4653462249703,-2.565346224970199
413.31,762.8428855764209,-349.53288557642094
2262.9,1973.9178422341815,288.98215776581856
2777.47,2185.0461299003305,592.4238700996693
602.84,2440.829087853492,-1837.989087853492
6267.97,5043.133248069495,1224.8367519305057
2117.85,1460.5712537745983,657.2787462254016
1311.23,2116.597245632468,-805.367245632468
1069.33,2253.517509886168,-1184.1875098861683
1326.37,1970.3613416449198,-643.9913416449199
713.71,1859.5707439938742,-1145.8607439938742
1553.45,1585.3673268118152,-31.9173268118152
461.49,481.5999676879526,-20.109967687952576
2926.55,1168.073475276729,1758.4765247232713
1988.12,2178.485064060181,-190.36506406018088
4289.0,4257.932170413715,31.06782958628537
2482.67,1689.718226051085,792.9517739489152
3106.21,721.8524655360525,2384.3575344639476
1101.2,1884.7186211824237,-783.5186211824237
2909.01,4037.55299231906,-1128.54299231906
1806.62,2202.7925402480287,-396.1725402480288
4744.38,5474.059665298893,-729.6796652988933
4834.75,2858.12909397602,1976.6209060239798
1435.14,2200.335244049445,-765.1952440494449
5394.32,1949.2829653405424,3445.0370346594573
2512.71,5194.119885975379,-2681.4098859753785
721.91,1524.2835236844592,-802.3735236844592
516.79,834.4769088116557,-317.6869088116557
6807.79,5506.836585741863,1300.953414258137
1298.84,2506.26298633553,-1207.4229863355301
3131.25,4101.804100479967,-970.554100479967
6252.63,7133.081579296939,-880.4515792969387
8787.79,8414.492692013395,373.29730798660603
1210.14,2564.8360335637303,-1354.6960335637302
10965.17,11767.989684858889,-802.8196848588886
4491.27,7172.9121573592,-2681.6421573591997
1158.57,442.2154416719228,716.3545583280771
3045.6,1762.1576775084486,1283.4423224915513
5159.54,3850.219885355334,1309.3201146446659
1676.45,2503.2280676761575,-826.7780676761574
3167.41,2900.4320894743946,266.97791052560524
1114.79,3072.4869898089105,-1957.6969898089105
2738.17,2527.77502858743,210.39497141257016
1434.54,1806.7729123584909,-372.2329123584909
5417.5,4620.0042424672065,797.4957575327935
4037.72,5206.093290592509,-1168.3732905925094
3578.47,2718.2420880020422,860.2279119979576
2566.21,594.2302961509188,1971.9797038490813
1299.3,2997.1923392969484,-1697.8923392969484
719.14,1573.1945736176995,-854.0545736176995
2645.94,2008.7841564772016,637.1558435227985
4689.92,5005.204653094781,-315.2846530947809
1341.73,981.8374190316968,359.89258096830326
1574.53,2549.4419827933775,-974.9119827933775
2085.28,1846.0204736963974,239.2595263036028
2933.51,2003.510748437047,929.9992515629533
4051.89,5817.039559023142,-1765.149559023142
3565.41,6022.133470594794,-2456.723470594794
1379.49,1035.857110444392,343.632889555608
1698.81,1096.0641395185,602.7458604814999
943.25,890.9361528180164,52.31384718198365
2692.32,1732.0981358708837,960.2218641291165
3852.79,2640.086804622872,1212.703195377128
2696.58,6965.115450063908,-4268.535450063908
1157.45,1488.564057759642,-331.11405775964204
5890.9,4363.168331847932,1527.7316681520679
2877.4,2632.166300773397,245.23369922660322
2476.8,1692.4360119856735,784.3639880143267
4959.39,4779.410380987469,179.97961901253166
1563.56,3567.391409512551,-2003.831409512551
6404.09,4092.09517363678,2311.99482636322
1422.75,2594.6185179893714,-1171.8685179893714
1255.92,330.20166577453074,925.7183342254693
2372.06,2277.4386432484916,94.6213567515083
483.24,1526.983761906718,-1043.743761906718
783.96,1252.1765828344146,-468.21658283441457
411.42,-659.2478773392113,1070.6678773392114
1226.43,1591.733891739291,-365.303891739291
1746.54,3771.9239826261605,-2025.3839826261606
5116.83,872.0864940087192,4244.7435059912805
5736.39,4287.275254713248,1449.1147452867526
685.69,2274.64656138237,-1588.9565613823697
549.0,811.8666493439046,-262.86664934390456
244.82,1521.0287805849869,-1276.208780584987
4259.52,6009.714469992352,-1750.1944699923515
6159.16,5390.4856875110545,768.6743124889454
6143.89,4517.146689644964,1626.7433103550366
612.69,1370.7249072426296,-758.0349072426295
4360.82,5007.365709718537,-646.5457097185372
3905.84,5385.58030855264,-1479.7403085526403
4012.73,2076.7662680310646,1935.9637319689355
6033.64,4561.582987728723,1472.057012271277
3723.78,5157.188519885574,-1433.4085198855742
1932.75,3745.432163525683,-1812.6821635256829
2600.09,4427.633342689003,-1827.543342689003
1428.46,1049.3215495648976,379.1384504351024
6057.73,6804.385049755088,-746.6550497550888
1866.16,4152.368557555143,-2286.2085575551428
3211.0,3204.8171245617264,6.182875438273641
1394.23,2920.118237023822,-1525.888237023822
9093.79,5222.811839041329,3870.9781609586717
859.61,1141.069152742185,-281.459152742185
2185.28,5161.726946612151,-2976.4469466121504
5134.7,3194.108514569145,1940.5914854308548
2532.33,2194.5160000119467,337.8139999880532
626.29,-49.25806390761102,675.548063907611
1853.9,2578.6882450000294,-724.7882450000293
694.0,549.2143256269776,144.7856743730224
1540.53,4280.323484850382,-2739.793484850382
3184.69,8158.879813591231,-4974.189813591231
3985.56,1705.192080282295,2280.3679197177053
649.41,1318.2423005610096,-668.8323005610097
6792.78,3719.2591303530307,3073.520869646969
938.62,1214.484836979689,-275.8648369796889
2752.6,2401.1436594981924,351.4563405018075
1569.7,1520.3321517247114,49.36784827528868
6615.34,6670.704943461149,-55.36494346114887
1385.16,732.5916004290375,652.5683995709626
527.88,2708.071761317598,-2180.191761317598
4067.17,6404.280370650318,-2337.110370650318
851.07,1684.7442031533699,-833.6742031533698
2137.71,2433.027885039535,-295.31788503953476
2160.35,3780.2099471966426,-1619.8599471966427
1613.17,984.6078522882128,628.5621477117872
1724.94,1198.6668713688648,526.2731286311353
2893.42,2198.409898115324,695.0101018846763
540.2,1283.4707294020707,-743.2707294020706
1823.58,3093.1968444958047,-1269.6168444958048
1224.89,3029.8533872958265,-1804.9633872958264
843.66,1837.9063090778573,-994.2463090778573
441.55,1607.531849451079,-1165.9818494510791
984.95,2032.8534348749959,-1047.9034348749958
7493.57,7768.796661860613,-275.2266618606136
2946.13,2275.450038112249,670.6799618877512
2085.64,3131.3243751088835,-1045.6843751088836
836.01,547.5710478681968,288.43895213180315
2029.82,2538.619965228764,-508.7999652287642
2247.67,929.9137657396248,1317.7562342603753
1296.88,2722.5690613357824,-1425.6890613357823
807.02,983.7582799514043,-176.73827995140437
2005.96,3111.401150722262,-1105.4411507222621
527.53,1977.7277812027296,-1450.1977812027296
344.93,1637.926123842686,-1292.9961238426858
904.15,351.356160548656,552.793839451344
865.43,3273.6449392282757,-2408.214939228276
8838.57,4344.933431980757,4493.636568019243
12019.28,8143.471087895696,3875.808912104305
927.35,2033.6564777485619,-1106.306477748562
1526.54,2241.918957116286,-715.3789571162861
4219.19,5520.350816553646,-1301.1608165536463
1011.42,4035.1998996009966,-3023.7798996009965
610.19,3291.504310030306,-2681.314310030306
3119.58,2517.166914608658,602.4130853913421
2317.38,3400.6874904022793,-1083.3074904022792
4865.84,3737.6552091514945,1128.1847908485056
812.71,2736.9532531112823,-1924.2432531112822
827.72,1351.6834101704806,-523.9634101704805
531.58,1415.1686187163382,-883.5886187163381
6361.17,6326.834126603491,34.33587339650876
2743.58,1380.0190902737527,1363.5609097262472
2133.7,4192.764118993116,-2059.0641189931166
824.7,1444.4211173900305,-619.7211173900305
2161.73,1498.9639791580294,662.7660208419707
2046.68,352.9030778267794,1693.7769221732206
3887.69,3701.72119470424,185.96880529575992
3440.95,2033.8839971602047,1407.0660028397951
11976.85,8199.735045119452,3777.114954880548
815.1,2024.2377273659959,-1209.137727365996
575.19,3106.9910504390145,-2531.8010504390145
2327.23,3697.6224553488714,-1370.3924553488714
2287.04,2700.273113754519,-413.23311375451885
823.89,903.5996940137109,-79.70969401371087
3740.67,2303.644149487881,1437.0258505121192
2211.47,3295.040671729046,-1083.5706717290464
741.29,1955.9429933388128,-1214.6529933388128
3881.03,6547.5549759241185,-2666.5249759241183
1337.66,3395.4425944944805,-2057.7825944944807
3982.05,4810.937289520922,-828.8872895209215
677.64,1110.3577573281207,-432.7177573281207
2159.99,4864.349072306237,-2704.359072306237
1069.73,2018.7687279554902,-949.0387279554902
3644.64,3492.181875893093,152.45812410690678
566.28,1244.7508502651958,-678.4708502651958
1386.79,1531.456447433568,-144.666447433568
3313.45,2188.069108001202,1125.3808919987978
2535.08,1919.8834620663347,615.1965379336652
369.44,1318.4860795166594,-949.0460795166593
2204.58,655.7012451363807,1548.8787548636192
2741.29,3679.155123445715,-937.8651234457152
1042.49,1478.2549966093002,-435.76499660930017
1535.05,386.7397688933497,1148.3102311066502
3041.95,2256.250737818356,785.6992621816439
1686.97,4002.6251361679774,-2315.6551361679776
1620.49,3373.5927046330826,-1753.1027046330826
3823.7,2551.4019927178892,1272.2980072821106
4063.61,2866.6437872761394,1196.9662127238607
2049.67,3215.2439164021475,-1165.5739164021475
2688.52,4861.2491246339,-2172.7291246338996
928.54,1103.9504378589436,-175.41043785894362
13769.15,4310.333987360751,9458.816012639249
1091.69,1403.5652093009728,-311.87520930097276
3184.56,2248.2875842426456,936.2724157573543
2211.27,1267.7323147444476,943.5376852555523
4586.58,6539.837042395258,-1953.2570423952584
2681.51,1330.7492830494762,1350.760716950524
980.11,2110.7610374901888,-1130.6510374901886
3373.7,4283.306727239469,-909.6067272394694
1282.69,2112.5162243620803,-829.8262243620802
5210.45,2991.0127298034276,2219.437270196572
885.03,1813.0951127701082,-928.0651127701083
2271.82,2891.591834509857,-619.771834509857
1077.92,3196.4045774548395,-2118.4845774548394
2810.54,3637.800800797754,-827.2608007977542
3455.26,2483.523038201277,971.7369617987233
3285.42,3723.518520587348,-438.09852058734805
2491.99,4087.763163387072,-1595.7731633870721
5169.54,4848.309778580922,321.2302214190777
2963.55,4048.881686671733,-1085.3316866717328
557.7,210.53455502363477,347.1654449763653
8524.39,7815.876160472706,708.5138395272934
3605.41,3390.390720843589,215.0192791564109
3842.45,5641.206969759216,-1798.7569697592162
15523.43,11716.363218437966,3807.0667815620345
11170.31,6489.9838730416195,4680.32612695838
2602.97,3776.439036011514,-1173.4690360115142
3681.96,1033.035893862795,2648.924106137205
2700.53,1266.9456917543764,1433.5843082456238
1430.06,2137.4600235419907,-707.4000235419908
1943.92,1512.146259975531,431.77374002446913
6135.53,4710.429380542326,1425.100619457674
3596.66,5152.9833946252,-1556.3233946252003
2299.58,3073.41993522892,-773.8399352289202
378.25,1977.1314530323184,-1598.8814530323184
2081.48,1655.1208890257074,426.35911097429266
2504.3,2308.2569705556552,196.04302944434494
545.44,1487.6784289858765,-942.2384289858765
2070.57,4100.5445307467835,-2029.9745307467833
1919.37,3932.8091247621956,-2013.4391247621957
1734.13,1723.9099660712316,10.220033928768544
2015.97,2148.454792616048,-132.48479261604803
1609.77,461.9416282354106,1147.8283717645895
1663.08,1044.6767103663628,618.4032896336371
1554.99,894.2721247672055,660.7178752327945
14186.65,9863.026922768066,4323.623077231934
797.45,1584.950298767657,-787.5002987676569
577.16,1372.8300975902653,-795.6700975902653
2252.51,2251.5627716997597,0.9472283002405675
7509.75,1997.1832381570844,5512.566761842916
1476.96,3319.4296422248135,-1842.4696422248135
3190.75,4991.422653780206,-1800.672653780206
2392.7,2475.2329808912696,-82.53298089126974
2835.09,2273.4534474904317,561.6365525095684
915.19,3195.3297862439663,-2280.1397862439662
931.88,1327.308922983884,-395.42892298388404
6738.9,5011.070620735889,1727.8293792641107
4421.13,3988.3125901028347,432.81740989716536
965.49,1219.3626483728651,-253.87264837286511
2832.78,5271.405881457262,-2438.6258814572616
923.61,684.8478675813143,238.76213241868572
3364.5,837.1415928329861,2527.358407167014
3424.87,2863.988134499905,560.881865500095
1927.62,776.1358083798693,1151.4841916201306
986.11,1242.9841842552923,-256.87418425529233
3023.04,4017.830748580304,-994.7907485803039
4284.88,1235.7677519993779,3049.1122480006225
558.54,1110.6327445834395,-552.0927445834395
2231.02,2183.3257340307146,47.694265969285425
3072.4,2637.148612006848,435.2513879931521
556.26,3532.515085683172,-2976.255085683172
1331.93,806.7792438909337,525.1507561090664
2744.75,2377.7509831755306,366.99901682446944
863.61,2040.0374741610767,-1176.4274741610766
4064.61,3266.390461087811,798.2195389121889
1700.14,2490.99868115288,-790.8586811528801
1655.92,1900.9694307014993,-245.0494307014992
359.76,1323.9521492547833,-964.1921492547833
2238.02,3376.5285570819283,-1138.5085570819283
1172.35,1437.2489768097803,-264.8989768097804
1349.67,1893.9119563133045,-544.2419563133044
1016.91,1698.404381734536,-681.494381734536
14995.06,12068.82399715073,2926.2360028492694
1156.57,3673.8387699352083,-2517.268769935208
3231.0,2088.0844340221324,1142.9155659778676
13941.61,7117.559435070543,6824.050564929457
609.66,665.5717190946353,-55.91171909463537
762.48,944.4219423648269,-181.9419423648269
544.35,2413.9809078768635,-1869.6309078768636
936.36,2071.4665505329426,-1135.1065505329425
2381.03,3743.399984402583,-1362.3699844025828
509.84,1631.7147660326525,-1121.8747660326526
861.17,554.3830151037557,306.78698489624423
5696.69,4534.0612119212055,1162.628788078794
1200.15,984.3261239604724,215.8238760395277
4657.82,4483.365454193661,174.4545458063385
1401.62,2061.219881990591,-659.5998819905913
1409.55,1597.6089293363161,-188.05892933631617
10746.79,6285.7318040071605,4461.05819599284
497.8,1714.309243012784,-1216.509243012784
1940.38,1502.1761843872516,438.2038156127485
1279.52,1349.7154842502728,-70.19548425027278
1116.54,3105.3142638668796,-1988.7742638668797
721.9,667.4167527634471,54.48324723655287
1570.8,2574.6924336625984,-1003.8924336625985
1318.34,3351.649739247011,-2033.309739247011
3183.43,594.0045589273057,2589.4254410726944
1302.41,1459.9680212959493,-157.55802129594917
2649.2,2458.5891436053435,190.61085639465637
980.49,1039.2361388660438,-58.74613886604379
1412.06,3631.3368231012737,-2219.2768231012737
1737.68,1194.580417676924,543.099582323076
1629.69,1092.5055941272988,537.1844058727013
5418.2,4366.292593281645,1051.9074067183547
6010.74,4939.451817869149,1071.288182130851
11410.65,11561.720320602399,-151.07032060239908
4228.52,9012.509735822161,-4783.989735822161
1052.27,3640.985502582422,-2588.7155025824222
920.19,2204.2264715239353,-1284.0364715239352
1079.03,1167.2684268251717,-88.2384268251717
5278.2,3736.631773682245,1541.568226317755
7106.8,4857.682436657826,2249.1175633421744
3214.5,2852.7650999590483,361.73490004095174
3996.93,3238.6935215495237,758.2364784504762
3912.23,2073.6693780890964,1838.5606219109036
1834.51,4355.940218904489,-2521.4302189044884
3195.32,4128.831952110648,-933.5119521106476
2620.64,2244.870869919482,375.7691300805177
1278.13,4421.661681238336,-3143.531681238336
2040.48,4343.146621284315,-2302.666621284315
2631.69,1699.6157011532496,932.0742988467505
1950.76,2870.818667296262,-920.058667296262
3877.23,5351.38724402337,-1474.15724402337
5372.55,3575.9963003071066,1796.5536996928936
8798.36,6035.978829588677,2762.381170411323
2071.96,4647.565878272606,-2575.605878272606
1585.31,1345.0636336968648,240.24636630313512
1971.81,3788.337696374611,-1816.527696374611
1616.27,958.7535939105737,657.5164060894263
552.1,1202.8295970035101,-650.7295970035101
1523.55,1435.0134689385538,88.53653106144611
339.81,627.2148688034032,-287.4048688034032
173.13,1026.4232638730798,-853.2932638730798
8443.54,6342.932664180336,2100.6073358196645
739.3,1421.80291099354,-682.5029109935401
8513.68,5907.485651803616,2606.1943481963845
5931.8,4768.7657813769165,1163.0342186230837
980.53,3717.825618725869,-2737.2956187258687
1881.75,2198.4545096001834,-316.7045096001834
1453.12,651.6010286103761,801.5189713896237
15957.15,6048.476945447463,9908.673054552537
1707.5,1444.4116187793375,263.08838122066254
1250.93,2292.8474628654767,-1041.9174628654766
5965.33,4016.1287111893294,1949.2012888106706
879.23,4562.992134626951,-3683.762134626951
1625.87,1835.9032873479787,-210.03328734797878
1247.13,3296.7865953509277,-2049.6565953509275
7811.16,6277.479608525306,1533.6803914746943
3300.84,3306.9870743083443,-6.147074308344145
1132.43,1281.4854595064658,-149.0554595064657
7676.73,4771.926121319826,2904.8038786801735
4140.33,2830.9720326241313,1309.3579673758686
2753.37,4560.001361492781,-1806.6313614927813
7465.82,3750.2661765736207,3715.553823426379
8574.3,6580.777772210888,1993.5222277891116
1121.68,1964.0888106265616,-842.4088106265615
2714.41,4273.252286993578,-1558.8422869935785
1107.44,1555.4071864271816,-447.96718642718156
1691.37,2195.879995838835,-504.50999583883504
1523.93,730.4242359443324,793.5057640556677
3519.23,4594.165102760626,-1074.9351027606258
2469.6,2446.7279439887757,22.87205601122423
4304.3,3235.2079775660154,1069.0920224339848
1625.26,4213.1243280213075,-2587.8643280213073
1861.99,2581.4958022843834,-719.5058022843834
2262.02,2224.267025302494,37.75297469750603
951.54,1352.422068313879,-400.882068313879
453.2,1388.672775043307,-935.4727750433069
3380.91,2555.0204525352037,825.8895474647961
610.78,609.976134841826,0.8038651581739487
3891.84,3346.262097163819,545.5779028361812
2228.12,3133.3581602296363,-905.2381602296364
1472.02,3053.967720848177,-1581.9477208481771
1670.26,1670.4018300164832,-0.14183001648325444
6591.15,4545.817651406784,2045.332348593216
5067.05,4870.315124059469,196.7348759405313
620.89,901.6410982641198,-280.75109826411983
798.97,734.0798565915482,64.89014340845188
5324.98,6870.556897297363,-1545.5768972973638
6627.77,9475.193568774528,-2847.4235687745277
806.57,1150.3907744382007,-343.8207744382006
343.35,1388.0600470658037,-1044.7100470658038
5634.57,5151.339676404736,483.23032359526405
1958.66,4138.975312713932,-2180.315312713932
1339.38,2451.9645502767344,-1112.5845502767343
6213.63,2955.6229115135657,3258.0070884864344
2443.24,1734.6988711000445,708.5411288999553
5333.0,2545.8551998277812,2787.1448001722188
1218.05,753.3797249818631,464.67027501813686
195.18,2379.9678651818313,-2184.7878651818314
8568.7,3634.770835771076,4933.9291642289245
693.52,1310.8462120542363,-617.3262120542363
1037.64,1354.2996921758747,-316.6596921758746
1906.57,2117.784057845856,-211.2140578458559
5568.78,6505.136495041896,-936.3564950418959
3718.55,6591.6555618005805,-2873.1055618005803
821.28,1579.1164871974574,-757.8364871974575
1965.86,1569.913117036799,395.946882963201
1791.7,44.17283807085607,1747.5271619291439
535.54,697.4612617465554,-161.9212617465554
1030.11,2456.806403054893,-1426.6964030548932
2288.1,3578.3049894463356,-1290.2049894463357
14752.78,5535.123573757412,9217.656426242589
1454.54,1496.1996088287424,-41.65960882874242
2262.49,4116.444201344064,-1853.9542013440641
779.49,2092.4369644757885,-1312.9469644757885
913.31,1182.0107475193506,-268.70074751935067
3943.95,6961.504989802443,-3017.554989802443
8367.25,12890.063815961565,-4522.813815961565
472.19,1672.390812148212,-1200.200812148212
3871.88,5467.20125058691,-1595.3212505869096
2152.23,2828.4486997893573,-676.2186997893573
1685.15,1651.769590708419,33.380409291581145
2878.27,6865.536306540673,-3987.2663065406728
9818.86,3979.3615936718147,5839.498406328186
6714.52,7657.417793233712,-942.8977932337111
1532.02,3298.7433733707585,-1766.7233733707585
1837.35,853.6255827872155,983.7244172127844
5227.85,6602.48881528735,-1374.6388152873496
2085.36,2530.2326598748396,-444.8726598748394
811.1,3059.323238839117,-2248.223238839117
1220.98,2886.9733334632583,-1665.9933334632583
5405.49,6788.706419079168,-1383.2164190791682
1347.6,2193.998376342306,-846.3983763423062
2655.01,1582.6302767436725,1072.3797232563277
2075.26,478.2359778063076,1597.0240221936926
15013.38,12888.949825241616,2124.430174758383
1658.93,3237.857590860802,-1578.9275908608017
1462.64,2689.6886168897877,-1227.0486168897876
2322.58,3764.3730902170537,-1441.7930902170538
1011.4,1442.1047585394658,-430.70475853946584
4556.91,4427.579023967926,129.33097603207352
2374.05,1074.8153273479172,1299.234672652083
2520.34,962.8988981542295,1557.4411018457706
1657.13,1267.855854228056,389.2741457719442
3706.35,2726.1845555286336,980.1654444713663
1502.91,2354.51175993313,-851.6017599331301
1574.52,1614.370280814643,-39.85028081464293
5706.77,4761.692427785565,945.0775722144353
4322.78,3968.6573699414253,354.1226300585745
1045.93,1188.473850249956,-142.543850249956
2102.32,1999.1401491827464,103.17985081725374
1324.84,518.6034632118992,806.2365367881007
2455.09,3056.322491313767,-601.2324913137668
2830.9,2273.2434262908455,557.6565737091546
1095.89,2357.5166462883763,-1261.6266462883762
1378.27,2496.582218915225,-1118.312218915225
1556.75,1985.957432383398,-429.2074323833981
1883.23,2392.716424022177,-509.48642402217683
1114.83,4329.28230255625,-3214.4523025562503
378.76,1343.9160995806944,-965.1560995806944
2954.62,4503.474385617756,-1548.8543856177557
197.07,1215.792833697856,-1018.722833697856
7829.13,7395.455494077172,433.67450592282785
2335.75,1498.552648217107,837.1973517828931
2894.9,1183.287124739991,1711.612875260009
4952.3,3152.048836205402,1800.2511637945981
1567.46,811.5281914067155,755.9318085932846
3643.81,782.5013117077701,2861.30868829223
2616.63,4624.6442502278405,-2008.0142502278404
4289.98,4090.8832458837855,199.09675411621402
1099.04,1575.893661316703,-476.853661316703
5885.68,7826.093916238324,-1940.4139162383235
1650.75,2770.947880543692,-1120.197880543692
5056.38,6390.896732882971,-1334.5167328829712
2147.2,4828.478739642787,-2681.2787396427875
1069.97,1707.207931935343,-637.2379319353429
989.26,468.5873188380456,520.6726811619544
1761.73,1124.1090133793068,637.6209866206932
3374.81,2888.0289161337287,486.7810838662713
3748.98,2534.9892645435593,1213.9907354564407
2680.0,4010.256497030043,-1330.2564970300432
3486.69,2846.5786354524903,640.1113645475098
7256.32,7618.369173152818,-362.0491731528182
8646.52,4480.6025743383725,4165.917425661628
1890.46,1803.2096845706478,87.25031542935221
3095.13,5488.582894515654,-2393.4528945156535
6482.37,2337.1294301687435,4145.240569831256
11428.89,7832.736817318562,3596.153182681437
1512.04,3383.269919944595,-1871.2299199445952
898.55,2257.2732602980623,-1358.7232602980623
3055.15,2696.587439524886,358.56256047511397
958.04,568.7485407396335,389.2914592603664
1626.55,2817.568657495944,-1191.0186574959441
6537.98,6910.122312587719,-372.14231258771906
2842.53,2682.928293223884,159.60170677611632
1442.7,2390.3746707237847,-947.6746707237846
960.13,1737.5372816691315,-777.4072816691315
5138.76,5253.997615500079,-115.23761550007839
2307.17,2916.3733633568627,-609.2033633568626
1023.46,631.6089113598558,391.8510886401442
5202.59,4925.519825067182,277.0701749328182
4035.33,6091.947066959237,-2056.6170669592375
2838.17,2297.0049198621923,541.1650801378078
4592.39,3777.875954098381,814.5140459016193
1187.54,2509.254591433432,-1321.714591433432
588.2,1759.5774978748154,-1171.3774978748154
550.74,-510.1715485340626,1060.9115485340626
2535.04,2053.79437201074,481.2456279892599
7599.04,3071.470570037526,4527.569429962474
975.82,314.21789287265483,661.6021071273452
6234.55,4529.38185940547,1705.16814059453
1502.58,1776.4403291010394,-273.8603291010395
1026.29,2698.0321247745774,-1671.7421247745774
2837.93,2710.901523015484,127.02847698451569
1753.02,2011.0623233632796,-258.0423233632796
1114.16,1364.4295804436879,-250.2695804436878
3355.44,3711.220633862177,-355.7806338621767
2643.38,3514.6566575664892,-871.2766575664891
3761.55,3089.2386765640963,672.3113234359039
1073.9,3079.6093922536857,-2005.7093922536856
3052.8,1888.353920009955,1164.4460799900453
875.37,1959.0954549451135,-1083.7254549451136
4929.93,5448.911573266692,-518.9815732666921
2663.54,4711.34302987191,-2047.8030298719104
761.95,2376.230211252731,-1614.2802112527309
790.25,1322.8811641839732,-532.6311641839732
1875.11,2310.8548354654113,-435.74483546541137
335.99,2467.784106722187,-2131.7941067221873
693.18,2895.9220291135894,-2202.7420291135895
717.11,1939.0032101740212,-1221.893210174021
1824.33,2038.0021653919448,-213.67216539194487
3984.34,1281.0602011823203,2703.27979881768
523.54,2103.899954983516,-1580.3599549835162
2445.99,1544.1123709334654,901.8776290665344
3701.91,4056.2953829829235,-354.3853829829236
740.2,1772.2193736991821,-1032.019373699182
3702.53,1682.1020435356359,2020.4279564643643
580.31,293.3607358712014,286.9492641287985
4805.15,2153.8309737643303,2651.3190262356693
1509.41,1192.485741006075,316.92425899392515
8769.83,9549.651675441284,-779.8216754412842
2642.72,2967.0724728833943,-324.3524728833945
524.33,1110.648136108421,-586.3181361084211
7850.82,5798.334449655113,2052.485550344887
11092.23,2277.5934745105083,8814.636525489492
2780.44,4228.219859893679,-1447.7798598936793
1929.09,2444.2489830675872,-515.1589830675873
1957.49,1740.862949332175,216.62705066782496
6584.68,6429.443944112494,155.23605588750615
1412.06,2571.6089635224957,-1159.5489635224958
5388.35,4218.621959070819,1169.7280409291816
3173.72,2873.4947851551724,300.2252148448274
5225.7,4322.720686439119,902.9793135608807
1332.98,2335.9097495622073,-1002.9297495622072
16044.14,8552.751769176299,7491.388230823701
1353.6,1499.8305577725935,-146.23055777259356
254.54,2183.063045562653,-1928.523045562653
1584.05,4068.6911002799075,-2484.6411002799077
2119.07,2165.2866769462194,-46.216676946219195
1488.6,3365.9917577728907,-1877.3917577728907
5906.68,3838.6088906462023,2068.071109353798
1022.11,1542.6150771216912,-520.5050771216912
1596.17,2008.0516134292066,-411.8816134292065
875.59,1526.0638475879764,-650.4738475879764
1244.03,4853.022009352213,-3608.9920093522132
2436.61,17.40184944211171,2419.2081505578885
1280.53,2657.915099379451,-1377.385099379451
2588.77,2569.046433134839,19.723566865161047
5321.49,3129.923019367355,2191.5669806326446
3603.72,2219.698717293457,1384.021282706543
1497.51,1859.8974337613,-362.3874337612999
591.58,1704.1486450339266,-1112.5686450339267
1820.38,2464.195176125439,-643.8151761254389
2829.12,2704.2896998638307,124.83030013616917
649.01,3887.7888846562287,-3238.778884656229
3794.67,5542.039787431029,-1747.3697874310292
2314.33,5652.708647150555,-3338.3786471505555
4086.24,2793.0551169680202,1293.1848830319796
619.56,1816.5615416371293,-1197.0015416371293
1221.58,2621.8341127684052,-1400.2541127684053
3457.98,2600.6443106617917,857.3356893382083
624.98,-316.6466664085354,941.6266664085354
888.25,2140.864026077544,-1252.6140260775442
5275.27,2361.9330542249004,2913.3369457751
11670.31,7646.956030477582,4023.353969522417
4300.62,6741.052424839425,-2440.432424839425
2181.93,6610.327831105904,-4428.397831105904
915.05,1202.36517136704,-287.31517136703997
4608.26,4989.136310276088,-380.8763102760877
971.78,3158.5071570730565,-2186.7271570730563
2232.13,2177.1382071095563,54.991792890443776
6992.25,3975.6310973589457,3016.6189026410543
4453.05,2734.047551714175,1719.0024482858253
3423.57,3593.9258743646124,-170.3558743646122
628.76,299.08800504000544,329.67199495999455
2719.93,4157.295583790059,-1437.3655837900592
5304.63,8575.812848042893,-3271.182848042893
19841.53,13519.048003451015,6322.481996548984
6175.24,5419.846719265615,755.3932807343845
8017.88,8589.923858760118,-572.0438587601175
5858.01,2838.229404530151,3019.7805954698492
12381.91,11719.025158205548,662.8848417944519
545.45,1960.3541562904707,-1414.9041562904706
3956.06,3013.229347652238,942.8306523477618
1270.8,1941.949617163099,-671.149617163099
964.13,1966.532722822344,-1002.4027228223441
2090.32,2205.6400168812806,-115.32001688128048
962.06,-24.431064427583067,986.4910644275831
2859.39,1582.0204363192222,1277.3695636807777
668.25,1862.8758153741383,-1194.6258153741383
996.02,3514.0986049194703,-2518.0786049194703
844.36,1739.3342860810067,-894.9742860810067
1653.03,1844.7556083592208,-191.72560835922081
1268.59,1483.9017758609623,-215.31177586096237
1239.7,2269.9410283649913,-1030.2410283649913
8339.46,5608.952910512475,2730.5070894875244
4208.22,4116.002710659444,92.21728934055591
870.61,1095.6890354583231,-225.07903545832312
4786.29,3614.1114359193066,1172.1785640806934
818.5,1906.514521193084,-1088.014521193084
1216.66,2411.5387989534893,-1194.8787989534892
909.03,3282.248328338307,-2373.2183283383074
594.18,1204.8194439124768,-610.6394439124768
6103.07,3666.2566438875524,2436.8133561124473
4018.77,1427.730666012222,2591.0393339877783
859.78,1672.7578161234762,-812.9778161234763
3521.69,2420.235550144868,1101.4544498551322
2369.11,2789.912877851644,-420.8028778516441
1564.65,1850.5775341800068,-285.92753418000666
1815.42,3387.965515887834,-1572.545515887834
4023.36,3127.001104683202,896.3588953167982
6654.57,7722.660738129151,-1068.0907381291508
1278.24,2894.5455186798895,-1616.3055186798895
3792.72,3248.5002066489246,544.2197933510752
485.97,1451.9632267163884,-965.9932267163883
1959.86,3377.963749561724,-1418.103749561724
1218.24,226.63524415749657,991.6047558425034
2163.77,3522.2107936933503,-1358.4407936933503
3546.24,3402.5147663867633,143.72523361323647
5855.52,2511.8333159386702,3343.68668406133
1251.62,1012.9829516155128,238.63704838448712
1976.03,3336.1611405123017,-1360.1311405123017
5220.38,152.6368802671189,5067.7431197328815
2633.19,1530.9172492374264,1102.2727507625737
866.83,950.1250539100804,-83.29505391008036
673.15,1651.6939878987553,-978.5439878987553
5437.01,5229.6920142893305,207.31798571066975
942.21,961.1547428307338,-18.94474283073373
4059.61,3029.626568424716,1029.9834315752842
1162.06,1671.8449738026345,-509.78497380263457
577.47,2875.977928488313,-2298.507928488313
2086.56,3987.6471327954137,-1901.0871327954137
1085.11,1964.9730284161883,-879.8630284161884
803.35,1110.7013514795078,-307.3513514795078
12145.5,7110.859787540943,5034.640212459057
12432.48,9414.361242293879,3018.118757706121
3151.96,3535.948934395668,-383.9889343956679
4309.29,2901.266339761685,1408.0236602383152
2641.59,2525.8582358879794,115.73176411202076
1473.87,2517.821723277878,-1043.951723277878
352.18,1485.403913381898,-1133.223913381898
3104.74,5354.801712872968,-2250.061712872968
765.3,6058.149977758967,-5292.849977758967
1547.03,2397.9763935932265,-850.9463935932265
4913.96,2326.4653109986625,2587.4946890013375
594.11,1540.4511004061096,-946.3411004061096
1528.29,1911.2041140317538,-382.9141140317538
4433.84,6162.386338339578,-1728.5463383395781
1774.77,1843.7122839626354,-68.94228396263543
1933.27,1702.4023420032736,230.8676579967264
2017.37,2763.965071114616,-746.5950711146161
4891.47,3293.7220604839413,1597.747939516059
3183.0,1888.4213191365798,1294.5786808634202
1794.53,1728.8023996893742,65.7276003106258
1334.91,5721.200733009657,-4386.290733009657
2519.71,354.51878962517605,2165.191210374824
2601.86,2072.281382395558,529.5786176044421
1847.96,3358.2079483631765,-1510.2479483631764
1236.0,714.9223385584801,521.0776614415199
1188.0,1916.6603826563796,-728.6603826563796
2192.8,3420.366997406852,-1227.566997406852
3771.67,2725.0565296532704,1046.6134703467296
536.06,274.8044554404993,261.25554455950066
6167.16,2386.5673398243334,3780.5926601756664
2814.99,2133.567231009676,681.4227689903237
5421.67,4800.365520620837,621.3044793791632
561.01,1339.5736141929715,-778.5636141929715
6612.46,7327.719648947528,-715.2596489475281
3379.56,2415.0068591341683,964.5531408658317
3073.84,2823.500184949004,250.3398150509961
6228.31,3439.6068807910806,2788.70311920892
2103.99,1209.1651861278572,894.8248138721426
3445.44,1012.4568720559594,2432.9831279440405
4911.95,6002.029821451595,-1090.0798214515953
2136.89,834.9649455061242,1301.9250544938757
513.51,1220.972168972903,-707.4621689729031
4346.14,5683.355751812438,-1337.2157518124377
2692.57,3372.678807275271,-680.1088072752709
1883.15,1617.028612026598,266.1213879734021
1661.44,2743.153463415191,-1081.7134634151907
1774.72,2888.7698804106867,-1114.0498804106867
1057.54,1436.8858657015578,-379.34586570155784
881.93,1372.8693997198463,-490.9393997198464
1799.82,1511.543191691579,288.27680830842087
1332.16,3155.086203630173,-1822.9262036301727
1386.13,1872.9268309893982,-486.79683098939813
10038.53,6958.039858740467,3080.4901412595336
2799.36,3575.235293924753,-775.8752939247529
967.44,1961.6402523007182,-994.2002523007181
1165.92,3033.4455667096913,-1867.5255667096912
1832.27,729.6224055479042,1102.6475944520957
1840.35,2924.201017869196,-1083.8510178691963
1696.62,1093.5644253215573,603.0555746784426
871.73,3550.6350371784342,-2678.905037178434
4611.23,7101.829078934223,-2490.599078934223
9383.8,4983.357720704185,4400.442279295814
827.32,1558.3005080051807,-730.9805080051807
6093.34,4012.21991169049,2081.1200883095103
2132.7,2495.34347562116,-362.6434756211602
1564.12,1224.95321294643,339.1667870535698
1347.15,1425.4581661649036,-78.30816616490347
580.94,2153.037548045631,-1572.097548045631
3946.34,3513.766974152408,432.57302584759236
4414.66,3045.535313113463,1369.124686886537
7844.58,5381.35723862176,2463.2227613782397
2495.87,3610.7412259188422,-1114.8712259188424
1282.3,1063.1889526622836,219.1110473377164
1244.41,2737.9905157681237,-1493.5805157681236
2296.39,2558.9758723134746,-262.58587231347474
516.22,2240.3546093310456,-1724.1346093310456
1704.39,2076.406903502759,-372.0169035027591
9746.69,6179.232432520068,3567.4575674799325
3371.63,2744.20189340574,627.42810659426
1105.21,2409.719826997236,-1304.509826997236
5802.39,7079.2293915462,-1276.8393915461993
2956.44,4328.607399089944,-1372.167399089944
1468.75,4708.3485656272205,-3239.5985656272205
880.12,1730.008201779226,-849.888201779226
1341.15,788.7082691632747,552.4417308367254
2246.3,1693.2757474417565,553.0242525582437
3735.38,2785.022871043953,950.3571289560473
1238.58,2488.4195404178345,-1249.8395404178345
4472.62,3954.5893024563816,518.0306975436183
12970.28,4324.463899888517,8645.816100111484
508.87,1839.0588621623142,-1330.1888621623143
1361.63,1879.779191023531,-518.1491910235309
605.12,1364.341699315334,-759.2216993153339
2982.45,2823.7189535312946,158.73104646870524
1870.25,1571.7320495851832,298.5179504148168
5216.54,4347.2398497599315,869.3001502400684
8303.04,4859.894835465058,3443.1451645349425
3806.95,2465.661130218164,1341.2888697818357
10030.36,6593.961437915597,3436.3985620844032
1876.68,3753.967768854585,-1877.2877688545848
1190.01,1420.7260788887065,-230.71607888870653
1441.93,1969.9894744557905,-528.0594744557905
3006.71,1645.2771101199141,1361.432889880086
987.84,1633.0154681144468,-645.1754681144467
1351.87,884.9014854315815,466.9685145684184
5986.48,2648.641960861019,3337.8380391389805
1499.33,2222.2758281205083,-722.9458281205084
955.39,3253.5846911163517,-2298.194691116352
814.48,1338.8359163398347,-524.3559163398347
2812.66,1652.7708350220482,1159.8891649779516
1314.33,1210.7459352425642,103.58406475743573
12020.29,5755.440606578635,6264.849393421366
1001.44,776.8205962047346,224.6194037952655
1975.71,2404.7411644463327,-429.0311644463327
837.73,2257.1204144586986,-1419.3904144586986
3458.44,4829.781277074508,-1371.3412770745076
3870.21,4607.137584050162,-736.9275840501623
1026.26,2419.7128831534783,-1393.4528831534783
745.51,1497.1881947093223,-751.6781947093223
5196.22,4372.744096055434,823.4759039445662
644.5,2273.743566927704,-1629.2435669277038
10664.23,7351.97756292029,3312.252437079709
1933.02,2553.242797108402,-620.2227971084021
3558.53,2454.7228909836144,1103.8071090163858
10656.23,11247.996900696135,-591.766900696135
6197.85,4040.819518580232,2157.0304814197684
2346.82,3761.2949971570997,-1414.4749971570996
9612.72,5237.492145465883,4375.227854534116
842.63,-46.931619448679385,889.5616194486794
874.9,1068.304846239162,-193.4048462391621
816.94,569.209636802352,247.7303631976481
334.42,1018.3471190586001,-683.9271190586
1821.49,2875.6641844312617,-1054.1741844312617
5762.73,2515.3841940920297,3247.34580590797
3935.61,2949.0785747164327,986.5314252835674
961.83,1290.3805137727654,-328.5505137727654
1902.03,3037.7095063553224,-1135.6795063553225
2807.66,1308.7815852051215,1498.8784147948784
885.85,2789.1642667131946,-1903.3142667131947
5127.19,4066.7766059309693,1060.4133940690303
2086.69,4749.0871002290605,-2662.3971002290605
970.24,1478.708094090373,-508.4680940903729
2273.48,2436.456226695626,-162.97622669562588
3534.87,2504.349124768896,1030.5208752311037
873.47,1320.7276847846254,-447.2576847846253
4939.82,2877.782806032628,2062.037193967372
2549.92,2479.674531897385,70.24546810261518
1170.97,1771.3679944147825,-600.3979944147825
20492.01,6678.677129620424,13813.332870379574
3670.49,2261.990628663495,1408.4993713365047
672.37,947.4962153024458,-275.12621530244576
3037.03,1852.3935545818154,1184.6364454181848
2562.16,3008.5283866427503,-446.36838664275047
2402.75,2079.2032076254022,323.54679237459777
1271.05,573.3828779856401,697.6671220143598
1832.06,2049.2926995317166,-217.23269953171666
717.22,1685.8157553911426,-968.5957553911426
1039.74,2410.783949155702,-1371.043949155702
3388.16,3448.4815138039867,-60.32151380398682
918.27,646.7549108426919,271.5150891573081
926.47,1895.8590605591107,-969.3890605591107
3966.25,1087.5427550054376,2878.7072449945626
836.02,593.7300121926959,242.2899878073041
3377.95,1627.1325634536915,1750.8174365463083
6865.5,7194.064876422877,-328.5648764228772
2109.98,5075.800743548798,-2965.820743548798
2891.46,2672.976215491345,218.48378450865494
4821.21,1896.3022077458318,2924.9077922541683
3337.34,1915.6717239862678,1421.6682760137323
13324.34,5554.244061131918,7770.095938868082
2509.51,2203.185887885455,306.3241121145452
1168.14,1591.0718100273857,-422.9318100273856
5409.39,4107.220955450362,1302.1690445496379
615.66,782.6042326992415,-166.94423269924152
684.52,186.7641885390173,497.75581146098267
3963.12,4123.891116351886,-160.77111635188612
3247.8,4414.201672524077,-1166.4016725240772
6164.25,4151.548235407372,2012.701764592628
3128.07,3931.2976608997446,-803.2276608997445
2993.2,4216.745207980104,-1223.5452079801044
4211.02,4778.735101490342,-567.7151014903411
2394.18,3572.5068099562573,-1178.3268099562574
4328.45,7918.526725947231,-3590.0767259472314
4041.89,1986.147939915567,2055.742060084433
7238.38,3342.039515463799,3896.340484536201
2027.52,3241.8474113008992,-1214.3274113008993
1305.2,3208.279541443289,-1903.079541443289
1043.71,640.8449391333595,402.86506086664053
847.0,6333.925199300555,-5486.925199300555
2077.81,5593.710205017056,-3515.900205017056
4733.51,2980.4225960327576,1753.0874039672426
2960.93,2003.9943506643326,956.9356493356672
856.29,2334.280604033215,-1477.9906040332148
1420.43,2114.021729145998,-693.591729145998
1779.12,2639.464885811324,-860.3448858113243
3429.27,5916.5861418666245,-2487.3161418666245
6455.68,6006.040237521613,449.63976247838764
4299.22,2067.293341455955,2231.926658544045
2705.16,2776.6384907743827,-71.47849077438286
1455.41,2157.4622918592345,-702.0522918592344
1910.25,3802.9506965643154,-1892.7006965643154
970.55,165.43417397556067,805.1158260244392
3686.55,4807.258850581891,-1120.708850581891
971.8,2027.8162020688642,-1056.0162020688642
3038.74,5404.05790337928,-2365.3179033792803
4874.0,2040.7758182348775,2833.2241817651225
2654.29,2234.978692299344,419.311307700656
2794.2,5091.295461921258,-2297.095461921258
3445.91,3430.9475786632825,14.962421336717398
18865.8,7406.1996113515725,11459.600388648427
8178.4,6829.137106191314,1349.2628938086855
2681.42,1118.8779739312904,1562.5420260687097
1893.1,914.852020416831,978.2479795831689
4478.61,5381.167081575719,-902.5570815757192
2312.87,4769.020880312304,-2456.1508803123043
5402.18,1950.6462796825308,3451.5337203174695
1989.7,2541.3751332255188,-551.6751332255187
1165.32,3207.1845405704694,-2041.8645405704694
2671.17,3067.634005963091,-396.46400596309104
1309.1,5232.660974507053,-3923.560974507053
4930.04,5560.436659974048,-630.3966599740479
2197.08,1401.9439977926597,795.1360022073402
2485.36,4062.7703336704985,-1577.4103336704984
2488.79,2389.319093211154,99.47090678884615
1837.66,790.6705096432363,1046.9894903567638
2188.8,3482.3989952677543,-1293.5989952677542
1383.49,1568.7869292747841,-185.29692927478413
3350.08,4015.4558875067237,-665.3758875067238
4101.18,5182.929596442938,-1081.7495964429381
1469.82,3166.2506962338116,-1696.4306962338117
2992.39,3848.231249066181,-855.8412490661813
842.94,2065.8864719868125,-1222.9464719868124
4727.87,6221.216570507397,-1493.3465705073968
4516.16,1704.6796645999173,2811.4803354000824
1199.28,1730.9837269923685,-531.7037269923685
1251.56,2660.657022290022,-1409.0970222900219
2368.76,2839.1367184298697,-470.37671842986947
6495.92,3922.0494307951726,2573.8705692048275
7225.31,11053.335006718635,-3828.0250067186344
1628.55,1914.7065707260895,-286.1565707260895
1498.01,2144.9843716141218,-646.9743716141218
1255.52,1752.144290938917,-496.62429093891706
518.93,1661.0169691570968,-1142.086969157097
1087.8,715.6098550710819,372.190144928918
3425.58,4123.396710027424,-697.816710027424
5392.25,8081.499126373947,-2689.2491263739466
888.47,2559.3006938557323,-1670.8306938557323
2736.47,1348.6660330447871,1387.8039669552127
4476.02,3145.1595289240904,1330.86047107591
1652.88,304.06583932914975,1348.8141606708505
892.38,1447.8039281283332,-555.4239281283332
391.36,1979.692218207951,-1588.332218207951
2596.37,3389.8229793726405,-793.4529793726406
544.1,1461.4187233035268,-917.3187233035268
3519.53,1382.0049945041544,2137.525005495846
1973.78,1657.8053483476715,315.9746516523285
3053.83,3297.6931956422304,-243.8631956422305
1644.75,6049.837719782807,-4405.087719782807
7843.58,3010.264214898062,4833.315785101938
2060.48,1581.578930975467,478.90106902453294
1239.17,1578.5881175652075,-339.41811756520747
3868.09,6132.969124259867,-2264.8791242598672
2375.92,2471.1217483860282,-95.20174838602816
1132.44,3519.8970438390434,-2387.4570438390433
733.48,1800.905529509861,-1067.425529509861
777.12,1988.6693156146375,-1211.5493156146376
366.92,1982.1460828305349,-1615.2260828305348
4569.8,2729.9160919919354,1839.8839080080647
5824.75,4512.7402058436855,1312.0097941563145
2359.13,2661.0272235038124,-301.89722350381226
542.01,1393.9841060557967,-851.9741060557967
7241.85,5559.616231420734,1682.2337685792663
752.08,2303.797449293935,-1551.7174492939353
1139.54,5198.433411746726,-4058.893411746726
130.0,1590.7939078181919,-1460.7939078181919
4222.99,4161.075218653115,61.91478134688441
1448.7,3319.316206240771,-1870.616206240771
4995.25,2374.7144738407424,2620.5355261592576
755.53,720.6499983722288,34.88000162777121
3090.28,3005.312276758066,84.96772324193398
1449.88,2630.003502630326,-1180.1235026303257
1875.19,2567.690573699022,-692.500573699022
3286.68,3226.066593912916,60.61340608708406
5053.88,6428.881358997831,-1375.0013589978307
759.28,1615.1265425892245,-855.8465425892246
9109.19,7558.196940133101,1550.9930598668998
1783.27,4253.912618966126,-2470.6426189661256
818.96,795.9085447547079,23.051455245292118
731.56,-196.5515199147011,928.111519914701
3670.28,4709.887836884631,-1039.6078368846306
1447.75,1649.339907188754,-201.58990718875407
1319.38,1593.625790682259,-274.245790682259
3096.31,3198.814204863612,-102.5042048636119
741.49,885.8285913221227,-144.33859132212274
10128.09,2725.618719614189,7402.471280385811
2144.24,1195.1065869189222,949.1334130810776
3581.06,5316.344939885839,-1735.2849398858393
2840.56,5235.329150307438,-2394.769150307438
910.65,2708.115376612986,-1797.465376612986
4438.48,6060.576787618018,-1622.0967876180184
1695.32,2313.414407718256,-618.094407718256
2884.02,5500.625339066773,-2616.6053390667735
1678.23,2731.9281811542423,-1053.6981811542423
1603.15,4496.809489157291,-2893.659489157291
8947.84,6441.185712093111,2506.6542879068893
1624.41,1517.197765102363,107.21223489763702
601.45,2895.582853763143,-2294.1328537631425
1080.0,3255.3446000511094,-2175.3446000511094
1400.04,1784.54127063033,-384.50127063033005
1380.2,1854.6439305551226,-474.4439305551225
3672.4,5704.8260103962675,-2032.4260103962674
5651.35,3408.9416604941143,2242.408339505886
1106.74,415.1414476405905,691.5985523594095
1212.28,385.3318007351911,826.9481992648089
6077.86,3805.527633911793,2272.3323660882065
3789.03,1978.4161705909605,1810.6138294090397
518.41,1497.1748190403466,-978.7648190403467
2696.88,4642.184279442754,-1945.3042794427538
1837.42,3043.8846192953583,-1206.4646192953583
699.58,1309.5771026474315,-609.9971026474315
4663.51,7813.142376556703,-3149.632376556703
14768.03,10204.052387280966,4563.977612719034
3762.3,2329.5191260549213,1432.7808739450788
1042.18,5698.074261876956,-4655.894261876956
1000.06,1583.4119464620244,-583.3519464620244
397.04,1981.262342187707,-1584.222342187707
5890.93,6169.449896422395,-278.5198964223946
5809.77,5674.701597609799,135.0684023902013
3460.48,3548.93438183489,-88.45438183488977
3639.94,2429.9795026461497,1209.9604973538503
4315.7,2829.6484619088174,1486.0515380911825
3680.55,2865.8873442739277,814.6626557260724
1541.06,3052.0459101346332,-1510.9859101346333
1914.64,1039.7244717165775,874.9155282834226
833.68,1685.2791970613755,-851.5991970613755
866.4,661.1448529614333,205.25514703856663
876.42,1257.2454677412738,-380.8254677412739
3089.16,3201.6286380250167,-112.46863802501684
1767.92,4555.479198542329,-2787.559198542329
2648.85,994.2534023721728,1654.5965976278271
3297.19,2481.6294061391773,815.5605938608228
1704.91,2290.8148230113316,-585.9048230113315
5237.72,6461.490629864111,-1223.7706298641106
4756.61,4694.626304185875,61.983695814124985
2809.57,3289.613385170047,-480.0433851700468
1213.56,1669.8607647245626,-456.30076472456267
1038.88,1227.448368852437,-188.56836885243683
5883.15,4662.135231869259,1221.0147681307408
971.25,1977.5597546110453,-1006.3097546110453
12223.56,6296.792611816121,5926.767388183878
1999.47,4177.872847236542,-2178.4028472365417
1663.06,2954.9016501905157,-1291.8416501905158
1372.44,1697.1532574556948,-324.7132574556947
2074.4,1816.5980122990977,257.8019877009024
4312.47,1058.0287562785566,3254.4412437214437
1541.76,2928.3214702918704,-1386.5614702918704
1111.41,215.38965857589358,896.0203414241065
1169.19,2008.916406403674,-839.726406403674
1364.18,984.0052313009048,380.17476869909524
4223.76,3794.601517152452,429.1584828475484
2137.37,1877.794998227686,259.57500177231395
1430.29,1597.7816970027272,-167.49169700272728
4008.52,6408.244082710313,-2399.724082710313
639.01,2142.950458892286,-1503.940458892286
5751.09,3650.7538048160955,2100.3361951839047
2902.63,4267.911713414933,-1365.2817134149327
1936.86,1861.8259868240002,75.03401317599969
7111.69,11261.331919615232,-4149.641919615232
1474.47,1244.365848792768,230.104151207232
9098.16,5677.275147581975,3420.884852418025
1689.37,1879.2967820002432,-189.9267820002433
1036.91,944.9022911394622,92.00770886053783
526.3,1173.0439410205158,-646.7439410205159
16453.31,3541.275568531071,12912.03443146893
1152.73,2370.2242825959916,-1217.4942825959915
7247.33,4240.151642261642,3007.1783577383576
560.3,966.6567520994408,-406.3567520994409
1841.15,3055.11026823117,-1213.9602682311697
22302.6,4274.510893707924,18028.089106292075
870.14,1473.7686785841072,-603.6286785841072
1798.54,2155.5068056091172,-356.9668056091173
1663.91,1984.8095311449283,-320.89953114492823
3475.41,3574.6140806736794,-99.20408067367953
2311.72,2280.2776204824713,31.44237951752848
3528.52,2522.9707748410233,1005.5492251589767
16373.95,7808.734733533371,8565.21526646663
9140.96,10869.689370828784,-1728.7293708287852
1292.66,2870.154558549607,-1577.4945585496068
1940.12,4755.887325064732,-2815.767325064732
1273.26,3557.250201541758,-2283.9902015417583
850.92,2018.9264894844391,-1168.006489484439
2838.05,2321.200417207742,516.8495827922584
2678.55,1171.2199913892025,1507.3300086107977
1339.09,2642.2099278989085,-1303.1199278989086
557.66,1820.5075162218554,-1262.8475162218556
775.53,1387.7418700377953,-612.2118700377953
952.32,779.0107473405449,173.30925265945518
5590.09,5182.8265445983125,407.2634554016877
4599.52,5380.431316235183,-780.9113162351823
3256.19,6114.045418299473,-2857.8554182994726
1872.95,1409.5036778234085,463.4463221765916
2895.7,2476.760394936246,418.9396050637538
890.09,1385.599261488162,-495.509261488162
9846.04,4664.702513303984,5181.337486696017
3422.93,2815.9644277631946,606.9655722368052
1692.4,1770.4169180331828,-78.01691803318272
2188.3,2651.05219137375,-462.7521913737496
1611.66,2583.553610823144,-971.893610823144
3645.91,2101.951337476004,1543.9586625239958
3936.57,4562.168515435942,-625.5985154359419
1400.88,2024.358796249333,-623.4787962493328
4894.06,4104.342250211057,789.7177497889434
3931.77,4146.189582723184,-214.4195827231838
1586.02,2064.240441887698,-478.22044188769814
2015.91,1995.4299862778953,20.480013722104786
741.13,570.4873853096655,170.64261469033454
1641.19,2702.147785711199,-1060.957785711199
3913.23,3656.0908901674047,257.1391098325953
11618.12,7546.049638525479,4072.0703614745216
6488.8,7193.221078595063,-704.4210785950627
5914.69,5321.924871743868,592.7651282561319
2312.53,1387.6241808163277,924.9058191836725
850.87,2548.943596700422,-1698.073596700422
728.63,1474.058604068524,-745.4286040685239
1893.39,82.71104736518015,1810.67895263482
2002.29,2926.872354002528,-924.5823540025281
1414.47,2892.1822662093846,-1477.7122662093846
683.21,2143.9648872717335,-1460.7548872717334
918.91,2088.8126865131853,-1169.9026865131855
1072.93,2283.062740665164,-1210.1327406651637
6747.27,2983.37316468743,3763.8968353125706
10311.03,7141.453593528626,3169.576406471375
1710.18,2151.6259853845518,-441.4459853845517
5427.31,7571.3039663394375,-2143.993966339437
7253.61,6350.872750181723,902.7372498182767
5999.66,3841.6098441077233,2158.0501558922765
3940.34,3964.273917788199,-23.93391778819887
2651.52,4707.091876787939,-2055.5718767879393
390.0,1867.776178349181,-1477.776178349181
1657.25,4687.392261864175,-3030.1422618641755
2855.39,3618.800256761195,-763.4102567611953
5857.21,4415.873295576141,1441.3367044238594
2737.27,2635.0782540273353,102.19174597266465
1504.57,2190.6825807479813,-686.1125807479814
2229.76,2750.3646469918594,-520.6046469918592
1034.01,2375.9991065340187,-1341.9891065340187
732.91,1992.8121928190599,-1259.90219281906
4989.16,5071.781673090189,-82.62167309018878
4245.9,3423.722778689514,822.1772213104855
534.93,1393.6830892312591,-858.7530892312592
5891.87,2386.4939422729403,3505.3760577270596
5166.79,6110.2607040202765,-943.4707040202766
2497.62,2364.8084970856316,132.81150291436825
353.23,1355.9011794020225,-1002.6711794020225
4742.53,2123.8647300681982,2618.6652699318015
4262.81,3905.7251977978717,357.0848022021287
795.33,2930.0322510678575,-2134.7022510678576
1612.48,741.079474531886,871.400525468114
811.75,1195.8231075331914,-384.07310753319143
3108.47,3566.228697839702,-457.7586978397021
2048.07,6868.291630556303,-4820.221630556303
6763.8,3536.9586585314323,3226.841341468568
1329.84,2046.3857917176215,-716.5457917176216
1562.32,1476.545371160546,85.77462883945395
2370.83,3411.823855547247,-1040.9938555472472
798.98,1392.0947542927142,-593.1147542927142
3010.22,2676.842314749085,333.37768525091496
1508.7,2640.5557315079473,-1131.8557315079472
1761.63,4093.445765122054,-2331.815765122054
752.54,2204.1504813828496,-1451.6104813828497
1713.69,1129.494992158687,584.1950078413131
791.71,4113.420945624199,-3321.7109456241988
5989.01,5566.469256867369,422.5407431326312
5565.82,3070.7448291545234,2495.0751708454764
1822.99,1133.6996109187478,689.2903890812522
6086.48,6239.270735399352,-152.79073539935234
16946.2,7671.342519201708,9274.857480798293
3030.07,2808.2220749369308,221.8479250630694
1373.69,678.8890678000151,694.8009321999849
2813.93,2796.0540114457626,17.87598855423721
2694.81,6225.745470920407,-3530.9354709204067
3122.09,2135.537183994386,986.5528160056142
3523.03,2000.091142777294,1522.9388572227062
2409.34,3397.7926472750105,-988.4526472750103
1478.28,1399.6600526707798,78.61994732922017
594.39,3164.5823249491373,-2570.1923249491374
6866.22,5299.006420252304,1567.2135797476958
13376.8,7968.824811932245,5407.975188067754
607.19,863.9853505099338,-256.79535050993377
2684.95,785.3525843234281,1899.5974156765717
1738.94,1959.147603761844,-220.20760376184398
1657.67,4148.47629809918,-2490.80629809918
1039.33,2012.9742976718353,-973.6442976718354
956.5,1391.8574478431983,-435.3574478431983
10402.27,13268.26129251424,-2865.99129251424
808.67,1171.1927937434955,-362.5227937434955
337.9,-77.16802387402427,415.0680238740242
3659.92,6302.947221497141,-2643.027221497141
2307.49,1735.0905283022794,572.3994716977204
8039.67,5000.191616040587,3039.478383959413
2341.13,1940.1040188969614,401.0259811030387
2159.08,2283.429785656658,-124.34978565665824
5779.84,4137.537917846434,1642.3020821535665
8514.6,9140.231817814569,-625.6318178145684
3056.4,2795.134369653363,261.26563034663695
1168.58,3058.5618021418595,-1889.9818021418596
2034.05,2646.340349223811,-612.2903492238108
2202.77,1179.8863714630008,1022.8836285369991
2289.63,1966.065405810592,323.5645941894081
995.42,2254.2596828011565,-1258.8396828011564
4665.17,6594.09720746365,-1928.9272074636501
2122.92,2389.0102181177117,-266.09021811771163
1244.73,2078.8335392507097,-834.1035392507097
8150.4,5041.388673151734,3109.0113268482655
2204.61,3938.346568127566,-1733.736568127566
2926.04,1913.1107026360714,1012.9292973639285
660.0,580.401253209102,79.59874679089796
846.73,1352.7883198302573,-506.05831983025723
805.81,1963.1520275762887,-1157.3420275762887
2324.92,357.8709537619992,1967.0490462380008
3839.66,4518.891682986317,-679.2316829863175
11210.94,3673.605192697519,7537.334807302481
4077.65,2471.2991051728936,1606.3508948271065
7556.44,5720.877950400276,1835.5620495997237
1349.06,1601.6790456395918,-252.61904563959183
3096.65,3135.2665689362475,-38.616568936247404
2529.66,1350.1782681784841,1179.4817318215157
1343.46,4284.069797683327,-2940.609797683327
2272.11,2156.395828867097,115.71417113290318
2742.56,818.6974436327519,1923.862556367248
871.81,2239.5024758545514,-1367.6924758545515
996.72,4146.977254587342,-3150.257254587342
2337.35,2725.108827457764,-387.75882745776426
1151.23,3369.205829076627,-2217.975829076627
442.57,1737.8890507347,-1295.3190507347
1924.72,2541.738661141447,-617.0186611414472
6298.3,6487.828554378151,-189.52855437815106
997.87,2147.201187009871,-1149.331187009871
2119.97,2765.2949052529643,-645.3249052529645
9811.18,4297.008090485126,5514.171909514875
4833.79,8371.549998272962,-3537.7599982729616
1695.54,1793.1589484401889,-97.61894844018889
3922.48,5202.7965644898995,-1280.3165644898995
4100.48,2772.4168277795657,1328.063172220434
1534.74,2734.2496987003274,-1199.5096987003274
1879.22,299.234944818142,1579.9850551818581
1435.16,1693.1952851586504,-258.03528515865037
3277.37,1935.9259577419853,1341.4440422580146
4074.1,5694.988568904877,-1620.888568904877
954.64,164.10766567708862,790.5323343229113
1463.77,1666.1939434751926,-202.42394347519257
1854.48,2578.17034841145,-723.69034841145
1212.94,-402.74032265665926,1615.6803226566594
4675.67,5358.086906756178,-682.4169067561779
2135.81,2117.8840836830777,17.925916316922212
1451.62,1705.2571350509425,-253.63713505094256
1434.98,1964.0591407220718,-529.0791407220718
678.17,1263.0449107043721,-584.8749107043722
5336.4,5818.798499218654,-482.39849921865425
2560.94,1109.4549823963087,1451.4850176036914
2274.37,1891.7862923508592,382.5837076491407
6162.87,4883.55545919764,1279.3145408023602
1696.14,1215.8213821436443,480.3186178563558
11428.64,5685.212133236739,5743.427866763261
1718.99,2423.1154884600783,-704.1254884600783
3487.81,2991.934737769336,495.8752622306638
452.14,1519.9990090588822,-1067.8590090588823
2676.2,2375.2742936264262,300.9257063735736
1064.38,5317.274906385148,-4252.894906385148
5780.46,8272.767005210904,-2492.307005210904
988.36,829.3544595696806,159.00554043031946
1962.04,3308.8120320527833,-1346.7720320527833
663.19,1565.8766644295374,-902.6866644295374
725.84,674.5163187722417,51.32368122775836
2207.2,2459.217410165329,-252.01741016532924
7367.49,2726.9362568567326,4640.553743143268
4985.4,3895.5707975100336,1089.829202489966
1204.0,901.0076621449618,302.99233785503816
967.98,1435.4557249271477,-467.47572492714767
828.32,756.8438451783766,71.47615482162348
5492.7,2198.0327712369212,3294.6672287630786
2903.22,1711.1905468165821,1192.0294531834177
2801.25,2689.335292957722,111.91470704227822
2226.94,2029.660156064841,197.27984393515908
580.64,1267.0273337955557,-686.3873337955557
5459.93,2272.3478589429474,3187.582141057053
1709.9,499.0567073163851,1210.843292683615
8561.84,6428.508880265374,2133.3311197346266
3933.11,1295.9142719866827,2637.1957280133174
2478.88,5398.184631564411,-2919.3046315644106
2808.58,1499.623037306258,1308.9569626937418
820.9,871.1939714242815,-50.293971424281494
2190.08,2579.12123356317,-389.04123356316995
3235.9,3208.531370592755,27.368629407244953
1570.93,981.6485097733951,589.281490226605
1580.01,471.65727756454135,1108.3527224354586
2118.39,1124.7303444589345,993.6596555410654
8489.74,4237.228820885008,4252.511179114992
1258.34,3036.1157079012637,-1777.7757079012638
2731.27,2433.5330308777056,297.73696912229434
4546.41,1372.3962067437683,3174.0137932562316
2189.2,2890.3899871770686,-701.1899871770688
1421.08,1625.8493184384658,-204.76931843846592
1071.18,3605.880364721453,-2534.7003647214533
1276.7,1641.9562559937242,-365.25625599372415
3384.77,5790.658283399616,-2405.8882833996163
2558.39,1659.2204643161122,899.1695356838877
1695.46,1553.3371093755773,142.12289062442278
934.95,1046.5353327780806,-111.58533277808056
1194.24,1920.209657706896,-725.969657706896
586.37,2260.2539829274856,-1673.8839829274857
6816.27,3879.7819299883918,2936.4880700116087
4852.24,3182.8168351994655,1669.4231648005343
611.3,1349.5821404944202,-738.2821404944202
3604.53,4569.9268607843005,-965.3968607843003
1526.19,2803.1727318199505,-1276.9827318199505
3125.68,2621.10444343403,504.5755565659697
1733.95,2218.0810233134907,-484.1310233134907
1331.76,2222.196543104148,-890.4365431041481
3112.67,1879.0567897736119,1233.6132102263882
7787.15,9482.196079089103,-1695.046079089103
1868.72,3111.952422129477,-1243.2324221294768
4750.66,4122.278561885294,628.3814381147058
5241.97,5105.078467730062,136.89153226993858
2966.42,4797.679372294777,-1831.2593722947768
3200.96,3795.6629158155724,-594.7029158155724
539.82,859.4262617016423,-319.6062617016422
1688.64,2996.3748778944732,-1307.7348778944731
1539.98,3120.305356501795,-1580.3253565017949
1683.67,1457.0987300029174,226.5712699970827
2374.11,3510.5179592534323,-1136.4079592534322
904.9,2298.560661903663,-1393.660661903663
1269.67,2116.1776967081737,-846.5076967081736
2367.77,1154.074886626976,1213.695113373024
4865.9,5968.9987989342935,-1103.0987989342939
494.41,1102.5891360737405,-608.1791360737404
899.31,1751.8533057287177,-852.5433057287178
745.75,92.70870478253312,653.0412952174669
6120.75,4907.811789101566,1212.9382108984337
1692.75,493.0393869676644,1199.7106130323355
2305.31,3499.7769835514478,-1194.4669835514478
1425.21,2438.9622032959956,-1013.7522032959955
2021.92,3459.365867321858,-1437.4458673218578
1791.05,63.79758144662992,1727.25241855337
4481.05,4510.388946660461,-29.33894666046126
1014.59,859.6788093983641,154.9111906016359
2105.04,1744.9540227714047,360.0859772285953
2583.92,3783.082402020527,-1199.1624020205268
1790.83,3688.26673310003,-1897.4367331000299
1493.45,769.8769323805486,723.5730676194514
2346.9,3033.747455763104,-686.8474557631039
2519.39,4645.714024998522,-2126.3240249985224
1560.67,3577.7885464272936,-2017.1185464272935
4053.75,2478.977665059399,1574.772334940601
2072.49,1946.7378374214682,125.75216257853162
1404.6,1681.0722193202153,-276.47221932021534
31710.15,8096.220520460964,23613.929479539038
315.64,1220.4232361134443,-904.7832361134443
773.8,855.3072324422681,-81.5072324422681
1135.57,1419.5228800711284,-283.95288007112845
3874.8,3855.4483376309777,19.351662369022506
5445.16,3460.2804017883877,1984.8795982116121
2113.94,2869.744068779823,-755.804068779823
1132.38,2733.4092112869525,-1601.0292112869524
1645.28,2571.9268635308845,-926.6468635308845
1588.33,1587.8227232236056,0.507276776394292
1118.77,1205.0193412133087,-86.24934121330875
1938.24,1464.1647404490927,474.0752595509073
1872.58,2342.480062471667,-469.9000624716673
1761.97,2135.615530857003,-373.64553085700277
7052.7,3902.060009677661,3150.6399903223387
2774.02,1577.3258357537454,1196.6941642462546
1796.17,1769.1326845170274,27.037315482972645
8718.77,6221.512476863227,2497.2575231367737
2550.16,2907.3950103901666,-357.23501039016674
766.09,1354.8930295305622,-588.8030295305622
2140.2,3532.8525505391735,-1392.6525505391737
1481.84,1232.336826465902,249.50317353409787
2842.34,3181.157263390659,-338.8172633906588
2382.95,1519.396723718464,863.5532762815358
2936.66,2185.239117491823,751.4208825081769
2368.76,2011.1243991081615,357.63560089183875
1298.07,2270.4567328992457,-972.3867328992458
3692.29,3225.32812874665,466.9618712533502
3328.46,5352.077651131407,-2023.617651131407
8091.48,9460.045503827503,-1368.5655038275036
2970.74,2868.784088950414,101.95591104958567
3688.09,2318.447022529019,1369.6429774709814
7318.37,3781.5669834329033,3536.8030165670966
4722.74,6853.415302885354,-2130.6753028853545
610.02,1959.66910837879,-1349.64910837879
2018.15,790.9747048267504,1227.1752951732497
3995.45,3097.5447185347143,897.9052814652855
3633.39,4315.069101984105,-681.6791019841053
6478.4,8426.395624410283,-1947.9956244102832
793.89,1838.4002755721863,-1044.5102755721864
2059.34,2802.2050708692373,-742.8650708692371
5262.59,7275.909124080503,-2013.3191240805027
2209.26,2342.814972062513,-133.55497206251266
1636.46,2249.72747313611,-613.2674731361099
3060.73,5202.395456059929,-2141.6654560599286
10061.75,7717.882410280117,2343.8675897198827
1316.27,1172.9638887690671,143.30611123093286
2821.41,4831.043901840903,-2009.6339018409035
801.36,-32.435059936964535,833.7950599369645
886.67,2343.7787488250906,-1457.1087488250905
1380.79,2053.2501265621513,-672.4601265621513
2188.91,2760.6080819273784,-571.6980819273786
1603.52,2158.222841265201,-554.7028412652012
705.59,177.50353466655957,528.0864653334404
577.46,1663.0401355948252,-1085.5801355948252
1368.23,392.64931151458984,975.5806884854102
979.74,1549.9678983834103,-570.2278983834103
1238.99,2575.4686730693775,-1336.4786730693775
2945.67,2549.8254990876812,395.84450091231884
2527.64,2964.9678404346455,-437.3278404346456
1856.18,1118.9479958612565,737.2320041387436
1605.68,2179.7447970155044,-574.0647970155044
8415.91,3246.0573600039293,5169.85263999607
2232.01,2775.4181633336802,-543.40816333368
5202.91,1588.5134521409423,3614.3965478590576
1463.03,1967.014293968688,-503.984293968688
1513.73,131.93793997691586,1381.792060023084
957.2,3298.5178027536695,-2341.3178027536696
2272.73,2306.144671206611,-33.41467120661082
646.05,1392.2953466890824,-746.2453466890825
1376.38,1113.4786367725037,262.9013632274964
1300.38,1838.8103519793021,-538.430351979302
528.2,387.7697664473726,140.43023355262744
1132.22,1331.9506413800927,-199.73064138009272
1261.29,1298.1739378607115,-36.88393786071151
2211.64,1857.1904156922883,354.4495843077116
1816.99,2205.122864899939,-388.132864899939
703.15,1872.3593213494341,-1169.209321349434
689.33,618.5423849725632,70.7876150274368
2383.83,3195.907836751471,-812.0778367514713
3211.64,1162.299694516155,2049.340305483845
1728.68,1716.6237211128644,12.056278887135704
1090.44,2516.188719213659,-1425.7487192136591
979.79,1638.8085766874915,-659.0185766874915
1301.33,1513.786729359754,-212.45672935975404
872.55,1471.9672056728864,-599.4172056728864
1584.47,2988.8523458052314,-1404.3823458052314
2187.33,4002.287170791618,-1814.957170791618
523.43,2089.5435335474044,-1566.1135335474046
707.43,2277.9450571414827,-1570.5150571414829
6368.4,6128.307798174857,240.09220182514218
1252.97,1744.757588810865,-491.7875888108649
1370.69,1103.051812972147,267.63818702785306
3188.54,2309.7039103549514,878.8360896450486
853.13,778.5630256360332,74.56697436396678
5000.75,3606.283181920612,1394.4668180793878
1016.59,904.6065584200142,111.98344157998588
861.41,1960.9657959463689,-1099.555795946369
915.84,2929.353437766441,-2013.5134377664408
2533.19,304.7659831832707,2228.4240168167294
817.43,2644.821095747792,-1827.391095747792
2775.39,5831.319660651419,-3055.9296606514195
4310.67,974.7232724921716,3335.9467275078287
400.69,1924.3483343908556,-1523.6583343908555
2812.67,4962.697850789105,-2150.0278507891053
5303.39,3068.839543598734,2234.5504564012663
2183.09,1480.6911880062678,702.3988119937324
363.37,-167.37831822881375,530.7483182288138
2994.01,2458.828339610405,535.1816603895954
6055.09,6347.131562908542,-292.0415629085419
564.82,855.3113851688238,-290.49138516882374
2444.27,5048.493082163421,-2604.2230821634207
6738.05,2373.0551022535146,4364.994897746486
1268.82,1112.6655395538232,156.1544604461767
2694.54,2128.3601057854194,566.1798942145806
1182.93,1152.0790701708086,30.8509298291915
3890.22,7328.363040410415,-3438.1430404104153
6254.05,4080.6114394415686,2173.4385605584316
4629.81,1056.912883866518,3572.897116133482
830.32,1291.6566975639078,-461.3366975639077
7604.55,4297.319048096084,3307.2309519039163
1165.94,810.2432744158821,355.696725584118
1504.23,914.6510885795044,589.5789114204956
1930.1,3169.676496616782,-1239.5764966167822
2780.07,3336.77161171956,-556.7016117195599
11646.95,12569.649340987762,-922.6993409877614
6964.19,5684.540116547563,1279.6498834524364
3669.86,1683.488562628532,1986.3714373714681
7200.03,2128.471869328467,5071.558130671532
6865.61,6018.896164602154,846.7138353978453
7076.88,8554.94730191244,-1478.0673019124397
637.06,509.8497349694105,127.21026503058943
636.64,857.2877402873319,-220.64774028733189
504.37,2999.686127573316,-2495.316127573316
1896.56,2934.430266784215,-1037.870266784215
4153.86,8926.476186391987,-4772.616186391987
2805.58,2582.1306448515825,223.44935514841745
1328.66,2851.8644280218073,-1523.2044280218072
867.96,2186.71656429572,-1318.7565642957202
3622.16,4117.7163413983835,-495.55634139838367
719.05,2509.684731150106,-1790.634731150106
2264.32,1505.1792900732044,759.1407099267958
3122.42,2810.1985811310224,312.2214188689777
3403.52,4672.852502159116,-1269.3325021591158
2223.87,2026.3099805418765,197.5600194581234
9562.53,9249.257015739171,313.2729842608296
3180.54,2732.351725690555,448.18827430944475
9352.39,7250.512496817537,2101.8775031824625
4494.3,4493.750002953355,0.5499970466453306
3322.33,4355.755107939933,-1033.4251079399328
1897.55,2574.104213639784,-676.5542136397842
1036.92,1899.1399847334183,-862.2199847334182
2039.79,2481.2301096400934,-441.4401096400934
4477.41,2200.554774354358,2276.855225645642
863.03,1328.3864614610914,-465.3564614610914
2520.38,792.9886141899349,1727.3913858100652
4537.56,2122.895261307908,2414.664738692092
684.59,1537.5112855143395,-852.9212855143395
775.99,970.2330525182381,-194.24305251823807
359.81,1604.6460411389817,-1244.8360411389817
1199.93,1469.0849891543228,-269.1549891543227
3927.59,3012.2103680592027,915.3796319407975
776.78,1523.6851299645175,-746.9051299645175
1279.27,2035.7326663396766,-756.4626663396766
868.63,2383.3132941475506,-1514.6832941475504
3064.22,4055.4765551631303,-991.2565551631305
1143.73,2292.2000486242705,-1148.4700486242705
2234.8,1975.1422026216183,259.65779737838193
8798.87,3213.5575496294946,5585.312450370506
1836.26,1702.8658178059216,133.39418219407844
10789.87,6663.696298475095,4126.1737015249055
3787.22,6474.37034639444,-2687.1503463944405
3739.78,2747.613219207855,992.1667807921453
4680.36,4319.678943454184,360.6810565458154
1714.35,1489.9488765428073,224.40112345719263
1063.44,3295.2366694099514,-2231.7966694099514
13858.46,11884.254577918384,1974.2054220816153
1192.01,670.9553698946908,521.0546301053092
1578.52,1049.6258097308885,528.8941902691115
1556.89,4221.83652572923,-2664.9465257292295
6181.36,4491.654196161004,1689.705803838996
2226.87,2805.643691756254,-578.7736917562543
851.88,1766.5276501273984,-914.6476501273984
2658.6,5344.118399941628,-2685.518399941628
2973.76,2699.1720073903616,274.5879926096386
3325.98,2494.6065691695103,831.3734308304897
701.9,1825.3377261003943,-1123.4377261003942
3652.28,5186.582137707035,-1534.302137707035
3984.26,2397.523180947123,1586.7368190528773
1196.1,707.5657333591937,488.5342666408062
4568.97,3346.860637658975,1222.1093623410252
3606.48,4279.407008005026,-672.927008005026
657.13,-147.59527412597265,804.7252741259726
3363.19,1689.187996323899,1674.0020036761011
394.92,1478.2216984274583,-1083.3016984274582
1378.9,7233.240299661997,-5854.340299661997
14556.13,10331.472721950011,4224.657278049988
624.63,713.5145403649615,-88.88454036496148
1473.42,1499.998775862671,-26.57877586267091
1210.84,2428.0378028415666,-1217.1978028415667
1026.08,2066.4139596011105,-1040.3339596011106
1310.5,1301.810815056798,8.689184943202008
671.01,1152.7728614903772,-481.7628614903772
1490.63,2915.132701635718,-1424.502701635718
1315.83,970.633145570428,345.1968544295719
1252.43,3920.8047322536427,-2668.374732253643
2115.95,2496.5068526400955,-380.5568526400957
3162.01,5681.0679722126515,-2519.0579722126513
4275.88,2321.4960661462833,1954.3839338537168
3700.12,3808.972469188268,-108.85246918826806
4745.07,1696.2905296376393,3048.7794703623604
1484.01,878.4859822671051,605.5240177328949
1347.51,3727.739761948415,-2380.229761948415
1611.78,732.6868488719406,879.0931511280594
1270.48,1361.6831933112487,-91.2031933112487
1639.23,5606.29054997463,-3967.0605499746302
919.95,1131.576891171006,-211.62689117100604
1006.31,2883.7864399738014,-1877.4764399738015
675.72,1356.7885395283179,-681.0685395283178
952.98,1596.675667473132,-643.6956674731321
1849.97,2365.2120932878033,-515.2420932878033
898.89,3063.2821213809616,-2164.3921213809617
16569.9,9033.660742116355,7536.239257883646
3727.56,6785.661825996558,-3058.101825996558
2119.58,1794.4675839310776,325.11241606892236
798.42,1837.3845831707717,-1038.9645831707717
3575.09,3922.6780185712028,-347.5880185712026
1883.36,1874.357811969469,9.002188030530988
1843.08,3087.3372501804693,-1244.2572501804693
1928.33,787.7950735512779,1140.534926448722
1249.53,665.1613465837294,584.3686534162706
1711.01,1795.2880851078025,-84.27808510780255
2294.27,720.6845100298242,1573.5854899701758
985.74,1196.126047923906,-210.38604792390606
3226.23,2629.056675201804,597.1733247981961
836.4,2297.662750771046,-1461.2627507710458
1647.6,1669.7658585535492,-22.165858553549242
1970.29,2654.869330364193,-684.5793303641931
7229.05,5730.182528541372,1498.8674714586277
853.82,1473.3810595548493,-619.5610595548493
4808.28,4186.919646179938,621.3603538200614
2128.22,2064.838785896483,63.38121410351687
4121.23,4361.493403263283,-240.26340326328318
2678.73,1704.3628679410995,974.3671320589006
18270.03,6993.156981304019,11276.87301869598
3835.45,2012.9037067576514,1822.5462932423484
4975.68,1408.072655887913,3567.607344112087
9097.96,9953.170295022985,-855.2102950229855
1620.01,-357.38506620699843,1977.3950662069983
744.86,2316.821665572766,-1571.961665572766
3739.86,6966.513368576154,-3226.6533685761538
1239.0,1303.0608799594538,-64.06087995945381
623.29,701.9204126486768,-78.63041264867684
876.75,2975.5900338398033,-2098.8400338398033
7261.61,7682.817244230064,-421.20724423006413
4068.52,4432.664372618312,-364.144372618312
4286.0,3136.9448315923714,1149.0551684076286
1153.68,2345.9201752873405,-1192.2401752873404
1199.12,1907.7757555018707,-708.6557555018708
2001.32,4230.303902192252,-2228.9839021922526
1714.65,4640.25187376181,-2925.60187376181
7901.87,10315.697871893111,-2413.8278718931115
14378.6,5306.507023133334,9072.092976866667
2409.72,3402.3396152258765,-992.6196152258767
2498.08,2744.2560958615995,-246.1760958615996
972.2,3166.616873191336,-2194.416873191336
1342.93,1365.8099111374772,-22.879911137477166
5429.42,4906.360856344016,523.0591436559844
1890.3,2702.8791110243856,-812.5791110243856
3569.46,3332.3731229187697,237.08687708123034
2270.48,1263.309692027865,1007.1703079721351
2363.42,4615.556511533956,-2252.136511533956
1045.37,648.0436843883842,397.32631561161566
609.45,1280.8362958548391,-671.3862958548391
2808.82,1338.8526960332583,1469.9673039667418
2401.74,3446.322447856743,-1044.5824478567433
3478.14,2643.9692992491428,834.1707007508571
449.05,1055.3607954885783,-606.3107954885784
3137.63,4156.7286148277635,-1019.0986148277634
590.0,8634.050841043121,-8044.050841043121
10954.62,7779.005726638727,3175.614273361274
921.84,1377.280100745909,-455.44010074590904
1430.25,2522.9304485519297,-1092.6804485519297
1759.66,2215.9928307427567,-456.33283074275664
798.54,843.071679271023,-44.531679271022995
3967.65,8344.096210727112,-4376.446210727112
5630.17,2055.0853779811873,3575.0846220188128
6101.18,6489.657957442245,-388.4779574422446
728.77,1096.8272777683344,-368.0572777683344
449.86,1008.2988014247237,-558.4388014247237
1078.08,1158.0580531987732,-79.9780531987733
1531.77,1754.1800392018254,-222.41003920182538
1052.62,1829.2257851368017,-776.6057851368018
2219.62,3265.8350756970485,-1046.2150756970486
5633.63,5420.814608481589,212.81539151841116
7735.78,7791.519884158943,-55.739884158942914
4617.95,4100.549716923457,517.400283076543
942.99,1519.4832504471892,-576.4932504471892
3560.07,2869.6838416493974,690.3861583506027
3844.22,1525.087409390678,2319.1325906093216
2463.24,2366.574447169932,96.66555283006801
6986.42,2643.0972387490356,4343.3227612509645
2908.39,4868.075349923149,-1959.6853499231488
2527.91,1464.976123328835,1062.9338766711649
7674.92,1921.973179953869,5752.946820046131
907.78,849.0145211993599,58.76547880064004
819.73,1456.2228249159377,-636.4928249159377
1899.63,2608.681250998839,-709.0512509988389
2109.06,1551.709807032726,557.3501929672739
2443.75,2605.493751358402,-161.74375135840182
3388.6,3440.083300047111,-51.48330004711124
770.58,549.9452091700446,220.63479082995548
2141.49,3824.41167944542,-1682.92167944542
2804.74,2788.6310036975497,16.108996302450123
22989.62,10098.597053478617,12891.022946521382
862.59,1500.7078699623014,-638.1178699623014
757.15,502.5910961030744,254.55890389692559
10545.15,5697.001507145922,4848.148492854078
1212.31,2446.516819223125,-1234.206819223125
550.35,2126.325932758604,-1575.975932758604
3369.39,6534.723277915391,-3165.333277915391
9252.88,5438.250525067235,3814.6294749327644
740.92,1627.1189377111298,-886.1989377111298
4575.77,2936.720754622849,1639.0492453771512
1458.23,3054.537819612035,-1596.307819612035
1998.22,1482.036589525209,516.1834104747911
3067.31,2759.001762291156,308.308237708844
3934.23,2444.236004888394,1489.9939951116062
24046.29,9802.555512860425,14243.734487139576
1304.54,2723.6110208028003,-1419.0710208028004
758.46,1853.3599246737672,-1094.8999246737671
5343.05,3425.2970309972584,1917.7529690027418
505.85,551.7687234624993,-45.918723462499315
915.77,3171.3671767756987,-2255.5971767756987
2783.75,1792.326196411865,991.4238035881349
649.57,1704.1997837670579,-1054.6297837670577
702.98,1583.658573948977,-880.6785739489769
1779.58,1359.831408904651,419.74859109534896
6535.52,4321.561821011674,2213.958178988327
2385.45,3015.2589880014507,-629.8089880014509
1405.98,4675.6268391815265,-3269.6468391815265
2695.61,1520.348741756363,1175.261258243637
2714.23,3379.159795983348,-664.929795983348
999.61,2279.8418063403064,-1280.2318063403063
1633.37,2310.9362831348794,-677.5662831348795
519.66,965.2661745970854,-445.60617459708544
1039.92,1352.8622282506149,-312.9422282506148
3089.73,3373.877506474965,-284.14750647496476
2542.47,4469.209833033718,-1926.7398330337178
2892.26,2855.375877417063,36.88412258293738
6818.73,6048.430912549929,770.2990874500701
2754.08,2077.1722292010954,676.9077707989045
1936.87,2364.924907865814,-428.05490786581413
2316.43,1861.1155196532582,455.3144803467417
935.91,2186.7009334608606,-1250.7909334608607
9722.56,10010.858051037978,-288.29805103797844
3578.01,1496.820762630497,2081.189237369503
4950.76,3908.1771697035306,1042.5828302964696
2630.04,3069.692394712044,-439.65239471204404
1317.15,2624.858668340669,-1307.7086683406687
2393.02,2612.314285597324,-219.29428559732423
2411.44,3486.93095913306,-1075.4909591330597
2939.02,1503.2773313655252,1435.7426686344747
5806.6,5042.66384518005,763.9361548199504
1679.02,2335.528460534806,-656.5084605348061
5493.25,6443.013662409605,-949.7636624096049
1047.45,1390.024978900923,-342.57497890092304
17099.99,11829.605708350546,5270.384291649456
3803.6,6511.034032757481,-2707.4340327574814
3154.86,1880.5477636087658,1274.3122363912344
1055.72,1807.892957756958,-752.1729577569579
5052.35,5172.084782849179,-119.73478284917837
2465.62,2761.667669542352,-296.0476695423522
4665.86,6076.97062766031,-1411.1106276603105
727.48,759.413869591159,-31.93386959115901
1677.07,1987.016552533547,-309.946552533547
3066.89,1107.3954891260573,1959.4945108739425
628.87,1098.7618144135963,-469.8918144135963
4642.8,2390.5917630736135,2252.2082369263867
1401.18,1741.3946753559558,-340.2146753559557
2616.97,2790.69977889454,-173.72977889454023
8118.93,6811.460356500524,1307.4696434994767
2793.88,3704.800935899552,-910.9209358995518
4761.33,2390.098085722293,2371.231914277707
1015.89,2247.817380897581,-1231.9273808975813
5015.78,7730.447254067165,-2714.6672540671652
931.87,418.5467974145622,513.3232025854378
2890.92,2849.855111062359,41.06488893764117
468.87,2382.8764718515336,-1914.0064718515337
6510.59,1598.4599457748793,4912.130054225121
656.46,1018.2564682617783,-361.7964682617783
2244.49,2044.9874489295803,199.50255107041949
3722.06,4607.886403343351,-885.8264033433511
3633.29,1333.5939540073591,2299.696045992641
2049.63,2663.5567204088866,-613.9267204088865
3144.88,6050.670117761241,-2905.790117761241
872.89,1448.9372864049656,-576.0472864049656
1381.56,1860.1471916501746,-478.58719165017465
1360.57,2308.8002767373873,-948.2302767373874
3303.74,3428.180945314186,-124.44094531418614
9571.28,5290.7184077978345,4280.561592202166
2165.81,1130.3443612933013,1035.4656387066987
5987.88,5320.170841348463,667.7091586515371
4044.14,2550.4865611872915,1493.6534388127084
2105.2,3694.8102845217054,-1589.6102845217056
1971.62,1503.5416778808892,468.0783221191107
502.15,2879.3830607817868,-2377.2330607817867
6039.97,5646.9434780621705,393.0265219378298
2091.47,3831.431614823306,-1739.9616148233063
5444.02,3173.6292560181273,2270.390743981873
4909.67,3754.1669079298654,1155.5030920701347
853.48,1909.7340587331114,-1056.2540587331114
616.06,1279.0480196020756,-662.9880196020756
928.76,852.8089693928193,75.95103060718066
3881.44,2482.291313380881,1399.148686619119
7735.46,7340.636040134597,394.8239598654027
1520.61,942.5799176152755,578.0300823847244
2194.09,1962.7474926064733,231.34250739352683
1342.67,1017.0514740740762,325.6185259259239
835.27,1029.1308168318058,-193.86081683180578
12071.7,6920.998783447862,5150.701216552139
1576.21,3432.772171492763,-1856.562171492763
874.86,2077.6167080101077,-1202.7567080101076
1390.92,2468.17323303549,-1077.2532330354898
1223.86,1684.5999450094873,-460.7399450094874
1187.76,720.3062358025472,467.45376419745276
4647.02,2171.5647478981036,2475.455252101897
923.07,1593.179060981818,-670.1090609818181
2926.29,3161.836817954179,-235.546817954179
357.35,-220.00259507675366,577.3525950767537
639.33,2397.9452823680213,-1758.6152823680213
1145.33,2999.2647352546987,-1853.9347352546988
1016.69,1430.4165134827822,-413.72651348278214
7636.48,9466.894513921668,-1830.414513921669
647.14,2645.551728084875,-1998.411728084875
813.63,944.5999395358019,-130.96993953580193
1264.28,1171.14639116315,93.13360883685004
739.4,1521.334000025994,-781.9340000259941
585.62,1374.5263003544192,-788.9063003544192
770.2,3189.9705032301576,-2419.7705032301574
1885.33,2521.838293264732,-636.508293264732
925.71,2940.7975368275656,-2015.0875368275656
824.11,2240.969707389638,-1416.859707389638
1666.18,2340.483698371389,-674.3036983713889
2738.14,1594.9065174812738,1143.233482518726
2266.47,3556.5507097349487,-1290.0807097349489
2785.29,3497.704251062547,-712.414251062547
2080.71,2153.9505366729,-73.2405366728999
6465.33,5506.431641705964,958.8983582940364
10008.92,7375.129610651653,2633.790389348347
3078.0,3909.066648861521,-831.0666488615211
937.64,2041.6934722253986,-1104.0534722253988
1078.59,1180.3358462453248,-101.74584624532486
3408.64,4647.379966055476,-1238.739966055476
2173.44,1845.1189152197912,328.3210847802088
9320.78,5833.641701539789,3487.1382984602114
4591.23,3745.9730984576513,845.2569015423483
1790.53,3021.6040635260088,-1231.0740635260088
697.69,2324.6066445136944,-1626.9166445136943
2045.8,1759.6565494714719,286.1434505285281
1406.4,4041.659579954486,-2635.259579954486
7924.36,7088.181319220879,836.1786807791204
8005.65,4583.608414055881,3422.041585944118
514.12,2327.6553796385674,-1813.5353796385675
8240.85,7274.643225377868,966.2067746221328
2051.11,1015.0465599461345,1036.0634400538656
560.25,1553.277295238368,-993.027295238368
13021.56,5305.128529479662,7716.431470520338
1313.35,2290.206204613642,-976.8562046136421
3715.62,2338.1929225726926,1377.4270774273073
3263.79,3744.971633445664,-481.1816334456639
957.25,956.0235975330861,1.2264024669138962
10637.32,7430.652713030395,3206.667286969605
1829.65,48.270305141901986,1781.379694858098
1679.52,2111.335143987384,-431.8151439873841
3649.37,3328.125481799083,321.2445182009169
829.16,1164.1965607059115,-335.0365607059115
3508.46,2688.184507745156,820.2754922548438
2315.99,2088.530154240209,227.45984575979082
3447.76,5386.160851770866,-1938.4008517708662
514.1,1180.750690360531,-666.650690360531
3133.31,3984.021114869765,-850.711114869765
1942.35,3085.2607294703676,-1142.9107294703676
950.56,1359.1027207905265,-408.5427207905266
3309.99,2003.848460760184,1306.1415392398158
796.1,1720.5826642440384,-924.4826642440383
11414.78,10440.853120815073,973.9268791849281
1605.4,1738.5360728530404,-133.13607285304033
4676.42,2924.3213636112955,1752.0986363887046
1050.9,2486.446821267489,-1435.5468212674891
1228.04,1823.302569354736,-595.2625693547361
2517.18,2289.6447714615797,227.53522853842014
3395.83,2906.3409966198165,489.4890033801835
1470.8,3367.668064751279,-1896.868064751279
1823.1,2014.7583399626105,-191.65833996261063
2216.85,3469.533290753081,-1252.683290753081
6608.59,8458.844187047358,-1850.2541870473578
704.15,167.97502499296297,536.174975007037
336.83,1235.0262711286907,-898.1962711286908
5007.2,3437.647441698185,1569.5525583018148
2995.96,1211.7327045216607,1784.2272954783393
2456.55,3368.373887253765,-911.823887253765
5210.16,2096.92306571119,3113.23693428881
702.79,2487.1767082606098,-1784.3867082606098
1765.07,1838.188349545619,-73.11834954561914
1469.47,743.43784175208,726.03215824792
396.65,2055.668422155991,-1659.0184221559907
1458.39,1317.7200134294424,140.66998657055774
1378.62,1789.9318808821013,-411.3118808821014
10418.41,3882.61314249848,6535.79685750152
5351.25,7408.196372687931,-2056.946372687931
537.15,1055.6648226755412,-518.5148226755413
9683.27,12030.98318998238,-2347.71318998238
1050.45,5565.297516495433,-4514.847516495433
4673.67,2847.623618698844,1826.046381301156
5589.36,3302.3756851461153,2286.9843148538844
2523.88,4351.772850947902,-1827.892850947902
559.01,1170.1296179721428,-611.1196179721428
1809.98,2462.8640463894117,-652.8840463894117
724.13,651.0137128125679,73.11628718743214
3494.77,2996.880321573696,497.8896784263038
1483.02,1626.4767242631474,-143.4567242631474
9065.13,8375.01290083032,690.1170991696799
2201.5,4641.087475661567,-2439.5874756615667
3202.07,4814.775535223807,-1612.7055352238071
1244.49,3928.478877824489,-2683.9888778244886
4220.38,2744.3065967565703,1476.0734032434298
1062.28,2293.373490142363,-1231.0934901423632
1405.44,2701.448200153403,-1296.0082001534029
3529.9,2889.230411034378,640.6695889656221
9939.69,5396.225917007252,4543.464082992748
1050.37,1744.502984802849,-694.132984802849
4650.56,6901.890448965774,-2251.330448965774
6852.92,8173.878147644133,-1320.9581476441326
1784.88,1865.3946959860941,-80.51469598609401
945.6,772.5039966787299,173.09600332127013
3032.85,3373.8696118484895,-341.0196118484896
1698.48,4419.793720834461,-2721.313720834461
1116.3,1811.695795264945,-695.395795264945
22717.59,9920.746435095485,12796.843564904515
2799.23,2159.8412309010455,639.3887690989545
539.19,3445.781579968935,-2906.591579968935
1158.04,2715.347853303312,-1557.3078533033122
886.74,442.33326265678886,444.40673734321115
920.4,2060.999041678204,-1140.5990416782038
2147.54,2338.906474672236,-191.3664746722361
1757.88,3211.41837047996,-1453.5383704799597
3794.48,3693.2949901915663,101.18500980843373
5505.86,1008.3575488748083,4497.502451125191
2088.56,2197.181835029212,-108.62183502921198
1670.98,899.3108558783579,771.6691441216421
662.33,2617.44158015045,-1955.1115801504502
1181.18,2804.140143063338,-1622.9601430633381
1029.79,2059.4939073281475,-1029.7039073281476
2580.85,2669.9127952346266,-89.06279523462672
192.56,2097.228841937921,-1904.6688419379211
12931.99,10753.200870268594,2178.7891297314054
4998.5,6337.023332591565,-1338.5233325915651
2861.67,2808.865913004387,52.804086995613034
701.85,2047.3495124527617,-1345.4995124527618
1280.48,2641.636296255482,-1361.1562962554822
1100.62,2573.6759632151034,-1473.0559632151035
6722.73,5619.401174692652,1103.3288253073479
2253.13,3983.5797358400846,-1730.4497358400845
4021.22,4598.346735498219,-577.1267354982187
6484.32,8601.431296391924,-2117.111296391924
3730.88,4224.411926514014,-493.53192651401423
1587.32,2318.4140206170855,-731.0940206170856
1906.61,624.2408618520976,1282.3691381479023
580.89,-226.48906838084534,807.3790683808453
1222.5,2730.880884610097,-1508.380884610097
2341.01,3135.564378881801,-794.5543788818009
842.29,1948.5527274869692,-1106.2627274869692
574.51,1333.0772961294942,-758.5672961294943
403.8,1157.4818278680173,-753.6818278680173
1972.38,2370.545889079589,-398.16588907958885
1561.42,6265.712524263283,-4704.292524263283
3714.62,3542.3611496981835,172.25885030181644
9908.83,3536.9462900896124,6371.883709910388
2009.61,1874.993663835468,134.61633616453196
2117.14,2141.847265358894,-24.707265358894347
26362.6,7544.185675921755,18818.414324078243
9143.77,8507.395378464931,636.3746215350693
942.33,1906.515823155326,-964.1858231553259
3753.51,4446.243298721025,-692.7332987210248
7107.84,4281.761697013215,2826.0783029867853
2694.38,2224.2564999387287,470.12350006127144
2026.62,5568.252723965999,-3541.6327239659995
2111.04,4906.92569322268,-2795.88569322268
783.29,2858.377615227841,-2075.087615227841
2646.85,2224.9676061337327,421.8823938662672
351.0,2333.1736741702334,-1982.1736741702334
1262.89,1905.7384312905474,-642.8484312905473
5121.74,3201.513643234747,1920.2263567652526
646.18,2279.1705490646973,-1632.9905490646975
908.73,1348.3165389539106,-439.5865389539106
1209.06,1744.7604059034093,-535.7004059034093
2103.32,2667.9069024941864,-564.5869024941862
7020.55,6883.543695646422,137.00630435357834
1162.37,2057.5795573580453,-895.2095573580455
538.87,1679.36378362171,-1140.49378362171
1603.32,2422.241259985437,-818.921259985437
1998.44,2505.6285568183384,-507.1885568183384
4289.45,1391.5901784037326,2897.8598215962675
2395.85,2437.0193880856546,-41.169388085654646
869.22,1438.6227643970212,-569.4027643970212
993.26,1254.746460204679,-261.4864602046789
2670.47,1590.711536068937,1079.7584639310628
2350.67,1992.7826408323635,357.88735916763653
462.48,-519.0337288762562,981.5137288762562
1669.46,3498.305564565308,-1828.845564565308
1978.26,2158.3412432783316,-180.0812432783316
3561.17,1593.6297351448477,1967.5402648551524
1484.22,2249.3987112296018,-765.1787112296017
2832.84,5509.748073100074,-2676.908073100074
538.39,2238.4676057841016,-1700.0776057841017
1226.39,1195.0369391824097,31.353060817590404
2527.95,1278.2863997810002,1249.6636002189996
1170.95,619.4721744963765,551.4778255036235
1375.95,2223.6811304277876,-847.7311304277875
1419.88,1837.8643169144484,-417.9843169144483
11332.41,5323.025038306654,6009.384961693346
1281.58,3178.219749098645,-1896.639749098645
929.33,1906.9149754748314,-977.5849754748314
1317.37,2050.841926806972,-733.4719268069721
1304.4,2668.255640587974,-1363.855640587974
3871.79,1936.6024737484645,1935.1875262515355
14899.99,8231.243850731724,6668.746149268276
2652.26,1591.1670223971187,1061.0929776028815
2486.64,5318.052335306131,-2831.412335306131
781.49,931.3932139783353,-149.90321397833532
4839.52,2488.126769459428,2351.3932305405724
1269.65,1577.6015803476184,-307.95158034761835
5147.57,2258.799383583708,2888.770616416292
2094.48,2380.750345275715,-286.27034527571504
823.79,551.2274538168145,272.5625461831854
1487.77,4191.074174056044,-2703.3041740560443
3554.1,4187.187539092245,-633.0875390922452
4725.26,3999.0103230070085,726.2496769929917
846.28,3396.6502798995684,-2550.3702798995682
1258.12,1520.12689582937,-262.00689582937
1664.33,442.917987526146,1221.4120124738538
766.49,712.9935955431438,53.496404456856226
2063.14,2230.550359000818,-167.41035900081806
7080.22,8454.737083070817,-1374.5170830708166
3654.55,1938.9293346075347,1715.6206653924655
2103.85,2334.651302750479,-230.80130275047895
657.26,1245.1100218937506,-587.8500218937506
5581.8,5303.685220020909,278.1147799790915
3630.52,2626.8538021096574,1003.6661978903426
4147.72,6390.725525873027,-2243.005525873027
14392.04,7603.8578644110385,6788.182135588962
912.64,2179.775690904599,-1267.135690904599
1287.14,2413.606972128473,-1126.466972128473
8478.84,9583.003104035994,-1104.1631040359935
2812.27,1734.68666587715,1077.58333412285
1748.48,3316.4940783126103,-1568.0140783126103
1859.55,3009.658943818886,-1150.1089438188862
2995.95,2493.655067471778,502.29493252822203
4637.77,2286.3778421895904,2351.39215781041
2064.0,2426.6302892292665,-362.6302892292665
2939.12,6770.772787031239,-3831.6527870312393
281.0,2147.003475498308,-1866.003475498308
6440.27,2024.7946195717273,4415.475380428274
1306.4,1172.8626737299976,133.5373262700025
1558.15,1081.6315274213537,476.5184725786464
2635.1,1876.6411902192922,758.4588097807077
2420.06,4686.316816562277,-2266.2568165622774
4162.96,1484.9180362240552,2678.041963775945
737.97,414.4586983312349,323.5113016687651
1657.97,3128.71589410036,-1470.74589410036
2234.54,2218.6338263937714,15.906173606228549
5848.91,4481.596991231612,1367.3130087683876
928.0,1365.185182356598,-437.18518235659803
1973.33,4028.3180741276515,-2054.9880741276515
457.44,2412.505257635189,-1955.065257635189
1885.98,2213.68941446367,-327.7094144636699
439.89,1106.289646718005,-666.3996467180051
3598.88,3781.0860849248897,-182.20608492488964
1042.78,2943.22393488991,-1900.4439348899102
9834.73,8504.796678698984,1329.933321301016
972.06,544.4492278593352,427.6107721406647
567.18,397.9272992682762,169.25270073172373
9987.15,5477.993484088938,4509.156515911061
1107.0,2606.666828056569,-1499.666828056569
5099.46,4757.390608704953,342.06939129504735
2069.15,2744.7862930158276,-675.6362930158275
1529.52,1546.7679447344658,-17.24794473446582
1286.83,2355.785896453297,-1068.955896453297
1834.75,4875.012155999815,-3040.262155999815
1897.37,1973.0528074334502,-75.68280743345031
8478.16,4164.044443405401,4314.115556594599
1503.61,3006.017680576384,-1502.407680576384
4384.35,2281.6516991715357,2102.6983008284647
2160.48,1597.1081909811842,563.3718090188158
758.37,1031.725483441198,-273.3554834411981
899.03,2678.214680831664,-1779.1846808316639
1472.44,1989.2196639956796,-516.7796639956796
585.02,1621.3851102322353,-1036.3651102322353
2008.17,942.4205688668885,1065.7494311331116
1190.15,795.7542731381236,394.3957268618765
1007.3,787.6381374061223,219.6618625938777
1831.39,2808.718047432476,-977.3280474324758
2538.71,2429.4172766304787,109.29272336952135
1400.03,2370.3942253504197,-970.3642253504197
1020.8,1918.4681663466163,-897.6681663466163
1600.51,2512.6159551176897,-912.1059551176897
2110.03,3965.6718983711166,-1855.6418983711164
2624.7,1661.025214266198,963.6747857338019
930.95,1132.6242001701735,-201.67420017017344
5218.34,5552.95652925693,-334.6165292569294
1715.58,1471.5074674260322,244.0725325739677
5235.52,5748.2386033292605,-512.7186033292601
4370.98,6698.047796044522,-2327.0677960445228
1142.23,2198.332817904314,-1056.1028179043142
2419.29,3914.374010927901,-1495.084010927901
2276.55,2621.43958572509,-344.88958572509
2646.3,2093.099997740573,553.200002259427
1626.99,1967.5055883542814,-340.51558835428136
1976.56,2597.653264690739,-621.093264690739
1141.7,3641.433674894452,-2499.7336748944517
6026.79,8583.92160395408,-2557.1316039540807
1906.05,1365.5033450394444,540.5466549605555
7168.82,5435.9917670302,1732.8282329697995
3205.23,3442.659910553372,-237.42991055337188
1606.84,1380.9081680054721,225.93183199452778
4383.91,3340.9689337810723,1042.9410662189275
590.44,1544.470426069627,-954.0304260696269
7619.44,4059.473469153381,3559.9665308466188
2104.74,1723.4639566684239,381.2760433315759
577.87,712.9868632612286,-135.11686326122856
6215.42,5330.641947517159,884.7780524828413
1577.75,1904.126562501302,-326.37656250130203
637.52,617.3660994553478,20.153900544652174
1590.35,3205.156388517708,-1614.806388517708
560.06,36.26298759333628,523.7970124066637
1724.39,1032.4763313686374,691.9136686313627
641.87,1059.562610488937,-417.692610488937
9707.86,4507.273843750996,5200.5861562490045
734.07,2765.4422409388203,-2031.3722409388201
6789.47,3161.4585627156403,3628.01143728436
1032.14,2064.6824356147986,-1032.5424356147985
1172.5,4144.309157025207,-2971.8091570252072
828.27,2617.3937274091995,-1789.1237274091995
2093.06,3425.477677362564,-1332.417677362564
1627.25,4229.743975838312,-2602.4939758383116
455.4,3404.6881206461017,-2949.2881206461016
2670.56,4808.344133073311,-2137.7841330733113
2687.73,3713.046046942457,-1025.316046942457
6708.88,6230.95590429304,477.92409570696054
4060.79,5708.983420905484,-1648.1934209054843
5397.54,2416.775063662707,2980.764936337293
2684.45,1665.4417239869674,1019.0082760130324
4283.61,3962.4213008052816,321.1886991947181
4372.12,5302.444842212724,-930.3248422127244
501.08,-94.28827275759596,595.368272757596
6750.67,4201.331308465793,2549.338691534207
3840.49,5161.333250413263,-1320.8432504132634
3933.01,7691.817224402792,-3758.8072244027917
779.06,1787.6586925779998,-1008.5986925779998
5870.22,7027.148154760607,-1156.928154760607
4723.41,3800.7652531840245,922.6447468159754
6697.93,4767.763375002793,1930.1666249972077
2474.09,1233.5800131786355,1240.5099868213647
2037.27,2124.458264742705,-87.18826474270509
2482.1,2229.183124815533,252.9168751844668
9021.81,8303.880216765929,717.9297832340708
4698.22,4826.581366243017,-128.36136624301707
689.55,2371.232875127218,-1681.682875127218
1693.64,2286.7472930076847,-593.1072930076846
7933.0,8220.606499802556,-287.60649980255585
3654.17,1836.0995957703944,1818.0704042296056
1535.15,2192.1265206001535,-656.9765206001534
2900.76,2472.037130681597,428.72286931840335
2336.27,1672.0162788361595,664.2537211638405
1158.92,1443.8758774867445,-284.9558774867444
1825.88,3281.7636362062212,-1455.8836362062211
1596.38,2409.9534494042896,-813.5734494042895
4128.02,5183.394617054451,-1055.374617054451
9225.28,3974.4017194851517,5250.878280514849
1250.25,1837.409887124703,-587.1598871247029
3059.05,3748.323996794329,-689.2739967943289
5033.78,4832.611135886216,201.16886411378346
2823.03,1461.464585304712,1361.5654146952882
684.31,1905.585903394472,-1221.2759033944722
1711.71,1632.136703992923,79.57329600707703
2313.34,2505.6475449595864,-192.30754495958627
8336.62,4467.39133566399,3869.228664336011
2273.22,2782.811721114577,-509.591721114577
1710.72,2112.743325486898,-402.0233254868979
2331.76,5147.831111309919,-2816.0711113099187
1387.11,3724.303813210741,-2337.1938132107407
3967.17,3930.7370830848135,36.432916915186524
996.93,1881.538035486244,-884.6080354862441
2185.58,1858.5285899217874,327.0514100782125
1522.26,2600.8432680296883,-1078.5832680296883
9568.01,3519.136471000521,6048.873528999479
533.6,2058.2998605687217,-1524.6998605687218
2067.88,1374.4109912487718,693.4690087512283
32482.93,5296.137035279151,27186.79296472085
1347.07,2280.756506651196,-933.6865066511962
6373.72,6464.7433189598105,-91.02331895981024
1711.74,1783.4353910708237,-71.69539107082369
14152.39,8066.27306481599,6086.116935184009
1379.29,1569.303965147811,-190.01396514781095
1567.11,772.700701038209,794.4092989617909
3727.9,2745.5461406872355,982.3538593127646
2980.31,5528.574085595585,-2548.2640855955847
1584.02,1861.75029595368,-277.73029595368007
3631.23,4295.602918873237,-664.3729188732373
5584.13,5531.935583422306,52.19441657769403
723.02,1829.269397431986,-1106.249397431986
4638.14,5195.078077913742,-556.9380779137418
5049.65,5588.002910625208,-538.3529106252081
1258.72,1315.3033092474232,-56.58330924742313
2530.18,1125.2846430281754,1404.8953569718244
2841.33,3232.1744996050234,-390.84449960502343
1275.96,3068.8336316632044,-1792.8736316632044
7495.24,4713.841686505966,2781.3983134940336
542.5,1562.321692495565,-1019.821692495565
6448.43,5688.9855503403105,759.4444496596898
8762.89,6092.3127813751635,2670.577218624836
998.95,2373.1885055977064,-1374.2385055977063
2269.75,1792.251140264476,477.4988597355241
2497.5,2231.6666558409415,265.83334415905847
4660.51,3917.153334655765,743.3566653442354
721.36,892.0718831110084,-170.71188311100843
1164.85,1204.4321472504564,-39.5821472504565
1158.0,802.9468974809356,355.0531025190644
1030.84,3664.8607880299846,-2634.020788029985
3504.88,4087.774202644567,-582.894202644567
10027.07,7433.612961776835,2593.457038223165
2072.92,1324.4212870981978,748.4987129018023
1540.28,1713.474818152365,-173.1948181523651
578.44,1815.9666511574683,-1237.5266511574682
1086.28,2418.9192675145136,-1332.6392675145137
2528.24,1702.844264292329,825.3957357076708
1958.99,1320.5859122981208,638.4040877018792
1611.38,3434.713225201099,-1823.3332252010987
1139.17,1778.6969298991248,-639.5269298991248
4108.75,2286.0948459047345,1822.6551540952655
846.11,2502.7565321062166,-1656.6465321062165
5476.4,5952.1340362636965,-475.7340362636969
6672.95,6870.903034090876,-197.95303409087592
813.0,1284.2448777381219,-471.2448777381219
2828.83,2760.6552149841227,68.1747850158772
1898.61,1299.554146391099,599.0558536089009
1313.27,2179.511370134469,-866.241370134469
2079.58,4425.696499536007,-2346.116499536007
1283.96,5746.718408745077,-4462.758408745077
2744.41,3949.708298193376,-1205.298298193376
2981.04,3996.557486507972,-1015.5174865079721
24687.94,9483.034692960735,15204.905307039264
2375.04,2509.0700384277816,-134.03003842778162
823.04,1812.8712958819683,-989.8312958819683
4451.62,3234.7440094435997,1216.8759905564002
4055.86,3493.683858229275,562.1761417707253
5091.32,3736.4940497356165,1354.8259502643832
1497.28,3252.9177555270107,-1755.6377555270108
722.75,2087.6032449050986,-1364.8532449050986
1230.91,2809.5075412925976,-1578.5975412925975
819.25,1981.6029047281231,-1162.3529047281231
4206.23,3036.803826254909,1169.4261737450906
3607.7,2629.4286690376175,978.2713309623823
992.32,2616.06192970077,-1623.74192970077
966.13,196.25590502568264,769.8740949743174
7399.37,4538.955904907156,2860.414095092844
3462.88,6714.004368363705,-3251.124368363705
1684.68,1528.9870029815668,155.6929970184333
6586.3,3051.0387724583784,3535.261227541622
1847.9,1724.048009533263,123.8519904667371
3695.47,1655.7630315932436,2039.7069684067562
634.95,252.4248550233316,382.52514497666846
5715.6,5953.178800296277,-237.5788002962763
5048.77,3297.07647161273,1751.6935283872704
1319.9,2828.8755036806383,-1508.9755036806382
5050.81,4532.905048146104,517.9049518538968
5460.7,8547.512139102731,-3086.8121391027316
612.32,-800.5446888529302,1412.8646888529302
2829.99,4011.867281547124,-1181.8772815471243
4136.55,4239.438619346856,-102.8886193468561
1432.17,3767.882950058816,-2335.7129500588157
2679.71,1918.7789069672954,760.9310930327047
2841.64,3257.7963341816317,-416.1563341816318
3125.41,3443.104399101565,-317.69439910156507
9015.64,4189.467421161557,4826.172578838443
8226.1,8706.499862655599,-480.39986265559855
1918.05,1663.6819299147835,254.36807008521646
1645.29,3001.78218850453,-1356.49218850453
6832.61,2380.639507371217,4451.970492628783
621.09,2161.55376391036,-1540.4637639103598
3094.42,4191.649557652203,-1097.2295576522029
1330.58,2710.5028321821082,-1379.9228321821083
2724.53,1488.5657813390926,1235.9642186609076
1288.87,2263.7253509396896,-974.8553509396897
1299.38,2652.5217753502657,-1353.1417753502656
2418.39,2863.8185786120516,-445.42857861205175
718.55,1013.2695519511242,-294.71955195112423
2873.86,283.86480105378405,2589.995198946216
4186.29,1901.6764774340272,2284.6135225659727
734.67,1951.7892822790209,-1217.1192822790208
919.37,1432.569017389655,-513.1990173896551
6392.19,4021.4024542235134,2370.7875457764862
1093.21,2550.6559248831127,-1457.4459248831126
1527.59,2059.125552425506,-531.5355524255062
3840.97,3469.6668830979975,371.30311690200233
2108.35,3729.307024749991,-1620.957024749991
7482.92,5166.443824614362,2316.4761753856383
1988.56,2463.7790720643875,-475.21907206438755
14031.72,7896.754936934638,6134.965063065361
736.21,936.8811703649749,-200.67117036497484
1540.91,4301.420462863856,-2760.5104628638564
2409.47,393.4810313893586,2015.9889686106412
1455.8,956.977065058735,498.822934941265
1876.99,2679.9105450189,-802.9205450188999
4870.5,4282.951646447202,587.5483535527983
3656.5,4149.230147560691,-492.73014756069097
562.99,1576.3232548440699,-1013.3332548440699
4219.46,5387.661819511875,-1168.2018195118753
2612.58,3096.1181929278537,-483.53819292785374
3002.32,2605.398890443683,396.92110955631733
2960.58,3313.2165700378114,-352.63657003781145
1351.92,2333.6819379841495,-981.7619379841494
1801.32,2370.4101958048955,-569.0901958048955
881.9,2268.8970660333307,-1386.9970660333306
3728.66,2064.1666255579653,1664.4933744420346
3582.35,4143.285715523649,-560.9357155236489
5267.3,4970.418047853429,296.88195214657117
262.97,1665.6606484381289,-1402.6906484381288
2443.11,2880.5009676369264,-437.39096763692623
2438.66,5156.971779850584,-2718.3117798505846
1388.09,1174.6433851283728,213.44661487162716
2120.54,2751.3660914964967,-630.8260914964967
2220.28,2048.909343493327,171.37065650667319
903.34,641.8678145903156,261.47218540968447
1919.76,4150.212698956411,-2230.452698956411
2937.48,1048.3691554747038,1889.1108445252962
4473.23,1346.054488471743,3127.1755115282567
599.73,1320.9198585114643,-721.1898585114643
6981.83,3584.825499810082,3397.004500189918
400.64,1483.5432871521964,-1082.9032871521963
1420.41,3201.5131863588203,-1781.1031863588203
615.07,2201.3583607189375,-1586.2883607189374
4200.8,1896.1042726456112,2304.695727354389
2209.34,2605.2882912387317,-395.9482912387316
1176.48,3124.2401492345957,-1947.7601492345957
1184.97,1181.4979488772865,3.4720511227135376
2525.1,3754.7259549636465,-1229.6259549636466
876.51,2570.772062019734,-1694.2620620197342
701.58,3256.531088569427,-2554.951088569427
3098.37,3969.368054750397,-870.9980547503969
14221.04,7490.87850760398,6730.161492396021
1555.94,3078.948522180946,-1523.0085221809459
1338.39,1084.2477730248681,254.14222697513196
7968.15,7941.044562279194,27.10543772080564
830.18,1918.0748822672804,-1087.8948822672805
4926.87,6434.060841996627,-1507.1908419966267
657.28,-363.11734530220645,1020.3973453022064
850.01,1916.4019616427458,-1066.3919616427459
3823.63,4246.348350127388,-422.71835012738757
1797.6,2756.6542676300096,-959.0542676300097
2559.35,2520.282910966809,39.06708903319077
831.92,1104.3414828794214,-272.42148287942143
1397.1,2257.67189126329,-860.5718912632901
2172.69,3425.545423315362,-1252.8554233153618
4429.66,4985.861412540975,-556.2014125409751
2553.15,666.4692077272482,1886.680792272752
3635.5,2018.0446267964621,1617.4553732035379
1643.33,815.9962861614465,827.3337138385534
3096.92,761.1551669642249,2335.764833035775
4488.11,2766.377440531457,1721.7325594685426
5889.98,4102.969112695875,1787.0108873041245
643.52,2164.5427325758315,-1521.0227325758315
5524.77,5179.051967569345,345.7180324306555
2467.45,3679.2643415180464,-1211.8143415180466
6978.59,5262.4480747776615,1716.1419252223386
2189.41,1912.021265588944,277.3887344110558
1037.4,2939.7950309708863,-1902.3950309708862
4792.35,1537.9014798339845,3254.448520166016
8759.49,6918.551078161421,1840.9389218385786
641.85,1250.6855940921848,-608.8355940921848
12578.2,8901.681376778042,3676.5186232219585
2283.38,3381.6806389430603,-1098.3006389430602
648.25,1076.6921931578222,-428.4421931578222
11391.35,5380.609846784202,6010.740153215798
593.32,1328.1305604461268,-734.8105604461267
1387.81,3314.989263492156,-1927.1792634921562
1082.7,1264.7660782575856,-182.06607825758556
5968.03,3427.7563270775663,2540.2736729224334
806.98,2809.657095290008,-2002.6770952900079
1764.22,678.7290287998927,1085.4909712001072
993.99,2078.834825737685,-1084.8448257376851
2883.48,2464.4930429802407,418.9869570197593
1996.41,2932.3482844085056,-935.9382844085055
1187.38,2836.4979505694328,-1649.1179505694327
2109.94,418.1797831266035,1691.7602168733965
1273.16,2956.216898415377,-1683.0568984153767
707.35,947.7581814819764,-240.40818148197638
1202.92,2095.0294754314377,-892.1094754314377
2591.57,2602.7355483833803,-11.165548383380155
144.98,1376.9758600305538,-1231.9958600305538
8000.26,6111.567457996158,1888.6925420038424
595.12,3679.621258462919,-3084.501258462919
2138.08,1680.6177227938344,457.4622772061655
740.6,3007.340640389811,-2266.7406403898112
1434.27,1660.5742122696054,-226.3042122696054
1048.68,2840.7787618148714,-1792.0987618148713
3935.91,3796.2980981231162,139.61190187688362
1406.15,1838.9489493489496,-432.79894934894946
4929.23,3370.2008040744786,1559.029195925521
3539.83,1952.1274582709611,1587.7025417290388
1345.59,2922.905502370458,-1577.3155023704583
1220.23,1761.9035243735998,-541.6735243735998
1042.82,2016.2419233168712,-973.4219233168712
1480.52,3609.0974871775366,-2128.5774871775366
5568.23,3186.6168082346408,2381.613191765359
1357.11,1373.9853937619548,-16.87539376195491
1821.39,2010.45822877493,-189.06822877492982
1591.39,942.1936341287092,649.1963658712909
1688.03,2399.24548600463,-711.2154860046301
5618.28,2200.7446674622574,3417.5353325377423
2533.25,2260.329115017049,272.92088498295107
3144.32,4120.30147786112,-975.9814778611194
3350.38,1875.5252013537074,1474.8547986462927
1204.93,4454.725897416365,-3249.795897416365
2611.92,1950.1142229257061,661.8057770742939
1463.56,1998.3521217616826,-534.7921217616827
2398.28,1942.5734265119168,455.70657348808345
3177.46,1824.9433251429696,1352.5166748570305
757.34,547.3675552779474,209.97244472205261
7984.06,7294.46893364232,689.5910663576806
1301.09,5224.551337908286,-3923.4613379082857
700.49,2708.3789106620175,-2007.8889106620175
2966.2,2860.2177152431623,105.98228475683754
3839.95,1485.745441127454,2354.204558872546
10082.57,7014.180693391469,3068.389306608531
1330.0,1329.2438855163978,0.7561144836022322
737.77,1068.4606900523238,-330.6906900523238
1908.34,2285.526032791207,-377.186032791207
851.8,390.5871648373078,461.21283516269216
793.07,977.8543934465708,-184.7843934465708
2655.52,2395.3085127647914,260.21148723520855
762.24,2428.9672149388584,-1666.7272149388584
4120.57,5552.327369461913,-1431.7573694619132
4884.96,3203.8830172455414,1681.0769827544586
1946.04,1040.3549009228475,905.6850990771525
1873.36,2525.2881799485635,-651.9281799485636
4203.57,2855.982725991642,1347.5872740083578
634.06,2338.8366247622166,-1704.7766247622167
776.48,1468.5116481909072,-692.0316481909072
2715.03,1188.2533552305952,1526.776644769405
2238.54,4764.7614149231395,-2526.2214149231395
1352.81,4291.814787805899,-2939.004787805899
4934.76,3548.9830766824825,1385.7769233175177
8445.02,3293.86264557352,5151.157354426481
4398.73,2309.9132090927146,2088.816790907285
1733.18,2946.1221174706106,-1212.9421174706106
7067.22,7224.594772138917,-157.37477213891634
3375.1,1509.1327536734711,1865.9672463265288
1828.82,1616.6530317479599,212.16696825204008
3400.18,5541.41035983861,-2141.23035983861
1657.43,1101.7420689935323,555.6879310064678
3103.27,2462.6505570809186,640.6194429190814
4474.65,3133.077339118879,1341.5726608811206
6337.01,6067.528144611442,269.48185538855796
2668.75,1041.4284071950226,1627.3215928049774
760.82,1468.9788655634604,-708.1588655634604
17227.62,8805.373030568126,8422.246969431873
3824.11,3094.4301635400016,729.6798364599986
2918.01,2055.8879258585694,862.1220741414309
15010.47,4196.528357749134,10813.941642250866
3273.33,4381.781924233164,-1108.4519242331644
2439.39,1894.370808662134,545.0191913378658
1751.88,3934.426934875353,-2182.5469348753527
5263.63,3099.0040613815654,2164.6259386184347
707.61,1171.0047093558119,-463.39470935581187
1380.81,3033.9969721594534,-1653.1869721594535
616.19,1353.7969315206058,-737.6069315206057
13118.2,6882.979751906645,6235.220248093356
6037.62,4455.990745036006,1581.6292549639938
3743.38,2987.7079460844825,755.6720539155176
5976.67,2964.405530710289,3012.264469289711
1848.69,1350.6486216424678,498.04137835753227
3754.09,3716.2444521693465,37.845547830653686
1304.43,1193.8669797092944,110.56302029070571
1263.95,1095.2456339626372,168.7043660373629
1731.42,1315.0255080840893,416.39449191591075
3329.43,3247.928456943262,81.50154305673777
1348.42,1059.2219087390258,289.19809126097425
6590.35,4778.39505995621,1811.95494004379
4344.31,2611.9228742087216,1732.3871257912788
6671.21,3610.883767251647,3060.326232748353
2622.58,2441.172822598138,181.4071774018621
2134.25,2285.5648790001333,-151.31487900013326
2171.11,5912.062908377147,-3740.952908377147
9422.31,6852.853681163864,2569.4563188361353
783.78,861.1230069360909,-77.34300693609089
601.08,4049.0009551386424,-3447.9209551386425
984.1,3306.0372470017587,-2321.937247001759
1168.98,3212.3473313069044,-2043.3673313069044
432.26,1769.9298464356352,-1337.6698464356352
1649.5,1766.4071622581323,-116.9071622581323
3987.63,3056.2206377840325,931.4093622159676
829.06,1937.9896638337937,-1108.9296638337937
426.23,1123.3833885054055,-697.1533885054055
1454.57,2219.213903191324,-764.643903191324
1033.83,-28.866923899828066,1062.696923899828
6778.16,4770.347912765554,2007.8120872344462
892.08,1671.0643685460082,-778.9843685460081
8731.77,4023.635896252847,4708.134103747154
1572.13,1914.990507576461,-342.8605075764608
1578.07,2617.0088768796822,-1038.9388768796823
5102.57,3598.371845996873,1504.1981540031265
4610.59,3555.3587794311006,1055.2312205688995
1214.68,1446.1617255369194,-231.48172553691938
1076.73,2661.67952863968,-1584.94952863968
25153.41,8211.312893988357,16942.097106011643
5495.54,3761.668105804187,1733.8718941958132
6245.85,1629.2378747586056,4616.612125241395
1314.37,2085.4524190576813,-771.0824190576814
1629.98,2859.6626446036935,-1229.6826446036935
1033.57,723.3148939298646,310.2551060701353
1770.19,3095.169608209392,-1324.9796082093922
2537.83,1653.2544133019571,884.5755866980428
4295.27,2986.7391468616997,1308.5308531383007
5103.86,4204.396808635023,899.4631913649764
2304.46,2159.971769835263,144.48823016473716
2597.16,6286.397208140685,-3689.2372081406847
1121.6,1681.565245737265,-559.9652457372651
2236.24,2228.2609425431583,7.979057456841474
4600.36,3138.613967553264,1461.7460324467356
3562.71,2234.066244093697,1328.6437559063029
929.06,1929.034384378127,-999.9743843781271
1493.53,3074.088016051835,-1580.558016051835
4333.78,4767.151754235374,-433.3717542353743
2002.66,4455.281783460681,-2452.6217834606814
3088.02,5953.317548885725,-2865.297548885725
3011.95,3301.663912053851,-289.71391205385135
796.82,1302.966466016357,-506.14646601635684
1030.31,3020.6448207255567,-1990.3348207255567
4219.33,875.4704703840212,3343.8595296159788
5446.09,4777.743203911803,668.3467960881972
2921.69,3839.9803468867217,-918.2903468867216
958.64,2106.3591973671496,-1147.7191973671497
661.8,2347.076857840081,-1685.2768578400812
1311.94,2127.8746680231616,-815.9346680231615
1479.88,2516.969313081999,-1037.089313081999
1486.68,2510.2523657885013,-1023.5723657885012
6861.32,7279.4981087243395,-418.17810872433984
3117.55,5223.3535814860115,-2105.8035814860114
5827.33,5925.287218992567,-97.9572189925675
3866.23,7508.392185143173,-3642.1621851431732
1196.37,1162.0732171349039,34.29678286509602
4769.61,6090.554154587224,-1320.9441545872241
934.57,438.2285692300683,496.3414307699318
1466.67,299.32530321979857,1167.3446967802015
2160.55,2864.682832908583,-704.1328329085827
7450.3,7435.440465627795,14.859534372205417
6199.77,5107.440780739613,1092.3292192603876
16627.29,5040.3148183972535,11586.975181602747
1383.49,2490.417494416398,-1106.9274944163978
870.79,1677.5526752642068,-806.7626752642068
473.92,755.9819481390391,-282.0619481390391
1249.15,3155.9334196612385,-1906.7834196612384
1273.77,1317.2400846888302,-43.470084688830184
6117.78,3481.3359601049037,2636.444039895096
4983.38,5421.567146133097,-438.1871461330966
536.61,895.1774050603613,-358.56740506036124
2268.86,1179.9900002044003,1088.8699997955998
1799.71,6296.944920620137,-4497.234920620137
3030.0,823.6983504824113,2206.301649517589
769.53,1747.860229267097,-978.3302292670971
4911.91,3773.859680320054,1138.050319679946
7419.13,6017.972150862337,1401.157849137663
2147.58,2065.4282244024416,82.1517755975583
2171.68,1887.6735806086085,284.0064193913913
1175.91,673.0384010936696,502.8715989063305
1337.69,3831.3603452833236,-2493.6703452833235
1213.21,2134.0292753649487,-920.8192753649487
2712.7,1524.776129173965,1187.9238708260348
9226.09,5856.081439729865,3370.0085602701347
2912.15,2692.9073969400883,219.24260305991174
1191.84,970.1871043375172,221.6528956624827
988.21,155.92074930475212,832.2892506952479
1871.14,2272.7479175877547,-401.6079175877546
1085.09,1557.620259663475,-472.53025966347514
727.16,2260.166266026474,-1533.0062660264743
2152.76,1753.0395129956378,399.72048700436244
937.53,1828.8129656798578,-891.2829656798579
3278.93,2799.763477571468,479.16652242853206
2066.11,3645.635150888261,-1579.5251508882607
1697.25,1477.7512026415488,219.49879735845116
2502.75,3358.9460557342263,-856.1960557342263
1494.67,3019.146040710034,-1524.4760407100339
2446.83,4904.183896529134,-2457.3538965291336
4453.05,5045.973935464477,-592.9239354644769
1293.12,1573.7137249450343,-280.5937249450344
4148.51,3485.3914531492683,663.118546850732
804.0,2050.5857619277754,-1246.5857619277754
759.17,3761.9819658664287,-3002.8119658664286
3720.15,4658.384763434737,-938.2347634347366
2261.26,2674.4635800775327,-413.2035800775325
2027.03,2921.8526855612226,-894.8226855612227
1158.35,249.21438983870337,909.1356101612965
689.8,998.2910351099865,-308.49103510998657
1884.84,1453.5128947959693,431.32710520403066
4293.74,3296.174220320309,997.5657796796909
852.71,1047.498422703216,-194.78842270321593
3045.2,2351.6955338255607,693.5044661744391
2066.35,3510.9674489911945,-1444.6174489911946
4487.91,4130.000193863181,357.9098061368186
3571.69,1436.000044851089,2135.6899551489114
1093.23,1571.724280248279,-478.494280248279
4562.4,6234.714230716498,-1672.314230716498
850.61,2186.155661432228,-1335.545661432228
1763.18,1847.385118071929,-84.20511807192884
1215.5,598.0097809707173,617.4902190292827
1583.83,5189.7252691451085,-3605.8952691451086
3602.7,2626.220886998864,976.4791130011358
4567.42,4903.990630372169,-336.57063037216903
1419.08,5244.567779265037,-3825.487779265037
2568.15,4260.538400298927,-1692.3884002989266
4723.4,1796.319107490076,2927.0808925099236
2719.77,2634.2078020956806,85.56219790431942
2531.98,1567.1190966989939,964.8609033010061
13358.27,5285.649440851415,8072.620559148585
1590.06,1598.1912047591663,-8.131204759166394
4225.07,5530.868552935142,-1305.7985529351427
2045.03,3096.295141264247,-1051.265141264247
10605.68,4426.125013087283,6179.554986912717
3681.49,1750.0459090628146,1931.4440909371851
834.58,1243.3227197895042,-408.7427197895041
2541.18,3873.129579191424,-1331.9495791914242
989.15,1785.016050375994,-795.866050375994
3469.07,1924.8790950703174,1544.1909049296828
975.91,3670.349948565182,-2694.439948565182
3330.55,2881.6048747644563,448.94512523554386
785.81,1716.8234535161046,-931.0134535161046
1972.53,1143.2672037885618,829.2627962114382
4075.37,3430.6289874043155,644.7410125956844
1685.32,1901.6111039135972,-216.29110391359723
1242.05,862.2132640302209,379.83673596977906
3725.38,4399.95754263569,-674.5775426356895
374.29,1081.47369275235,-707.18369275235
1663.99,459.31218835075526,1204.6778116492446
883.9,1403.2827504665938,-519.3827504665938
862.02,-391.85615932753916,1253.8761593275392
2208.04,3229.338304203332,-1021.298304203332
1661.24,2201.5436170670064,-540.3036170670064
1492.09,2840.2331471711013,-1348.1431471711014
3562.48,4048.8340421138423,-486.3540421138423
754.45,1906.5317109562452,-1152.0817109562452
2348.1,2434.849726473412,-86.74972647341201
963.75,1058.663991484196,-94.913991484196
2831.2,4426.472082983533,-1595.2720829835334
1278.3,2029.124373833697,-750.8243738336971
1319.24,2233.173639997949,-913.9336399979491
4104.15,4718.191839128171,-614.041839128171
10461.59,1491.0604751871438,8970.529524812857
2703.96,1272.9263615183236,1431.0336384816765
2005.48,2091.814573784429,-86.33457378442881
1901.81,2411.9900613919594,-510.1800613919595
2199.63,224.40777941530064,1975.2222205846995
1634.65,4482.945294148407,-2848.295294148407
1482.76,738.5323083281171,744.2276916718829
1437.15,977.0402768792887,460.10972312071135
6448.79,5894.806873204268,553.9831267957316
7002.24,3667.6576084755106,3334.582391524489
668.6,825.5651869920816,-156.9651869920816
451.33,873.6778044099524,-422.3478044099524
912.37,12.931064015238519,899.4389359847614
1991.35,1460.7069096897017,530.6430903102982
1290.87,1255.0817138823645,35.78828611763538
3582.67,4680.435049286663,-1097.7650492866633
1450.5,3451.3914142817857,-2000.8914142817857
9752.96,5793.648982705779,3959.3110172942197
1083.3,620.7933873887749,462.506612611225
580.0,1787.7841329583152,-1207.7841329583152
1000.26,1935.5041306960075,-935.2441306960075
2095.7,1602.9038097426112,492.7961902573886
2355.86,2880.815500286569,-524.9555002865691
10491.14,5250.457439688818,5240.682560311181
1861.67,1666.358225667722,195.311774332278
1784.74,2778.778385846909,-994.0383858469088
3825.4,4418.157435272053,-592.7574352720526
2834.15,2215.4179051496667,618.7320948503334
8542.66,5651.681591220304,2890.978408779696
1602.24,2381.0940938201375,-778.8540938201375
3311.36,2868.6893428101876,442.6706571898126
3038.36,5124.514526630923,-2086.1545266309226
3354.41,4640.905605509983,-1286.4956055099829
3983.92,9560.201229651868,-5576.281229651868
855.3,1473.938531096931,-618.638531096931
2012.31,2402.2081209084977,-389.89812090849773
2098.99,1560.235357312821,538.7546426871788
7508.32,3144.800068732222,4363.519931267778
1801.32,1573.8902065738587,227.42979342614126
2999.11,4564.964717493744,-1565.8547174937435
999.81,-272.3210688918424,1272.1310688918425
741.75,932.5700020164429,-190.8200020164429
1785.27,1673.2775188908915,111.99248110910844
1886.07,2744.683142571274,-858.613142571274
1573.66,1876.114993571221,-302.45499357122094
1206.66,2011.1988279220018,-804.5388279220017
905.82,410.10013009180193,495.7198699081981
2393.33,2332.9962112975836,60.333788702416314
2841.74,-63.15275166614481,2904.8927516661447
1779.46,2941.17145369492,-1161.7114536949198
2405.2,3267.3285348181766,-862.1285348181768
1135.29,1775.406186100232,-640.116186100232
1861.43,1723.584260085758,137.84573991424213
1502.97,3365.8632835262874,-1862.8932835262874
1521.68,2745.2529870546196,-1223.5729870546195
4326.63,3950.2424382643226,376.38756173567754
4958.16,5789.35908099866,-831.1990809986601
2358.34,1008.1180181107452,1350.221981889255
2568.62,2432.182058168066,136.43794183193404
1882.86,2423.902747834098,-541.0427478340982
1397.64,1666.3746635074483,-268.7346635074482
4485.65,2109.704997662908,2375.9450023370914
2940.25,1566.3134684364568,1373.9365315635432
1796.25,1577.6032365186018,218.64676348139824
260.0,-568.0757675338007,828.0757675338007
4714.4,1478.6787824466273,3235.7212175533723
803.3,1494.118199387333,-690.8181993873332
984.57,1713.402050526232,-728.8320505262319
3978.16,5025.4686680210125,-1047.3086680210126
3322.5,2772.478576572596,550.021423427404
924.1,2786.88719457042,-1862.78719457042
1878.15,3186.2453887993265,-1308.0953887993264
3952.44,2582.8228446843973,1369.6171553156028
8538.71,3892.2867998225524,4646.423200177447
2841.7,2951.4513325810926,-109.75133258109281
891.36,2799.5556547771444,-1908.1956547771442
2052.76,1274.3985225050765,778.3614774949237
889.83,1575.3997679868423,-685.5697679868423
3517.61,2898.7802414197977,618.8297585802025
2805.12,2102.3906024912153,702.7293975087846
1421.25,1585.2322093486703,-163.98220934867027
1331.23,149.1118415669381,1182.118158433062
4190.72,3970.8474964912307,219.87250350876957
3404.52,3211.9661402627626,192.55385973723742
4153.56,3047.743079050734,1105.8169209492662
922.23,2779.708501857694,-1857.478501857694
1099.14,3838.207625356365,-2739.067625356365
29039.85,8673.968209518796,20365.881790481202
583.91,225.87919941478287,358.0308005852171
564.4,1355.6730630179293,-791.2730630179293
1172.29,2135.86475589507,-963.5747558950702
14906.77,7788.451381672012,7118.318618327989
1416.8,2313.2735358760374,-896.4735358760374
1762.71,2646.3858803838225,-883.6758803838225
1498.21,813.7522329737567,684.4577670262433
982.62,871.3837683693296,111.23623163067043
3328.92,2667.732978142366,661.1870218576341
3050.97,1795.35823330124,1255.6117666987598
2474.07,5638.000994816088,-3163.9309948160876
5760.46,4650.201214817378,1110.258785182622
6015.12,1143.505564618159,4871.614435381841
1592.11,4745.544125679211,-3153.4341256792113
677.21,514.8154009046393,162.39459909536072
11504.76,4010.328405476013,7494.431594523987
539.6,921.1326511554876,-381.53265115548754
1059.98,2078.912481373045,-1018.932481373045
1731.38,6163.498669703726,-4432.118669703726
3583.99,3826.8978558474632,-242.90785584746345
3192.99,6898.176654889916,-3705.186654889916
1554.54,1394.9092614546503,159.6307385453497
8003.56,7059.525819993352,944.0341800066481
4923.36,3169.926421942839,1753.4335780571605
3022.48,3454.1805212461677,-431.7005212461677
3029.23,538.3226334840684,2490.9073665159317
5533.99,5050.432175796324,483.5578242036754
2760.64,5014.304143379839,-2253.664143379839
1701.06,2095.371344687512,-394.31134468751225
825.6,2839.5315019244613,-2013.9315019244614
1843.78,3764.0853336070627,-1920.3053336070627
1801.91,2438.27906456635,-636.3690645663498
1904.05,3359.302591462155,-1455.252591462155
4444.05,1419.0270052675592,3025.022994732441
1843.69,2958.14958158217,-1114.45958158217
1111.39,1034.6602424141172,76.72975758588291
952.78,1676.4895260640205,-723.7095260640206
6150.57,4530.643161866788,1619.9268381332113
1320.98,2344.384159884791,-1023.4041598847912
3876.05,3588.6713842096815,287.3786157903187
1815.59,1308.4427965920584,507.14720340794156
1512.33,3394.6371332051235,-1882.3071332051236
953.31,3054.62061244802,-2101.31061244802
6608.18,4199.348628097627,2408.8313719023736
2268.72,3459.1469480120036,-1190.4269480120038
2008.99,1211.7143613169915,797.2756386830085
14499.21,6858.611676599361,7640.598323400638
1539.2,3093.9701281614693,-1554.7701281614693
2754.23,2610.3146941882324,143.91530581176767
971.68,2812.4475392069685,-1840.7675392069686
746.21,4159.25212880807,-3413.0421288080697
1529.19,2759.607263516754,-1230.4172635167538
1164.3,987.9987252574804,176.30127474251958
5061.62,2523.5367378430615,2538.0832621569384
952.98,785.9582910234387,167.02170897656129
580.0,960.9548934441841,-380.9548934441841
622.19,1530.03194716164,-907.8419471616398
2806.38,3774.5262440170736,-968.1462440170735
1703.94,1788.5157378672611,-84.57573786726107
964.1,1309.995718659325,-345.89571865932487
641.17,1888.877444709918,-1247.707444709918
386.65,-1287.5597820957955,1674.2097820957956
1264.67,5110.698219412909,-3846.0282194129086
1786.45,1935.1682583756824,-148.71825837568235
764.14,698.2310467103767,65.90895328962324
970.38,1615.0237125320525,-644.6437125320525
7690.15,5066.3170321375965,2623.832967862403
5813.55,5575.676293371524,237.8737066284766
808.85,1069.002752592782,-260.1527525927819
1553.15,4368.342088867668,-2815.192088867668
2066.32,2400.2987636524354,-333.9787636524352
1873.75,1758.167230612139,115.58276938786094
1832.84,948.8322145690374,884.0077854309625
1252.09,2562.255949030771,-1310.165949030771
2026.99,2630.077761215343,-603.0877612153429
1154.46,4110.675178755646,-2956.215178755646
7336.79,4840.457359484828,2496.332640515172
643.21,-581.1262127609461,1224.3362127609462
1193.55,744.0727421664305,449.4772578335694
578.39,1074.044609845341,-495.65460984534104
994.61,1051.8772580430546,-57.26725804305454
2207.89,829.9153319528689,1377.974668047131
1307.58,1263.28883792752,44.29116207247989
1328.18,4032.9464832047674,-2704.7664832047676
1938.97,2849.8217422445173,-910.8517422445173
2239.04,3079.813668262078,-840.773668262078
3519.59,4232.025452079108,-712.4354520791076
1468.2,4463.150930660353,-2994.950930660353
830.56,617.8321527676758,212.72784723232417
1938.67,1993.5051509063046,-54.835150906304534
1233.73,837.6896764473884,396.04032355261165
3931.41,3617.867859995135,313.5421400048649
1611.21,2514.247565740461,-903.0375657404611
1938.53,4761.715479182105,-2823.185479182105
934.51,1999.0677578136788,-1064.5577578136788
1052.67,2171.110019944742,-1118.4400199447418
1173.76,1927.5894451177642,-753.8294451177642
2525.97,3069.7599087156373,-543.7899087156375
1839.74,2944.5932816124377,-1104.8532816124377
3540.83,3015.0572634829855,525.7727365170144
4092.54,4360.6959830594515,-268.1559830594515
372.94,165.60633566675932,207.33366433324068
10428.11,5219.775247262367,5208.334752737634
2469.31,2662.2625454992803,-192.9525454992804
5681.98,6393.309324633556,-711.3293246335561
3094.39,6671.845633285393,-3577.455633285393
3091.7,2256.065519455394,835.6344805446056
975.06,688.643616797692,286.416383202308
2942.31,2348.0705404210926,594.2394595789074
8130.33,5111.908010026935,3018.421989973065
3201.06,2865.7142440043294,335.3457559956705
592.81,1330.4698867430013,-737.6598867430014
3661.18,3545.087643894106,116.09235610589394
2213.69,1231.9842958639497,981.7057041360504
793.61,581.4935776756777,212.11642232432234
3334.96,2535.6696381519023,799.2903618480977
1758.16,653.0030588827876,1105.1569411172125
951.47,2.841730115067776,948.6282698849323
1006.13,1540.0122172201313,-533.8822172201313
2245.72,1386.1216840028521,859.5983159971477
2216.45,3622.9553886471763,-1406.5053886471765
10740.94,10944.349098803674,-203.40909880367326
4875.33,5130.283493360272,-254.95349336027175
3514.54,3832.608855838332,-318.0688558383322
1828.18,2382.5980917407956,-554.4180917407955
737.99,768.430781919144,-30.440781919144
3700.77,2670.6918226625176,1030.0781773374824
2722.99,4559.471566556931,-1836.4815665569313
7988.69,6436.702085656443,1551.9879143435564
2636.23,4011.555189574982,-1375.3251895749818
1354.69,725.4687457697364,629.2212542302636
2825.74,3977.940823850748,-1152.2008238507483
538.55,1659.9419996601353,-1121.3919996601353
7940.07,8022.716093051527,-82.64609305152771
6148.54,6792.184301769323,-643.6443017693227
3266.49,2341.457075169334,925.0329248306657
5607.05,5967.529117292712,-360.47911729271163
3132.27,2238.4256965262257,893.8443034737743
969.96,3042.4796877402796,-2072.5196877402796
1465.27,2280.8613087681997,-815.5913087681997
932.22,1718.5545497614678,-786.3345497614678
2094.46,3261.0184842229833,-1166.5584842229832
3638.17,570.6890800020115,3067.4809199979886
1072.66,5351.179428633044,-4278.519428633044
4195.32,2943.433442027912,1251.8865579720878
801.65,1506.139717326183,-704.489717326183
1089.36,2560.8978910485944,-1471.5378910485945
1763.93,2656.367328787364,-892.4373287873639
789.94,1939.5192816992753,-1149.5792816992753
751.85,2307.7587596553017,-1555.9087596553018
1713.26,2847.619348347007,-1134.359348347007
8039.0,4959.732607409385,3079.2673925906147
4115.39,7384.684266668424,-3269.294266668424
635.8,2480.0153927885594,-1844.2153927885595
795.38,796.5607032040436,-1.1807032040436525
4711.56,3486.6811691457333,1224.878830854267
2022.38,1612.629155704896,409.7508442951041
2572.34,1943.3115711356827,629.0284288643174
347.23,647.315699436644,-300.08569943664395
2226.39,2063.765752980755,162.62424701924465
7318.63,7581.62551784491,-262.99551784490995
3159.51,1707.9758720733723,1451.534127926628
3327.76,2381.382314490653,946.3776855093474
2020.15,2217.8060044162344,-197.65600441623428
2316.03,1588.9619226948687,727.0680773051315
759.64,2113.5754801541675,-1353.9354801541676
3563.98,3133.16008987444,430.81991012556
7891.37,4189.6921962901815,3701.6778037098184
7041.08,7721.4804586246355,-680.4004586246356
733.7,1538.2942689593117,-804.5942689593116
14072.32,4878.290683799174,9194.029316200826
5012.39,9400.260453366618,-4387.870453366618
9015.16,5815.250645764576,3199.909354235424
5404.8,7088.5639637152635,-1683.7639637152633
4927.3,5715.282931612232,-787.9829316122314
2271.39,1582.9468617519956,688.4431382480043
8615.69,5106.717207380449,3508.972792619552
761.65,1897.7768538131713,-1136.1268538131712
711.66,2961.3199140102606,-2249.6599140102608
2186.86,2950.9473224546714,-764.0873224546713
2603.27,1432.2436255694888,1171.0263744305112
1647.78,2119.627934858687,-471.8479348586868
10489.49,6224.624888718476,4264.865111281524
9212.38,6955.3646336998245,2257.0153663001747
6387.24,9297.895520720605,-2910.6555207206056
1120.49,1448.5068098950208,-328.01680989502074
1859.57,662.1694881600325,1197.4005118399673
719.85,852.3075754104343,-132.4575754104343
6014.04,3125.2226504808873,2888.8173495191127
2338.87,1642.6147669136192,696.2552330863807
9542.95,6762.3310809149025,2780.6189190850982
583.11,2241.582622399043,-1658.4726223990428
1149.0,1964.9889001716115,-815.9889001716115
1235.9,119.53953849197592,1116.3604615080242
1446.93,2159.3881178740176,-712.4581178740175
6351.48,5708.163054398454,643.3169456015457
6463.89,3258.6381738200516,3205.2518261799487
7321.77,4609.4532398286065,2712.316760171394
3645.02,1328.3562835142,2316.6637164858003
1411.74,2578.709283688526,-1166.9692836885258
2810.64,3565.3614789572634,-754.7214789572636
5396.61,2947.085816667727,2449.5241833322725
9723.02,10521.606994540569,-798.5869945405684
828.12,1345.4659695089294,-517.3459695089294
1661.08,2186.4794592237013,-525.3994592237013
1418.12,1840.3733651809894,-422.2533651809895
1800.34,1064.7445513227178,735.5954486772821
1327.85,2772.5248627851006,-1444.6748627851007
2953.78,1207.9552926865633,1745.8247073134369
2868.05,3102.069633928058,-234.01963392805783
1447.95,3234.8184930261473,-1786.8684930261472
1802.34,4276.683015166509,-2474.343015166509
2924.92,4090.730347281698,-1165.810347281698
2458.45,3347.7884996700686,-889.3384996700688
1222.62,1401.64636717982,-179.02636717982
7224.66,5701.169458988803,1523.490541011197
4672.89,3491.978379412746,1180.9116205872542
981.39,1367.9888856427915,-386.5988856427915
7686.83,8450.419607044709,-763.5896070447088
1887.07,4871.441285943518,-2984.371285943518
1413.83,2850.71720999739,-1436.88720999739
4694.65,2879.219564839419,1815.4304351605806
2863.02,3204.411587823343,-341.3915878233429
1943.01,3967.9377814383956,-2024.9277814383956
614.4,3455.3885984336143,-2840.9885984336142
984.26,2857.3873690549563,-1873.1273690549563
1934.89,2870.0203358581225,-935.1303358581224
1141.56,2181.6502733624093,-1040.0902733624093
10895.25,6670.686352304183,4224.563647695817
942.3,2048.9983231510746,-1106.6983231510746
1943.71,3344.8861351921673,-1401.1761351921673
2378.11,2032.2917473760021,345.818252623998
888.94,2042.3074017235222,-1153.367401723522
1796.69,3409.872873386306,-1613.1828733863058
1788.26,3620.771246181619,-1832.511246181619
1231.32,2809.1028128984817,-1577.7828128984818
828.77,2266.543036414334,-1437.773036414334
1671.01,1236.9938643629791,434.01613563702085
2952.74,3515.888667391819,-563.1486673918193
1920.15,1910.2716925998366,9.878307400163521
6108.98,7030.841500329256,-921.8615003292562
13297.66,9244.143051683724,4053.5169483162754
4394.61,2532.4008657814875,1862.2091342185122
1092.78,699.3114255526395,393.4685744473604
5353.21,3128.832379050526,2224.377620949474
1720.8,2376.712028299867,-655.9120282998672
936.99,1812.413241974631,-875.4232419746311
1742.09,1556.6314547426316,185.4585452573683
2144.03,1353.83611598811,790.1938840118903
480.82,1602.8887818760309,-1122.068781876031
8434.22,4981.570684218608,3452.649315781391
9843.33,9214.25287339602,629.0771266039792
4753.51,1578.1768653371182,3175.333134662882
2651.75,1185.2177564853955,1466.5322435146045
2602.14,1021.9693919778288,1580.170608022171
1138.29,518.0775034125749,620.2124965874251
4135.86,1915.7451735642612,2220.1148264357385
1857.43,2909.4695953378305,-1052.0395953378304
804.22,2746.704148385578,-1942.4841483855778
1409.96,1342.1138805469461,67.84611945305392
1928.03,3012.5693349510493,-1084.5393349510493
6951.4,5548.725229839256,1402.6747701607437
4552.59,6130.475255780528,-1577.8852557805276
4299.95,3262.553268146649,1037.396731853351
2682.97,1375.9276363879214,1307.0423636120784
722.12,1111.6301077527587,-389.5101077527587
960.8,2886.783576959883,-1925.9835769598828
1480.26,2853.471691507844,-1373.2116915078439
932.05,2970.2410872697683,-2038.1910872697683
1683.42,3681.1289452496612,-1997.7089452496612
3223.69,1582.2716193563222,1641.418380643678
6314.6,5161.624752504285,1152.975247495715
2565.5,1729.633733674379,835.8662663256209
2209.45,1930.881757621653,278.5682423783469
1695.11,2700.7882613912284,-1005.6782613912285
596.61,1424.853514245771,-828.243514245771
2582.84,2304.3658133411745,278.4741866588256
1316.59,2703.0218389143697,-1386.4318389143698
2658.51,2205.8238893226594,452.6861106773408
3812.45,1599.15223446816,2213.29776553184
1423.93,1146.0083197483978,277.9216802516023
1216.45,1330.9674625048526,-114.51746250485257
2740.91,1261.0178208334978,1479.892179166502
2318.39,2033.5030906826378,284.8869093173621
10097.85,5053.596443733586,5044.253556266414
903.79,431.34903147712134,472.4409685228786
5376.61,5607.718296251505,-231.10829625150564
1017.88,2163.2469484406224,-1145.3669484406223
7608.35,7960.691013016185,-352.34101301618466
1551.37,809.3336906120223,742.0363093879776
3137.95,2472.3633360373583,665.5866639626415
859.6,1748.7881847689978,-889.1881847689978
1655.91,1352.6939174821,303.2160825179001
7922.6,5339.029474103047,2583.5705258969538
2260.82,2173.2297062028747,87.59029379712547
629.12,1075.3062622927293,-446.18626229272934
2775.85,5509.190143396045,-2733.340143396045
2543.55,2275.8381047443654,267.7118952556348
1300.66,1051.5961599123539,249.0638400876462
2719.85,5874.427436730113,-3154.5774367301133
1098.89,1766.8734882364597,-667.9834882364596
1305.96,1759.6747597769831,-453.7147597769831
2695.32,1987.9416571670217,707.3783428329784
3155.26,2772.2510511318546,383.0089488681456
2782.95,1803.6966523625192,979.2533476374806
1683.2,594.306110976617,1088.893889023383
1295.21,1673.2809434584956,-378.07094345849555
1152.56,1866.8854908414523,-714.3254908414524
2918.8,3051.7434369938405,-132.94343699384035
2508.06,2333.671091605224,174.38890839477608
1488.17,2888.838859424781,-1400.6688594247807
7081.35,4024.993586209385,3056.3564137906155
1381.89,2743.215641523697,-1361.3256415236967
527.82,2439.7972453968923,-1911.9772453968922
1153.69,1856.877537378045,-703.1875373780449
2229.24,3520.3020612548758,-1291.062061254876
1956.26,435.98519855829966,1520.2748014417002
28.46,2689.2663738678866,-2660.8063738678866
797.68,644.9008907834408,152.77910921655916
3081.25,5456.89212140786,-2375.64212140786
663.39,1781.862021910455,-1118.4720219104552
1557.42,823.4001428607389,734.0198571392611
1451.89,1301.7248581887507,150.16514181124944
5875.53,3850.8673393008808,2024.662660699119
451.75,5282.88413587234,-4831.13413587234
716.41,899.8758207005301,-183.46582070053012
1488.18,2359.115260461109,-870.9352604611088
7625.52,6149.038172330213,1476.481827669788
865.49,1807.5509374940998,-942.0609374940998
2972.32,4145.5123854516205,-1173.1923854516203
879.69,1812.61283439642,-932.9228343964201
1752.76,1524.9065882909726,227.85341170902734
1811.03,1773.0455466992785,37.9844533007215
2761.72,3127.94780649256,-366.2278064925604
2582.05,5013.074443401336,-2431.0244434013357
2069.18,2934.884950228306,-865.7049502283062
1570.38,911.4243723204008,658.9556276795993
1258.9,868.0455083571142,390.85449164288593
3987.13,1957.3061686062615,2029.8238313937386
4918.98,2241.9235691237814,2677.056430876218
1723.26,3705.222294653598,-1981.962294653598
3457.79,4464.4302479025355,-1006.6402479025355
2978.93,3911.2873264525547,-932.3573264525548
982.65,2111.0809205362984,-1128.4309205362983
4632.58,1454.3425455629683,3178.2374544370314
2609.01,2880.4417694900076,-271.43176949000735
1102.43,1312.55135326903,-210.1213532690299
2451.69,4613.121004639004,-2161.431004639004
1141.48,448.05935692186006,693.42064307814
6188.65,4386.230916521852,1802.4190834781475
955.48,2391.9569412683013,-1436.4769412683013
6009.12,4118.819100642722,1890.3008993572776
984.66,4106.164794485996,-3121.504794485996
890.54,3561.678599227022,-2671.138599227022
726.67,738.355424942057,-11.685424942057011
767.65,795.3914155775017,-27.741415577501698
6755.1,4073.2263110500576,2681.873688949943
1910.22,2216.180509842044,-305.9605098420441
6573.05,5537.329312032081,1035.7206879679188
1312.26,2679.587017642682,-1367.327017642682
6464.84,6977.548171986104,-512.7081719861035
3547.26,4557.626162490389,-1010.3661624903889
2683.71,1881.6706078388142,802.0393921611858
702.46,1230.329764595424,-527.8697645954239
1014.78,1167.3635394272862,-152.58353942728627
907.11,983.685382880806,-76.57538288080593
2609.01,679.8970230958066,1929.1129769041936
735.64,1914.0856452222133,-1178.4456452222134
1078.57,936.7435114205659,141.826488579434
618.16,1036.265796716792,-418.10579671679204
1302.65,2817.818098087684,-1515.168098087684
2636.08,4585.357914290731,-1949.2779142907311
872.37,2319.3529825593455,-1446.9829825593456
878.52,840.096593517387,38.42340648261302
2240.68,3198.6767836651893,-957.9967836651895
5308.01,4359.304936478156,948.7050635218438
3953.62,1682.951018973137,2270.6689810268626
4527.37,5879.583917221253,-1352.2139172212528
1949.64,3117.0122376351023,-1167.3722376351022
3560.12,1769.6613142323831,1790.4586857676168
6316.98,10947.617034532013,-4630.637034532014
1058.23,490.56651563093635,567.6634843690637
862.85,405.752272365178,457.09772763482204
1215.32,1483.265520581867,-267.94552058186696
947.66,2638.6465850390805,-1690.9865850390806
4040.15,3398.6673078962763,641.4826921037238
4232.78,2816.9476184285963,1415.8323815714034
3858.48,3518.301402731382,340.178597268618
1091.35,1046.6750390849081,44.67496091509179
6964.62,5820.568221908701,1144.0517780912987
1882.07,2534.319295140014,-652.2492951400143
1638.8,2956.486347712737,-1317.686347712737
1292.83,1552.2532013421003,-259.42320134210036
4845.58,4474.301324878563,371.2786751214371
694.79,251.851599475051,442.938400524949
865.01,2237.7420972168998,-1372.7320972168998
1748.98,829.276971836689,919.703028163311
684.92,2593.0234004131294,-1908.1034004131293
1682.35,1786.5840304422518,-104.23403044225188
2168.66,850.4338238819391,1318.2261761180607
5476.36,7940.7164930018425,-2464.356493001843
2348.28,2515.7499236831986,-167.46992368319843
4668.84,3104.9140323820757,1563.9259676179245
1019.86,2323.015848989057,-1303.1558489890567
694.52,710.8252458846857,-16.305245884685746
1106.71,1487.7007475734442,-380.9907475734442
1428.69,2062.8662662844536,-634.1762662844535
1976.71,2460.2612376690477,-483.5512376690476
3475.37,4118.053689638589,-642.6836896385894
4172.28,4448.172379199372,-275.89237919937204
3568.7,4232.295881725027,-663.5958817250275
3051.85,-1038.4002049339324,4090.2502049339323
787.31,1367.6452123535769,-580.3352123535769
2126.12,1374.4620307185094,751.6579692814905
4259.26,6227.888246405475,-1968.6282464054748
5847.0,5776.1839603561875,70.81603964381247
3000.02,2228.2670960627665,771.7529039372334
531.47,-619.435744794645,1150.905744794645
2673.72,3211.162480616054,-537.4424806160541
1388.76,2777.022308139924,-1388.262308139924
2779.32,2968.4451823245236,-189.1251823245234
4723.55,6487.040951410305,-1763.4909514103047
2115.32,1984.7755370802697,130.54446291973045
3103.8,2756.6858698864585,347.1141301135417
1384.61,2343.4428051991626,-958.8328051991627
1207.56,1670.9114091256893,-463.3514091256893
611.68,0.17978996245011558,611.5002100375498
1848.91,3541.5545333148775,-1692.6445333148774
1104.55,3150.6796657775017,-2046.1296657775017
819.75,1243.538465984158,-423.78846598415794
6999.69,3899.1453352701733,3100.5446647298263
3033.69,2128.0177968256976,905.6722031743025
1936.69,5254.706042721744,-3318.016042721744
2126.61,2745.1770619116937,-618.5670619116936
824.03,444.667362080468,379.36263791953195
1684.29,1849.8175626939424,-165.5275626939424
1854.51,1107.998801504247,746.511198495753
1169.01,2735.5725452499237,-1566.5625452499237
773.0,571.1736345102856,201.82636548971436
12221.33,7291.663139997621,4929.666860002379
3512.03,1768.1762686770721,1743.853731322928
4002.19,2523.002942211323,1479.187057788677
1643.45,1985.1254145685061,-341.6754145685061
7106.39,5376.319448949162,1730.0705510508387
1412.91,1931.1773882625143,-518.2673882625143
1185.97,3809.7363890817082,-2623.7663890817084
7944.85,7072.302862492465,872.5471375075358
4637.96,4929.720788751203,-291.7607887512031
2847.13,3448.2572061254155,-601.1272061254153
8903.8,5920.2554232575385,2983.544576742461
2422.38,7774.071783166082,-5351.691783166082
6503.55,4608.55728850276,1894.9927114972406
3801.1,4175.538179286046,-374.4381792860463
1327.08,1973.039270696475,-645.959270696475
1318.8,573.0689758151866,745.7310241848134
9413.65,7409.403741962446,2004.246258037554
543.36,1321.3201911544077,-777.9601911544077
2912.28,2791.670178776941,120.60982122305904
1878.67,3094.9580659624235,-1216.2880659624234
1381.14,2767.1860375328,-1386.0460375328
2538.67,2000.8971710427786,537.7728289572215
4640.26,3993.650896840982,646.6091031590181
1073.86,2073.1823377969904,-999.3223377969905
3998.27,2011.6413727589506,1986.6286272410493
5928.21,9502.356109097593,-3574.1461090975927
1344.54,1863.1177735013293,-518.5777735013294
2144.67,2895.3846690868613,-750.7146690868612
3060.04,3771.2027021659314,-711.1627021659315
2720.69,3491.754304125934,-771.0643041259341
2237.09,4037.997504183531,-1800.9075041835308
3614.11,2925.272126052215,688.8378739477853
2695.91,5491.953843361016,-2796.043843361016
3813.65,4687.483040615347,-873.8330406153468
1675.5,815.4626791998787,860.0373208001213
3434.87,3204.864124976869,230.005875023131
5198.2,3707.7059973623927,1490.494002637607
923.05,984.3549199844992,-61.30491998449929
9369.19,6910.834198806075,2458.355801193926
4371.14,6044.742222134762,-1673.602222134762
1618.88,2928.6879369531025,-1309.8079369531024
756.57,2313.91595659042,-1557.34595659042
6214.19,6950.118908430346,-735.9289084303464
925.34,175.01206697643386,750.3279330235662
897.47,2067.038306278889,-1169.5683062788892
1832.48,2957.5217545259143,-1125.0417545259143
1079.07,529.5784874918102,549.4915125081898
2590.78,2009.3550883742128,581.4249116257874
930.63,2044.4426698691213,-1113.8126698691212
16384.42,5176.3129859667715,11208.107014033227
1663.6,2274.5642087395645,-610.9642087395646
690.81,3458.252253898974,-2767.442253898974
14591.93,5623.266367673588,8968.663632326412
1530.42,2218.8669816402034,-688.4469816402034
3164.58,3143.2033558065086,21.376644193491302
4749.81,7631.785052427207,-2881.9750524272067
4828.94,4799.210230425959,29.7297695740408
3347.23,5341.064170378753,-1993.8341703787532
3399.82,2197.2755334347776,1202.5444665652226
845.27,386.4904304581072,458.7795695418928
1336.37,1954.037935467998,-617.6679354679982
562.07,771.2221611535795,-209.1521611535794
2906.83,4059.8759053022554,-1153.0459053022555
2317.01,2232.902504775843,84.10749522415699
4757.16,3840.3171484913532,916.8428515086466
1251.16,3293.1378099962367,-2041.9778099962366
2840.35,2185.0452395511047,655.3047604488952
3854.9,3221.2193771793486,633.6806228206515
1128.52,1257.5363535435722,-129.01635354357222
9324.25,5345.21674623457,3979.0332537654303
553.07,2084.61610811004,-1531.5461081100398
1494.59,886.0896785489695,608.5003214510305
1375.66,2670.3940030826516,-1294.7340030826515
1276.68,2512.0616585718117,-1235.3816585718116
2506.92,1806.272486303641,700.647513696359
4310.45,4931.884839814151,-621.434839814151
513.78,1448.4983915657754,-934.7183915657754
2334.11,3912.17994685868,-1578.06994685868
3877.65,3810.6013633616153,67.04863663838478
4550.28,4137.819230610208,412.4607693897915
2552.97,1615.9276118054343,937.0423881945655
1646.99,1887.334407677708,-240.34440767770798
5056.38,3073.642787276379,1982.7372127236213
1384.85,1187.298281631665,197.55171836833483
691.97,1366.1903946188643,-674.2203946188642
2599.55,5024.809543423513,-2425.2595434235127
3736.49,3856.817655573753,-120.32765557375342
573.76,2492.7181434544264,-1918.9581434544264
3232.37,3038.099738316523,194.27026168347675
4352.02,5147.9793468082225,-795.9593468082221
6100.43,5960.895175036116,139.5348249638846
3017.4,1811.5819967997227,1205.8180032002774
5105.33,4886.470504933366,218.85949506663383
1857.51,1928.3777072550365,-70.86770725503652
1405.44,1691.3099652252456,-285.86996522524555
586.27,1509.4981384879577,-923.2281384879577
670.14,1153.4097639249399,-483.26976392493987
2861.8,4971.912053593374,-2110.112053593374
2926.66,3245.9939029842753,-319.3339029842755
2252.25,2332.1208823499005,-79.87088234990051
111.49,3259.272059331208,-3147.782059331208
4786.57,1869.034572565261,2917.5354274347387
894.08,1467.2043740289273,-573.1243740289273
3247.79,2561.41292809773,686.37707190227
3750.46,3560.7641327559263,189.69586724407372
4811.17,4874.92552700299,-63.755527002989766
2669.17,3177.1362631188895,-507.9662631188894
4794.17,3635.231669492544,1158.9383305074562
1217.67,2086.8344180399004,-869.1644180399003
675.0,1680.4165247944013,-1005.4165247944013
589.05,766.8785328301267,-177.82853283012673
3582.15,4529.0907016985075,-946.9407016985074
1747.65,1118.2000746387707,629.4499253612294
1719.75,3118.5245299596236,-1398.7745299596236
6528.64,3617.9913775442556,2910.6486224557448
7144.83,5366.060112319121,1778.769887680879
942.32,783.5764570458289,158.74354295417118
3170.29,6725.710280560796,-3555.4202805607956
5055.43,4678.120168440508,377.3098315594925
3605.23,2116.473187245786,1488.756812754214
2260.41,5331.1037373944255,-3070.6937373944256
1820.52,2075.610560883531,-255.090560883531
1673.27,2232.4213791481557,-559.1513791481557
771.1,332.40808997707484,438.6919100229252
1800.98,2191.464502902082,-390.4845029020821
3827.11,3664.1585177552784,162.95148224472177
1288.61,1694.0514543841946,-405.4414543841947
1074.68,1589.946379440458,-515.266379440458
1397.03,3626.6822104261537,-2229.652210426154
11417.02,5343.447946681485,6073.572053318516
1705.45,1269.1129365030974,436.3370634969026
1945.53,2724.134490341794,-778.604490341794
3210.58,2657.120449858178,553.4595501418221
889.37,2151.323240460505,-1261.9532404605052
3395.1,3349.488030621172,45.61196937882778
6543.9,6000.414580055707,543.4854199442925
4693.07,2857.135256587771,1835.9347434122287
943.63,1383.8110678193598,-440.1810678193598
586.8,1582.0664774984502,-995.2664774984503
2208.0,2545.947708699499,-337.9477086994989
669.24,901.7242577671002,-232.4842577671002
9725.01,8349.57241189051,1375.4375881094911
2733.88,3228.1730283872535,-494.29302838725334
828.93,2243.786882815249,-1414.8568828152493
1067.98,2239.5939026708947,-1171.6139026708947
5481.15,7614.418596876327,-2133.268596876327
445.89,688.9282229102027,-243.03822291020276
4030.2,2324.5019663883654,1705.6980336116344
1274.68,2560.386423644337,-1285.7064236443368
1575.97,1994.0189210426465,-418.0489210426465
3010.11,2722.8875010540546,287.2224989459455
3226.59,4146.991729839019,-920.401729839019
1240.47,1427.0980854517936,-186.6280854517936
12124.57,3864.2985525614854,8260.271447438514
939.4,1648.068393049569,-708.6683930495691
1491.14,2302.893449480364,-811.7534494803638
7716.18,8468.688445648484,-752.5084456484838
3452.42,5418.018234542151,-1965.5982345421507
3743.66,2226.3463789556235,1517.3136210443763
2558.19,5752.755485101041,-3194.565485101041
2012.8,1873.6135190162795,139.18648098372046
950.73,2977.5442780079006,-2026.8142780079006
8082.37,4891.849797600666,3190.5202023993343
5795.72,3361.8027951805216,2433.9172048194787
1438.27,3634.9443158948084,-2196.6743158948084
1847.88,3069.2145622213893,-1221.3345622213892
1728.2,2558.3295109917526,-830.1295109917526
7744.37,2746.2989605471735,4998.071039452827
781.73,1538.3107374405336,-756.5807374405335
698.38,1899.082472903889,-1200.702472903889
1680.63,1857.2874122840149,-176.65741228401475
724.17,1359.5113600636823,-635.3413600636824
508.54,1650.9471058263036,-1142.4071058263037
3800.87,1889.1278694847856,1911.7421305152143
745.08,1092.6209814317708,-347.5409814317708
501.83,2652.73334881144,-2150.90334881144
2176.14,1716.1692230278131,459.97077697218674
6593.26,3614.4096129546547,2978.8503870453455
4247.12,1838.346491356333,2408.773508643667
1130.93,4644.1485687241275,-3513.218568724127
349.18,2974.933761251981,-2625.7537612519814
860.67,980.8389417542758,-120.1689417542758
1282.94,632.0226519360668,650.9173480639332
2322.07,786.2724911924174,1535.7975088075827
6903.59,5748.06106192378,1155.5289380762206
1937.67,2622.662641086279,-684.992641086279
4690.4,4467.4936273835865,222.90637261641314
5546.18,7083.112795167011,-1536.9327951670111
2701.06,1681.9166255015834,1019.1433744984165
3492.33,3642.513746053261,-150.18374605326107
5489.29,3964.414139224748,1524.875860775252
439.4,1590.3887360215606,-1150.9887360215607
2757.05,2924.570172574622,-167.52017257462194
7450.37,3840.2170176772356,3610.1529823227643
921.24,1447.5484487560307,-526.3084487560307
980.27,1219.4521091068893,-239.18210910688936
2196.93,3568.7324134604914,-1371.8024134604916
8120.87,5830.667034424745,2290.202965575255
1677.19,3802.9975407824763,-2125.8075407824763
825.74,2649.488662695071,-1823.748662695071
2603.36,5206.795628141901,-2603.435628141901
3420.31,3101.605715066097,318.7042849339027
1784.7,1848.0141152755546,-63.314115275554514
1163.38,753.6045891252752,409.7754108747249
3475.05,3742.0250763096305,-266.97507630963037
3127.72,2977.268486180783,150.45151381921687
2067.56,2477.064878841113,-409.50487884111317
4254.99,4622.9412472255735,-367.95124722557375
1952.3,2911.9221043154503,-959.6221043154503
2242.86,1336.2111669183028,906.6488330816974
2679.78,5222.605692560404,-2542.825692560404
2084.6,2898.7795169462997,-814.1795169462998
4526.17,5689.693559465346,-1163.523559465346
1355.73,2260.9899264403693,-905.2599264403693
5483.06,4891.148360974095,591.9116390259051
3910.16,2743.7353685161916,1166.4246314838083
7192.4,5706.06457230287,1486.3354276971295
5419.0,5934.849185680272,-515.8491856802721
2345.75,3342.2121719042857,-996.4621719042857
2840.31,1558.6538920277308,1281.6561079722692
997.88,2540.4074445012534,-1542.5274445012533
2491.84,1094.4368793535873,1397.4031206464128
3019.58,4826.978815834991,-1807.3988158349912
7760.53,6139.273425283411,1621.256574716589
4179.32,3136.680487323315,1042.6395126766847
27487.66,6507.129595569155,20980.530404430843
801.17,1183.0642477663164,-381.8942477663164
4248.7,6315.743203127109,-2067.0432031271093
1657.43,1905.909520169741,-248.4795201697409
507.58,1045.7658947384646,-538.1858947384646
2200.99,4383.969775021562,-2182.979775021562
2511.65,3746.004791382203,-1234.354791382203
3635.19,3386.9906272405483,248.19937275945176
7858.45,5752.079208296755,2106.3707917032452
1363.37,375.2340939391197,988.1359060608802
4045.36,2178.3342314575125,1867.0257685424876
2805.29,2680.020574517415,125.26942548258512
1431.79,1224.3657654214085,207.4242345785915
1010.25,1095.0372064293176,-84.78720642931762
960.84,-19.12217573828184,979.9621757382819
1119.23,800.9856553801555,318.24434461984447
6560.66,7150.267997423365,-589.6079974233653
687.84,1001.3025736913974,-313.4625736913973
1849.59,1498.0561603546694,351.53383964533054
699.27,673.971597860826,25.29840213917396
4091.32,4762.554794014206,-671.2347940142058
2341.59,1163.9231718306253,1177.6668281693749
10056.25,904.8914912595267,9151.358508740474
886.65,2752.9312692088274,-1866.2812692088273
5702.67,8078.207584307047,-2375.537584307047
4489.05,5106.551651958922,-617.5016519589217
538.89,968.7849519188803,-429.89495191888034
6538.16,4045.321129387911,2492.838870612089
4718.11,4469.99781305312,248.11218694687977
2029.81,1663.7639759700282,366.0460240299717
3191.49,1723.58863593918,1467.9013640608198
2062.52,1030.6379490202974,1031.8820509797026
1538.1,2577.3611568383235,-1039.2611568383236
3971.04,2627.3448883287783,1343.6951116712216
858.57,1438.954611891098,-580.384611891098
1168.89,445.8450147957785,723.0449852042216
5230.42,3994.9933707816194,1235.4266292183806
4204.68,2227.056934447676,1977.623065552324
1645.23,2571.1177872060875,-925.8877872060875
4253.72,3141.9481582371727,1111.7718417628275
2711.89,3013.9018998249358,-302.0118998249359
4557.19,3246.450953914604,1310.7390460853958
4138.29,4360.325369181706,-222.0353691817063
2756.76,2227.4087712791475,529.3512287208528
5319.73,3186.1050486340996,2133.6249513659
1749.02,1434.300642600469,314.71935739953096
1342.09,1754.245925637993,-412.15592563799305
4058.68,4312.371133894081,-253.6911338940813
967.21,21.934704403245632,945.2752955967544
2276.06,1873.9442424258705,402.1157575741295
3098.61,3142.636951185731,-44.02695118573092
5183.73,5534.857525702506,-351.1275257025063
4119.91,5443.549905611677,-1323.639905611677
8451.99,4255.00813459934,4196.981865400659
2095.02,4936.3074036537,-2841.2874036537
1133.15,1081.1234000087222,52.02659999127786
4078.23,4896.76332678431,-818.5333267843102
4541.13,2315.1359279985472,2225.994072001453
3053.66,4084.8062679544623,-1031.1462679544625
2410.09,2446.1877634064035,-36.097763406403374
2520.55,1175.6690136439097,1344.8809863560905
1706.46,668.7430937905859,1037.716906209414
1012.35,2147.9157668753523,-1135.5657668753524
1166.59,5175.108044348435,-4008.518044348435
4146.01,5656.858674101115,-1510.8486741011147
1315.15,2691.8663415020533,-1376.7163415020532
2649.77,1439.5242745527612,1210.2457254472388
1508.62,234.0559293619474,1274.5640706380525
1538.39,5091.944725434958,-3553.5547254349576
1539.26,1532.3841239634353,6.875876036564705
3510.83,2975.859789711936,534.9702102880638
1558.26,3052.858613875829,-1494.5986138758292
416.86,282.93208430319385,133.92791569680617
2184.15,1479.7702051274262,704.3797948725739
3944.2,2299.82223999011,1644.3777600098897
441.76,2369.6055192603526,-1927.8455192603526
7449.58,6546.8186831623025,902.7613168376974
1314.31,1468.8795584928337,-154.56955849283372
1267.08,1963.9924430745432,-696.9124430745433
2126.3,4831.686536889509,-2705.3865368895085
1935.7,5662.751705156288,-3727.0517051562883
4829.17,4543.3789605657275,285.79103943427253
2073.03,599.3618675760332,1473.668132423967
2554.61,2373.8068086603175,180.8031913396826
1882.84,1491.5341084852978,391.3058915147021
628.15,1563.4895414393218,-935.3395414393218
893.77,214.9160529587515,678.8539470412485
616.56,938.3906691718255,-321.83066917182555
9448.17,6944.301144094106,2503.8688559058937
1467.83,1269.1271204279244,198.70287957207552
587.4,1066.6042880347595,-479.20428803475954
778.72,1424.9706322662348,-646.2506322662348
2097.93,1975.4042586706255,122.52574132937434
1352.4,2854.831642175485,-1502.4316421754847
728.32,1971.0346138846512,-1242.714613884651
5506.23,7063.486998385308,-1557.2569983853082
1255.93,5179.638977317003,-3923.708977317003
891.59,-40.749715629494005,932.3397156294941
4053.79,6871.261165673968,-2817.4711656739682
1298.48,3123.111088182712,-1824.6310881827121
5794.98,5553.149251650502,241.8307483494973
2456.83,1523.1994584078107,933.6305415921893
4869.57,5301.871873109087,-432.30187310908696
813.93,2182.5535468149806,-1368.6235468149807
1011.97,1050.136793110348,-38.16679311034795
785.11,1234.6723089089805,-449.5623089089805
729.09,2037.519899857211,-1308.4298998572108
1504.46,2293.3639421942225,-788.9039421942225
833.88,1546.530601781751,-712.6506017817511
792.51,613.1124047185821,179.39759528141792
1190.48,1740.9458662915868,-550.4658662915867
663.34,214.49139836903464,448.8486016309654
2361.9,2740.0757296903867,-378.17572969038656
1890.4,2305.320869795044,-414.9208697950439
838.87,-199.66220737903194,1038.532207379032
3140.73,2694.998907642666,445.7310923573341
6447.08,4863.89033566473,1583.1896643352702
8719.86,4330.54076753464,4389.319232465361
796.67,3087.1766983004345,-2290.5066983004344
3866.49,5671.591721141673,-1805.101721141673
3456.67,2655.027418240455,801.642581759545
2140.0,1838.9562996617892,301.0437003382108
986.67,2591.474121751721,-1604.8041217517211
1550.89,2125.1979677734107,-574.3079677734106
2495.75,5080.360365727232,-2584.6103657272324
3218.91,3334.0467737817316,-115.13677378173179
4056.82,2772.2559862850353,1284.5640137149649
1189.7,5011.941900489448,-3822.241900489448
1702.36,3394.327865035471,-1691.967865035471
2106.77,3443.9124344906345,-1337.1424344906345
1654.87,920.7430665790978,734.1269334209021
2133.58,3001.7808204404582,-868.2008204404583
2206.0,3725.4324152492086,-1519.4324152492086
3075.53,2658.0901743067348,417.43982569326545
1923.96,1454.8788988818387,469.0811011181613
2308.02,5131.134122454714,-2823.114122454714
1109.14,3580.372592264069,-2471.2325922640694
573.4,578.9922675148035,-5.592267514803552
6874.66,1969.9238329115901,4904.736167088409
11578.73,6228.998209350011,5349.731790649988
1585.4,1820.3185023987744,-234.9185023987743
2225.47,2324.381517458498,-98.91151745849811
5255.6,3928.075882454106,1327.5241175458946
3951.29,4972.296066758974,-1021.0060667589742
7457.5,3188.4417808400353,4269.058219159964
1125.77,925.8018777145146,199.96812228548538
1032.14,315.3222337213356,716.8177662786645
1814.65,2261.278398860744,-446.6283988607438
1348.85,2311.207576278455,-962.3575762784549
2769.47,180.4722238346136,2588.9977761653863
10155.14,8602.567079107417,1552.5729208925823
3581.41,2122.564883280756,1458.8451167192438
2316.16,3955.782606489452,-1639.6226064894522
984.41,858.1140721247405,126.29592787525951
4762.31,3977.4533237131177,784.8566762868827
819.0,4955.159964474031,-4136.159964474031
1150.46,922.8528418406108,227.6071581593892
5899.81,6113.497344394171,-213.6873443941704
889.26,1824.43307226023,-935.1730722602299
2109.51,614.0461218086082,1495.463878191392
4800.65,5860.055757265774,-1059.4057572657748
3144.41,2556.3083326580336,588.1016673419663
601.32,1568.680800694359,-967.360800694359
708.41,1810.6598806575362,-1102.2498806575363
3456.7,1830.7959634245526,1625.9040365754472
565.6,3843.5645762884665,-3277.9645762884666
1944.19,2308.8856336248805,-364.69563362488043
3528.43,3216.7005338295003,311.72946617049956
2632.05,2326.029653786113,306.020346213887
9956.48,5072.210003698185,4884.269996301815
2571.49,3637.7414897505705,-1066.2514897505707
660.18,2382.120054016699,-1721.9400540166994
1122.38,1329.8000986656682,-207.4200986656681
2850.29,2474.4413810441124,375.84861895588756
1113.9,1928.1506007582875,-814.2506007582874
742.8,778.175806736811,-35.375806736811
1609.35,1026.2534304842166,583.0965695157834
574.8,580.2763504384736,-5.476350438473673
540.61,1090.182440579254,-549.572440579254
3170.54,4124.317885939623,-953.777885939623
622.01,1565.8636071232015,-943.8536071232015
290.2,-101.14977450277021,391.3497745027702
2033.92,2304.9099291149705,-270.98992911497044
716.1,1372.4578873496469,-656.3578873496468
1099.1,2045.5525726830165,-946.4525726830166
1265.14,1743.1088438292077,-477.9688438292076
1025.96,4379.173387099714,-3353.213387099714
916.16,667.3316029152659,248.8283970847341
2691.41,3618.1478367206173,-926.7378367206175
2660.19,2588.653386839191,71.53661316080888
2714.75,2816.862367173705,-102.11236717370502
521.37,1134.6140374587505,-613.2440374587505
9260.84,7436.107559139267,1824.7324408607328
1538.5,1700.233098895413,-161.73309889541292
1690.67,5454.696964619112,-3764.026964619112
1054.29,3904.300161222112,-2850.010161222112
2368.48,2595.145089487622,-226.66508948762203
1705.07,2302.5557642104604,-597.4857642104605
754.38,2163.8944710723467,-1409.5144710723466
1360.43,3800.7231128957915,-2440.2931128957916
642.96,201.34842172253184,441.6115782774682
1031.93,982.7939112132728,49.136088786727214
914.55,2982.4558432549334,-2067.9058432549336
984.18,1210.307284942434,-226.12728494243413
1330.33,1528.170694117947,-197.84069411794712
613.38,687.7686199198662,-74.38861991986619
19056.91,5959.637625807112,13097.272374192888
1595.75,1300.7401389926831,295.0098610073169
9894.75,5216.338461897587,4678.411538102413
2794.65,2928.1060569929145,-133.45605699291445
1353.96,2788.2028719371197,-1434.2428719371196
9515.63,7965.732143737878,1549.8978562621214
1301.6,318.63423247508126,982.9657675249186
3260.4,1899.2075535974368,1361.1924464025633
2676.6,2503.3249494783745,173.27505052162542
1461.27,2188.1623748730112,-726.8923748730112
1145.97,2060.555615886366,-914.585615886366
846.65,2820.781391730586,-1974.131391730586
2369.85,2036.8142721473355,333.0357278526644
1070.78,1723.594983749724,-652.814983749724
929.82,2053.3179956496333,-1123.4979956496331
650.0,1616.8846729582576,-966.8846729582576
1788.89,1592.9594579886207,195.93054201137943
12307.71,7150.475482654119,5157.23451734588
929.12,3133.504833086309,-2204.3848330863093
1158.78,2518.489598605146,-1359.709598605146
1190.92,2059.323659367266,-868.4036593672658
827.21,2594.483254439886,-1767.273254439886
3855.78,2286.7810601393435,1568.9989398606567
3149.09,2007.7888103558307,1141.3011896441694
919.55,2907.8492807248936,-1988.2992807248936
4545.51,5162.424535186527,-616.9145351865263
1124.11,337.3831630903312,786.7268369096687
1295.96,1620.8637068292505,-324.9037068292505
1550.86,3033.282886661201,-1482.422886661201
1322.41,2440.686032641279,-1118.2760326412788
1451.91,5131.629365311379,-3679.719365311379
2128.63,2095.490085594772,33.139914405227955
1810.79,3492.8039223303267,-1682.0139223303267
3002.52,3795.744386206145,-793.224386206145
1959.34,1769.4688060322364,189.87119396776347
1761.67,2127.4753890896386,-365.80538908963854
2905.53,1415.9898041780543,1489.5401958219459
2748.8,2073.32379995689,675.4762000431101
3684.18,2578.891078070678,1105.288921929322
778.22,1648.5662100075585,-870.3462100075585
5232.98,634.806210051999,4598.173789948
3077.34,5424.0842260413665,-2346.7442260413663
2292.48,1350.7121436664072,941.7678563335928
3869.94,4503.240963204504,-633.3009632045037
1352.51,916.5996758613305,435.91032413866947
10142.99,3796.6082696250774,6346.381730374922
4247.48,3622.8775724969023,624.6024275030973
969.84,614.9776762336309,354.8623237663692
821.39,939.2244477986967,-117.83444779869671
1056.57,1666.2439667029232,-609.6739667029233
2611.66,3249.5890686464713,-637.9290686464715
2841.33,2495.867565457698,345.4624345423017
1524.17,862.7501167719283,661.4198832280717
1982.54,1168.6015887497074,813.9384112502926
2208.42,1940.6151037418958,267.80489625810424
4593.09,6444.0680635771005,-1850.9780635771003
1406.7,4283.716814950018,-2877.0168149500178
1793.63,696.1224000840575,1097.5075999159426
3291.22,1586.2796852459533,1704.9403147540465
1618.38,3699.7681545120777,-2081.3881545120776
1192.37,1089.6301277816294,102.73987221837046
1564.73,1532.9408455846024,31.78915441539766
10408.04,5391.257535436143,5016.7824645638575
2275.26,2096.1935428098027,179.06645719019753
1521.27,2312.8554661508315,-791.5854661508315
1074.59,1834.4482808670814,-759.8582808670815
1387.43,1909.4715831649855,-522.0415831649855
2192.61,1822.0007425868444,370.6092574131558
720.84,3832.6395315635186,-3111.7995315635185
1580.26,1968.0473247181594,-387.7873247181594
3804.07,3884.8175741716573,-80.7475741716571
7201.26,3931.4559053562375,3269.8040946437627
2741.45,2049.6819557287477,691.7680442712522
2636.91,2134.975760201519,501.93423979848103
1379.55,1312.0207918166516,67.52920818334837
3562.24,3090.0084312389213,472.2315687610785
2887.29,4663.516759409311,-1776.226759409311
1363.6,1223.4999376712628,140.10006232873707
7029.56,3061.771984442288,3967.7880155577122
1122.12,-332.4630862944277,1454.5830862944276
1049.35,3580.985488702812,-2531.635488702812
1109.34,1157.372647820251,-48.032647820250986
1530.65,4981.566436709221,-3450.916436709221
661.62,1801.6917270596364,-1140.0717270596365
3470.97,2662.5188316273584,808.4511683726414
1417.7,2426.6610783302363,-1008.9610783302362
3729.06,5253.110093731921,-1524.0500937319207
1853.72,1260.3272438554882,593.3927561445118
1200.08,2703.67256063759,-1503.59256063759
3420.73,3058.511564543369,362.21843545663114
473.0,574.7322686226338,-101.7322686226338
1186.28,2987.3635217021806,-1801.0835217021806
3871.07,2690.2033708399977,1180.8666291600025
707.92,4410.844337997029,-3702.9243379970285
8451.46,3623.3557917225894,4828.104208277409
4865.38,4110.394868867348,754.985131132652
3925.22,3196.0455428930163,729.1744571069835
1782.69,2624.6035062512733,-841.9135062512732
10195.69,9192.849427648707,1002.8405723512933
530.93,1203.0131877531242,-672.0831877531242
408.77,164.3447196883448,244.42528031165517
5179.27,3509.948601150405,1669.3213988495954
3374.5,3206.3949992935495,168.10500070645048
5120.36,3763.927207267615,1356.4327927323848
661.85,2653.1768599831094,-1991.3268599831094
2874.33,3647.5725177388254,-773.2425177388254
4013.09,4419.748589980967,-406.658589980967
6367.62,10869.60134317443,-4501.981343174431
5439.05,2434.012281808172,3005.0377181918284
8962.54,7450.793662610635,1511.746337389366
6439.91,4379.187281236254,2060.7227187637454
7961.24,3609.265176423188,4351.974823576811
1238.77,2085.4022277226636,-846.6322277226636
2242.1,2256.897794877463,-14.797794877463275
1678.46,3688.7558493074207,-2010.2958493074207
10727.77,6937.787299261299,3789.982700738701
2852.0,2432.543791538667,419.45620846133306
4536.01,4018.3140895190813,517.6959104809189
2558.28,4073.012317180241,-1514.732317180241
4807.95,3738.757983515819,1069.1920164841808
1706.81,3600.691475823705,-1893.881475823705
4541.33,2765.356940796908,1775.973059203092
4563.26,4457.072041849366,106.18795815063459
4177.35,3066.573638781671,1110.7763612183294
1240.65,4936.942021633315,-3696.2920216333146
2188.87,1245.8217706613002,943.0482293386997
1513.69,3561.9085935488138,-2048.2185935488137
10230.87,7766.444799876956,2464.425200123045
908.9,2145.3099337957383,-1236.4099337957382
725.9,-144.58293145171643,870.4829314517165
7351.31,8809.533189596279,-1458.2231895962786
944.89,2421.3616821625137,-1476.4716821625138
1055.22,1514.1177115628432,-458.89771156284314
1850.71,2496.6601149539947,-645.9501149539947
1337.61,1414.6370991645992,-77.02709916459935
280.0,5153.33500985311,-4873.33500985311
691.14,2107.7524561608207,-1416.6124561608208
10586.55,6151.984557512964,4434.565442487035
1556.02,936.6228632557081,619.3971367442919
738.26,1541.9469836613691,-803.6869836613691
1160.23,142.1131014867832,1018.1168985132168
2298.23,5645.847445900305,-3347.6174459003046
2862.82,2924.7671150160545,-61.94711501605434
13449.15,13624.120464978834,-174.97046497883457
6231.23,5239.9062353904665,991.3237646095331
575.27,1661.1694178360506,-1085.8994178360506
395.48,659.6272529718567,-264.1472529718567
2704.81,4509.550315920349,-1804.740315920349
1735.44,1876.4929753807692,-141.0529753807691
1513.62,1115.0079736873374,398.61202631266246
563.69,1615.4536942307657,-1051.7636942307656
5400.62,4536.093438583946,864.5265614160535
1447.62,3474.5552396141916,-2026.9352396141917
1920.99,4674.196877212247,-2753.2068772122475
2655.23,3770.0327270735806,-1114.8027270735806
878.36,1388.7577506773337,-510.39775067733365
6798.49,6116.532205317482,681.9577946825175
572.34,2104.0602230674754,-1531.7202230674752
454.74,498.7588289460939,-44.01882894609389
7999.05,5067.526345532591,2931.523654467409
8598.83,4719.716509547363,3879.113490452637
5307.02,6166.2208059501445,-859.2008059501441
1105.75,3944.331886379387,-2838.581886379387
819.14,412.14951201977647,406.9904879802235
5391.13,8178.342178019488,-2787.2121780194875
1380.25,572.4875852120648,807.7624147879352
1421.73,1293.640860369443,128.08913963055693
1869.91,3835.8092357126893,-1965.8992357126892
710.99,898.5367795941745,-187.5467795941745
4521.77,2061.9059834138143,2459.864016586186
739.57,582.1150585877849,157.45494141221513
1138.77,6003.960531814078,-4865.190531814078
2132.94,3923.6818178958924,-1790.7418178958924
1311.11,3276.4081460729503,-1965.2981460729504
1383.17,2006.423032179258,-623.2530321792578
1540.41,2246.438037385427,-706.0280373854268
1152.54,2026.180796971969,-873.6407969719689
1488.7,222.52297344532758,1266.1770265546725
761.54,1224.2465618202623,-462.7065618202623
1807.32,2256.0655025410083,-448.74550254100836
935.55,939.539160434734,-3.9891604347340035
2375.0,1710.9217147403363,664.0782852596637
4958.51,7200.527570776287,-2242.0175707762864
2704.93,1916.0923592256445,788.8376407743554
2579.35,965.0915924611968,1614.258407538803
1499.5,1009.9936851515154,489.50631484848464
3678.16,3980.8140972619344,-302.65409726193457
2093.66,3725.884500237023,-1632.2245002370232
713.44,1978.1070032098223,-1264.6670032098223
12997.22,8442.45170877666,4554.7682912233395
1134.17,3005.648525202331,-1871.4785252023307
353.14,2485.6216364469547,-2132.481636446955
2273.54,3558.7013809679315,-1285.1613809679316
2384.35,3663.8260553165433,-1279.4760553165434
2561.63,3597.516400344443,-1035.8864003444428
2111.36,3817.9300841372965,-1706.5700841372964
3700.3,4549.210479585028,-848.910479585028
2095.67,1619.2053081322379,476.4646918677622
2194.04,3886.9025456284976,-1692.8625456284976
2417.66,2239.2397117584824,178.42028824151748
1336.59,601.6251104561229,734.964889543877
1016.02,1231.8784328507884,-215.8584328507884
2101.17,3279.367186232983,-1178.1971862329829
1866.67,2642.421632760926,-775.751632760926
3388.99,2007.6440236567414,1381.3459763432584
1070.36,623.1284219415775,447.23157805842243
1319.12,2214.156075628661,-895.0360756286609
15642.45,6108.651975814137,9533.798024185864
2483.74,3330.1365583122656,-846.3965583122658
2201.9,4135.24685266019,-1933.3468526601896
655.27,1910.0166765192707,-1254.7466765192707
1188.94,868.3927756341668,320.54722436583324
2205.07,2921.0643327754647,-715.9943327754645
1726.79,1568.333473372134,158.45652662786597
2506.7,1621.3611318789328,885.338868121067
1894.86,2705.181896879409,-810.3218968794092
3295.93,4629.500718486341,-1333.5707184863409
1240.96,3414.689287658348,-2173.729287658348
2031.72,4940.490084271565,-2908.770084271565
1832.84,2652.7361922364,-819.8961922363999
1310.98,1330.3978812623056,-19.417881262305627
1152.41,3433.1084074344512,-2280.698407434451
1806.12,3174.5972632229004,-1368.4772632229005
3236.08,6918.556278541646,-3682.476278541646
1758.24,2520.407636327332,-762.167636327332
3777.64,985.9010997903863,2791.7389002096133
1089.92,1153.4232863300138,-63.50328633001368
1325.8,1688.4922194014332,-362.69221940143325
1509.11,1022.3212962483326,486.7887037516673
3752.64,1316.378452029312,2436.261547970688
2112.62,2741.959137037349,-629.3391370373492
2451.07,2638.5797727969602,-187.50977279696008
1084.09,3120.150349452117,-2036.0603494521172
1385.33,2642.814581228611,-1257.4845812286112
1205.32,394.42838501298536,810.8916149870146
701.73,1083.9138024333704,-382.1838024333704
1409.18,1589.4341815129685,-180.25418151296844
899.75,2632.1208808191705,-1732.3708808191705
4901.53,6697.913591925295,-1796.3835919252951
1372.7,1076.4978263292587,296.20217367074133
7909.15,4650.665875985736,3258.484124014263
378.8,598.8152140085643,-220.01521400856433
5129.28,2283.551608254483,2845.7283917455165
992.22,4900.9307269353885,-3908.7107269353883
2433.12,2748.7062116053044,-315.58621160530447
1854.16,2484.3150344085184,-630.1550344085183
1661.85,1655.0351240097805,6.814875990219434
2203.32,4782.885489912798,-2579.565489912798
1599.18,2574.7246797441226,-975.5446797441225
900.9,1578.6074423640407,-677.7074423640407
7292.63,3628.809931270631,3663.8200687293693
965.76,2073.1772542262897,-1107.4172542262897
2833.03,2513.2678005477574,319.76219945224284
1050.46,1581.8331554949448,-531.3731554949447
1739.08,1909.0434276618134,-169.9634276618135
3364.34,4223.07427375736,-858.7342737573599
2419.45,4365.165737890724,-1945.715737890724
593.96,1564.1033173575188,-970.1433173575188
560.08,1697.844224682185,-1137.7642246821852
1286.41,2893.54241570508,-1607.1324157050801
7277.65,5989.452012615047,1288.1979873849523
3152.5,5739.020835997706,-2586.520835997706
3573.04,3554.92641182029,18.11358817970995
2921.95,2813.4391687848565,108.5108312151433
1335.49,2300.2203581451927,-964.7303581451927
4783.4,2900.3574843245274,1883.0425156754723
817.21,2780.3622033766824,-1963.1522033766823
6031.16,3168.8136858956195,2862.3463141043803
1832.5,2666.7781251308124,-834.2781251308124
1961.14,4282.699955812475,-2321.559955812475
3016.65,3283.166207983877,-266.51620798387694
5902.91,6164.440443851916,-261.53044385191606
5645.65,4759.610199649844,886.0398003501559
5965.94,4834.7121616366,1131.2278383633993
860.83,1453.5374521794154,-592.7074521794153
618.25,1425.309154473507,-807.0591544735071
889.61,237.97401687437412,651.6359831256259
2342.97,3218.924788082603,-875.954788082603
2159.46,1880.3499776356934,279.1100223643066
2059.22,3494.773066894029,-1435.5530668940291
3368.7,6637.775860434833,-3269.075860434833
2950.02,2678.5514550028734,271.4685449971266
2769.06,1089.9234707562707,1679.1365292437292
1735.69,808.072894535235,927.617105464765
469.73,1549.864032868015,-1080.134032868015
1431.98,1835.3791332170867,-403.3991332170867
1178.72,-36.94973279110053,1215.6697327911006
8643.26,10812.94012628381,-2169.680126283809
4822.47,3470.1324425258026,1352.3375574741976
1616.12,3251.427096843514,-1635.307096843514
1705.12,2186.4556603781507,-481.3356603781508
731.4,2129.662134518787,-1398.2621345187868
842.88,2051.215254024313,-1208.3352540243127
1163.16,473.57416779051334,689.5858322094867
3597.23,5761.827410729875,-2164.597410729875
2302.63,3051.727163197905,-749.097163197905
3055.38,1856.6320638379648,1198.7479361620353
2859.87,5917.747623816633,-3057.877623816633
1073.01,1971.9665473237142,-898.9565473237142
7999.64,2756.8209503668418,5242.819049633159
949.94,2252.307397941913,-1302.3673979419132
1760.8,3677.2757135329857,-1916.4757135329858
2850.17,1265.8104088533032,1584.3595911466969
9247.98,6714.325839676585,2533.6541603234145
4153.03,3785.523065599226,367.50693440077384
2048.51,1566.5235096899162,481.98649031008404
8544.17,8603.94818271093,-59.778182710930196
1443.41,1445.2255186009127,-1.8155186009125828
8949.14,5990.4240177781085,2958.715982221891
2825.33,5608.594752309436,-2783.2647523094365
1220.25,553.2163683652899,667.0336316347101
2522.31,2380.9111224689273,141.39887753107269
2120.04,1026.0134548401716,1094.0265451598284
5290.08,8305.488724926148,-3015.4087249261484
1638.16,2545.3234488153157,-907.1634488153156
3616.44,4151.235096766248,-534.7950967662478
898.57,2686.974674485014,-1788.4046744850139
8009.03,1860.4077747724814,6148.622225227518
2685.63,3500.9837826638527,-815.3537826638526
4107.17,1220.2591473113337,2886.9108526886666
1662.82,1290.2528242559183,372.5671757440816
708.67,1572.473557575589,-863.803557575589
5231.78,3800.3512477892505,1431.4287522107493
2548.7,1702.4423607643614,846.2576392356384
24413.42,8173.052751042236,16240.367248957762
7114.74,4941.808550408185,2172.931449591815
892.61,1833.4027146659378,-940.7927146659378
2974.87,3060.598440785893,-85.72844078589333
1932.29,1517.5467877209967,414.7432122790033
445.4,1104.555753902408,-659.155753902408
2597.77,4754.353568023615,-2156.5835680236146
3743.98,1802.5809745005054,1941.3990254994947
1101.54,1164.745316812921,-63.205316812920955
7172.56,6455.45275839494,717.1072416050602
5708.02,5152.629838283296,555.3901617167048
889.18,1558.2373181592511,-669.0573181592512
1372.11,2306.573801697584,-934.4638016975839
2577.34,2435.2063353136136,142.1336646863865
1547.39,2536.9082186408764,-989.5182186408763
5180.89,4172.106260323018,1008.7837396769819
830.75,1291.6658247837786,-460.9158247837786
941.82,301.9270825788484,639.8929174211517
2514.33,2612.0304869508004,-97.7004869508005
1155.42,2171.374619853724,-1015.9546198537241
950.67,2370.8272772234727,-1420.1572772234726
1807.52,735.3477127664801,1072.17228723352
8393.33,4220.042188756888,4173.287811243112
7109.46,6195.728179943881,913.7318200561194
2743.61,3980.0554114343927,-1236.4454114343926
6456.41,6091.284540017092,365.12545998290807
1189.21,942.0074198648397,247.20258013516036
1883.74,2123.3465525069937,-239.6065525069937
1416.18,452.38293898048823,963.7970610195118
1873.04,406.84730220980896,1466.192697790191
2823.12,2955.494102456193,-132.3741024561932
2472.39,3259.935103989392,-787.5451039893919
1130.26,1210.9621278374275,-80.7021278374275
1680.15,2707.2562358604196,-1027.1062358604195
750.0,2876.813278896936,-2126.813278896936
294.53,2509.0467310689605,-2214.5167310689603
1154.53,1478.8749466709937,-324.34494667099375
1495.96,3173.347215402093,-1677.3872154020928
9680.64,10491.82414335613,-811.1841433561312
899.95,2232.998805640818,-1333.0488056408178
740.93,2110.979072371658,-1370.049072371658
2571.78,2765.713657520385,-193.9336575203847
7650.93,6988.974771967645,661.9552280323551
1066.26,1967.3248193945933,-901.0648193945933
740.48,2653.541933569343,-1913.0619335693432
1041.8,1669.8576974839993,-628.0576974839994
1568.68,2241.4257920224086,-672.7457920224085
1623.7,1736.5002784985027,-112.80027849850262
574.9,892.617980480924,-317.717980480924
2680.06,1674.4043137591188,1005.6556862408811
567.69,891.3166116307457,-323.62661163074563
10377.15,9034.819879635183,1342.330120364817
666.03,1529.6160174534014,-863.5860174534014
1960.04,435.51323718778656,1524.5267628122133
4519.79,3165.017959571552,1354.7720404284478
2073.63,1494.6976938450691,578.932306154931
2120.56,2441.960712458691,-321.40071245869103
829.3,822.7400016257479,6.559998374252018
3620.07,2920.146266492893,699.923733507107
2117.98,1893.7086277847566,224.27137221524345
1134.65,2455.2183573917127,-1320.5683573917127
3184.0,732.8706196046642,2451.129380395336
3878.31,6739.285792956687,-2860.975792956687
1536.19,1744.6367534041192,-208.44675340411914
9837.38,4648.244076673052,5189.135923326947
644.29,254.74393158385533,389.54606841614464
8123.29,5973.239026157564,2150.050973842436
183.13,4162.454694622496,-3979.3246946224963
1621.92,2123.6155491692402,-501.69554916924017
3799.33,1312.2561207543777,2487.0738792456223
5058.87,2571.8200398267027,2487.049960173297
1878.3,2216.2297714896467,-337.9297714896468
14019.98,17241.891653352126,-3221.9116533521265
3143.17,2400.238289855941,742.9317101440593
2770.24,3026.4371284191034,-256.1971284191036
3101.01,1921.545111493448,1179.4648885065521
1001.06,1490.817624419764,-489.75762441976394
5703.81,4724.603095694309,979.2069043056918
2468.03,3115.6548574251215,-647.6248574251213
1387.61,4052.6922172336385,-2665.0822172336384
4673.61,3263.8940837170244,1409.7159162829753
6867.31,4477.758446155725,2389.551553844275
4483.61,6066.964629543099,-1583.3546295430997
8700.51,3438.6432049000005,5261.8667951
3882.54,3944.4237101416697,-61.88371014166978
909.65,715.3266541492642,194.3233458507358
3529.67,6759.28830011145,-3229.6183001114496
2509.07,1049.1232803452126,1459.9467196547876
3202.97,3486.3427280275305,-283.3727280275307
21481.7,6704.754755534981,14776.94524446502
881.56,688.3766273369404,193.18337266305957
2409.87,2929.02081237501,-519.15081237501
5293.9,3482.3054694545085,1811.5945305454911
1444.4,3078.567964641438,-1634.1679646414377
3905.8,1675.611339356218,2230.188660643782
2338.51,3540.3776772829756,-1201.8676772829754
2547.83,1616.466899769226,931.3631002307739
2132.86,1470.71168206864,662.1483179313602
1622.92,1586.0283546793798,36.89164532062023
1363.12,2873.7245123154726,-1510.6045123154727
834.0,2662.980208805196,-1828.980208805196
