Actual_Loss,Predicted_Loss,Residual
3302.33,8943.71,-5641.379999999999
1021.53,2647.326666666667,-1625.7966666666669
580.0,5906.316666666666,-5326.316666666666
1109.79,1386.7312068965518,-276.9412068965519
4325.72,2973.4500000000003,1352.27
5344.24,4919.601538461538,424.63846153846134
1173.77,1380.1731818181818,-206.4031818181818
13018.78,23410.550000000003,-10391.770000000002
709.01,1741.7699662162158,-1032.7599662162158
3759.36,3636.67125,122.68875000000025
6297.38,3071.5540909090896,3225.8259090909105
4001.05,2361.91,1639.1400000000003
854.47,1235.7859259259262,-381.3159259259262
456.22,1339.1477467411546,-882.9277467411546
1578.7,2970.2000000000003,-1391.5000000000002
2440.51,6166.485000000001,-3725.9750000000004
1488.8,2273.1566666666668,-784.3566666666668
3066.44,3577.8599999999997,-511.4199999999996
1322.68,1212.1616666666666,110.51833333333343
1180.88,1728.6270025839794,-547.7470025839793
869.96,2202.3526666666667,-1332.3926666666666
1408.94,1083.2658312958426,325.6741687041574
611.73,891.7589984101745,-280.0289984101745
1394.83,2675.08,-1280.25
1264.52,1083.2658312958426,181.25416870415734
2159.85,2596.9566666666665,-437.10666666666657
4797.96,4559.9175,238.04250000000047
2803.9,2256.424117647058,547.4758823529419
3685.72,4929.16,-1243.44
3172.75,4536.79,-1364.04
3475.15,1811.4058510638301,1663.74414893617
1918.9,3038.4233333333336,-1119.5233333333335
897.15,725.9566666666666,171.19333333333338
634.1,1359.358392857143,-725.2583928571429
4177.88,3518.785,659.0950000000003
1712.92,1582.952155591573,129.96784440842703
16070.92,14116.11,1954.8099999999995
4818.94,3866.915,952.0249999999996
12269.88,9758.235,2511.6449999999986
1086.1,2196.984175824176,-1110.884175824176
4786.92,3665.295,1121.625
1729.6,3714.2897058823523,-1984.6897058823524
1042.04,1087.3551648351647,-45.31516483516475
3944.02,5667.263333333333,-1723.2433333333333
2900.65,4656.471666666667,-1755.8216666666672
5182.96,4905.193034825869,277.76696517413075
1223.5,2125.1815116279063,-901.6815116279063
2293.21,1276.5448387096776,1016.6651612903224
2455.79,1614.4115476190473,841.3784523809527
1674.0,1500.1766666666665,173.8233333333335
1937.77,2678.0466666666666,-740.2766666666666
4797.14,5915.23,-1118.0899999999992
654.23,1649.835,-995.605
4540.82,6763.4349999999995,-2222.615
1432.38,3262.06,-1829.6799999999998
10748.93,13234.253333333334,-2485.3233333333337
2668.17,7837.695,-5169.525
6558.35,6622.91,-64.55999999999949
5343.54,1152.2413636363635,4191.298636363636
1431.27,1855.305,-424.0350000000001
670.38,2279.8194871794867,-1609.4394871794866
593.53,1072.8410900473932,-479.31109004739324
2113.1,1841.3866666666663,271.7133333333336
3197.57,4533.498235294117,-1335.9282352941168
3497.37,2040.745,1456.625
1754.68,5121.74,-3367.0599999999995
1419.07,1401.3443269230766,17.725673076923385
1866.04,2054.86303030303,-188.82303030303
5604.92,7102.056666666666,-1497.1366666666663
6805.22,3458.5099999999998,3346.7100000000005
1066.99,2279.8194871794867,-1212.8294871794867
1685.93,1254.2353846153846,431.6946153846154
10986.28,8686.625,2299.6550000000007
2226.28,1570.5855555555556,655.6944444444446
5419.24,2419.96,2999.2799999999997
9462.9,2561.4399999999996,6901.46
2890.17,4656.471666666667,-1766.3016666666672
664.26,1083.2658312958426,-419.00583129584265
1689.94,2075.5086559139795,-385.56865591397946
1017.47,5922.473333333332,-4905.003333333332
1377.34,1320.6898281786955,56.65017182130441
1259.77,3149.9110204081635,-1890.1410204081635
2976.58,2696.65,279.92999999999984
2962.07,7461.07,-4499.0
3457.33,4857.423529411765,-1400.0935294117653
5611.61,4009.71,1601.8999999999996
3809.26,1952.512307692307,1856.7476923076931
8565.7,2077.584807692308,6488.115192307692
2545.21,1345.524,1199.6860000000001
812.94,2762.0022522522527,-1949.0622522522526
799.18,2342.365185185186,-1543.1851851851861
9544.22,19914.165,-10369.945000000002
301.8,1582.952155591573,-1281.152155591573
2487.06,4862.166666666667,-2375.106666666667
1512.42,5206.636666666666,-3694.2166666666662
714.28,1320.6898281786955,-606.4098281786955
3380.44,2418.58,961.8600000000001
2210.24,1541.6,668.6399999999999
1523.23,3662.1275,-2138.8975
2507.79,4211.3099999999995,-1703.5199999999995
1175.72,1083.2658312958426,92.45416870415738
2289.83,2168.11,121.7199999999998
2570.9,1119.5544117647062,1451.345588235294
3490.04,1579.1314285714293,1910.9085714285707
4212.29,1082.8666666666668,3129.423333333333
3855.35,1856.0305434782601,1999.3194565217398
2555.31,4785.796666666666,-2230.486666666666
1592.66,1582.952155591573,9.707844408427036
2624.42,3133.8022977346272,-509.3822977346272
983.16,6428.305,-5445.145
2085.0,1087.3551648351647,997.6448351648353
3057.65,1582.952155591573,1474.697844408427
3723.78,2785.714,938.0660000000003
3443.61,1165.44,2278.17
7041.3,2270.5078521126757,4770.792147887325
7271.73,2818.99,4452.74
1034.86,2257.0633333333335,-1222.2033333333336
4007.07,2944.7510000000007,1062.3189999999995
2023.92,1134.695913461539,889.224086538461
6391.62,4280.386666666666,2111.2333333333336
2834.5,1312.127083333333,1522.372916666667
794.49,891.7589984101745,-97.2689984101745
3177.39,4739.9,-1562.5099999999998
2500.86,2202.3526666666667,298.50733333333346
1594.29,3405.5922222222216,-1811.3022222222216
1837.18,1087.22,749.96
1260.0,3082.1,-1822.1
6030.53,6424.635,-394.1050000000005
3393.34,1164.98,2228.36
1005.34,3409.1733333333336,-2403.8333333333335
1355.07,2669.745652173913,-1314.6756521739132
836.28,2246.6289473684214,-1410.3489473684215
1453.64,1252.27,201.37000000000012
5837.45,2337.4175000000005,3500.0324999999993
2771.51,5586.703571428572,-2815.193571428572
756.92,1741.7699662162158,-984.8499662162159
4034.32,1986.6516666666669,2047.6683333333333
2548.51,2115.855,432.6550000000002
20272.33,4135.013333333333,16137.31666666667
4680.01,1473.6666197183101,3206.34338028169
3550.54,8976.66,-5426.12
846.24,5876.419,-5030.179
832.69,1339.1477467411546,-506.45774674115455
702.86,1579.1314285714293,-876.2714285714293
1312.78,1386.7312068965518,-73.95120689655187
1808.7,1707.826808510638,100.87319148936194
4492.19,2567.3129670329668,1924.8770329670328
893.9,1811.4058510638301,-917.5058510638302
749.96,1625.221149897332,-875.261149897332
3426.19,4783.593999999999,-1357.403999999999
4606.64,948.3194594594596,3658.3205405405406
4123.01,1582.952155591573,2540.057844408427
837.28,948.3194594594596,-111.03945945945964
3863.61,2054.86303030303,1808.7469696969702
6207.03,5078.783333333333,1128.246666666667
10399.9,6148.170000000001,4251.729999999999
1351.1,1215.5032857142858,135.59671428571414
2740.27,2514.57,225.69999999999982
1006.9,1083.2658312958426,-76.36583129584267
783.03,1625.221149897332,-842.191149897332
8238.01,9725.67,-1487.6599999999999
1402.86,1339.1477467411546,63.712253258845294
8046.71,6356.144423076923,1690.565576923077
2196.43,1907.8100000000002,288.61999999999966
882.76,1369.4905194805194,-486.73051948051943
1023.42,1083.2658312958426,-59.845831295842686
2734.7,1802.9160606060605,931.7839393939394
809.53,1690.93,-881.4000000000001
1718.79,2077.584807692308,-358.79480769230804
681.19,1119.5544117647062,-438.3644117647061
5410.34,3788.2358823529407,1622.1041176470594
871.66,1134.695913461539,-263.03591346153905
1387.62,1374.5364321608047,13.083567839195211
2367.75,1486.1123931623931,881.6376068376069
3925.09,1648.665588235294,2276.424411764706
508.46,1241.5321965317924,-733.0721965317923
1504.41,1790.6171428571429,-286.2071428571428
2939.9,4088.893829787233,-1148.9938297872327
1278.76,2249.69,-970.9300000000001
1818.86,1386.7312068965518,432.12879310344806
1779.66,1231.245,548.4150000000002
1378.47,1134.695913461539,243.774086538461
991.16,1853.886875,-862.726875
1444.4,2221.0533333333333,-776.6533333333332
720.35,1083.2658312958426,-362.9158312958426
1579.63,2196.984175824176,-617.3541758241759
8891.97,6095.099999999999,2796.87
1385.41,2125.1815116279063,-739.7715116279062
1799.13,1577.7366666666665,221.39333333333366
6556.18,2196.984175824176,4359.195824175824
2107.63,1435.508924731183,672.1210752688171
6997.28,4656.471666666667,2340.8083333333325
5145.75,1401.6000000000001,3744.1499999999996
968.63,2343.516666666667,-1374.8866666666668
5932.08,1339.1477467411546,4592.932253258845
3870.38,2249.505,1620.875
2227.4,1228.6499999999999,998.7500000000002
6403.9,4805.59,1598.3099999999995
1792.18,1112.92,679.26
4901.53,5741.1900000000005,-839.6600000000008
1774.79,1150.38,624.4099999999999
2006.73,3930.4714285714294,-1923.7414285714294
3315.63,3243.587142857142,72.04285714285788
9677.04,4905.193034825869,4771.846965174132
4112.61,2270.5078521126757,1842.102147887324
2834.47,3365.09,-530.6200000000003
973.75,7082.07,-6108.32
7305.25,2026.896850393702,5278.353149606298
5395.98,3866.575,1529.4049999999997
2162.52,1152.2413636363635,1010.2786363636365
6208.32,1537.4633333333331,4670.856666666667
9681.97,2935.85652173913,6746.11347826087
1558.63,5301.48,-3742.8499999999995
5688.62,737.2,4951.42
3400.22,3470.125,-69.9050000000002
5609.2,2403.7466666666664,3205.4533333333334
625.46,891.7589984101745,-266.2989984101745
2754.84,2710.0160000000005,44.823999999999614
2135.01,1888.8803846153846,246.1296153846156
1949.7,3133.8022977346272,-1184.1022977346272
2311.84,5876.419,-3564.5789999999997
7250.76,7939.006666666667,-688.2466666666669
11864.32,1117.525,10746.795
1574.87,3250.5265116279065,-1675.6565116279066
3544.3,5797.57,-2253.2699999999995
2303.35,2127.760465116279,175.58953488372072
5079.42,2762.0022522522527,2317.4177477477474
1311.11,1582.952155591573,-271.84215559157315
691.8,891.7589984101745,-199.95899841017456
1005.63,1512.9971014492753,-507.3671014492753
835.22,1582.952155591573,-747.732155591573
2070.03,3133.8022977346272,-1063.772297734627
3526.7,4678.6900000000005,-1151.9900000000007
8726.48,2819.7766666666666,5906.703333333333
729.75,2123.365,-1393.6149999999998
5098.78,4300.985,797.7950000000001
1201.11,1066.6785714285713,134.43142857142857
4561.64,4017.4700000000003,544.1700000000001
977.75,1473.1143859649121,-495.3643859649121
5487.97,7613.665,-2125.6949999999997
3057.69,1046.4940909090908,2011.1959090909093
2226.9,1625.221149897332,601.6788501026681
2724.59,1386.7312068965518,1337.8587931034483
1719.6,1339.1477467411546,380.4522532588453
562.94,1083.2658312958426,-520.3258312958426
4378.26,980.5450000000001,3397.715
4358.13,3689.705,668.4250000000002
5015.92,5254.555,-238.63500000000022
1708.48,1324.8825,383.5975000000001
1312.64,1359.358392857143,-46.71839285714282
2188.58,1620.4776767676765,568.1023232323234
870.01,1401.3443269230766,-531.3343269230766
1037.58,1492.0019298245609,-454.42192982456095
16620.24,11013.42,5606.8200000000015
870.97,1212.989069767442,-342.01906976744203
848.21,1246.3510857142865,-398.1410857142864
2102.08,1463.22,638.8599999999999
2755.56,1878.9353846153842,876.6246153846157
3830.86,2202.3526666666667,1628.5073333333335
1178.69,1212.0977272727268,-33.40772727272679
1120.02,2257.81,-1137.79
13149.75,3679.89,9469.86
5635.81,9696.985,-4061.175
2371.75,4003.9500000000003,-1632.2000000000003
5908.98,4850.530000000001,1058.449999999999
1336.98,1811.4058510638301,-474.4258510638301
4028.04,2445.718,1582.3220000000001
787.81,1741.7699662162158,-953.9599662162159
2054.23,8272.91,-6218.68
12777.64,6291.975,6485.664999999999
1553.79,1083.2658312958426,470.5241687041573
406.77,2088.0150000000003,-1681.2450000000003
1192.58,2075.5086559139795,-882.9286559139796
2654.32,964.3685714285714,1689.9514285714288
7531.2,11432.619999999999,-3901.419999999999
9309.04,7472.15,1836.8900000000012
5560.27,2063.565,3496.7050000000004
1505.96,2890.286666666667,-1384.3266666666668
501.95,1241.5321965317924,-739.5821965317923
536.56,5218.085,-4681.525
2379.01,3029.3050000000003,-650.2950000000001
733.53,1645.7754761904757,-912.2454761904758
5279.01,2196.984175824176,3082.0258241758243
397.76,964.3685714285714,-566.6085714285714
2740.52,3024.95,-284.42999999999984
5526.41,4960.85,565.5599999999995
6086.39,6486.693555555555,-400.30355555555434
6916.66,4713.032692307692,2203.627307692308
7898.61,3587.175,4311.4349999999995
22236.37,7828.145,14408.224999999999
3740.13,1023.3199999999999,2716.8100000000004
1099.89,1246.3510857142865,-146.46108571428636
967.7,743.4649999999999,224.23500000000013
782.0,1173.192,-391.192
780.0,3372.235555555555,-2592.235555555555
3037.99,2026.896850393702,1011.0931496062979
1251.95,2615.024545454545,-1363.0745454545452
852.66,2343.605,-1490.9450000000002
2607.03,2533.1228571428574,73.90714285714284
4149.48,1395.6333333333332,2753.8466666666664
4038.1,4845.34,-807.2400000000002
640.97,1707.826808510638,-1066.856808510638
403.7,1885.455,-1481.7549999999999
981.92,2388.25,-1406.33
4372.66,2396.519047619048,1976.140952380952
1305.34,1870.7512820512825,-565.4112820512826
2083.79,1582.952155591573,500.8378444084269
1508.93,4028.255,-2519.325
6129.74,6213.300000000001,-83.56000000000131
748.54,2675.08,-1926.54
518.56,1978.6626315789472,-1460.1026315789472
885.17,1190.8223387096778,-305.6523387096778
2522.09,1144.65,1377.44
1855.29,702.79,1152.5
869.04,1083.2658312958426,-214.22583129584268
2931.69,2066.345,865.3450000000003
1331.4,1212.0977272727268,119.30227272727325
5971.93,1010.3149999999999,4961.615000000001
4123.62,7593.695,-3470.075
519.58,1212.989069767442,-693.409069767442
1008.68,1369.4905194805194,-360.8105194805195
1057.64,1212.1616666666666,-154.52166666666653
1634.7,965.124,669.576
1925.74,2155.961849710981,-230.2218497109809
2989.5,3564.7033333333334,-575.2033333333334
1301.44,1582.952155591573,-281.512155591573
2836.67,2644.049214285714,192.62078571428628
1918.96,3133.8022977346272,-1214.8422977346272
1121.7,1885.37725490196,-763.6772549019599
794.28,1190.8223387096778,-396.5423387096778
7965.51,5308.755,2656.755
4944.61,6690.65,-1746.04
2422.15,1401.3443269230766,1020.8056730769235
1063.71,3133.8022977346272,-2070.092297734627
4293.21,1888.8803846153846,2404.3296153846154
1141.24,1925.3630769230772,-784.1230769230772
2193.33,7610.75,-5417.42
1867.8,3041.027714285715,-1173.227714285715
3226.52,1142.56,2083.96
1981.67,1891.7685416666673,89.90145833333281
937.15,2565.893333333333,-1628.7433333333329
5620.02,1573.7757894736844,4046.2442105263162
1212.39,1241.5321965317924,-29.14219653179225
1373.23,2871.3233333333333,-1498.0933333333332
3409.99,3208.318,201.67199999999957
2547.22,4365.255,-1818.0350000000003
691.21,1933.2966666666664,-1242.0866666666664
491.03,3551.0050000000006,-3059.9750000000004
4402.48,7939.006666666667,-3536.5266666666676
2107.95,1339.1477467411546,768.8022532588452
2148.11,4905.193034825869,-2757.083034825869
975.59,1591.983111111111,-616.3931111111109
851.6,1741.7699662162158,-890.1699662162158
7972.02,15343.625,-7371.605
3970.56,1423.1828333333328,2547.377166666667
1478.8,3607.675,-2128.875
3058.93,2358.3395652173917,700.5904347826081
617.42,1087.3551648351647,-469.93516483516476
795.78,1087.3551648351647,-291.57516483516474
1351.66,1246.3510857142865,105.30891428571363
616.07,2064.4175,-1448.3474999999999
1139.03,3208.318,-2069.2880000000005
2794.45,3246.505,-452.0550000000003
1535.5,1853.886875,-318.3868749999999
4189.96,6106.395555555555,-1916.4355555555549
5588.52,2906.7,2681.8200000000006
980.21,1114.5110714285713,-134.30107142857128
2427.97,1109.506666666667,1318.463333333333
2028.21,1582.3649275362325,445.84507246376756
9045.74,4771.745000000001,4273.994999999999
893.93,1625.221149897332,-731.291149897332
920.17,2928.0750000000003,-2007.9050000000002
2240.73,2119.415,121.31500000000005
2285.55,1212.0977272727268,1073.4522727272733
1829.42,1317.1554545454544,512.2645454545457
7996.31,1414.7725,6581.5375
6861.94,3133.8022977346272,3728.1377022653724
2481.78,1582.952155591573,898.8278444084272
7274.57,9241.462222222222,-1966.8922222222227
1140.54,1156.742093023256,-16.20209302325611
1754.59,1188.746875,565.8431249999999
2804.29,1083.2658312958426,1721.0241687041573
862.37,1507.6586666666667,-645.2886666666667
466.67,1087.3551648351647,-620.6851648351646
3014.27,2011.4736666666663,1002.7963333333337
846.12,1429.3071428571425,-583.1871428571425
8581.98,3455.1,5126.879999999999
2098.34,2034.92975,63.41025000000013
2477.55,2125.1815116279063,352.3684883720939
6776.9,2766.2031250000005,4010.696874999999
2305.14,1215.6564285714285,1089.4835714285714
976.38,1560.438,-584.0580000000001
21187.55,15931.133333333333,5256.416666666666
2702.01,2482.7915999999996,219.21840000000066
2237.88,1478.975,758.9050000000002
1176.93,4266.4325,-3089.5024999999996
2138.6,4745.3550000000005,-2606.7550000000006
1587.52,2342.9523880597008,-755.4323880597008
13373.98,5952.5,7421.48
1730.46,1165.1766315789473,565.2833684210527
2311.33,1320.6898281786955,990.6401718213044
4965.18,1301.22,3663.96
675.25,1246.3510857142865,-571.1010857142865
3527.82,7303.41,-3775.5899999999997
2391.06,1905.8200000000002,485.2399999999998
907.7,1435.505,-527.8050000000001
1624.9,2149.170769230769,-524.270769230769
3256.1,2196.984175824176,1059.115824175824
942.36,4892.99,-3950.6299999999997
1470.86,2632.0481999999993,-1161.1881999999994
2423.74,2075.5086559139795,348.2313440860203
1200.33,1083.2658312958426,117.06416870415728
1882.4,2889.9700000000003,-1007.5700000000002
1245.6,6022.495,-4776.895
1810.25,1885.37725490196,-75.12725490195999
4030.03,5543.505,-1513.475
5951.49,1797.4666666666665,4154.0233333333335
13308.04,6726.910952380951,6581.12904761905
3433.0,1359.358392857143,2073.641607142857
1850.27,1955.97,-105.70000000000005
996.11,1582.952155591573,-586.842155591573
3146.94,3082.0260000000003,64.91399999999976
1077.33,1011.1607407407408,66.16925925925909
1996.0,3604.53,-1608.5300000000002
1007.74,1156.742093023256,-149.00209302325607
7733.38,7158.650000000001,574.7299999999996
1506.2,1609.0465909090906,-102.84659090909054
7882.59,4878.01,3004.58
3058.96,2894.4849999999997,164.47500000000036
1028.56,1134.695913461539,-106.13591346153908
1273.51,2296.9233333333336,-1023.4133333333336
3880.89,2034.92975,1845.9602499999999
2345.48,2056.3940625,289.0859375
1296.38,1582.952155591573,-286.57215559157294
1630.16,1072.8410900473932,557.3189099526069
13699.44,5883.216666666667,7816.223333333333
5494.96,10408.305,-4913.345
759.36,891.7589984101745,-132.3989984101745
1420.4,1697.1841916167655,-276.7841916167654
474.87,1072.8410900473932,-597.9710900473932
1115.16,2762.0022522522527,-1646.8422522522526
1152.66,1512.085,-359.42499999999995
3252.31,5569.790000000001,-2317.480000000001
6624.18,7024.41,-400.22999999999956
2257.33,1595.2257142857143,662.1042857142857
794.62,1832.7725,-1038.1525000000001
3098.37,1720.633917525774,1377.736082474226
579.53,1072.8410900473932,-493.31109004739324
2033.28,829.78,1203.5
1088.76,1095.6265714285714,-6.866571428571433
3715.73,4169.37,-453.6399999999999
1261.49,891.7589984101745,369.7310015898255
2121.9,1728.6270025839794,393.27299741602064
1794.33,1660.7,133.62999999999988
772.4,2090.155,-1317.755
920.99,1083.2658312958426,-162.27583129584264
18872.81,8851.344444444445,10021.465555555556
1837.54,413.05,1424.49
2687.06,1339.1477467411546,1347.9122532588453
8693.34,1386.7312068965518,7306.608793103448
538.13,964.3685714285714,-426.2385714285714
2073.88,1730.9294520547949,342.95054794520524
1848.8,1473.1143859649121,375.68561403508784
720.84,1883.7851612903228,-1162.9451612903226
1188.58,900.1800000000001,288.39999999999986
756.66,2588.42,-1831.7600000000002
953.05,1119.5544117647062,-166.50441176470622
14876.8,2632.0481999999993,12244.7518
828.37,2538.49,-1710.12
18692.45,7777.884444444445,10914.565555555557
1432.95,1095.6265714285714,337.3234285714286
3396.04,2370.955,1025.085
1223.61,1359.358392857143,-135.74839285714302
2886.99,4088.893829787233,-1201.903829787233
4883.47,3712.8866666666668,1170.5833333333335
7097.48,3451.1800000000003,3646.2999999999993
1117.53,1339.1477467411546,-221.61774674115463
503.71,1359.358392857143,-855.6483928571429
759.42,1453.9498550724638,-694.5298550724639
5476.25,4561.083333333333,915.166666666667
1702.93,5715.28,-4012.3499999999995
1304.95,1134.695913461539,170.25408653846102
4778.08,3925.255,852.8249999999998
2263.98,3361.993333333334,-1098.0133333333338
522.05,1083.2658312958426,-561.2158312958427
6205.33,4065.0649999999996,2140.2650000000003
882.76,2962.0112500000005,-2079.2512500000003
1311.22,5031.405,-3720.1849999999995
3935.99,2144.9633333333336,1791.0266666666662
785.74,1648.665588235294,-862.9255882352941
4433.67,4905.193034825869,-471.5230348258692
1093.51,5570.095,-4476.585
2732.99,2411.2927272727275,321.6972727272723
2591.16,1582.952155591573,1008.2078444084268
1170.35,1312.127083333333,-141.77708333333317
346.0,1241.5321965317924,-895.5321965317924
1101.57,1462.2313636363629,-360.6613636363629
2785.54,1083.2658312958426,1702.2741687041573
2394.5,947.2266666666668,1447.273333333333
2449.99,4064.7599999999998,-1614.77
1910.41,2035.9105263157896,-125.50052631578956
2450.52,2492.065,-41.54500000000007
650.46,1741.7699662162158,-1091.3099662162158
16746.24,10265.65,6480.590000000002
632.88,1339.1477467411546,-706.2677467411546
834.2,1061.7150000000001,-227.5150000000001
2475.08,2077.584807692308,397.4951923076919
2765.79,1346.1466666666668,1419.6433333333332
1703.92,2381.29,-677.3699999999999
2693.94,2915.5433333333335,-221.60333333333347
713.9,1582.952155591573,-869.0521555915731
2916.29,1320.6898281786955,1595.6001718213045
1648.74,3357.0414999999994,-1708.3014999999994
4441.59,1374.5364321608047,3067.0535678391952
4523.64,3246.505,1277.1350000000002
2991.22,6244.12,-3252.9
1732.58,1995.0906666666665,-262.51066666666657
2246.68,1811.4058510638301,435.2741489361697
1280.83,3260.25,-1979.42
2118.67,832.8050000000001,1285.865
1644.75,2410.935,-766.185
2129.62,2270.5078521126757,-140.88785211267577
14638.48,2762.0022522522527,11876.477747747747
13254.86,7616.875,5637.985000000001
2799.62,1921.045,878.5749999999998
894.86,1615.8500000000001,-720.9900000000001
1475.49,1198.66,276.8299999999999
722.65,4794.455333333334,-4071.805333333334
1619.81,3451.9966666666664,-1832.1866666666665
656.02,965.3466666666667,-309.3266666666667
1681.95,1829.7933333333333,-147.84333333333325
61.69,1582.952155591573,-1521.262155591573
1960.22,4186.178000000001,-2225.9580000000005
2460.56,3634.855,-1174.295
2823.2,2154.76,668.4399999999996
2407.97,2644.049214285714,-236.079214285714
1643.73,1473.6666197183101,170.0633802816899
5572.25,13030.205,-7457.955
2996.63,1575.6066666666666,1421.0233333333335
2153.51,1320.6898281786955,832.8201718213047
379.3,1212.1616666666666,-832.8616666666667
1787.25,1134.695913461539,652.554086538461
5438.23,3539.008,1899.2219999999998
6062.07,1704.2933333333333,4357.776666666667
1905.53,4468.16,-2562.63
1206.4,5160.243333333333,-3953.843333333333
3084.69,2644.049214285714,440.64078571428627
13641.64,17807.295000000002,-4165.6550000000025
2037.47,5046.016666666666,-3008.546666666666
831.02,891.7589984101745,-60.73899841017453
3906.28,1109.506666666667,2796.7733333333335
2237.16,4532.413529411765,-2295.253529411765
19074.9,21623.940000000002,-2549.040000000001
2074.54,3394.255,-1319.7150000000001
2687.0,2783.2347058823534,-96.23470588235341
1054.2,1823.4466666666667,-769.2466666666667
5684.75,3605.6400000000003,2079.1099999999997
675.71,1339.1477467411546,-663.4377467411546
746.38,2196.984175824176,-1450.6041758241759
7673.54,3908.183333333333,3765.356666666667
580.0,11762.01,-11182.01
3433.65,1952.512307692307,1481.137692307693
3551.87,2377.1137142857147,1174.7562857142852
3203.05,1231.672,1971.3780000000002
2535.1,1083.2658312958426,1451.8341687041573
3563.42,2675.08,888.3400000000001
2112.15,990.9095714285717,1121.2404285714283
790.61,1241.5321965317924,-450.92219653179234
1870.57,2125.1815116279063,-254.61151162790634
997.03,3219.25,-2222.2200000000003
637.88,891.7589984101745,-253.87899841017452
2924.23,1275.3000000000002,1648.9299999999998
2758.31,2600.7398648648646,157.5701351351354
1869.28,1083.2658312958426,786.0141687041573
1183.35,1152.2413636363635,31.10863636363638
524.4,891.7589984101745,-367.35899841017454
1423.79,2310.925,-887.1350000000002
5373.44,1754.9989999999998,3618.441
1737.08,1246.3510857142865,490.7289142857135
1186.91,1718.866,-531.9559999999999
3190.59,1369.4905194805194,1821.0994805194807
1130.55,13309.875,-12179.325
5299.36,4905.193034825869,394.1669651741304
2110.1,2012.0149999999999,98.08500000000004
1127.67,1102.5345454545454,25.13545454545465
692.77,1359.358392857143,-666.5883928571429
755.98,1985.9928571428577,-1230.0128571428577
3501.36,1874.095,1627.265
2648.17,2279.8194871794867,368.35051282051336
5310.63,3415.9754999999996,1894.6545000000006
621.58,1742.5904166666662,-1121.010416666666
4209.97,3962.4725,247.4975000000004
9455.38,13517.65,-4062.2700000000004
1832.96,1838.3531182795696,-5.393118279569535
645.39,1579.1314285714293,-933.7414285714293
2508.16,3907.5533333333333,-1399.3933333333334
3390.79,2419.5699999999997,971.2200000000003
1322.55,1636.772,-314.222
1313.37,2279.8194871794867,-966.4494871794868
4200.32,1625.221149897332,2575.0988501026677
2345.71,3133.8022977346272,-788.0922977346272
5850.07,7599.668235294117,-1749.5982352941173
494.76,1694.1446153846155,-1199.3846153846155
3712.0,6418.005,-2706.005
3789.54,5319.46,-1529.92
1976.3,1576.4004878048784,399.8995121951216
978.12,1465.0881818181817,-486.96818181818173
5506.36,7593.695,-2087.335
3371.98,2056.3940625,1315.5859375
2717.83,5862.366666666666,-3144.536666666666
2445.87,4018.026666666667,-1572.1566666666672
2109.06,9620.456666666667,-7511.396666666667
865.86,3281.2733333333326,-2415.4133333333325
2046.43,2222.9797530864194,-176.5497530864193
1404.22,1625.221149897332,-221.00114989733197
815.65,4333.34,-3517.69
2665.56,749.44,1916.12
5017.61,5866.57,-848.96
9791.72,3071.5540909090896,6720.16590909091
3269.97,8344.411481481482,-5074.441481481483
1364.94,1579.1314285714293,-214.19142857142924
240.92,1087.3551648351647,-846.4351648351648
1807.41,2644.049214285714,-836.6392142857137
10753.08,5121.74,5631.34
3241.84,2131.4966666666664,1110.3433333333337
2002.63,1648.665588235294,353.964411764706
4539.75,3133.8022977346272,1405.9477022653728
1655.57,3145.14,-1489.57
3095.22,609.57,2485.6499999999996
8709.84,4568.295490196078,4141.544509803922
586.61,1087.3551648351647,-500.7451648351647
2559.34,979.2033333333334,1580.1366666666668
988.8,2282.7566666666667,-1293.9566666666667
786.79,1119.5544117647062,-332.7644117647062
995.7,1187.111666666667,-191.41166666666686
1605.36,2388.5,-783.1400000000001
1414.23,1576.4004878048784,-162.17048780487835
4761.48,2438.733846153846,2322.7461538461534
1609.97,1625.221149897332,-15.25114989733197
2226.4,3865.285,-1638.8849999999998
1172.57,1707.826808510638,-535.2568085106382
2099.21,3409.6633333333334,-1310.4533333333334
641.23,1339.1477467411546,-697.9177467411546
7443.95,2640.0550000000003,4803.8949999999995
4888.64,3001.5109523809524,1887.129047619048
7099.56,2077.584807692308,5021.975192307693
2621.72,1811.4058510638301,810.3141489361697
636.18,1165.1766315789473,-528.9966315789474
5262.92,2270.5078521126757,2992.4121478873244
4333.97,811.8063157894736,3522.1636842105268
3764.17,9219.55,-5455.379999999999
2500.67,1788.7749999999999,711.8950000000002
703.69,1648.665588235294,-944.975588235294
706.19,1380.1731818181818,-673.9831818181817
697.06,1083.2658312958426,-386.2058312958427
1806.57,2232.275,-425.70500000000015
1790.88,12189.875,-10398.994999999999
1075.69,1648.665588235294,-572.975588235294
16963.78,5805.42,11158.359999999999
2616.22,1648.665588235294,967.5544117647057
2506.48,1984.105272727273,522.3747272727271
1030.28,6936.12,-5905.84
4088.35,5167.095,-1078.7450000000003
12063.43,3227.455,8835.975
2275.82,1083.2658312958426,1192.5541687041575
3201.57,1640.7296226415087,1560.8403773584914
2679.19,3357.855714285714,-678.6657142857139
1279.87,2688.6133333333332,-1408.7433333333333
3005.48,1591.983111111111,1413.496888888889
1855.85,1697.1841916167655,158.66580838323443
4541.99,3451.56,1090.4299999999998
10354.08,9011.099999999999,1342.9800000000014
15497.77,7828.145,7669.625
11880.64,4807.764,7072.875999999999
6274.85,2647.326666666667,3627.5233333333335
1151.72,3085.6417307692295,-1933.9217307692295
1215.66,2077.584807692308,-861.9248076923079
1210.02,2600.7398648648646,-1390.7198648648646
6288.71,3602.65,2686.06
2767.65,2249.6719999999996,517.9780000000005
3797.6,2585.0525,1212.5475000000001
1726.17,5241.76,-3515.59
2354.93,1995.0475000000001,359.8824999999997
2932.51,2194.2533333333336,738.2566666666667
800.72,1212.989069767442,-412.26906976744203
4745.23,3931.18,814.0499999999997
2547.55,3133.8022977346272,-586.2522977346271
1222.67,1777.4499999999998,-554.7799999999997
559.53,1879.0057471264379,-1319.475747126438
1006.74,1998.02,-991.28
6115.34,3612.11294117647,2503.22705882353
2303.23,1811.4058510638301,491.8241489361699
6439.23,5893.329999999999,545.9000000000005
3581.87,1345.3600000000001,2236.5099999999998
4079.03,4088.893829787233,-9.86382978723259
1788.95,1246.3510857142865,542.5989142857136
1949.19,2966.2966666666666,-1017.1066666666666
6547.51,7478.145,-930.6350000000002
3452.27,1579.1314285714293,1873.1385714285707
9457.29,3144.9049999999997,6312.385000000001
1227.39,2679.635,-1452.2450000000001
3684.2,3869.418333333333,-185.21833333333325
738.07,1134.695913461539,-396.62591346153897
4666.49,2644.049214285714,2022.440785714286
2315.76,2763.9449999999997,-448.1849999999995
3472.76,1579.1314285714293,1893.628571428571
2464.13,1166.4029999999998,1297.7270000000003
7449.36,2569.71,4879.65
2584.09,1945.3016666666665,638.7883333333336
1606.12,1856.0305434782601,-249.91054347826025
2084.79,1885.37725490196,199.41274509803998
688.1,891.7589984101745,-203.6589984101745
1613.38,1346.7166666666665,266.66333333333364
6597.34,1468.2066666666667,5129.133333333333
2023.76,4872.625,-2848.865
2260.9,1605.8066666666666,655.0933333333335
1126.42,2075.5086559139795,-949.0886559139794
2032.96,1473.6666197183101,559.2933802816899
2257.47,3680.240571428572,-1422.770571428572
3173.92,1529.49,1644.43
1067.43,2600.7398648648646,-1533.3098648648645
1399.09,2314.45,-915.3599999999999
8144.97,8569.76,-424.78999999999996
979.41,1582.952155591573,-603.5421555915731
1285.26,1582.3649275362325,-297.1049275362325
2820.11,1584.875,1235.2350000000001
700.33,891.7589984101745,-191.42899841017447
739.28,1571.9027272727274,-832.6227272727274
1377.46,2075.5086559139795,-698.0486559139795
854.27,1134.695913461539,-280.42591346153904
1335.12,1361.9568,-26.83680000000004
4019.18,2034.92975,1984.2502499999998
3134.57,1984.105272727273,1150.4647272727273
959.56,1473.8027272727275,-514.2427272727275
1281.95,1339.1477467411546,-57.19774674115456
1963.97,1507.6586666666667,456.3113333333333
1429.08,965.124,463.9559999999999
4168.42,1728.6270025839794,2439.7929974160206
528.09,1625.221149897332,-1097.1311498973319
3806.91,1839.39,1967.5199999999998
2200.49,1620.4776767676765,580.0123232323233
1833.88,1841.3866666666663,-7.506666666666206
971.11,891.7589984101745,79.3510015898255
1677.77,6224.550769230769,-4546.780769230769
1465.56,2279.8194871794867,-814.2594871794868
2022.51,2567.3129670329668,-544.8029670329668
1516.59,1582.952155591573,-66.36215559157313
3511.68,4590.011666666667,-1078.3316666666674
1070.63,2034.92975,-964.2997499999999
6098.16,18876.07,-12777.91
3740.85,1701.42,2039.4299999999998
2243.63,3777.865,-1534.2349999999997
7632.18,2509.596666666667,5122.583333333334
3183.1,5548.285,-2365.185
7188.44,8344.411481481482,-1155.9714814814824
338.01,1625.221149897332,-1287.211149897332
2206.56,1591.983111111111,614.576888888889
1752.57,2600.7398648648646,-848.1698648648646
663.18,1156.742093023256,-493.5620930232561
5496.71,2155.961849710981,3340.748150289019
6285.76,5644.92,640.8400000000001
608.31,1246.3510857142865,-638.0410857142865
1865.32,1625.221149897332,240.09885010266794
1073.77,2936.1066666666666,-1862.3366666666666
815.77,1102.5345454545454,-286.76454545454544
1440.76,1339.1477467411546,101.61225325884539
946.97,1962.9399999999998,-1015.9699999999998
4511.23,1790.63,2720.5999999999995
1223.18,1368.72,-145.53999999999996
1357.84,5136.684,-3778.844
1693.04,3484.246666666666,-1791.206666666666
973.22,1625.221149897332,-652.001149897332
2603.24,2418.58,184.65999999999985
2558.33,990.9095714285717,1567.4204285714281
1532.14,1393.2,138.94000000000005
5665.32,3161.2125,2504.1074999999996
627.68,697.0,-69.32000000000005
1223.14,2969.92,-1746.78
1815.59,1811.4058510638301,4.184148936169777
3663.22,2405.0833333333335,1258.1366666666663
2377.96,1198.66,1179.3
1545.35,3865.285,-2319.935
2403.47,1582.952155591573,820.5178444084268
736.22,1241.5321965317924,-505.3121965317923
1342.3,1199.8344,142.4656
1314.51,1320.6898281786955,-6.179828178695516
1873.63,3041.027714285715,-1167.3977142857148
2886.1,1620.8914285714286,1265.2085714285713
3356.0,3415.9754999999996,-59.975499999999556
1627.78,1102.5345454545454,525.2454545454545
3994.18,5169.475,-1175.2950000000005
901.54,2388.25,-1486.71
9161.49,2482.7915999999996,6678.6984
2804.02,2935.85652173913,-131.83652173913015
3644.75,3133.8022977346272,510.94770226537275
1763.93,1246.3510857142865,517.5789142857136
5278.35,2473.29313559322,2805.0568644067803
1875.48,1582.952155591573,292.527844408427
6670.57,4346.583333333334,2323.9866666666658
3416.69,1374.5364321608047,2042.1535678391954
2370.0,3866.615,-1496.6149999999998
3782.99,1429.3071428571425,2353.6828571428573
7306.66,5014.474,2292.1859999999997
16365.89,17556.45,-1190.5600000000013
5621.93,1811.8766666666663,3810.053333333334
2403.82,1613.52,790.3000000000002
2720.22,2072.3346153846155,647.8853846153843
2877.53,877.1047826086955,2000.4252173913046
928.2,2114.0807999999997,-1185.8807999999997
1893.19,1664.756666666667,228.43333333333317
1873.79,1720.633917525774,153.15608247422597
1097.82,1339.1477467411546,-241.32774674115467
1074.33,10998.506666666668,-9924.176666666668
2682.87,2129.11,553.7599999999998
1859.2,1083.2658312958426,775.9341687041574
757.78,1728.6270025839794,-970.8470025839795
1208.29,1386.7312068965518,-178.44120689655188
449.17,1462.2313636363629,-1013.0613636363628
1625.95,1083.2658312958426,542.6841687041574
1555.73,1974.085,-418.355
4094.13,3196.9637179487186,897.1662820512815
439.8,1469.4450000000002,-1029.6450000000002
3683.99,7675.8,-3991.8100000000004
7168.88,1741.7699662162158,5427.110033783784
908.72,1083.2658312958426,-174.54583129584262
2025.46,1625.0287096774193,400.4312903225807
946.48,1582.952155591573,-636.472155591573
1228.39,1625.221149897332,-396.8311498973319
3502.67,3458.5099999999998,44.16000000000031
997.1,7231.316666666666,-6234.216666666665
3512.56,3870.3666666666663,-357.8066666666664
4222.29,11984.41,-7762.12
512.65,1083.2658312958426,-570.6158312958427
721.8,1374.5364321608047,-652.7364321608047
2292.57,2155.961849710981,136.60815028901925
1635.68,1896.0177777777778,-260.3377777777778
5882.17,3332.025,2550.145
950.74,1091.7507894736839,-141.01078947368387
1517.0,1435.508924731183,81.49107526881699
2184.45,3141.6733333333336,-957.2233333333338
1241.72,2332.44,-1090.72
1139.52,1640.975,-501.4549999999999
497.58,1728.6270025839794,-1231.0470025839795
4068.75,3085.6417307692295,983.1082692307705
1300.74,1728.6270025839794,-427.88700258397944
4144.67,6504.549999999999,-2359.879999999999
3595.17,1697.1841916167655,1897.9858083832346
1176.75,1072.48,104.26999999999998
1227.01,3135.6549999999997,-1908.6449999999998
2408.93,5976.453333333334,-3567.523333333334
2580.08,3539.008,-958.9279999999999
1872.23,1870.22,2.009999999999991
9214.65,2075.5086559139795,7139.14134408602
4710.53,1718.895,2991.6349999999998
2366.25,1514.7027272727273,851.5472727272727
1031.74,1083.2658312958426,-51.525831295842636
3939.57,4658.576666666667,-719.0066666666667
4907.18,5325.915,-418.7349999999997
3386.85,2096.5755555555556,1290.2744444444443
2543.38,1473.1143859649121,1070.265614035088
2320.34,1552.622133333333,767.7178666666671
1622.14,1083.2658312958426,538.8741687041575
5608.07,1441.3738095238098,4166.69619047619
792.12,1082.8666666666668,-290.7466666666668
1307.65,1791.1373333333336,-483.4873333333335
1421.86,1576.4004878048784,-154.54048780487847
2385.6,563.8050000000001,1821.7949999999998
2624.95,7000.295,-4375.345
4122.22,2155.961849710981,1966.2581502890193
819.18,1083.2658312958426,-264.0858312958427
1430.5,1582.952155591573,-152.45215559157305
2282.7,3714.2897058823523,-1431.5897058823525
3175.15,8923.77,-5748.620000000001
1868.15,1841.3866666666663,26.763333333333776
1184.74,2011.4736666666663,-826.7336666666663
1016.91,1441.3738095238098,-424.4638095238098
9232.26,4329.32,4902.9400000000005
1755.18,9258.09,-7502.91
1895.28,3228.87,-1333.59
1973.14,1473.8027272727275,499.33727272727265
1204.44,2338.54,-1134.1
4947.8,3957.9300000000003,989.8699999999999
9833.63,15510.155,-5676.5250000000015
1576.35,2445.718,-869.3679999999999
917.11,1119.5544117647062,-202.44441176470616
5323.57,2246.6289473684214,3076.9410526315783
3012.75,2466.575,546.1750000000002
1245.24,3250.5265116279065,-2005.2865116279065
940.77,964.3685714285714,-23.598571428571404
2235.04,2483.0933333333332,-248.05333333333328
1880.46,1876.01,4.4500000000000455
2239.66,1152.2413636363635,1087.4186363636363
593.21,1320.6898281786955,-727.4798281786955
4345.06,4088.893829787233,256.1661702127676
4488.89,1879.0057471264379,2609.884252873562
570.6,4147.246666666667,-3576.646666666667
2386.97,7694.616666666666,-5307.646666666666
1754.19,1557.7968749999998,196.39312500000028
7495.76,6244.12,1251.6400000000003
2407.27,2026.896850393702,380.37314960629806
3025.06,4088.893829787233,-1063.8338297872328
1816.72,2643.7366666666667,-827.0166666666667
1540.08,2936.615,-1396.5349999999999
1255.24,1636.772,-381.5319999999999
1239.32,2342.9523880597008,-1103.6323880597008
2572.81,3196.9637179487186,-624.1537179487186
613.32,1134.695913461539,-521.375913461539
1647.78,6245.18,-4597.400000000001
8110.23,1697.1841916167655,6413.0458083832345
2856.69,1083.2658312958426,1773.4241687041574
8890.35,7527.893333333333,1362.456666666667
4156.14,2541.3266666666673,1614.813333333333
5969.42,4870.223333333333,1099.1966666666667
15034.19,10711.805,4322.385
5545.51,3709.96,1835.5500000000002
1849.41,2473.29313559322,-623.88313559322
1105.45,1876.01,-770.56
6517.32,6143.334,373.9859999999999
3570.11,3799.115,-229.00499999999965
1629.95,1320.6898281786955,309.26017182130454
904.3,891.7589984101745,12.541001589825441
912.98,1083.2658312958426,-170.28583129584263
2749.96,1429.8600000000001,1320.1
2456.45,2735.34,-278.8900000000003
778.37,1697.1841916167655,-918.8141916167655
1505.1,1241.5321965317924,263.56780346820756
3285.81,5451.98,-2166.1699999999996
9639.67,5936.183333333333,3703.4866666666667
1003.35,1190.8223387096778,-187.47233870967773
1795.89,1618.1599999999999,177.73000000000025
895.51,1694.1446153846155,-798.6346153846155
2301.94,1002.845,1299.095
22109.16,9953.506666666668,12155.653333333332
952.83,1339.1477467411546,-386.31774674115456
916.25,1134.695913461539,-218.44591346153902
829.65,1462.2313636363629,-632.5813636363629
2595.44,1377.835,1217.605
4745.02,13424.25375,-8679.23375
1910.74,891.7589984101745,1018.9810015898255
5409.04,5124.5728,284.46720000000005
1940.06,3255.896666666667,-1315.836666666667
1738.81,899.275,839.535
6667.73,7461.07,-793.3400000000001
1867.72,1102.5345454545454,765.1854545454546
1729.35,1028.915,700.435
1163.45,1885.37725490196,-721.9272549019599
2954.35,1579.1314285714293,1375.2185714285706
5667.08,4496.233333333333,1170.8466666666673
5854.21,2075.1833333333334,3779.0266666666666
1551.65,4401.805,-2850.155
4540.33,5751.135,-1210.8050000000003
1764.03,1936.2,-172.17000000000007
1175.53,1728.6270025839794,-553.0970025839795
3448.3,1112.4928571428572,2335.807142857143
1212.88,891.7589984101745,321.1210015898256
3385.1,2890.875,494.2249999999999
1371.63,1083.2658312958426,288.36416870415746
650.85,528.3466666666667,122.50333333333333
18570.76,20392.645,-1821.885000000002
611.84,1246.3510857142865,-634.5110857142864
1211.29,2204.6,-993.31
3564.25,3133.8022977346272,430.44770226537275
3465.77,2858.4132692307708,607.3567307692292
1342.8,1591.983111111111,-249.18311111111097
5831.93,2864.125,2967.8050000000003
7523.61,1339.1477467411546,6184.4622532588455
2902.39,1081.0033333333333,1821.3866666666665
979.21,1369.4905194805194,-390.2805194805194
4286.36,1783.5900000000001,2502.7699999999995
2549.11,6771.259999999999,-4222.15
1442.53,1134.695913461539,307.83408653846095
1000.62,1741.7699662162158,-741.1499662162158
1393.84,4541.985000000001,-3148.1450000000004
681.64,1679.1121052631581,-997.4721052631581
7422.0,3305.675,4116.325
5587.39,14041.0,-8453.61
1385.28,1134.695913461539,250.58408653846095
2911.24,2668.0066666666667,243.23333333333312
850.92,2096.39,-1245.4699999999998
3906.75,2819.7766666666666,1086.9733333333334
769.35,1386.7312068965518,-617.3812068965518
1405.26,1066.6785714285713,338.58142857142866
37724.85,6329.923333333332,31394.926666666666
1229.51,1339.1477467411546,-109.63774674115461
1584.72,964.3685714285714,620.3514285714286
3894.86,2788.615,1106.2450000000003
1935.03,3229.3,-1294.2700000000002
3065.18,1839.215,1225.965
1161.58,1473.1143859649121,-311.5343859649122
1194.38,3748.9712499999996,-2554.5912499999995
1250.36,1985.9928571428577,-735.6328571428578
2641.7,2675.08,-33.38000000000011
5503.36,2644.049214285714,2859.310785714286
825.36,891.7589984101745,-66.3989984101745
10145.3,4088.893829787233,6056.4061702127665
3284.13,1517.96,1766.17
2936.51,3074.5333333333333,-138.02333333333308
1199.48,1507.6586666666667,-308.1786666666667
5166.16,5698.5650000000005,-532.4050000000007
1278.01,1320.6898281786955,-42.679828178695516
1220.9,1648.665588235294,-427.765588235294
2849.78,2675.08,174.70000000000027
1212.62,1359.358392857143,-146.73839285714303
1887.6,4559.9175,-2672.3174999999997
4711.02,4111.286666666667,599.7333333333336
447.1,1156.742093023256,-709.642093023256
3091.16,2075.5086559139795,1015.6513440860203
2114.93,2883.285,-768.355
1596.72,2155.961849710981,-559.2418497109809
2519.9,3812.1499999999996,-1292.2499999999995
1048.72,1497.4171428571428,-448.6971428571428
6466.66,3421.98,3044.68
3989.95,3741.9429999999993,248.00700000000052
1387.38,1533.4755555555546,-146.09555555555448
918.89,3022.6871428571426,-2103.7971428571427
3718.87,2593.59,1125.2799999999997
1597.52,2675.08,-1077.56
6224.52,5145.64,1078.88
1342.93,2615.024545454545,-1272.0945454545451
1672.89,1241.5321965317924,431.35780346820775
2471.96,2108.0961111111114,363.8638888888886
1662.44,1696.1633333333334,-33.72333333333336
4998.38,2441.528,2556.8520000000003
1811.38,2247.938666666667,-436.5586666666668
4281.64,2627.9733333333334,1653.666666666667
2057.38,1355.0536363636363,702.3263636363638
2789.74,1811.4058510638301,978.3341489361696
3446.96,1083.2658312958426,2363.694168704157
5675.63,14660.970000000001,-8985.34
847.88,1138.8576923076923,-290.97769230769234
1466.0,1780.2133333333331,-314.21333333333314
8956.88,4905.193034825869,4051.68696517413
1967.47,3072.3333333333335,-1104.8633333333335
5365.45,1846.0366666666669,3519.413333333333
788.44,1114.5110714285713,-326.07107142857126
6741.4,1406.19,5335.209999999999
4800.4,4683.443333333334,116.95666666666602
6577.87,1601.825,4976.045
4740.05,2155.961849710981,2584.0881502890193
2513.07,1609.0465909090906,904.0234090909096
1619.42,1891.7685416666673,-272.3485416666672
2708.49,3415.9754999999996,-707.4854999999998
729.77,1401.3443269230766,-671.5743269230766
1662.79,4487.58,-2824.79
2121.93,1413.8400000000001,708.0899999999997
1353.61,1087.3551648351647,266.2548351648352
3565.48,3570.9300000000003,-5.450000000000273
5186.8,4656.471666666667,530.3283333333329
3119.36,2473.29313559322,646.06686440678
7973.56,4182.33,3791.2300000000005
3127.36,5692.91,-2565.5499999999997
8444.52,7775.32,669.2000000000007
3949.81,1579.1314285714293,2370.6785714285706
1705.79,1010.2066666666666,695.5833333333334
1847.43,1865.5625000000002,-18.132500000000164
2205.35,3292.1775,-1086.8274999999999
8066.6,12400.52,-4333.92
2250.34,3348.936666666667,-1098.5966666666668
776.99,891.7589984101745,-114.7689984101745
3666.35,2352.9,1313.4499999999998
1096.45,1582.3649275362325,-485.9149275362324
1806.47,1380.1731818181818,426.29681818181825
880.85,2772.1775000000002,-1891.3275000000003
2653.63,1320.6898281786955,1332.9401718213046
9560.0,1263.2350000000001,8296.765
2805.1,1083.2658312958426,1721.8341687041573
1420.28,1492.0019298245609,-71.7219298245609
987.64,756.1076923076923,231.53230769230765
2637.51,4003.254736842104,-1365.744736842104
3849.77,2351.563037974683,1498.206962025317
1641.55,2546.092209302326,-904.542209302326
3034.48,5464.6900000000005,-2430.2100000000005
2369.54,2271.855,97.68499999999995
3330.17,4260.33,-930.1599999999999
2370.85,1423.1828333333328,947.6671666666671
2725.36,2735.95,-10.58999999999969
2787.68,4091.615,-1303.935
664.16,2513.99,-1849.83
7355.87,12739.029999999999,-5383.159999999999
2022.93,2127.760465116279,-104.83046511627913
428.84,1083.2658312958426,-654.4258312958427
1358.04,812.7600000000001,545.2799999999999
1363.03,1486.1123931623931,-123.08239316239315
1205.0,10001.316666666668,-8796.316666666668
1571.61,1359.358392857143,212.25160714285698
1934.33,1555.5236363636366,378.80636363636336
3832.21,5509.04,-1676.83
6422.54,3930.4714285714294,2492.0685714285705
2178.0,1691.13625,486.86375
3104.29,8500.795,-5396.505
776.15,4670.165,-3894.015
448.27,3585.33,-3137.06
701.0,1083.2658312958426,-382.26583129584264
1060.69,1648.665588235294,-587.975588235294
1275.87,3539.008,-2263.138
1345.27,3744.315416666667,-2399.045416666667
407.04,1235.7859259259262,-828.7459259259263
5755.77,4088.893829787233,1666.8761702127676
1250.35,1173.192,77.1579999999999
3089.24,4558.0650000000005,-1468.8250000000007
786.81,1512.9971014492753,-726.1871014492754
2312.77,1112.92,1199.85
1526.97,1072.8410900473932,454.1289099526068
3269.48,5309.423333333333,-2039.9433333333332
3888.51,3133.8022977346272,754.707702265373
757.42,964.3685714285714,-206.94857142857143
1117.36,917.95,199.40999999999985
2408.0,1486.1123931623931,921.8876068376069
1948.57,5922.473333333332,-3973.9033333333327
1725.78,2846.7957142857144,-1121.0157142857145
4166.92,965.3466666666667,3201.5733333333333
1042.09,1730.9294520547949,-688.839452054795
1024.08,1625.221149897332,-601.1411498973321
2079.84,1945.3016666666665,134.53833333333364
5078.68,5850.485000000001,-771.8050000000003
3887.27,3608.8615686274497,278.40843137255024
2863.72,2064.225,799.4949999999999
2158.44,2962.0112500000005,-803.5712500000004
1176.52,4379.801428571428,-3203.281428571428
2707.18,856.6233333333333,1850.5566666666664
8545.22,8144.5,400.71999999999935
1757.53,2221.6290909090912,-464.0990909090913
6051.71,3372.51625,2679.19375
5929.41,2216.7407317073175,3712.6692682926823
3243.01,5417.905,-2174.8949999999995
3017.11,3792.3700000000003,-775.2600000000002
2788.81,2138.513571428571,650.2964285714288
3104.52,937.39,2167.13
983.43,2487.552857142857,-1504.1228571428574
595.72,1758.7733333333333,-1163.0533333333333
1480.6,2127.760465116279,-647.1604651162793
1773.7,1486.1123931623931,287.5876068376069
1188.76,1083.2658312958426,105.49416870415735
1429.39,2550.096666666667,-1120.7066666666667
8907.1,2596.41,6310.6900000000005
5913.79,6714.257380952382,-800.467380952382
5816.96,3019.415,2797.545
896.29,4061.5633333333335,-3165.2733333333335
2342.56,1594.5166666666667,748.0433333333333
1489.14,743.6,745.5400000000001
1000.39,1083.2658312958426,-82.87583129584266
2071.21,2348.205,-276.9949999999999
2486.65,1843.6,643.0500000000002
286.04,1083.2658312958426,-797.2258312958427
5969.07,2838.8799999999997,3130.19
1090.84,1246.3510857142865,-155.51108571428654
3535.96,6958.32,-3422.3599999999997
3229.58,2834.125,395.4549999999999
1268.04,1359.358392857143,-91.31839285714295
3652.29,1623.4800000000002,2028.8099999999997
3763.53,2642.89,1120.6400000000003
1134.98,1212.0977272727268,-77.11772727272682
313.55,1087.3551648351647,-773.8051648351648
417.57,1246.3510857142865,-828.7810857142865
2595.52,896.7220000000001,1698.7979999999998
1083.59,1359.358392857143,-275.768392857143
588.47,1083.2658312958426,-494.7958312958426
798.54,1625.221149897332,-826.681149897332
7747.11,9486.25,-1739.1400000000003
3327.71,2270.5078521126757,1057.2021478873244
956.65,1694.3049999999998,-737.6549999999999
1508.9,2178.0950000000003,-669.1950000000002
15071.12,17012.274999999998,-1941.154999999997
3005.38,1639.75,1365.63
8060.83,4648.105,3412.7250000000004
10141.67,2819.7766666666666,7321.893333333333
3582.49,8971.67,-5389.18
2516.91,3930.4714285714294,-1413.5614285714296
1773.87,2473.29313559322,-699.4231355932202
695.82,1083.2658312958426,-387.4458312958426
9208.83,6475.591754385963,2733.2382456140367
1634.59,1339.1477467411546,295.4422532588453
1618.58,1119.5544117647062,499.02558823529375
2561.96,1712.62,849.3400000000001
1222.69,2546.092209302326,-1323.402209302326
8490.15,6856.52,1633.6299999999992
4413.1,1888.8803846153846,2524.2196153846157
1522.81,1339.1477467411546,183.66225325884534
1519.57,1870.7512820512825,-351.18128205128255
757.54,1690.773076923077,-933.2330769230771
4243.64,3133.8022977346272,1109.837702265373
3292.89,2351.0950000000003,941.7949999999996
1135.64,1952.512307692307,-816.872307692307
790.65,891.7589984101745,-101.10899841017454
3148.52,5244.11,-2095.5899999999997
3946.95,6073.1832258064505,-2126.2332258064507
2897.28,1087.3551648351647,1809.9248351648355
513.4,1241.5321965317924,-728.1321965317924
2454.57,2270.5078521126757,184.0621478873245
2434.97,2597.9446428571428,-162.97464285714295
2803.5,2077.584807692308,725.915192307692
2651.58,4032.103333333333,-1380.523333333333
1822.09,2197.02,-374.93000000000006
2648.48,2090.155,558.3249999999998
2611.56,2294.6113333333333,316.94866666666667
14670.82,8721.41,5949.41
7768.44,9969.67,-2201.2300000000005
2525.48,2649.993636363636,-124.51363636363612
14528.19,1784.3200000000002,12743.87
4783.16,8722.475,-3939.3150000000005
1285.89,1246.3510857142865,39.538914285713645
3595.67,4070.941785714286,-475.2717857142861
660.45,1359.358392857143,-698.9083928571429
2859.75,1112.583,1747.167
1322.62,1359.358392857143,-36.738392857143026
3928.64,1509.7466666666667,2418.8933333333334
1454.26,3250.5265116279065,-1796.2665116279065
5833.18,4589.66,1243.5200000000004
6290.32,1707.9899999999998,4582.33
523.13,1582.952155591573,-1059.822155591573
5091.86,3133.8022977346272,1958.0577022653724
3382.87,1895.5149999999999,1487.355
10219.71,4696.285,5523.424999999999
3796.46,2492.3908108108108,1304.0691891891893
2768.66,1697.1841916167655,1071.4758083832344
1703.44,2643.54,-940.0999999999999
1291.01,1083.2658312958426,207.74416870415735
2644.14,2077.584807692308,566.5551923076919
2757.55,5040.21,-2282.66
1955.85,1730.9294520547949,224.92054794520504
812.18,1083.2658312958426,-271.0858312958427
2504.23,2193.445,310.78499999999985
943.08,1165.1766315789473,-222.09663157894727
687.82,1609.0465909090906,-921.2265909090905
2822.17,2145.235,676.935
1890.83,1533.4755555555546,357.35444444444533
3617.49,3900.8250000000003,-283.3350000000005
2487.96,4532.413529411765,-2044.453529411765
1045.99,1165.1766315789473,-119.1866315789473
844.29,2762.0022522522527,-1917.7122522522527
1078.75,6475.591754385963,-5396.841754385963
643.97,1241.5321965317924,-597.5621965317923
822.15,1339.1477467411546,-516.9977467411546
1932.89,2026.896850393702,-94.00685039370182
991.14,1212.0977272727268,-220.95772727272686
1094.04,1072.8410900473932,21.198909952606755
2362.11,5584.6211111111115,-3222.5111111111114
1688.03,1374.5364321608047,313.4935678391953
1388.25,1803.2,-414.95000000000005
582.78,978.22,-395.44000000000005
6691.53,8612.975,-1921.4450000000006
1833.26,2858.4132692307708,-1025.1532692307708
2521.8,6921.94,-4400.139999999999
2495.55,1246.3510857142865,1249.1989142857137
5135.26,1688.5957142857144,3446.664285714286
629.0,1119.5544117647062,-490.5544117647062
6277.89,8235.111176470587,-1957.2211764705871
4113.07,1783.8333333333333,2329.2366666666667
5795.7,2944.2933333333335,2851.4066666666663
2064.55,1514.7027272727273,549.8472727272729
996.59,2155.961849710981,-1159.3718497109808
1394.57,2075.5086559139795,-680.9386559139796
2811.18,4070.941785714286,-1259.7617857142864
3790.0,12112.24,-8322.24
4080.7,8111.236666666667,-4030.536666666667
4317.53,2942.7771428571427,1374.752857142857
4510.16,4905.193034825869,-395.03303482586944
2189.59,5444.33,-3254.74
1364.17,4501.766666666666,-3137.5966666666664
4611.09,7066.933333333334,-2455.843333333334
891.95,872.855,19.095000000000027
1122.55,1307.9081481481487,-185.35814814814876
1729.12,1720.633917525774,8.486082474225896
14899.89,3156.22,11743.67
778.81,4905.193034825869,-4126.383034825869
1309.09,1582.952155591573,-273.8621555915731
1659.22,3343.2933333333335,-1684.0733333333335
4715.24,3372.235555555555,1343.0044444444447
2055.53,10735.619999999999,-8680.089999999998
1810.12,1625.221149897332,184.8988501026679
862.72,2597.815714285714,-1735.095714285714
3051.11,2183.39,867.7200000000003
11047.3,5569.447142857143,5477.852857142856
8560.31,10003.397857142858,-1443.0878571428584
3893.56,1242.8006896551722,2650.759310344828
5689.84,5994.143333333333,-304.3033333333333
1587.6,1246.3510857142865,341.24891428571345
4821.68,3173.975,1647.7050000000004
3852.31,2127.760465116279,1724.5495348837208
3674.38,2077.584807692308,1596.795192307692
1790.18,1190.8223387096778,599.3576612903223
1688.56,9526.293333333333,-7837.733333333334
1480.11,1625.221149897332,-145.1111498973321
513.62,1102.0423529411764,-588.4223529411764
4469.62,4719.276666666667,-249.65666666666675
1180.88,3576.725,-2395.845
2959.87,9497.89,-6538.0199999999995
1040.33,1083.2658312958426,-42.93583129584272
1598.25,5425.465,-3827.215
3144.61,1473.6666197183101,1670.94338028169
6003.34,2408.1800000000003,3595.16
2428.61,2319.845,108.76500000000033
1270.98,1942.5700000000002,-671.5900000000001
557.68,1339.1477467411546,-781.4677467411547
2279.21,4521.92,-2242.71
6197.09,6384.7699999999995,-187.67999999999938
1021.1,1289.9220869565213,-268.8220869565213
2508.23,1693.0633333333335,815.1666666666665
2958.38,2989.1299999999997,-30.749999999999545
3605.74,3607.9225,-2.1825000000003456
1454.79,1512.9971014492753,-58.20710144927534
943.52,2291.3512499999997,-1347.8312499999997
3214.4,1507.6586666666667,1706.7413333333334
9317.53,6529.521739130433,2788.0082608695675
1381.36,2125.1815116279063,-743.8215116279064
5572.84,1187.52,4385.32
3316.87,3133.8022977346272,183.06770226537265
550.09,2075.5086559139795,-1525.4186559139794
6195.78,1625.221149897332,4570.558850102668
1725.46,3025.37,-1299.9099999999999
531.09,1072.8410900473932,-541.7510900473932
812.67,1215.5032857142858,-402.8332857142858
1135.75,2843.0444444444447,-1707.2944444444447
2848.32,801.6610000000001,2046.659
1172.61,2762.0022522522527,-1589.3922522522528
1335.49,1072.8410900473932,262.6489099526068
2984.49,1952.512307692307,1031.9776923076927
11284.21,9748.41,1535.7999999999993
1888.35,2270.5078521126757,-382.15785211267576
651.83,891.7589984101745,-239.92899841017447
976.65,1339.1477467411546,-362.49774674115463
906.37,1190.8223387096778,-284.45233870967775
2503.59,1916.4533333333336,587.1366666666665
1530.42,1473.1143859649121,57.305614035087956
2783.43,5923.655,-3140.225
1086.73,1331.1833333333334,-244.45333333333338
1507.66,1687.0185714285715,-179.3585714285714
1804.2,2644.049214285714,-839.8492142857137
1655.49,1307.9081481481487,347.5818518518513
1014.64,1083.2658312958426,-68.62583129584266
5768.4,2632.0481999999993,3136.3518000000004
2894.44,3071.5540909090896,-177.11409090908955
1314.07,1474.0749999999998,-160.00499999999988
4691.68,3332.025,1359.6550000000002
7680.94,7402.54,278.39999999999964
985.31,1907.6750000000002,-922.3650000000002
3901.26,3600.2033333333334,301.05666666666684
1640.11,948.3194594594596,691.7905405405403
4151.81,2627.9733333333334,1523.836666666667
722.74,1212.989069767442,-490.24906976744205
1836.7,1932.72,-96.01999999999998
5157.06,4897.8325,259.22749999999996
1576.44,1307.9081481481487,268.53185185185134
7797.92,2313.4975,5484.422500000001
691.15,1119.5544117647062,-428.4044117647062
753.49,2194.9566666666665,-1441.4666666666665
5875.38,5455.9400000000005,419.4399999999996
2335.4,2788.776666666666,-453.3766666666661
1109.23,1616.80625,-507.5762500000001
499.2,2222.9797530864194,-1723.7797530864193
1624.71,2280.47,-655.7599999999998
4560.79,1579.1314285714293,2981.6585714285707
1542.51,1529.395,13.115000000000009
911.97,1246.3510857142865,-334.3810857142864
299.84,965.124,-665.2840000000001
2633.0,1879.0057471264379,753.9942528735621
5798.32,4469.20537037037,1329.1146296296301
3273.36,1112.4928571428572,2160.867142857143
4830.52,6567.326666666667,-1736.8066666666664
3232.24,4831.83,-1599.5900000000001
2876.77,2213.11,663.6599999999999
10477.44,3094.8566666666666,7382.583333333334
21627.84,10570.043333333333,11057.796666666667
1620.42,2333.093333333333,-712.6733333333327
1063.25,1885.37725490196,-822.12725490196
1620.55,1134.695913461539,485.85408653846093
1232.4,1072.8410900473932,159.55890995260688
1382.87,1134.695913461539,248.17408653846087
2068.22,1380.1731818181818,688.046818181818
3937.57,2567.3129670329668,1370.2570329670334
3991.87,2075.5086559139795,1916.3613440860204
1189.86,1648.665588235294,-458.8055882352942
6920.83,2700.4775,4220.3525
2372.7,2418.58,-45.88000000000011
849.69,1582.952155591573,-733.262155591573
1751.53,791.3299999999999,960.2
1391.1,1571.9027272727274,-180.80272727272745
7271.26,6529.521739130433,741.7382608695671
747.19,891.7589984101745,-144.56899841017446
737.37,1190.8223387096778,-453.45233870967775
3208.41,1811.4058510638301,1397.0041489361697
3320.72,3161.2125,159.5074999999997
8946.07,2630.7544999999996,6315.315500000001
2665.28,1974.085,691.1950000000002
3199.08,2483.0933333333332,715.9866666666667
1444.86,7843.03,-6398.17
994.8,1755.475,-760.675
915.15,3418.52,-2503.37
832.54,1966.524285714286,-1133.984285714286
703.3,1374.5364321608047,-671.2364321608047
1409.02,1083.2658312958426,325.75416870415734
5241.72,7022.93,-1781.21
2390.71,9402.605,-7011.8949999999995
2698.22,4301.2733333333335,-1603.0533333333337
2664.49,7743.17,-5078.68
3802.44,2150.625,1651.815
1438.88,2270.5078521126757,-831.6278521126756
557.7,1438.0397872340425,-880.3397872340424
1271.49,775.8100000000001,495.67999999999995
875.78,891.7589984101745,-15.97899841017454
4144.24,1955.97,2188.2699999999995
2776.7,2358.3395652173917,418.3604347826081
1085.67,2143.154736842105,-1057.4847368421051
2011.52,1726.6399999999999,284.8800000000001
5196.72,2577.1200000000003,2619.6
3526.43,4839.65,-1313.2199999999998
2716.72,1541.85,1174.87
11743.19,5207.745,6535.445000000001
6512.26,16576.5,-10064.24
5565.91,3133.8022977346272,2432.1077022653726
1806.03,1339.1477467411546,466.88225325884537
3039.36,3833.1663636363637,-793.8063636363636
1813.8,1267.63,546.1699999999998
729.07,1083.2658312958426,-354.1958312958426
2704.99,5993.52,-3288.5300000000007
2596.6,1374.5364321608047,1222.0635678391952
2296.01,1846.0366666666669,449.97333333333336
5626.67,5805.42,-178.75
2174.18,1339.1477467411546,835.0322532588452
670.49,2270.5078521126757,-1600.0178521126757
1282.8,1246.3510857142865,36.4489142857135
2477.77,1841.3866666666663,636.3833333333337
1846.3,1289.9220869565213,556.3779130434787
2116.98,1087.3551648351647,1029.6248351648353
4559.31,2630.275,1929.0350000000003
7829.25,10420.835,-2591.584999999999
1595.59,1728.6270025839794,-133.03700258397953
1676.65,3445.355,-1768.705
2426.09,2944.7510000000007,-518.6610000000005
1870.38,2279.8194871794867,-409.4394871794866
3475.28,1971.93,1503.3500000000001
2100.89,2473.29313559322,-372.4031355932202
1405.04,7474.514999999999,-6069.474999999999
644.95,1087.3551648351647,-442.40516483516467
1945.7,1620.4776767676765,325.22232323232356
1516.41,1372.77125,143.63875000000007
1455.3,2474.197,-1018.8970000000002
1298.89,1625.221149897332,-326.3311498973319
988.04,2589.5,-1601.46
2963.28,5353.256666666667,-2389.976666666667
1787.29,2351.0950000000003,-563.8050000000003
3173.86,2125.1815116279063,1048.6784883720939
2086.07,2494.98,-408.90999999999985
2023.93,5300.49,-3276.5599999999995
702.91,1811.4058510638301,-1108.4958510638303
581.46,1119.5544117647062,-538.0944117647061
539.82,1645.7754761904757,-1105.9554761904756
1141.75,3339.525,-2197.775
959.86,1343.12,-383.2599999999999
1726.86,1627.78375,99.07624999999985
1855.1,2075.5086559139795,-220.4086559139796
968.55,2342.365185185186,-1373.815185185186
1748.24,2438.733846153846,-690.4938461538461
7847.62,2667.156428571429,5180.4635714285705
3587.05,3041.2942857142853,545.7557142857149
6362.45,3415.9754999999996,2946.4745000000003
4178.52,4088.893829787233,89.62617021276765
3937.46,2504.536666666667,1432.9233333333332
1609.28,1072.8410900473932,536.4389099526068
2429.96,3133.8022977346272,-703.8422977346272
2848.88,1529.49,1319.39
1772.37,1741.7699662162158,30.600033783784056
1032.51,1119.5544117647062,-87.04441176470618
1158.72,1083.2658312958426,75.45416870415738
928.9,1320.6898281786955,-391.78982817869553
2279.31,7155.55,-4876.24
9192.27,3056.7675,6135.5025000000005
1658.8,5639.209999999999,-3980.409999999999
4441.91,4090.2766666666666,351.6333333333332
2368.31,2141.175,227.13499999999976
1505.85,756.1076923076923,749.7423076923076
2422.71,1932.0166666666667,490.6933333333334
1535.4,2674.0560000000005,-1138.6560000000004
1155.16,1165.1766315789473,-10.016631578947226
1587.2,4301.2733333333335,-2714.0733333333337
2149.49,4105.366666666667,-1955.876666666667
4023.15,4857.423529411765,-834.2735294117651
1697.12,1902.3916666666664,-205.27166666666653
5526.1,1014.7028571428572,4511.397142857143
1330.33,1190.8223387096778,139.50766129032218
524.72,1390.54,-865.8199999999999
790.13,1152.2413636363635,-362.11136363636354
1316.09,2075.5086559139795,-759.4186559139796
7772.8,10820.91,-3048.1099999999997
1575.84,1805.8428571428572,-230.00285714285724
6466.74,3778.287857142857,2688.452142857143
395.3,823.7628571428571,-428.4628571428571
2421.37,1552.622133333333,868.7478666666668
6083.73,1862.4233333333334,4221.306666666666
2962.16,1361.9568,1600.2032
1791.94,2351.563037974683,-559.623037974683
2084.74,3081.835,-997.0950000000003
1505.68,1320.6898281786955,184.99017182130456
694.32,1083.2658312958426,-388.9458312958426
2427.36,2744.255,-316.895
708.29,1215.5032857142858,-507.2132857142858
1810.01,1579.1314285714293,230.8785714285707
8820.99,1985.9928571428577,6834.9971428571425
805.13,1307.9081481481487,-502.7781481481487
4227.83,1598.24,2629.59
3766.8,1695.78,2071.0200000000004
3189.84,2567.3129670329668,622.5270329670334
3178.81,3180.522,-1.711999999999989
1168.68,1514.345,-345.66499999999996
1163.65,9658.325,-8494.675000000001
3224.29,2962.505,261.78499999999985
5103.98,14979.093333333332,-9875.113333333333
795.66,1582.952155591573,-787.2921555915731
5686.99,16796.336666666666,-11109.346666666666
1738.72,1952.512307692307,-213.79230769230708
7612.23,3372.705,4239.525
1726.57,3712.7200000000003,-1986.1500000000003
1831.54,1579.1314285714293,252.40857142857067
1047.36,4905.193034825869,-3857.8330348258696
833.16,1083.2658312958426,-250.10583129584268
9625.21,3048.9429411764704,6576.267058823529
13857.5,4070.941785714286,9786.558214285713
7577.57,3714.2897058823523,3863.2802941176474
3715.12,3237.6137209302324,477.5062790697675
3061.6,1802.9160606060605,1258.6839393939395
1283.96,2009.244155844156,-725.284155844156
5182.48,6567.326666666667,-1384.8466666666673
1716.71,3161.2125,-1444.5025
2292.42,1320.6898281786955,971.7301718213046
3673.81,1885.7199999999998,1788.0900000000001
798.46,891.7589984101745,-93.29899841017448
5771.87,4919.601538461538,852.2684615384615
3062.02,2077.584807692308,984.435192307692
1829.53,1885.37725490196,-55.847254901960014
1268.54,1697.1841916167655,-428.6441916167655
1198.99,1294.5666666666666,-95.5766666666666
1352.06,1330.82625,21.233749999999873
2775.14,1564.8366666666668,1210.303333333333
2107.68,4438.9775,-2331.2975
3728.48,2761.8566666666666,966.6233333333334
12447.96,15718.0,-3270.040000000001
3240.22,5322.844999999999,-2082.6249999999995
6405.95,1473.1143859649121,4932.835614035088
779.82,6411.833333333333,-5632.013333333333
1538.66,1134.56125,404.0987500000001
3086.6,3227.455,-140.85500000000002
5238.85,5040.25,198.60000000000036
668.93,794.28,-125.35000000000002
2055.46,2600.7398648648646,-545.2798648648645
2880.93,5669.139999999999,-2788.2099999999996
744.54,1555.5236363636366,-810.9836363636366
4014.65,8870.050000000001,-4855.4000000000015
1910.6,1342.83,567.77
2265.68,2889.9700000000003,-624.2900000000004
1582.02,1168.9,413.1199999999999
1138.42,5708.823333333334,-4570.403333333334
5388.08,2127.760465116279,3260.3195348837207
5886.57,3213.925,2672.6449999999995
6095.07,10432.015,-4336.945
803.24,1083.2658312958426,-280.02583129584264
3821.96,13424.25375,-9602.29375
2839.43,2075.5086559139795,763.9213440860203
543.55,1582.952155591573,-1039.402155591573
2740.37,3930.4714285714294,-1190.1014285714296
7562.49,2857.2349999999997,4705.255
934.49,2632.0481999999993,-1697.5581999999993
7595.97,6121.25,1474.7200000000003
6178.78,7104.92,-926.1400000000003
13289.27,13650.830000000002,-361.5600000000013
748.25,1190.8223387096778,-442.57233870967775
2027.47,2910.24,-882.7699999999998
2415.46,1246.3510857142865,1169.1089142857136
1419.02,1492.0019298245609,-72.9819298245609
5135.65,5076.530000000001,59.11999999999898
5783.2,3484.246666666666,2298.953333333334
877.76,823.7628571428571,53.997142857142876
1224.34,1165.1766315789473,59.16336842105261
1317.56,1962.9399999999998,-645.3799999999999
1617.24,2009.0,-391.76
356.92,990.9095714285717,-633.9895714285717
2268.56,1095.6265714285714,1172.9334285714285
782.46,1083.2658312958426,-300.8058312958426
4154.48,3133.8022977346272,1020.6777022653723
3389.34,6993.37,-3604.0299999999997
6030.23,3662.1275,2368.1024999999995
2553.8,2139.2647368421053,414.53526315789486
2607.29,5004.535,-2397.245
1903.92,1620.4776767676765,283.4423232323236
1760.05,1720.633917525774,39.41608247422596
6819.44,2214.281428571429,4605.15857142857
3311.84,5247.26,-1935.42
901.52,1114.5110714285713,-212.99107142857133
9510.2,1978.6626315789472,7531.5373684210535
5705.98,4875.51,830.4699999999993
3998.21,2020.0766666666668,1978.1333333333332
6714.99,5377.746666666667,1337.2433333333329
640.83,2201.5312499999995,-1560.7012499999996
1236.59,1763.2275,-526.6375
1562.52,1087.3551648351647,475.16483516483527
1304.27,1583.7066666666667,-279.4366666666667
1373.96,1190.8223387096778,183.13766129032228
737.54,1374.5364321608047,-636.9964321608047
860.38,1119.5544117647062,-259.1744117647062
1596.09,4120.61,-2524.5199999999995
4065.22,7755.709999999999,-3690.4899999999993
3056.76,7132.413333333333,-4075.6533333333327
3921.41,1289.9220869565213,2631.4879130434783
6104.77,3372.235555555555,2732.5344444444454
5343.44,6347.97,-1004.5300000000007
2271.72,1955.97,315.7499999999998
1437.36,1492.0019298245609,-54.641929824560975
1326.85,1196.4382352941177,130.4117647058822
2242.31,1552.622133333333,689.6878666666669
1191.37,1380.1731818181818,-188.80318181818188
5401.44,4489.663333333333,911.7766666666666
5566.38,5978.150000000001,-411.77000000000044
2684.64,1697.1841916167655,987.4558083832344
6250.25,6075.25375,174.99625000000015
1528.43,1211.4933333333333,316.9366666666667
2641.72,1888.8803846153846,752.8396153846152
531.11,3604.53,-3073.42
1942.97,1805.018947368421,137.95105263157893
2420.02,5451.98,-3031.9599999999996
2995.98,2504.9571428571426,491.02285714285745
4123.97,4184.215,-60.24499999999989
586.35,2270.5078521126757,-1684.1578521126758
2436.47,1555.5236363636366,880.9463636363632
538.27,4379.801428571428,-3841.531428571428
2047.05,1560.438,486.61199999999985
2848.31,1786.0880000000002,1062.2219999999998
8441.7,10265.65,-1823.949999999999
2385.99,5165.366666666666,-2779.376666666666
5482.64,2072.6066666666666,3410.0333333333338
1565.98,1263.2350000000001,302.7449999999999
437.7,1579.1314285714293,-1141.4314285714293
3844.96,5487.28,-1642.3199999999997
1539.29,1083.2658312958426,456.0241687041573
2406.94,2441.528,-34.58799999999974
2087.92,1217.34,870.5800000000002
2392.13,2013.2066666666663,378.92333333333386
4002.76,3141.962857142857,860.7971428571432
3818.24,1614.4115476190473,2203.8284523809525
2872.21,3539.008,-666.7979999999998
4245.87,2056.3940625,2189.4759375
1489.39,1165.1766315789473,324.2133684210528
6386.99,4656.471666666667,1730.5183333333325
6109.49,6486.693555555555,-377.2035555555549
1563.11,1946.1358333333328,-383.0258333333329
1152.73,1156.742093023256,-4.012093023256057
3598.98,4285.266666666667,-686.2866666666673
3552.01,2242.6833333333334,1309.3266666666668
2753.92,2934.3138461538465,-180.39384615384643
4233.79,1611.9266666666665,2621.8633333333337
6826.98,6824.923333333333,2.0566666666663878
1163.09,1648.665588235294,-485.57558823529416
7413.39,1841.3866666666663,5572.003333333334
3251.4,3250.5265116279065,0.8734883720935613
688.58,1885.37725490196,-1196.79725490196
1985.18,1129.02,856.1600000000001
2478.0,7059.855,-4581.855
1440.13,1690.773076923077,-250.64307692307693
539.96,1083.2658312958426,-543.3058312958426
851.89,1614.4115476190473,-762.5215476190473
1434.23,1932.0166666666667,-497.78666666666663
828.69,1087.3551648351647,-258.66516483516466
2367.8,2125.1815116279063,242.6184883720939
2470.73,2169.52,301.21000000000004
867.74,1198.66,-330.9200000000001
7849.17,4365.395,3483.7749999999996
2741.82,1730.9294520547949,1010.8905479452053
1531.69,1473.1143859649121,58.57561403508794
3284.69,8475.5,-5190.8099999999995
3262.64,2570.47,692.1700000000001
7161.82,1112.583,6049.236999999999
2676.39,4053.783333333334,-1377.3933333333343
1675.99,990.9095714285717,685.0804285714283
1484.25,2275.56,-791.31
1696.87,2351.02,-654.1500000000001
4284.94,2681.2166666666667,1603.723333333333
3163.36,5540.785000000001,-2377.4250000000006
1660.2,2155.961849710981,-495.76184971098087
1288.06,1276.5448387096776,11.51516129032234
507.57,3251.84380952381,-2744.2738095238096
800.04,8353.15,-7553.11
6588.19,2639.0550000000003,3949.1349999999993
1366.6,1235.7859259259262,130.8140740740737
155.51,1083.2658312958426,-927.7558312958427
719.06,1339.1477467411546,-620.0877467411547
4339.19,5131.276666666666,-792.0866666666661
5912.94,6726.910952380951,-813.9709523809515
3044.21,3133.8022977346272,-89.59229773462721
4806.2,1996.7666666666667,2809.4333333333334
5770.6,7945.8099999999995,-2175.209999999999
2747.75,1123.2471428571428,1624.5028571428572
2581.36,2012.47,568.8900000000001
1054.42,6249.105,-5194.6849999999995
1812.59,1855.4044444444448,-42.814444444444916
1163.11,1339.1477467411546,-176.0377467411547
1302.97,1625.221149897332,-322.25114989733197
7439.77,3300.7599999999998,4139.01
1297.12,1741.7699662162158,-444.64996621621594
2564.95,3091.5142857142855,-526.5642857142857
3766.09,2888.316666666667,877.7733333333331
1655.66,1532.2866666666666,123.37333333333345
995.85,1320.6898281786955,-324.8398281786955
3634.36,4737.08,-1102.7199999999998
8130.6,6524.465,1606.1350000000002
2349.12,3024.95,-675.8299999999999
2269.17,1720.633917525774,548.5360824742261
5031.12,1885.37725490196,3145.74274509804
1470.0,6947.925,-5477.925
2178.25,1579.1314285714293,599.1185714285707
1064.31,1307.9081481481487,-243.59814814814877
1088.74,1614.4115476190473,-525.6715476190473
1335.98,2222.9797530864194,-886.9997530864193
3892.01,1312.127083333333,2579.8829166666674
3158.72,3084.75,73.9699999999998
1307.73,2075.5086559139795,-767.7786559139795
650.65,1152.2413636363635,-501.59136363636355
1422.01,2056.3940625,-634.3840625
2612.0,2675.08,-63.07999999999993
10876.05,2989.7533333333326,7886.296666666667
1806.62,625.86,1180.7599999999998
4196.24,2738.773,1457.4669999999996
946.6,1374.5364321608047,-427.93643216080466
1166.77,974.0566666666667,192.71333333333325
625.95,964.3685714285714,-338.41857142857134
2784.2,1320.6898281786955,1463.5101718213043
6598.14,12987.130000000001,-6388.990000000001
5093.53,3351.153333333333,1742.3766666666666
907.53,1805.8428571428572,-898.3128571428572
3146.01,2627.6233333333334,518.3866666666668
2392.99,847.6700000000001,1545.3199999999997
1405.16,1743.8025,-338.6424999999999
3940.72,3561.555,379.16499999999996
1273.42,2258.61,-985.19
1670.21,3967.16,-2296.95
1953.52,1369.4905194805194,584.0294805194806
1048.81,1614.4115476190473,-565.6015476190473
2114.18,1374.5364321608047,739.6435678391952
1610.26,1374.5364321608047,235.7235678391953
4257.34,2377.1137142857147,1880.2262857142855
1011.42,3063.6066666666666,-2052.1866666666665
2152.93,939.14,1213.79
8041.99,1730.9294520547949,6311.060547945205
689.61,1083.2658312958426,-393.65583129584263
1188.44,1625.221149897332,-436.78114989733194
1988.65,2155.961849710981,-167.31184971098082
2513.69,1339.1477467411546,1174.5422532588454
766.93,1114.5110714285713,-347.58107142857136
2931.36,11830.17,-8898.81
951.31,891.7589984101745,59.55100158982543
2438.13,1223.24,1214.89
2141.46,6089.735000000001,-3948.2750000000005
390.56,1359.358392857143,-968.798392857143
2400.58,1473.1143859649121,927.4656140350878
2306.75,2358.3395652173917,-51.58956521739174
623.61,1320.6898281786955,-697.0798281786955
511.55,751.6199999999999,-240.06999999999988
1864.84,1582.952155591573,281.8878444084269
2264.95,6631.670000000001,-4366.720000000001
593.46,4250.080000000001,-3656.620000000001
899.79,1083.2658312958426,-183.47583129584268
10880.82,7129.28,3751.54
3052.89,2644.049214285714,408.8407857142861
2637.24,2735.95,-98.71000000000004
2512.32,2615.024545454545,-102.70454545454504
1491.84,1083.2658312958426,408.5741687041573
1959.23,3240.1,-1280.87
5558.37,8053.916666666667,-2495.546666666667
1893.75,1311.288,582.462
2529.53,1848.8000000000002,680.73
4389.97,4285.266666666667,104.70333333333292
2463.36,3491.15625,-1027.7962499999999
4922.64,6486.693555555555,-1564.0535555555543
2008.58,2486.954705882353,-478.3747058823533
1192.83,1718.075,-525.2450000000001
1997.94,1083.2658312958426,914.6741687041574
8222.45,6824.923333333333,1397.5266666666676
1754.97,5521.57,-3766.5999999999995
2073.42,3334.63,-1261.21
1054.79,1885.37725490196,-830.58725490196
597.32,1361.9568,-764.6367999999999
2140.09,4077.16,-1937.0699999999997
2018.71,5938.963333333333,-3920.253333333333
1273.7,1423.1828333333328,-149.4828333333328
709.62,447.89333333333326,261.72666666666674
1772.71,1867.0386666666668,-94.32866666666678
3851.88,4159.085,-307.2049999999999
2080.34,1087.3551648351647,992.9848351648354
1145.58,1595.2257142857143,-449.64571428571435
4608.25,1885.37725490196,2722.87274509804
1379.65,2600.7398648648646,-1221.0898648648645
3141.86,1715.0183333333334,1426.8416666666667
1126.77,928.645,198.125
1877.61,1146.28,731.3299999999999
855.42,2903.9449999999997,-2048.5249999999996
677.83,1083.2658312958426,-405.4358312958426
3472.73,2781.9049999999997,690.8250000000003
3970.45,7674.115,-3703.665
1367.23,891.7589984101745,475.4710015898255
1339.2,2644.049214285714,-1304.8492142857137
1773.25,1811.4058510638301,-38.15585106383014
3566.45,1816.5365217391309,1749.913478260869
1085.52,2035.9105263157896,-950.3905263157897
679.02,1697.1841916167655,-1018.1641916167655
4340.97,12579.376666666665,-8238.406666666666
4483.36,2142.95,2340.41
3036.4,4643.81,-1607.4100000000003
2661.18,2569.555,91.625
2422.37,1473.1143859649121,949.2556140350878
1771.2,1083.2658312958426,687.9341687041574
7655.72,1478.975,6176.745000000001
4453.9,5348.245,-894.3450000000003
1474.12,2342.9523880597008,-868.8323880597009
759.06,1198.66,-439.60000000000014
6995.67,6726.910952380951,268.75904761904894
503.79,891.8266666666667,-388.0366666666667
688.64,1707.826808510638,-1019.1868085106381
2335.76,1361.9067346938773,973.8532653061229
1543.8,2075.5086559139795,-531.7086559139796
3425.46,1361.9568,2063.5032
1050.06,1552.622133333333,-502.5621333333331
7721.93,6073.1832258064505,1648.7467741935498
6320.51,5579.509999999999,741.0000000000009
5089.35,2597.9446428571428,2491.4053571428576
872.91,1083.2658312958426,-210.35583129584268
3600.44,2026.896850393702,1573.5431496062981
7779.97,1435.508924731183,6344.461075268817
3270.45,1435.508924731183,1834.9410752688168
4859.0,2723.5299999999997,2135.4700000000003
1183.62,1413.8400000000001,-230.22000000000025
5052.34,1730.9294520547949,3321.4105479452055
689.97,1145.04,-455.06999999999994
1212.66,1915.5302777777772,-702.8702777777771
6573.58,2322.205,4251.375
6025.51,1087.3551648351647,4938.154835164835
914.34,1087.3551648351647,-173.01516483516468
3175.03,2959.5627999999997,215.4672000000005
6855.83,2768.655,4087.1749999999997
834.41,1579.1314285714293,-744.7214285714293
1319.14,1582.952155591573,-263.81215559157295
1596.13,3486.7533333333336,-1890.6233333333334
3949.15,1625.221149897332,2323.928850102668
740.96,1246.3510857142865,-505.3910857142864
3741.01,5029.88,-1288.87
3928.11,3792.3700000000003,135.73999999999978
2466.0,2370.955,95.04500000000007
2315.34,1867.0386666666668,448.30133333333333
6663.53,1582.952155591573,5080.577844408426
606.42,891.7589984101745,-285.33899841017455
6412.58,7528.96,-1116.38
1528.33,1473.6666197183101,54.6633802816898
997.93,1339.1477467411546,-341.21774674115466
1048.25,1728.6270025839794,-680.3770025839794
3034.28,2342.365185185186,691.9148148148142
1785.06,1386.7312068965518,398.3287931034481
2778.14,1083.2658312958426,1694.8741687041572
6532.79,7345.1,-812.3100000000004
682.79,891.7589984101745,-208.96899841017455
1024.91,1339.1477467411546,-314.2377467411545
1857.13,1811.4058510638301,45.72414893616997
5298.18,3250.5265116279065,2047.6534883720938
2418.29,2197.02,221.26999999999998
4488.35,1664.756666666667,2823.5933333333332
1844.85,3048.9429411764704,-1204.0929411764705
1753.51,1838.3531182795696,-84.84311827956958
2837.84,5474.793333333332,-2636.953333333332
2196.27,2011.4736666666663,184.79633333333368
585.14,1246.3510857142865,-661.2110857142865
4854.92,6844.956666666666,-1990.036666666666
14882.14,11021.875,3860.2649999999994
14018.37,13538.585,479.7850000000017
1056.29,1080.025,-23.735000000000127
2754.58,1891.7685416666673,862.8114583333327
2967.44,899.275,2068.165
3166.87,2533.635,633.2349999999997
971.25,3161.2125,-2189.9625
7992.43,13517.65,-5525.219999999999
1170.94,1697.1841916167655,-526.2441916167654
1131.84,891.7589984101745,240.0810015898254
2592.01,3252.69,-660.6799999999998
2296.16,1246.3510857142865,1049.8089142857134
2138.69,2077.584807692308,61.10519230769205
670.95,1582.952155591573,-912.002155591573
503.78,891.7589984101745,-387.97899841017454
2147.4,3133.8022977346272,-986.4022977346272
602.08,1134.695913461539,-532.615913461539
1760.17,2144.2066666666665,-384.0366666666664
566.63,3237.6137209302324,-2670.9837209302323
878.69,2343.605,-1464.915
2935.29,3831.19,-895.9000000000001
1997.07,2077.584807692308,-80.51480769230807
1368.25,1441.3738095238098,-73.12380952380977
3492.8,789.725,2703.0750000000003
4088.59,3072.534,1016.056
1823.47,1870.7512820512825,-47.28128205128246
2173.06,1751.2225,421.83749999999986
962.5,1225.7700000000002,-263.2700000000002
5384.71,7102.056666666666,-1717.3466666666664
1342.94,2009.244155844156,-666.304155844156
729.02,1241.5321965317924,-512.5121965317924
4910.39,2492.3908108108108,2417.9991891891896
4513.62,1697.1841916167655,2816.4358083832344
964.22,1579.1314285714293,-614.9114285714293
1365.84,1083.2658312958426,282.5741687041573
685.48,2075.5086559139795,-1390.0286559139795
2486.11,3041.2942857142853,-555.1842857142851
14402.79,8034.209999999999,6368.580000000002
1586.95,1742.5904166666662,-155.64041666666617
1438.05,1805.65375,-367.60375
1070.72,2054.129999999999,-983.4099999999992
1507.68,3153.7233333333334,-1646.0433333333333
636.95,1512.9971014492753,-876.0471014492753
6113.22,7120.713333333333,-1007.4933333333329
428.47,1339.1477467411546,-910.6777467411546
837.14,891.7589984101745,-54.61899841017453
3585.05,4713.032692307692,-1127.9826923076917
5232.79,4032.103333333333,1200.686666666667
513.25,1083.2658312958426,-570.0158312958426
3425.83,1083.2658312958426,2342.564168704157
1049.98,1805.8428571428572,-755.8628571428571
11061.95,5831.530000000001,5230.42
14829.43,6977.23,7852.200000000001
8647.15,2609.706666666667,6037.443333333333
5406.73,4170.2266666666665,1236.503333333333
6030.7,7472.15,-1441.4499999999998
1123.68,1435.508924731183,-311.82892473118295
2587.17,2077.584807692308,509.58519230769207
4226.4,18785.97333333333,-14559.573333333332
1803.34,1730.9294520547949,72.41054794520505
956.5,2011.4736666666663,-1054.9736666666663
724.1,1582.952155591573,-858.852155591573
736.7,2155.961849710981,-1419.2618497109809
2248.19,2270.5078521126757,-22.31785211267561
1163.55,1359.358392857143,-195.80839285714296
3203.57,2193.445,1010.125
1398.55,1339.1477467411546,59.40225325884535
2889.12,1838.3531182795696,1050.7668817204303
1270.36,1241.5321965317924,28.82780346820755
685.25,1246.3510857142865,-561.1010857142865
2622.1,1902.5166666666667,719.5833333333333
1364.36,1212.0977272727268,152.26227272727306
2337.45,1625.221149897332,712.2288501026678
7666.79,11511.69,-3844.9000000000005
2449.33,1241.5321965317924,1207.7978034682076
2365.01,1728.6270025839794,636.3829974160208
2143.09,6567.326666666667,-4424.236666666667
1890.69,9583.215,-7692.525
1663.43,2561.8387500000003,-898.4087500000003
5411.88,2896.335,2515.545
1241.4,1473.8027272727275,-232.40272727272736
3313.88,1695.2427272727275,1618.6372727272726
2622.28,1640.7296226415087,981.5503773584915
1960.3,1583.97,376.3299999999999
1485.38,2615.024545454545,-1129.644545454545
1032.02,1212.0977272727268,-180.07772727272686
1781.63,1011.1607407407408,770.4692592592593
291.41,1234.5928571428572,-943.1828571428571
11598.57,16250.615,-4652.045
3104.45,9665.14,-6560.69
3200.55,2821.2799999999997,379.27000000000044
9469.91,4035.966666666666,5433.9433333333345
3822.76,6439.55,-2616.79
1171.73,1741.7699662162158,-570.0399662162158
2929.76,7798.795,-4869.035
4270.91,7535.026666666668,-3264.1166666666677
1375.0,3133.8022977346272,-1758.8022977346272
2187.62,3879.715,-1692.0950000000003
2842.45,2145.235,697.2149999999997
1865.9,1382.095,483.80500000000006
5264.73,4650.306666666667,614.4233333333323
2505.74,1805.8428571428572,699.8971428571426
2817.18,1557.7968749999998,1259.383125
2043.75,1891.7685416666673,151.98145833333274
5412.5,3423.1949999999997,1989.3050000000003
5820.32,10620.893333333333,-4800.573333333334
2838.08,2196.984175824176,641.095824175824
1182.83,1246.3510857142865,-63.52108571428653
2037.09,1320.6898281786955,716.4001718213044
788.38,1241.5321965317924,-453.15219653179236
1340.9,891.8266666666667,449.0733333333334
1417.16,3598.235,-2181.075
632.03,1119.5544117647062,-487.5244117647062
1083.05,825.5300000000001,257.51999999999987
1166.5,4070.941785714286,-2904.441785714286
732.53,2436.42,-1703.89
889.09,1648.665588235294,-759.575588235294
5408.08,2358.3395652173917,3049.740434782608
1696.74,1885.37725490196,-188.63725490195998
7113.41,5796.585,1316.8249999999998
688.23,1462.2313636363629,-774.0013636363628
1968.75,2387.82,-419.07000000000016
1912.62,1839.39,73.22999999999979
4129.44,1625.221149897332,2504.2188501026676
863.49,891.7589984101745,-28.268998410174504
1104.41,1576.4004878048784,-471.9904878048783
1798.95,891.7589984101745,907.1910015898255
6225.31,1514.7766666666666,4710.533333333334
4332.98,2482.7915999999996,1850.1884
3303.79,1139.82375,2163.96625
2836.59,1320.6898281786955,1515.9001718213046
3878.82,2054.86303030303,1823.9569696969702
1842.84,2227.1549999999997,-384.3149999999998
11613.2,7105.84,4507.360000000001
818.4,1083.2658312958426,-264.86583129584267
4186.2,7533.84,-3347.6400000000003
5172.16,5645.163333333334,-473.003333333334
1302.74,1811.4058510638301,-508.66585106383013
1074.5,1119.5544117647062,-45.054411764706174
2233.67,2075.5086559139795,158.16134408602056
2517.2,1339.1477467411546,1178.0522532588452
604.01,1462.2313636363629,-858.2213636363629
4113.35,9725.67,-5612.32
16596.56,6506.015,10090.545000000002
8715.92,4905.193034825869,3810.726965174131
878.74,1087.3551648351647,-208.6151648351647
3670.43,5661.469999999999,-1991.0399999999995
3936.74,3029.3050000000003,907.4349999999995
3284.02,2026.896850393702,1257.123149606298
2347.96,2838.8799999999997,-490.9199999999996
4902.59,10623.3925,-5720.8025
1934.48,3737.4100000000003,-1802.9300000000003
925.36,1582.952155591573,-657.592155591573
3815.87,1793.46,2022.4099999999999
688.61,1648.665588235294,-960.0555882352941
1162.79,1156.17,6.619999999999891
1250.92,4356.715,-3105.795
1689.04,4755.156666666667,-3066.116666666667
737.44,1812.6100000000001,-1075.17
6817.68,5405.4662499999995,1412.2137500000008
857.78,1595.2257142857143,-737.4457142857143
763.29,1625.221149897332,-861.931149897332
2646.89,2125.1815116279063,521.7084883720936
1630.61,1614.4115476190473,16.19845238095263
677.1,1359.358392857143,-682.2583928571429
1747.27,2546.092209302326,-798.822209302326
15005.94,8602.3,6403.640000000001
552.91,1241.5321965317924,-688.6221965317924
1233.16,1213.785,19.375
3038.8,3133.8022977346272,-95.00229773462706
1575.61,1146.0833333333333,429.52666666666664
2156.08,2728.91,-572.8299999999999
1987.31,1582.952155591573,404.3578444084269
2499.6,2959.5627999999997,-459.9627999999998
694.52,1339.1477467411546,-644.6277467411546
2303.2,3870.3666666666663,-1567.1666666666665
3308.8,6613.709,-3304.9089999999997
1401.84,1870.7512820512825,-468.91128205128257
1656.83,1582.952155591573,73.87784440842688
1064.41,1134.695913461539,-70.28591346153894
532.88,1119.5544117647062,-586.6744117647062
799.41,2075.5086559139795,-1276.0986559139797
4162.97,4905.193034825869,-742.223034825869
2796.19,3445.355,-649.165
296.4,1289.9220869565213,-993.5220869565213
4315.02,1023.3199999999999,3291.7000000000007
4938.68,4104.66,834.0200000000004
1341.86,6081.650000000001,-4739.790000000001
4043.13,4129.171600000001,-86.04160000000047
10441.13,5915.23,4525.9
1524.63,1155.37875,369.25125
906.15,4607.115,-3700.9649999999997
1988.14,3228.4733333333334,-1240.3333333333333
10977.31,4487.0199999999995,6490.29
3123.27,1139.82375,1983.44625
4129.06,1949.98,2179.0800000000004
1782.87,1235.7859259259262,547.0840740740737
7655.76,3930.4714285714294,3725.288571428571
1155.97,1625.221149897332,-469.25114989733197
16014.48,8196.985,7817.494999999999
2258.87,3214.406666666667,-955.5366666666673
5401.58,9381.893333333333,-3980.3133333333335
411.0,1359.358392857143,-948.3583928571429
1182.94,1640.7296226415087,-457.7896226415087
10.0,1835.2933333333333,-1825.2933333333333
853.22,1331.1833333333334,-477.96333333333337
903.21,4325.965,-3422.755
805.42,1307.9081481481487,-502.48814814814875
4009.24,3680.240571428572,328.99942857142787
702.52,1554.1666666666667,-851.6466666666668
3251.23,3270.685,-19.454999999999927
1222.04,1190.8223387096778,31.217661290322212
4566.69,3532.8450000000003,1033.8449999999993
3094.86,3649.9666666666667,-555.1066666666666
938.57,1985.9928571428577,-1047.4228571428575
842.32,2075.5086559139795,-1233.1886559139793
1787.89,2482.7915999999996,-694.9015999999995
1413.34,1241.5321965317924,171.80780346820757
4981.55,6073.1832258064505,-1091.6332258064504
9644.46,3744.29,5900.169999999999
1091.13,1945.3466666666666,-854.2166666666665
2636.46,2275.8900000000003,360.5699999999997
1511.79,1421.427931034483,90.36206896551698
8308.63,8144.5,164.1299999999992
6968.77,14005.493333333332,-7036.7233333333315
520.43,1083.2658312958426,-562.8358312958427
11811.97,7132.413333333333,4679.556666666666
8322.99,3455.1,4867.889999999999
2323.38,2229.923793103448,93.45620689655198
3098.16,6073.1832258064505,-2975.0232258064507
2537.97,2351.563037974683,186.40696202531672
2848.58,1131.36,1717.22
6766.97,7105.105,-338.1349999999993
621.36,1095.6265714285714,-474.2665714285714
10969.5,1847.2833333333333,9122.216666666667
2358.72,1492.0019298245609,866.7180701754389
888.31,1697.1841916167655,-808.8741916167655
1461.55,1728.6270025839794,-267.0770025839795
710.09,1134.695913461539,-424.605913461539
6613.28,4399.016666666666,2214.2633333333333
1284.53,2856.3199999999997,-1571.7899999999997
1347.36,1188.746875,158.61312499999985
5579.3,3041.41,2537.8900000000003
1703.33,1640.975,62.35500000000002
696.7,990.9095714285717,-294.2095714285716
1273.8,1083.2658312958426,190.5341687041573
3006.49,2473.29313559322,533.1968644067797
4983.4,3366.7657142857142,1616.6342857142854
4046.24,3086.875,959.3649999999998
1445.83,1307.9081481481487,137.92185185185122
5512.62,3133.8022977346272,2378.8177022653726
2240.86,2338.54,-97.67999999999984
1331.42,3369.0150000000003,-2037.5950000000003
2289.39,2600.23,-310.84000000000015
5286.99,3917.4500000000003,1369.5399999999995
1451.12,3024.5299999999997,-1573.4099999999999
637.31,1134.695913461539,-497.3859134615391
1090.66,1625.221149897332,-534.5611498973319
8335.32,2643.7366666666667,5691.583333333333
1021.26,2351.563037974683,-1330.303037974683
1990.99,1292.99,698.0
1418.21,2644.049214285714,-1225.8392142857138
1847.63,6475.591754385963,-4627.961754385963
5812.81,4234.11,1578.7000000000007
3354.85,6179.505,-2824.655
8906.73,10898.380000000001,-1991.6500000000015
1300.74,4070.941785714286,-2770.2017857142864
1668.78,1528.88,139.89999999999986
1809.1,2072.3346153846155,-263.2346153846156
3701.23,4036.28,-335.0500000000002
2719.42,4878.776666666666,-2159.3566666666657
812.11,1083.2658312958426,-271.15583129584263
1682.04,1885.37725490196,-203.33725490196002
1684.61,2473.29313559322,-788.6831355932202
4113.69,2342.9523880597008,1770.7376119402988
626.15,1870.7512820512825,-1244.6012820512824
634.11,3451.9966666666664,-2817.8866666666663
3262.46,1866.0533333333333,1396.4066666666668
1825.93,2319.845,-493.91499999999974
1447.44,3161.2125,-1713.7725
3281.5,10345.33,-7063.83
2502.7,674.8,1827.8999999999999
1512.98,1474.391707317073,38.588292682926976
6729.12,7480.495,-751.375
1400.0,2165.3700000000003,-765.3700000000003
2111.79,1773.0937500000002,338.69624999999974
732.3,1320.6898281786955,-588.3898281786956
2380.39,3750.03,-1369.6400000000003
4855.36,1215.5032857142858,3639.8567142857137
1370.87,892.41,478.4599999999999
938.44,1695.2427272727275,-756.8027272727275
6325.69,6822.913333333334,-497.22333333333427
3292.32,1531.9099999999999,1760.4100000000003
579.62,1134.695913461539,-555.075913461539
7650.85,4088.893829787233,3561.9561702127676
1266.73,2473.29313559322,-1206.56313559322
3093.0,4109.74,-1016.7399999999998
1479.1,1102.0423529411764,377.0576470588235
3977.39,1083.2658312958426,2894.1241687041575
8207.08,4059.4666666666667,4147.613333333333
1290.6,1902.3916666666664,-611.7916666666665
3215.48,6553.545,-3338.065
1378.68,1728.6270025839794,-349.9470025839794
1057.74,1369.4905194805194,-311.7505194805194
11100.39,6073.1832258064505,5027.206774193549
2617.06,4306.533333333334,-1689.4733333333338
3843.72,5206.636666666666,-1362.9166666666665
3003.75,2075.5086559139795,928.2413440860205
1673.41,3824.15,-2150.74
891.14,1190.8223387096778,-299.68233870967777
3518.16,4280.963333333333,-762.8033333333333
6758.05,4080.2900000000004,2677.7599999999998
934.98,1072.8410900473932,-137.8610900473932
2381.82,1512.9971014492753,868.8228985507249
1693.42,1625.221149897332,68.19885010266808
1187.92,1625.7933333333333,-437.8733333333332
2116.88,2128.943125,-12.063124999999673
1200.4,2455.3733333333334,-1254.9733333333334
1655.3,2026.896850393702,-371.59685039370197
2439.95,1358.51,1081.4399999999998
2459.13,1474.391707317073,984.7382926829271
8178.07,7777.884444444445,400.18555555555486
3859.13,3438.2675,420.8625000000002
5069.7,2078.47,2991.23
1957.05,1811.4058510638301,145.6441489361698
557.62,990.9095714285717,-433.28957142857166
4295.43,1951.6733333333332,2343.756666666667
764.6,1359.358392857143,-594.7583928571429
1089.25,1841.3866666666663,-752.1366666666663
3313.56,2888.316666666667,425.2433333333329
625.57,1677.555,-1051.9850000000001
1256.37,1582.3649275362325,-325.9949275362326
1836.68,3250.5265116279065,-1413.8465116279065
3304.82,9343.9,-6039.08
3604.13,3194.6549999999997,409.47500000000036
1728.9,1083.2658312958426,645.6341687041574
2208.28,1576.4004878048784,631.8795121951218
4471.33,5309.583333333333,-838.2533333333331
2622.18,2835.935,-213.7550000000001
3172.09,4670.125,-1498.0349999999999
731.24,3455.1,-2723.8599999999997
2115.61,5312.445,-3196.8349999999996
6324.22,9620.456666666667,-3296.2366666666667
2585.97,2265.15,320.8199999999997
7069.58,5535.66,1533.92
1354.34,4583.61,-3229.2699999999995
3640.04,1811.4058510638301,1828.6341489361698
771.89,1212.0977272727268,-440.20772727272686
2395.13,2351.563037974683,43.566962025317025
6028.49,4301.2733333333335,1727.2166666666662
751.7,6639.812424242424,-5888.112424242424
7881.43,877.1047826086955,7004.325217391305
1539.4,1885.37725490196,-345.9772549019599
1443.25,4480.3,-3037.05
7716.1,3737.4100000000003,3978.69
650.2,1374.5364321608047,-724.3364321608046
1810.72,5169.475,-3358.755
1392.63,1625.221149897332,-232.5911498973319
541.7,5946.675,-5404.975
896.03,990.9095714285717,-94.8795714285717
1862.89,3744.35,-1881.4599999999998
752.81,1802.9160606060605,-1050.1060606060605
1728.39,584.71,1143.68
1218.61,1562.0733333333335,-343.4633333333336
3105.75,1672.72,1433.03
6169.66,4365.395,1804.2649999999994
12160.11,12896.493333333332,-736.3833333333314
5647.52,3870.3666666666663,1777.153333333334
769.55,1320.6898281786955,-551.1398281786956
1147.65,1985.9928571428577,-838.3428571428576
3033.27,1891.55,1141.72
6657.84,2924.036666666667,3733.8033333333333
2537.57,1811.4058510638301,726.16414893617
2922.08,1386.7312068965518,1535.348793103448
1571.02,1856.0305434782601,-285.01054347826016
1311.03,4788.629999999999,-3477.5999999999995
2173.49,2250.6766666666667,-77.18666666666695
652.85,2019.2076470588236,-1366.3576470588237
8408.09,2819.7766666666666,5588.3133333333335
2469.95,2336.1225000000004,133.82749999999942
2936.89,3133.8022977346272,-196.91229773462737
2069.44,1718.895,350.5450000000001
4634.44,6694.163333333334,-2059.7233333333343
2479.7,2430.79,48.909999999999854
3313.81,1885.37725490196,1428.43274509804
11221.56,9524.98,1696.58
1471.49,2484.3775,-1012.8875
3050.15,1707.9899999999998,1342.1600000000003
2752.17,3016.035,-263.8649999999998
1406.92,11691.17,-10284.25
3750.83,1190.8223387096778,2560.007661290322
4196.78,1555.5236363636366,2641.256363636363
2261.53,4270.53,-2008.9999999999995
2077.01,1856.0305434782601,220.97945652174008
5073.58,7328.606666666667,-2255.0266666666666
3841.14,2609.615,1231.525
3247.09,2567.3129670329668,679.7770329670334
9420.0,4472.49,4947.51
1901.57,5669.139999999999,-3767.5699999999997
3905.29,1546.755,2358.535
3118.53,5540.785000000001,-2422.2550000000006
3350.37,3041.2942857142853,309.07571428571464
417.35,1083.2658312958426,-665.9158312958426
2410.76,2239.655833333333,171.10416666666742
1378.34,3161.2125,-1782.8725000000002
898.46,1856.0305434782601,-957.5705434782601
1783.18,1264.5415384615383,518.6384615384618
1435.54,1134.695913461539,300.84408653846094
2987.03,2003.8971428571426,983.1328571428576
970.84,2449.604117647059,-1478.7641176470588
2750.82,2237.4700000000003,513.3499999999999
739.84,912.1587234042553,-172.31872340425525
1384.65,1401.3443269230766,-16.69432692307646
1764.27,1582.952155591573,181.31784440842694
1511.75,1582.952155591573,-71.20215559157305
1504.11,1320.6898281786955,183.4201718213044
1850.88,1374.5364321608047,476.34356783919543
9840.85,4088.893829787233,5751.956170212768
1537.01,2482.7915999999996,-945.7815999999996
1601.13,1241.5321965317924,359.59780346820776
3480.66,4568.295490196078,-1087.6354901960785
1433.47,2351.563037974683,-918.093037974683
1226.32,891.7589984101745,334.5610015898254
1970.02,1747.335,222.68499999999995
2980.03,4845.34,-1865.31
4162.87,3251.84380952381,911.0261904761901
915.2,1241.5321965317924,-326.3321965317923
4142.51,3566.66,575.8500000000004
8059.07,3788.2358823529407,4270.8341176470585
3565.81,1576.4004878048784,1989.4095121951216
1590.42,1058.315,532.105
2606.42,1805.8428571428572,800.5771428571429
1057.0,1083.2658312958426,-26.265831295842645
937.37,1134.695913461539,-197.32591346153902
2880.96,3300.73,-419.77
2164.95,2821.2799999999997,-656.3299999999999
15002.89,3177.825,11825.064999999999
838.19,1083.2658312958426,-245.0758312958426
816.21,1119.5544117647062,-303.34441176470614
1064.6,1533.4755555555546,-468.8755555555547
2964.92,1724.26,1240.66
1668.41,1102.0423529411764,566.3676470588236
805.89,845.2639999999999,-39.37399999999991
3030.37,2019.2076470588236,1011.1623529411763
4131.89,3071.5540909090896,1060.3359090909107
917.64,1320.6898281786955,-403.0498281786955
2089.26,1584.18,505.08000000000015
881.49,692.8850000000001,188.6049999999999
1174.64,1171.4666666666667,3.173333333333403
1605.8,1359.358392857143,246.44160714285704
1031.57,3653.335,-2621.7650000000003
10010.0,4210.185,5799.815
837.2,891.7589984101745,-54.55899841017447
954.83,3647.8149999999996,-2692.9849999999997
5264.84,2379.725,2885.1150000000002
1284.67,1728.6270025839794,-443.9570025839794
847.98,891.7589984101745,-43.778998410174495
7830.21,3778.287857142857,4051.922142857143
8054.92,5211.485,2843.4350000000004
4013.41,2762.0022522522527,1251.4077477477472
4283.25,3874.31,408.94000000000005
782.7,2504.536666666667,-1721.8366666666668
3017.92,1811.4058510638301,1206.51414893617
755.78,964.3685714285714,-208.5885714285714
1426.96,1687.0185714285715,-260.05857142857144
2717.54,1421.427931034483,1296.112068965517
2066.85,1320.6898281786955,746.1601718213044
1795.03,1083.2658312958426,711.7641687041573
223.49,1307.9081481481487,-1084.4181481481487
5764.42,14132.81,-8368.39
2096.85,3409.705,-1312.855
3436.55,6735.093333333333,-3298.543333333333
2787.64,3744.315416666667,-956.6754166666669
2438.3,3258.355,-820.0549999999998
441.04,891.7589984101745,-450.7189984101745
3802.45,6651.526666666668,-2849.0766666666677
7968.22,5427.223333333333,2540.996666666667
1080.0,8569.76,-7489.76
757.78,1241.5321965317924,-483.7521965317924
2116.81,4788.629999999999,-2671.8199999999993
1217.4,2167.72,-950.3199999999997
534.27,3343.1499999999996,-2808.8799999999997
5331.9,2222.9797530864194,3108.9202469135803
1676.71,1163.0149999999999,513.6950000000002
944.9,891.7589984101745,53.141001589825464
2950.07,6097.303333333333,-3147.233333333333
808.6,1648.665588235294,-840.0655882352941
1784.18,5692.91,-3908.7299999999996
1229.0,2082.9,-853.9000000000001
721.92,3219.25,-2497.33
646.0,1625.221149897332,-979.221149897332
1828.82,2852.2675000000004,-1023.4475000000004
1875.42,1148.93,726.49
2236.53,1582.952155591573,653.5778444084272
963.36,3967.16,-3003.7999999999997
16832.12,5550.389999999999,11281.73
2314.84,1497.4171428571428,817.4228571428573
2241.95,3877.0866666666666,-1635.1366666666668
4368.4,4599.63,-231.23000000000047
1456.56,891.564,564.996
4777.88,1284.49,3493.3900000000003
1600.52,6224.550769230769,-4624.030769230769
1686.59,4623.33,-2936.74
773.73,1134.695913461539,-360.965913461539
2635.47,5994.143333333333,-3358.6733333333336
908.71,1421.427931034483,-512.717931034483
7874.39,1524.5549999999998,6349.835000000001
1211.12,3278.74,-2067.62
2943.73,1302.525,1641.205
2105.52,1462.2313636363629,643.2886363636371
445.93,891.7589984101745,-445.8289984101745
2514.84,10550.55,-8035.709999999999
1006.35,1444.8566666666666,-438.50666666666655
1628.5,1355.78,272.72
3025.52,3748.9712499999996,-723.4512499999996
1439.77,608.4066666666668,831.3633333333332
2074.88,6240.296666666666,-4165.416666666666
8456.09,1424.6616666666669,7031.428333333333
676.15,964.3685714285714,-288.2185714285714
4852.27,9603.029999999999,-4750.759999999998
293.66,1198.9064705882356,-905.2464705882355
1345.52,1246.3510857142865,99.16891428571353
2475.41,2075.5086559139795,399.90134408602034
794.28,1998.81,-1204.53
1651.91,1317.1554545454544,334.7545454545457
2855.24,2546.092209302326,309.1477906976738
2935.55,4260.88,-1325.33
5121.4,5211.485,-90.08500000000004
4857.98,1946.5966666666664,2911.383333333333
1250.93,1241.5321965317924,9.397803468207712
841.43,1165.1766315789473,-323.74663157894736
1217.81,1245.1525714285715,-27.342571428571546
2049.88,1797.4666666666665,252.41333333333364
2227.73,3680.240571428572,-1452.510571428572
3224.63,2352.9350000000004,871.6949999999997
7806.11,7676.193333333333,129.91666666666697
1480.52,982.355,498.16499999999996
1270.32,1552.622133333333,-282.30213333333313
2245.81,5574.545,-3328.735
10691.88,9603.029999999999,1088.8500000000004
1104.16,891.7589984101745,212.40100158982557
2632.6,1582.952155591573,1049.6478444084269
3951.65,2067.235652173914,1884.4143478260862
4324.75,5722.5,-1397.75
1157.46,3391.4849999999997,-2234.0249999999996
5845.08,11562.116666666667,-5717.036666666667
2428.33,1320.6898281786955,1107.6401718213044
1183.22,1246.3510857142865,-63.13108571428643
1518.89,2793.36,-1274.47
3000.27,3133.8022977346272,-133.53229773462726
690.97,1582.952155591573,-891.982155591573
589.85,1359.358392857143,-769.5083928571429
11599.45,835.45,10764.0
2235.55,1693.5633333333335,541.9866666666667
2671.48,2644.049214285714,27.43078571428623
5331.94,16109.813333333334,-10777.873333333333
2040.35,597.175,1443.175
2378.94,4332.99,-1954.0499999999997
3482.82,2561.36,921.46
3288.63,1579.665,1708.9650000000001
2728.86,1184.8139999999999,1544.0460000000003
3316.46,4077.16,-760.6999999999998
1765.99,2113.212666666667,-347.2226666666668
1122.09,3850.236666666666,-2728.1466666666665
2679.95,3133.8022977346272,-453.8522977346274
2107.85,1361.9568,745.8932
4049.02,3776.885,272.13499999999976
9913.63,7613.665,2299.9649999999992
1758.42,1659.3433333333332,99.07666666666682
2058.0,1289.9220869565213,768.0779130434787
3015.13,688.4166666666666,2326.7133333333336
5169.65,2675.28,2494.3699999999994
1780.21,1885.37725490196,-105.16725490195995
2576.48,1526.2800000000002,1050.1999999999998
1506.36,6375.276666666668,-4868.916666666668
6971.98,3048.9429411764704,3923.037058823529
6302.71,4695.133333333333,1607.5766666666668
996.63,1212.0977272727268,-215.46772727272685
573.75,1582.952155591573,-1009.202155591573
3413.7,2078.47,1335.23
1312.14,656.7333333333333,655.4066666666668
1244.61,1595.2257142857143,-350.6157142857144
1699.01,1134.695913461539,564.314086538461
3097.59,2219.75,877.8400000000001
7944.5,10581.95,-2637.4500000000007
6957.23,11511.69,-4554.460000000001
701.96,1046.4940909090908,-344.53409090909076
1981.64,1087.3551648351647,894.2848351648354
1588.46,1449.0320000000002,139.42799999999988
5262.95,2744.4849999999997,2518.465
208.28,1134.695913461539,-926.415913461539
2463.93,2003.8971428571426,460.0328571428572
1362.95,2256.424117647058,-893.4741176470582
5206.81,1997.8225,3208.9875
1829.49,1492.0019298245609,337.48807017543913
2936.69,2358.3395652173917,578.3504347826083
1766.88,599.65,1167.23
5027.09,3646.1733333333336,1380.9166666666665
1236.74,1328.4633333333334,-91.72333333333336
2706.99,2350.935,356.05499999999984
865.2,2125.1815116279063,-1259.9815116279062
2758.88,1867.0386666666668,891.8413333333333
569.89,1083.2658312958426,-513.3758312958427
4439.03,737.2,3701.83
521.7,2597.815714285714,-2076.1157142857137
3437.9,2054.86303030303,1383.0369696969701
1074.74,2912.9885714285715,-1838.2485714285715
1023.71,1339.1477467411546,-315.43774674115457
2217.47,4046.373333333333,-1828.9033333333332
2380.29,1359.358392857143,1020.931607142857
1018.06,1307.9081481481487,-289.84814814814877
656.99,1359.358392857143,-702.3683928571429
1713.28,4651.0653846153855,-2937.7853846153857
832.38,1582.952155591573,-750.572155591573
784.31,5877.407142857143,-5093.097142857143
2261.5,4163.225,-1901.7250000000004
3268.75,4737.08,-1468.33
3962.11,1362.8668421052632,2599.243157894737
2328.68,3547.9833333333336,-1219.3033333333337
3594.76,5741.295,-2146.535
4590.84,3714.2897058823523,876.5502941176478
2080.91,844.7950000000001,1236.1149999999998
2717.1,1119.5544117647062,1597.5455882352937
1929.79,10550.55,-8620.759999999998
6758.16,13290.32,-6532.16
1563.45,1473.6666197183101,89.78338028168992
2356.68,4658.385,-2301.7050000000004
914.08,1741.7699662162158,-827.6899662162158
794.26,1215.5032857142858,-421.2432857142858
1168.65,1841.3866666666663,-672.7366666666662
2468.08,1340.16,1127.9199999999998
824.28,1879.0057471264379,-1054.725747126438
4134.21,4781.217391304347,-647.007391304347
1306.51,1645.7754761904757,-339.26547619047574
1073.38,1138.8576923076923,-65.47769230769222
1574.82,1060.3466666666668,514.4733333333331
1855.82,3350.983333333333,-1495.1633333333332
5693.52,4591.3099999999995,1102.210000000001
1039.05,1117.095,-78.04500000000007
1790.65,5072.79,-3282.14
570.39,1339.1477467411546,-768.7577467411546
621.2,1579.1314285714293,-957.9314285714293
992.23,2858.4132692307708,-1866.1832692307707
2278.82,4762.900000000001,-2484.0800000000004
4200.26,4201.16,-0.8999999999996362
5058.96,3196.9637179487186,1861.9962820512815
1238.67,1741.7699662162158,-503.09996621621576
3222.75,1119.5544117647062,2103.195588235294
1536.62,4847.009999999999,-3310.3899999999994
810.6,1083.2658312958426,-272.6658312958426
3287.67,2676.0800000000004,611.5899999999997
2805.94,5936.183333333333,-3130.2433333333333
3472.6,1014.7028571428572,2457.8971428571426
2228.83,1486.1123931623931,742.7176068376068
1458.94,2484.475,-1025.5349999999999
2431.22,2077.584807692308,353.6351923076918
1274.98,1582.3649275362325,-307.38492753623245
4794.58,5030.777999999999,-236.1979999999994
1394.86,4034.065,-2639.205
1114.1,1766.6993333333337,-652.5993333333338
3544.57,2077.584807692308,1466.9851923076922
3024.85,1838.3531182795696,1186.4968817204303
3783.99,6529.521739130433,-2745.5317391304334
2235.25,2619.606666666667,-384.356666666667
2058.66,2739.915384615385,-681.2553846153851
1552.33,3178.58,-1626.25
1586.11,1208.03,378.0799999999999
3402.95,3350.983333333333,51.9666666666667
1760.42,1369.4905194805194,390.92948051948065
3524.18,3133.8022977346272,390.3777022653726
771.3,692.8850000000001,78.41499999999985
7956.2,3445.545,4510.655
2721.4,1486.1123931623931,1235.287606837607
4661.22,7871.465,-3210.245
5281.01,5741.1900000000005,-460.1800000000003
829.36,1486.1123931623931,-656.7523931623931
1411.84,6771.259999999999,-5359.419999999999
2514.84,1140.14,1374.7
3287.17,877.1047826086955,2410.0652173913045
1397.25,1856.0305434782601,-458.78054347826014
555.67,2077.584807692308,-1521.914807692308
9705.96,3616.41,6089.549999999999
1106.99,1614.4115476190473,-507.42154761904726
2600.1,16796.336666666666,-14196.236666666666
464.19,1320.6898281786955,-856.4998281786955
2440.61,2395.61,45.0
3805.29,5584.6211111111115,-1779.3311111111116
4939.49,1503.2766666666666,3436.213333333333
12013.76,9167.279999999999,2846.4800000000014
2165.08,2632.0481999999993,-466.96819999999934
1237.18,1694.1446153846155,-456.9646153846154
1077.65,2009.244155844156,-931.5941558441559
4476.74,5765.86,-1289.12
2366.5,1610.555,755.9449999999999
410.98,1087.3551648351647,-676.3751648351647
1577.38,2026.896850393702,-449.5168503937018
2988.9,2075.5086559139795,913.3913440860206
1034.69,1737.4375,-702.7475
1328.55,1970.8899999999999,-642.3399999999999
212.88,1582.952155591573,-1370.072155591573
2266.86,1555.5236363636366,711.3363636363636
654.98,1885.37725490196,-1230.39725490196
2318.64,3680.240571428572,-1361.600571428572
1160.91,1134.695913461539,26.21408653846106
1578.25,1793.2666666666667,-215.01666666666665
9978.98,3842.5466666666666,6136.4333333333325
2310.18,11603.11,-9292.93
1894.7,2411.2927272727275,-516.5927272727274
5597.48,3577.8599999999997,2019.62
954.01,4722.455,-3768.4449999999997
2389.75,5274.38,-2884.63
6278.2,4111.286666666667,2166.913333333333
1985.99,852.9549999999999,1133.035
2413.58,2352.8409999999994,60.73900000000049
1878.14,1862.4233333333334,15.716666666666697
1809.96,5116.185666666668,-3306.225666666668
1504.05,4379.801428571428,-2875.751428571428
1184.54,1083.2658312958426,101.27416870415732
2835.96,4272.185,-1436.2250000000004
4568.53,4088.893829787233,479.63617021276696
2498.29,1361.9067346938773,1136.3832653061227
6329.23,2940.373333333333,3388.8566666666666
956.38,1083.2658312958426,-126.88583129584265
2196.44,2246.6455555555553,-50.20555555555529
3366.01,3213.925,152.08500000000004
1274.94,1579.1314285714293,-304.19142857142924
1297.3,1794.9566666666667,-497.65666666666675
1927.14,5569.790000000001,-3642.6500000000005
1560.54,1252.27,308.27
1709.85,663.755,1046.0949999999998
1853.36,2473.29313559322,-619.9331355932202
5728.43,877.1047826086955,4851.325217391305
893.61,1246.3510857142865,-352.74108571428644
6031.43,1151.0149999999999,4880.415000000001
3043.02,1339.1477467411546,1703.8722532588454
264.29,1087.3551648351647,-823.0651648351648
2819.56,2351.563037974683,467.99696202531686
2205.68,1866.0533333333333,339.62666666666655
2894.97,2632.0481999999993,262.92180000000053
4083.26,7871.465,-3788.205
5725.54,7068.715,-1343.1750000000002
9374.62,8313.793333333333,1060.8266666666677
971.03,1728.6270025839794,-757.5970025839795
2153.59,868.277,1285.313
2386.98,1620.4776767676765,766.5023232323235
1735.89,1915.5302777777772,-179.6402777777771
1898.76,1251.54,647.22
6255.93,2473.29313559322,3782.63686440678
1250.4,1369.4905194805194,-119.09051948051933
13079.75,4697.395,8382.355
1679.53,2155.961849710981,-476.43184971098094
1460.13,1190.8223387096778,269.30766129032236
918.74,2077.584807692308,-1158.844807692308
3321.99,2342.365185185186,979.6248148148138
8829.13,1254.2353846153846,7574.894615384615
958.09,1134.695913461539,-176.605913461539
2847.24,1144.51,1702.7299999999998
1132.56,2125.1815116279063,-992.6215116279063
2120.07,9679.775,-7559.705
1896.36,1607.0270000000003,289.33299999999963
1596.43,2668.0066666666667,-1071.5766666666666
1200.15,1741.7699662162158,-541.6199662162157
745.71,1190.8223387096778,-445.1123387096777
9096.22,4905.193034825869,4191.02696517413
334.1,1072.8410900473932,-738.7410900473932
1713.49,2034.92975,-321.43975
1287.19,2075.5086559139795,-788.3186559139795
931.73,1386.7312068965518,-455.0012068965518
2869.0,1784.3200000000002,1084.6799999999998
3744.07,1128.1133333333335,2615.956666666667
1231.65,1316.8481818181817,-85.19818181818164
3920.29,2834.47,1085.8200000000002
1820.36,2500.9866666666667,-680.6266666666668
2565.14,5050.1575,-2485.0175000000004
3151.74,2009.244155844156,1142.4958441558438
1094.72,1368.0817647058823,-273.36176470588225
1647.64,2075.5086559139795,-427.8686559139794
1962.72,1307.9081481481487,654.8118518518513
7444.68,11025.753333333332,-3581.073333333332
1597.65,1190.8223387096778,406.82766129032234
682.63,891.7589984101745,-209.12899841017452
2142.76,2270.5078521126757,-127.74785211267545
778.53,1235.7859259259262,-457.25592592592625
3084.52,4502.19,-1417.6699999999996
1762.24,2222.9797530864194,-460.73975308641934
4191.27,3133.8022977346272,1057.4677022653732
1280.08,1879.0057471264379,-598.925747126438
616.82,1813.725416666667,-1196.905416666667
923.84,1582.952155591573,-659.112155591573
2220.56,1246.3510857142865,974.2089142857135
1800.28,1241.5321965317924,558.7478034682076
706.38,1985.9928571428577,-1279.6128571428576
512.3,2075.5086559139795,-1563.2086559139796
1543.32,743.6,799.7199999999999
1880.97,5753.886666666666,-3872.916666666666
3899.53,6367.76,-2468.23
3418.19,1374.5364321608047,2043.6535678391954
612.71,1235.7859259259262,-623.0759259259262
5656.28,4469.20537037037,1187.0746296296302
7528.31,6486.693555555555,1041.6164444444457
1615.81,964.49,651.3199999999999
1412.71,1995.0475000000001,-582.3375000000001
3642.95,1473.6666197183101,2169.2833802816895
2529.86,1915.5302777777772,614.3297222222229
616.25,1462.2313636363629,-845.9813636363629
19535.36,6977.23,12558.130000000001
1798.49,1241.5321965317924,556.9578034682077
947.86,1582.952155591573,-635.092155591573
3071.5,3930.4714285714294,-858.9714285714294
4644.86,5030.777999999999,-385.91799999999967
1962.7,1059.52,903.1800000000001
2564.09,5078.783333333333,-2514.6933333333327
7201.92,3072.5249999999996,4129.395
1739.78,1492.0019298245609,247.7780701754391
2386.87,1778.0533333333333,608.8166666666666
2457.45,1320.6898281786955,1136.7601718213043
2005.6,1361.9067346938773,643.6932653061226
623.71,8317.173333333334,-7693.463333333334
869.72,891.7589984101745,-22.038998410174486
2653.01,2270.5078521126757,382.50214788732455
1962.77,2809.72,-846.9499999999998
1796.02,5267.719999999999,-3471.6999999999994
1601.24,1582.952155591573,18.287844408426963
1533.77,3650.7571428571423,-2116.9871428571423
3812.25,2762.0022522522527,1050.2477477477473
5383.37,5993.52,-610.1500000000005
1255.22,2270.5078521126757,-1015.2878521126756
2416.53,4488.5825,-2072.0525000000002
9189.62,2630.7544999999996,6558.865500000002
9746.75,6475.591754385963,3271.158245614037
11069.73,4412.095,6657.634999999999
1134.61,1697.1841916167655,-562.5741916167656
14839.35,7169.57,7669.780000000001
3130.3,6462.615,-3332.3149999999996
1240.55,1507.6586666666667,-267.10866666666675
1200.04,3494.1949999999997,-2294.1549999999997
2576.04,2077.584807692308,498.45519230769196
5142.87,4905.193034825869,237.6769651741306
2496.84,2626.5466666666666,-129.70666666666648
2072.56,1091.7507894736839,980.8092105263161
2635.39,2077.584807692308,557.8051923076919
1300.09,3161.2125,-1861.1225000000002
1688.33,2644.049214285714,-955.7192142857139
777.56,1072.8410900473932,-295.28109004739326
506.01,958.55,-452.53999999999996
691.35,1625.221149897332,-933.871149897332
3242.75,3833.8500000000004,-591.1000000000004
5810.09,8750.445,-2940.3549999999996
3017.61,3355.7799999999997,-338.1699999999996
1255.39,1156.742093023256,98.64790697674403
6139.05,6154.925,-15.875
3314.44,2959.5627999999997,354.87720000000036
1996.19,962.378,1033.812
7035.23,4713.032692307692,2322.1973076923077
4457.09,1625.221149897332,2831.868850102668
2301.54,1497.355,804.185
2205.51,1474.391707317073,731.1182926829272
1737.52,2858.4132692307708,-1120.8932692307708
3314.59,6562.47,-3247.88
6422.32,10429.376666666665,-4007.0566666666655
1940.39,2431.6879999999996,-491.29799999999955
2786.73,1591.983111111111,1194.746888888889
911.76,1879.0057471264379,-967.2457471264379
1300.58,1728.6270025839794,-428.0470025839795
1501.56,1316.8481818181817,184.71181818181822
1752.67,1728.6270025839794,24.042997416020626
881.83,2487.552857142857,-1605.7228571428573
3684.74,3133.8022977346272,550.9377022653725
486.19,1212.0977272727268,-725.9077272727268
714.59,1072.8410900473932,-358.2510900473932
1730.49,1648.665588235294,81.82441176470593
1622.81,1486.1123931623931,136.69760683760683
2023.16,1697.1841916167655,325.9758083832346
1462.13,1339.1477467411546,122.9822532588455
2893.48,3250.5265116279065,-357.0465116279065
1691.95,3251.84380952381,-1559.8938095238098
7587.78,4036.28,3551.4999999999995
4052.74,5850.485000000001,-1797.7450000000008
557.25,1766.6993333333337,-1209.4493333333337
935.03,1072.8410900473932,-137.81109004739324
638.13,1625.221149897332,-987.091149897332
764.53,1852.8992592592588,-1088.3692592592588
1732.53,1625.221149897332,107.30885010266798
6930.48,4137.54,2792.9399999999996
2946.97,2971.92,-24.950000000000273
4301.12,3240.395,1060.725
2951.5,6639.325000000001,-3687.8250000000007
3544.22,14074.509999999998,-10530.289999999999
1576.54,1728.6270025839794,-152.08700258397948
7340.22,11083.616666666667,-3743.3966666666665
956.83,1241.5321965317924,-284.7021965317923
1057.8,1134.695913461539,-76.89591346153907
2035.9,5587.445,-3551.5449999999996
2001.35,1242.5600000000002,758.7899999999997
1703.35,2843.3,-1139.9500000000003
18689.59,15931.133333333333,2758.456666666667
840.5,1571.33,-730.8299999999999
5717.97,2593.59,3124.38
578.59,1728.6270025839794,-1150.0370025839793
771.54,1625.221149897332,-853.681149897332
683.83,3350.4133333333334,-2666.5833333333335
11524.11,7001.05,4523.06
1350.0,5915.573333333334,-4565.573333333334
4309.82,2964.201111111111,1345.6188888888887
1977.31,3133.8022977346272,-1156.4922977346273
1166.62,1915.5302777777772,-748.9102777777773
5454.65,9370.92,-3916.2700000000004
2154.64,1582.952155591573,571.6878444084268
633.95,1083.2658312958426,-449.3158312958426
3876.1,11999.53,-8123.43
3618.3,4905.193034825869,-1286.893034825869
772.54,1359.358392857143,-586.818392857143
2929.66,6178.49,-3248.83
8750.1,4163.561428571428,4586.538571428572
1610.38,1103.6466666666668,506.73333333333335
2536.87,1276.5448387096776,1260.3251612903223
778.95,1841.3866666666663,-1062.4366666666663
3344.63,1346.7166666666665,1997.9133333333336
2546.52,4127.655000000001,-1581.1350000000007
1620.44,563.8050000000001,1056.635
6269.6,2275.8900000000003,3993.71
1528.85,1541.6,-12.75
1236.07,1473.1143859649121,-237.04438596491218
1694.51,1190.8223387096778,503.68766129032224
680.16,3835.4233333333336,-3155.263333333334
2655.3,8722.175,-6066.874999999999
1704.98,1582.952155591573,122.02784440842697
1584.27,1560.438,23.83199999999988
862.77,3051.26,-2188.4900000000002
1261.78,2482.7915999999996,-1221.0115999999996
5145.5,12078.485,-6932.985000000001
6544.95,6935.620000000001,-390.670000000001
4103.38,6878.656666666667,-2775.2766666666666
2883.62,3178.8642857142854,-295.2442857142855
11389.57,8721.41,2668.16
399.67,1087.3551648351647,-687.6851648351646
538.51,1134.695913461539,-596.185913461539
1657.32,2026.896850393702,-369.576850393702
5254.28,5061.01,193.26999999999953
1152.68,1212.0977272727268,-59.41772727272678
2826.69,2658.3233333333333,168.3666666666668
1773.92,1582.952155591573,190.96784440842703
2998.9,4533.498235294117,-1534.5982352941169
997.5,948.3194594594596,49.18054054054039
1084.14,692.8850000000001,391.255
1373.95,2144.9633333333336,-771.0133333333335
1521.49,3237.6137209302324,-1716.1237209302324
2931.21,1359.358392857143,1571.8516071428571
1695.0,1997.0214285714285,-302.0214285714285
5022.71,4438.683333333333,584.0266666666666
1347.66,1009.75,337.9100000000001
850.68,1119.5544117647062,-268.8744117647062
5907.17,3357.855714285714,2549.314285714286
5956.99,3863.7066666666665,2093.2833333333333
2047.92,1582.952155591573,464.967844408427
7120.71,1797.63,5323.08
2124.03,1134.695913461539,989.3340865384612
5611.56,5838.256666666667,-226.69666666666672
1527.28,1641.67,-114.3900000000001
8982.33,16900.04,-7917.710000000001
7726.78,6639.812424242424,1086.967575757576
4821.1,1579.1314285714293,3241.968571428571
647.56,1386.7312068965518,-739.1712068965519
3255.9,16576.5,-13320.6
863.93,3249.665,-2385.735
3089.03,4324.885,-1235.855
2184.37,2250.9133333333334,-66.54333333333352
2080.85,2971.11,-890.2600000000002
951.65,1083.2658312958426,-131.61583129584267
8091.51,8782.825,-691.3150000000005
989.82,2411.2927272727275,-1421.4727272727273
3767.67,5621.9980000000005,-1854.3280000000004
2661.34,1241.5321965317924,1419.8078034682078
566.9,1827.47,-1260.5700000000002
7939.91,3240.395,4699.514999999999
8266.66,3372.51625,4894.143749999999
4641.17,3712.32,928.8499999999999
1006.15,1582.952155591573,-576.8021555915731
4782.79,2944.7510000000007,1838.0389999999993
2249.41,9725.67,-7476.26
8735.58,4713.032692307692,4022.547307692308
2501.02,2256.795,244.2249999999999
1305.27,4158.06,-2852.7900000000004
925.07,3451.9966666666664,-2526.9266666666663
2048.53,879.73,1168.8000000000002
1320.39,1083.2658312958426,237.12416870415746
1621.9,2163.46,-541.56
5367.47,5394.885,-27.414999999999964
901.1,3281.2733333333326,-2380.1733333333327
3187.34,1429.8600000000001,1757.48
2761.62,6275.49,-3513.87
6999.29,6714.257380952382,285.032619047618
1193.02,2270.5078521126757,-1077.4878521126757
3323.13,2647.326666666667,675.8033333333333
3578.3,2483.5761111111115,1094.7238888888887
3507.32,4088.893829787233,-581.5738297872326
347.64,1241.5321965317924,-893.8921965317924
2145.86,1625.221149897332,520.6388501026681
3939.35,1022.33,2917.02
2409.54,1582.3649275362325,827.1750724637675
1912.83,1625.221149897332,287.60885010266793
5771.6,4553.43,1218.17
2065.95,2114.0807999999997,-48.13079999999991
11802.14,10782.345000000001,1019.7949999999983
4893.62,5482.66,-589.04
934.1,1198.66,-264.56000000000006
949.09,1134.695913461539,-185.605913461539
5074.22,2299.6400000000003,2774.58
3505.1,4659.85,-1154.7500000000005
1208.36,1879.0057471264379,-670.645747126438
1271.9,874.38,397.5200000000001
2051.73,1645.7754761904757,405.9545238095243
491.15,1087.3551648351647,-596.2051648351647
961.46,1039.935,-78.47499999999991
2777.34,1827.47,949.8700000000001
3538.24,3632.2766666666666,-94.03666666666686
1787.22,2351.563037974683,-564.343037974683
11257.77,6073.1832258064505,5184.58677419355
6378.04,4480.3,1897.7399999999998
8450.87,7054.663333333333,1396.2066666666678
2497.53,1728.6270025839794,768.9029974160208
1681.56,6075.25375,-4393.69375
2087.67,2546.092209302326,-458.4222093023259
2182.11,7905.415000000001,-5723.305
8438.73,11099.285,-2660.5550000000003
2575.16,1555.5236363636366,1019.6363636363633
1702.73,1625.221149897332,77.50885010266802
5774.26,3593.8825,2180.3775
2768.11,1345.3600000000001,1422.75
3012.46,1148.93,1863.53
867.69,1134.695913461539,-267.00591346153897
940.55,1156.742093023256,-216.19209302325612
2265.83,9291.133333333333,-7025.303333333333
5627.53,6745.2525000000005,-1117.7225000000008
2586.49,2026.896850393702,559.5931496062979
2508.42,1625.221149897332,883.1988501026681
12608.78,6356.144423076923,6252.635576923078
1913.72,1095.6265714285714,818.0934285714286
4271.3,7107.215,-2835.915
3407.57,3161.2125,246.35750000000007
1201.45,1346.7166666666665,-145.26666666666642
5003.12,2376.476666666667,2626.643333333333
1256.17,2279.8194871794867,-1023.6494871794866
4504.52,3149.9110204081635,1354.608979591837
2143.64,4133.763333333333,-1990.1233333333334
7539.64,4088.893829787233,3450.7461702127675
698.29,1542.6800000000003,-844.3900000000003
3127.17,7415.16,-4287.99
1165.86,1359.358392857143,-193.49839285714302
1419.22,1083.2658312958426,335.9541687041574
1631.8,1009.75,622.05
722.87,633.912,88.95799999999997
893.79,1246.3510857142865,-352.5610857142865
1086.85,1435.508924731183,-348.6589247311831
1821.65,7199.205,-5377.555
6687.21,1241.5321965317924,5445.6778034682075
4680.64,1242.8006896551722,3437.839310344828
840.93,891.7589984101745,-50.82899841017456
1604.6,877.1047826086955,727.4952173913044
3986.87,1369.4905194805194,2617.3794805194802
1806.6,1241.5321965317924,565.0678034682076
1723.14,3580.695,-1857.555
4990.71,12463.373333333331,-7472.663333333331
1453.22,1224.3334482758623,228.8865517241377
1302.09,3321.8050000000003,-2019.7150000000004
1753.45,396.80499999999995,1356.645
1812.14,1625.221149897332,186.9188501026681
2255.21,2125.1815116279063,130.02848837209376
2138.76,1510.28,628.4800000000002
1075.36,1339.1477467411546,-263.7877467411547
1537.76,1609.0465909090906,-71.28659090909059
1352.03,1449.3400000000001,-97.31000000000017
1594.3,1066.6785714285713,527.6214285714286
5683.37,6584.143333333333,-900.7733333333335
3660.09,3779.5399999999995,-119.44999999999936
20695.69,14041.0,6654.689999999999
347.87,891.7589984101745,-543.8889984101745
6890.98,4226.806666666666,2664.173333333333
2347.19,879.73,1467.46
5056.39,6356.144423076923,-1299.7544230769226
970.83,1473.1143859649121,-502.2843859649121
1722.44,1473.1143859649121,249.32561403508794
2125.07,2616.35,-491.27999999999975
2664.28,4648.105,-1983.8249999999994
793.57,5256.295,-4462.725
969.59,2075.5086559139795,-1105.9186559139794
3357.37,3412.6200000000003,-55.250000000000455
7043.01,2196.984175824176,4846.025824175824
2450.47,1694.1446153846155,756.3253846153843
1662.8,1533.4755555555546,129.32444444444536
3633.92,1104.3833333333334,2529.536666666667
689.86,2567.3129670329668,-1877.4529670329666
2369.55,4070.941785714286,-1701.391785714286
1656.96,1810.74,-153.77999999999997
2447.72,1148.72,1298.9999999999998
2418.58,3714.2897058823523,-1295.7097058823524
1829.54,1952.512307692307,-122.97230769230714
437.54,4804.07,-4366.53
9381.96,6245.25,3136.709999999999
1630.66,2342.9523880597008,-712.2923880597007
1315.89,1607.0270000000003,-291.13700000000017
7617.7,4725.76,2891.9399999999996
8077.11,8678.32,-601.21
8770.28,3578.146666666667,5192.133333333333
2486.65,1134.695913461539,1351.954086538461
4346.75,6651.18,-2304.4300000000003
2448.93,1190.8223387096778,1258.107661290322
2167.49,1743.8025,423.6874999999998
6001.97,2766.2031250000005,3235.766875
1120.19,1307.9081481481487,-187.71814814814866
6365.29,4749.005,1616.2849999999999
802.89,3662.1275,-2859.2375
3708.57,7402.42,-3693.85
2946.17,6106.395555555555,-3160.225555555555
4840.87,9740.043333333335,-4899.173333333335
1730.57,1455.0749999999998,275.4950000000001
753.12,1646.7399999999998,-893.6199999999998
948.05,1851.255,-903.2050000000002
2228.91,4140.83,-1911.92
7256.96,1701.42,5555.54
2150.89,1811.4058510638301,339.48414893616973
1713.86,3019.193333333333,-1305.3333333333333
580.0,3969.6224999999995,-3389.6224999999995
2611.22,1401.3443269230766,1209.8756730769232
1329.16,1582.952155591573,-253.79215559157296
4387.91,677.105,3710.805
1012.23,1533.4755555555546,-521.2455555555546
4328.86,3196.9637179487186,1131.896282051281
4702.15,1198.9064705882356,3503.243529411764
765.76,1339.1477467411546,-573.3877467411546
6416.6,1891.7685416666673,4524.831458333333
2042.49,3071.5540909090896,-1029.0640909090896
3817.36,4819.295,-1001.935
5708.77,6171.3,-462.52999999999975
715.46,1072.8410900473932,-357.3810900473932
2992.15,2389.02,603.1300000000001
1284.89,1625.221149897332,-340.3311498973319
6083.74,2352.8409999999994,3730.8990000000003
4354.97,5634.963333333333,-1279.9933333333329
8067.17,2533.635,5533.535
584.7,1212.0977272727268,-627.3977272727268
10476.0,6490.635,3985.365
4258.88,1847.45,2411.4300000000003
2202.09,1950.815,251.2750000000001
2876.8,3285.215,-408.41499999999996
1823.15,1841.3866666666663,-18.236666666666224
699.93,1798.11,-1098.1799999999998
4222.91,484.14,3738.77
1681.36,1579.1314285714293,102.2285714285706
4486.12,4034.065,452.05499999999984
1562.06,1072.8410900473932,489.21890995260674
2398.5,1582.952155591573,815.547844408427
1248.37,1165.1766315789473,83.19336842105258
3670.25,5164.965,-1494.7150000000001
3716.73,1423.1828333333328,2293.547166666667
2954.87,4227.716666666667,-1272.8466666666673
9230.39,3048.9429411764704,6181.447058823529
1263.47,1083.2658312958426,180.20416870415738
903.21,3944.732941176471,-3041.522941176471
1492.41,1720.633917525774,-228.2239175257739
4800.49,3568.33,1232.1599999999999
2438.18,2644.049214285714,-205.86921428571395
3269.77,3776.71,-506.94000000000005
2647.18,4948.895,-2301.7150000000006
998.27,825.46,172.80999999999995
7528.4,9873.17,-2344.7700000000004
533.0,2247.938666666667,-1714.938666666667
2185.49,1697.1841916167655,488.3058083832343
1083.0,1361.9568,-278.95679999999993
3879.15,2279.8194871794867,1599.3305128205134
942.69,1824.896,-882.2059999999999
1724.78,2014.645,-289.865
9654.41,2816.0875,6838.3225
7601.97,2498.38,5103.59
1902.31,1697.1841916167655,205.12580838323447
2437.13,1730.9294520547949,706.2005479452052
543.6,891.7589984101745,-348.1589984101745
2324.2,1625.221149897332,698.9788501026678
738.16,1575.6066666666666,-837.4466666666666
1754.69,1190.8223387096778,563.8676612903223
1029.01,1486.1123931623931,-457.1023931623931
639.34,1241.5321965317924,-602.1921965317923
1652.84,1620.4776767676765,32.36232323232343
3686.1,2514.5987499999997,1171.5012500000003
7774.71,8842.076666666666,-1067.3666666666659
1298.83,948.3194594594596,350.5105405405403
851.77,2128.943125,-1277.1731249999998
903.92,1720.633917525774,-816.713917525774
4561.88,3161.2125,1400.6675
1100.38,990.9095714285717,109.47042857142844
947.32,1438.0397872340425,-490.7197872340424
3659.81,6951.925,-3292.1150000000002
3892.39,1730.9294520547949,2161.460547945205
1142.78,2644.049214285714,-1501.2692142857138
4400.55,5573.094999999999,-1172.5449999999992
1015.99,1241.5321965317924,-225.54219653179234
6093.34,8132.799999999999,-2039.4599999999991
3739.07,4850.213333333333,-1111.143333333333
2134.75,5632.195,-3497.4449999999997
7268.87,12209.185000000001,-4940.315000000001
844.29,1512.9971014492753,-668.7071014492753
3884.4,7262.83,-3378.43
1812.14,2270.5078521126757,-458.36785211267556
1113.13,6195.386666666666,-5082.256666666666
4409.8,2684.31,1725.4900000000002
5053.46,2048.653333333333,3004.806666666667
655.4,891.7589984101745,-236.35899841017454
2532.11,5592.126666666666,-3060.016666666666
2173.28,2202.3526666666667,-29.072666666666464
1483.48,1359.358392857143,124.1216071428571
660.66,1320.6898281786955,-660.0298281786955
2704.88,1751.2225,953.6575
584.86,1307.9081481481487,-723.0481481481487
7154.84,11083.616666666667,-3928.7766666666666
3670.47,8132.799999999999,-4462.33
7126.38,4651.200000000001,2475.1799999999994
6341.8,2351.563037974683,3990.236962025317
1829.98,1346.7166666666665,483.26333333333355
1974.14,1697.1841916167655,276.9558083832346
1068.62,592.21,476.40999999999985
4078.29,6798.58,-2720.29
3212.54,4973.978,-1761.438
1864.19,2175.3,-311.1100000000001
1437.24,1741.7699662162158,-304.5299662162158
1024.8,1320.6898281786955,-295.88982817869555
2048.92,6771.275000000001,-4722.3550000000005
791.77,1190.8223387096778,-399.05233870967777
889.92,2204.2749999999996,-1314.3549999999996
724.17,1339.1477467411546,-614.9777467411546
922.77,1660.7,-737.9300000000001
2996.46,4188.76,-1192.3000000000002
1961.49,2934.3138461538465,-972.8238461538465
4680.24,11949.063333333334,-7268.823333333334
810.59,1361.9568,-551.3667999999999
2161.31,1711.4559999999997,449.85400000000027
1516.69,1694.1446153846155,-177.4546153846154
3727.08,5096.31375,-1369.2337500000003
6883.0,6166.485000000001,716.5149999999994
1301.12,1190.8223387096778,110.29766129032214
3085.77,3933.815,-848.0450000000001
5497.11,4561.083333333333,936.0266666666666
1125.45,2202.146363636364,-1076.6963636363641
2387.19,1393.2,993.99
3500.05,1973.79,1526.2600000000002
1693.04,2461.2629411764706,-768.2229411764706
3367.19,2079.68,1287.5100000000002
1307.98,2075.5086559139795,-767.5286559139795
2152.19,1473.1143859649121,679.0756140350879
2195.81,5043.77,-2847.9600000000005
1110.44,1556.0524999999998,-445.6124999999997
535.62,1072.8410900473932,-537.2210900473932
3403.54,2197.02,1206.52
1891.81,1339.1477467411546,552.6622532588453
4559.71,1728.6270025839794,2831.0829974160206
2335.68,1035.91,1299.7699999999998
583.35,4285.2733333333335,-3701.9233333333336
1150.28,2358.3395652173917,-1208.0595652173918
1295.16,2129.4375,-834.2774999999999
2154.45,1190.8223387096778,963.6276612903221
4979.15,3308.365,1670.7849999999999
1130.8,2126.58,-995.78
816.8,1102.5345454545454,-285.73454545454547
890.58,2632.0481999999993,-1741.4681999999993
1614.88,1625.221149897332,-10.341149897331888
4169.3,6639.812424242424,-2470.5124242424235
3467.73,3197.5950000000003,270.13499999999976
5430.3,9317.085,-3886.784999999999
2608.02,3239.6622222222227,-631.6422222222227
7496.38,6693.376666666667,803.0033333333331
5377.32,6486.693555555555,-1109.373555555555
21688.63,3135.105,18553.525
6768.82,8111.236666666667,-1342.416666666667
1576.57,1741.7699662162158,-165.1999662162159
4704.3,1891.7685416666673,2812.531458333333
1608.69,5741.1900000000005,-4132.5
1860.27,1083.2658312958426,777.0041687041573
4051.87,2944.7510000000007,1107.1189999999992
2602.56,4237.53,-1634.9699999999998
1629.8,1087.22,542.5799999999999
950.77,1648.665588235294,-697.8955882352941
1856.11,3133.8022977346272,-1277.6922977346273
5489.78,7158.650000000001,-1668.8700000000008
1495.05,1985.9928571428577,-490.94285714285775
2057.21,2244.9733333333334,-187.76333333333332
2229.35,1552.622133333333,676.7278666666668
1099.82,1576.4004878048784,-476.58048780487843
3368.01,7401.571428571428,-4033.561428571428
3257.42,2567.3129670329668,690.1070329670333
2941.11,2721.75,219.36000000000013
5511.24,10265.849999999999,-4754.609999999999
702.34,1579.1314285714293,-876.7914285714293
2493.71,3676.2599999999998,-1182.5499999999997
2899.07,3369.0150000000003,-469.94500000000016
4960.16,5758.09,-797.9300000000003
6113.52,11083.616666666667,-4970.096666666666
2560.34,6042.865,-3482.5249999999996
2906.84,2390.6800000000003,516.1599999999999
1016.52,7965.55,-6949.030000000001
1966.0,1648.665588235294,317.3344117647059
3646.41,1284.895,2361.515
2653.99,2632.0481999999993,21.941800000000512
735.21,1083.2658312958426,-348.0558312958426
6286.43,1847.2833333333333,4439.146666666667
2140.75,1668.7024999999999,472.0475000000001
2660.7,7125.74,-4465.04
2668.94,1847.45,821.49
1644.99,1119.5544117647062,525.4355882352938
3437.26,3133.8022977346272,303.457702265373
6058.44,5483.145,575.2949999999992
786.81,1119.5544117647062,-332.74441176470623
8648.04,3662.5699999999997,4985.470000000001
2307.3,1885.37725490196,421.9227450980402
3922.61,3778.287857142857,144.32214285714326
538.85,7158.993333333333,-6620.1433333333325
4228.94,1339.1477467411546,2889.792253258845
714.55,1339.1477467411546,-624.5977467411547
2381.74,2644.049214285714,-262.309214285714
1647.63,2351.563037974683,-703.933037974683
2932.73,1693.8025,1238.9275
772.9,1966.524285714286,-1193.624285714286
5497.0,5182.62625,314.37374999999975
839.48,1617.605,-778.125
750.4,1241.5321965317924,-491.1321965317924
1297.57,1083.2658312958426,214.3041687041573
1373.28,2232.275,-858.9950000000001
8039.82,6486.693555555555,1553.126444444445
835.0,5447.565,-4612.565
3065.49,1625.221149897332,1440.2688501026678
8590.69,8440.064999999999,150.62500000000182
3951.35,492.015,3459.335
3202.37,2197.02,1005.3499999999999
272.23,1320.6898281786955,-1048.4598281786955
2391.11,1421.427931034483,969.6820689655171
5525.55,9007.19,-3481.6400000000003
2941.65,6089.735000000001,-3148.0850000000005
687.86,1083.2658312958426,-395.40583129584263
2797.9,2847.7200000000003,-49.820000000000164
1253.59,3869.418333333333,-2615.828333333333
3930.29,2096.5755555555556,1833.7144444444443
1517.08,3362.805,-1845.725
2195.96,1166.4029999999998,1029.5570000000002
2621.15,4683.443333333334,-2062.2933333333335
8174.69,6474.5650000000005,1700.124999999999
9911.79,6397.419999999999,3514.3700000000017
1226.27,1620.4776767676765,-394.2076767676765
1649.35,2200.77,-551.4200000000001
1500.64,9497.89,-7997.249999999999
1108.47,891.7589984101745,216.7110015898255
6776.4,3713.24,3063.16
1964.95,1916.4533333333336,48.49666666666644
941.06,1728.6270025839794,-787.5670025839795
436.76,1134.695913461539,-697.935913461539
6675.92,5022.466666666666,1653.4533333333338
3034.9,2324.745,710.1550000000002
953.38,1697.1841916167655,-743.8041916167655
4166.73,3656.403333333333,510.32666666666637
1900.74,1217.34,683.4000000000001
1961.41,5797.57,-3836.16
405.85,891.7589984101745,-485.9089984101745
1740.66,4386.091111111111,-2645.431111111111
2074.03,1163.0149999999999,911.0150000000003
2654.6,1813.725416666667,840.874583333333
2160.1,2351.563037974683,-191.46303797468317
3045.93,3041.027714285715,4.902285714284972
4716.07,4857.423529411765,-141.35352941176552
1400.7,1087.3551648351647,313.34483516483533
1616.82,1625.221149897332,-8.401149897332061
6012.6,7186.959999999999,-1174.3599999999988
3235.84,4850.530000000001,-1614.6900000000005
3596.02,2858.4132692307708,737.6067307692292
590.11,1241.5321965317924,-651.4221965317923
1935.58,2352.8409999999994,-417.2609999999995
7625.06,1114.6133333333335,6510.446666666667
4992.68,7066.933333333334,-2074.253333333334
1963.59,692.8850000000001,1270.705
1565.2,2358.3395652173917,-793.1395652173917
1628.32,1687.0185714285715,-58.69857142857154
413.91,1134.695913461539,-720.7859134615389
3695.71,6340.73,-2645.0199999999995
1135.98,1307.9081481481487,-171.9281481481487
1060.02,1339.1477467411546,-279.1277467411546
1526.74,1582.952155591573,-56.21215559157304
5280.31,4697.395,582.915
1079.07,1215.5032857142858,-136.43328571428583
1531.81,1465.0881818181817,66.72181818181821
805.3,891.7589984101745,-86.45899841017456
3379.84,1104.9066666666665,2274.9333333333334
445.84,1339.1477467411546,-893.3077467411547
2810.84,2688.6133333333332,122.22666666666692
1177.08,990.9095714285717,186.17042857142826
15527.36,11616.22,3911.1400000000012
502.17,1134.695913461539,-632.525913461539
1615.9,1773.0937500000002,-157.19375000000014
890.88,2026.896850393702,-1136.016850393702
1658.18,1490.9866666666667,167.19333333333338
4220.48,6057.3775,-1836.8975
1030.79,1582.952155591573,-552.1621555915731
2601.76,2768.895,-167.13499999999976
3678.95,1990.05875,1688.89125
1018.27,1165.1766315789473,-146.90663157894733
5644.53,9464.413333333332,-3819.8833333333323
970.14,2342.9523880597008,-1372.8123880597009
6835.63,1582.952155591573,5252.677844408427
4022.41,1724.60625,2297.80375
4184.5,5056.6466666666665,-872.1466666666665
380.75,1616.80625,-1236.05625
465.8,1582.952155591573,-1117.152155591573
1809.69,3133.8022977346272,-1324.1122977346272
5620.02,2473.29313559322,3146.7268644067804
3220.21,1679.1121052631581,1541.097894736842
3890.72,1320.6898281786955,2570.030171821304
5072.79,3742.6566666666663,1330.1333333333337
9863.93,4592.385,5271.545
9675.88,6584.143333333333,3091.7366666666658
6059.41,2945.77,3113.64
1804.39,2600.7398648648646,-796.3498648648645
830.45,2921.6066666666666,-2091.1566666666668
1193.6,1119.5544117647062,74.04558823529374
4088.63,2270.5078521126757,1818.1221478873244
2743.94,2962.0112500000005,-218.07125000000042
2192.42,1486.1123931623931,706.307606837607
6117.4,4195.895,1921.5049999999992
295.46,1190.8223387096778,-895.3623387096777
4052.41,4397.355,-344.9449999999997
5238.48,4905.193034825869,333.2869651741303
778.58,990.9095714285717,-212.32957142857163
825.26,1010.9475,-185.6875
4710.25,5043.77,-333.52000000000044
3992.97,2823.91,1169.06
1691.26,2762.0022522522527,-1070.7422522522527
2613.75,1522.54,1091.21
1145.01,1241.5321965317924,-96.52219653179236
2090.56,7905.415000000001,-5814.855000000001
1879.36,9466.65,-7587.29
623.5,1435.508924731183,-812.008924731183
1976.98,1871.6999999999998,105.2800000000002
1349.48,1582.952155591573,-233.47215559157303
2047.35,4293.514999999999,-2246.1649999999995
715.28,1134.695913461539,-419.41591346153905
7225.54,21056.485,-13830.945
1058.22,1257.24,-199.01999999999998
8109.78,6745.2525000000005,1364.5274999999992
1235.1,2124.375,-889.2750000000001
4286.83,13215.645,-8928.815
2899.16,1474.391707317073,1424.7682926829268
2384.79,2647.326666666667,-262.53666666666686
11418.97,6693.376666666667,4725.593333333332
1807.43,6529.521739130433,-4722.091739130433
5364.13,2136.587142857143,3227.542857142857
1190.0,6073.1832258064505,-4883.1832258064505
2970.65,6475.591754385963,-3504.941754385963
2116.53,5780.92,-3664.39
2583.19,1165.44,1417.75
3735.74,2165.3700000000003,1570.3699999999994
815.95,1198.9064705882356,-382.95647058823556
729.74,1072.8410900473932,-343.1010900473932
2777.94,882.3149999999999,1895.625
3143.22,1583.2849999999999,1559.935
12998.52,13424.25375,-425.7337499999994
726.35,2786.3133333333335,-2059.9633333333336
1395.38,1087.3551648351647,308.0248351648354
2274.09,1741.7699662162158,532.3200337837843
773.52,2313.4975,-1539.9775
2663.25,4202.452,-1539.2020000000002
1739.02,1885.37725490196,-146.35725490196
6498.35,9664.613333333333,-3166.2633333333324
1742.23,1697.1841916167655,45.045808383234544
2025.49,7610.75,-5585.26
733.76,891.7589984101745,-157.99899841017452
2023.09,4678.6900000000005,-2655.6000000000004
7666.62,6154.885,1511.7349999999997
6304.74,7419.676666666666,-1114.9366666666665
5825.19,13411.906666666668,-7586.716666666668
654.23,1190.8223387096778,-536.5923387096777
3467.2,1870.22,1596.9799999999998
1245.55,1173.192,72.35799999999995
1170.2,1072.8410900473932,97.35890995260684
5638.4,5429.33,209.0699999999997
6823.98,8235.111176470587,-1411.131176470588
6233.45,4195.895,2037.5549999999994
4203.77,1413.68,2790.09
2221.5,1184.1188888888892,1037.3811111111108
3911.96,5072.79,-1160.83
2868.78,1591.983111111111,1276.7968888888893
974.63,1190.8223387096778,-216.19233870967776
737.91,1114.5110714285713,-376.60107142857134
3252.41,2172.961333333333,1079.4486666666667
3738.0,1582.952155591573,2155.047844408427
1463.43,2075.5086559139795,-612.0786559139794
1935.66,1408.78,526.8800000000001
1631.1,1985.9928571428577,-354.8928571428578
794.23,1114.5110714285713,-320.2810714285713
3114.86,1888.8803846153846,1225.9796153846155
5222.89,4003.254736842104,1219.6352631578961
1962.35,1245.1525714285715,717.1974285714284
2784.1,1339.1477467411546,1444.9522532588453
4769.94,2077.584807692308,2692.3551923076916
1919.08,5123.83,-3204.75
9193.77,2020.9833333333333,7172.786666666667
4736.71,2155.961849710981,2580.748150289019
338.62,1320.6898281786955,-982.0698281786955
933.33,1374.5364321608047,-441.20643216080464
709.96,1119.5544117647062,-409.59441176470614
544.88,891.7589984101745,-346.8789984101745
4010.4,5403.9349999999995,-1393.5349999999994
1421.5,2955.54,-1534.04
1454.45,1083.2658312958426,371.1841687041574
2930.16,2077.584807692308,852.5751923076919
2464.0,1312.127083333333,1151.872916666667
3162.25,5229.21,-2066.96
4973.87,3869.418333333333,1104.4516666666668
1266.99,1374.5364321608047,-107.54643216080467
1575.97,1853.575,-277.605
3620.58,2871.3233333333333,749.2566666666667
10026.1,8504.42,1521.6800000000003
3496.95,2887.1666666666665,609.7833333333333
7472.18,4720.266666666666,2751.913333333334
911.54,1212.989069767442,-301.4490697674421
3894.3,948.3194594594596,2945.9805405405405
1132.81,637.2133333333333,495.5966666666667
11453.51,9256.315,2197.1949999999997
1582.97,2518.275,-935.3050000000001
3738.56,1745.18,1993.3799999999999
7455.82,9024.5,-1568.6800000000003
725.3,2468.34,-1743.0400000000002
1276.02,1625.221149897332,-349.201149897332
1463.65,1697.1841916167655,-233.53419161676538
1246.86,1087.3551648351647,159.50483516483519
1915.47,2909.79,-994.3199999999999
1820.58,1792.2666666666667,28.313333333333276
567.1,1579.1314285714293,-1012.0314285714293
3875.67,1429.3071428571425,2446.3628571428576
4913.68,2600.7398648648646,2312.9401351351357
6319.97,3608.8615686274497,2711.1084313725505
4268.44,3788.2358823529407,480.20411764705887
1273.11,815.885,457.2249999999999
915.11,1413.8400000000001,-498.73000000000013
2250.96,1312.127083333333,938.832916666667
2617.65,2747.1333333333337,-129.48333333333358
1462.12,563.8050000000001,898.3149999999998
8332.53,2858.4132692307708,5474.11673076923
3651.33,8270.765,-4619.4349999999995
2929.31,2676.0800000000004,253.22999999999956
6523.21,5852.18,671.0299999999997
2322.64,862.45,1460.1899999999998
17518.38,6879.945,10638.435000000001
776.2,1582.952155591573,-806.752155591573
581.69,1320.6898281786955,-738.9998281786955
2620.33,7733.155000000001,-5112.825000000001
3279.66,3917.4500000000003,-637.7900000000004
1432.34,1246.3510857142865,185.98891428571346
1927.54,5798.836666666666,-3871.296666666666
3159.05,2785.5451428571423,373.5048571428579
1506.78,4148.95,-2642.17
1453.46,1443.04,10.420000000000073
5237.38,4905.193034825869,332.1869651741308
365.3,1423.1828333333328,-1057.8828333333329
6047.82,2079.68,3968.14
2313.11,3748.9712499999996,-1435.8612499999995
1747.36,1697.1841916167655,50.175808383234425
6832.66,1527.35,5305.3099999999995
4368.53,3082.0260000000003,1286.5039999999995
2815.35,1811.4058510638301,1003.9441489361698
757.74,1246.3510857142865,-488.61108571428645
1453.67,2852.465,-1398.795
581.46,891.7589984101745,-310.2989984101745
2117.62,2632.0481999999993,-514.4281999999994
1920.98,3646.1733333333336,-1725.1933333333336
1826.76,1134.695913461539,692.064086538461
1034.36,1083.2658312958426,-48.905831295842745
584.17,2762.0022522522527,-2177.8322522522526
1295.65,6420.415,-5124.764999999999
7745.21,7401.571428571428,343.6385714285716
4925.05,1975.2399999999998,2949.8100000000004
2201.95,2838.2250000000004,-636.2750000000005
7178.23,4598.280000000001,2579.949999999999
1303.36,990.9095714285717,312.45042857142823
1257.21,2395.61,-1138.4
3455.0,1195.44,2259.56
3894.21,1611.9266666666665,2282.2833333333338
6296.6,5592.126666666666,704.4733333333343
2989.42,1602.775,1386.645
5457.66,5946.675,-489.0150000000003
2623.26,2834.125,-210.86499999999978
3148.57,1802.9160606060605,1345.6539393939397
2121.25,1811.4058510638301,309.84414893616986
2310.55,1083.2658312958426,1227.2841687041575
9716.37,9497.895,218.47500000000036
5191.85,6362.765,-1170.915
1688.54,1625.221149897332,63.318850102667966
2090.02,2246.6289473684214,-156.60894736842147
1455.46,1320.6898281786955,134.77017182130453
997.05,1946.1358333333328,-949.0858333333329
1202.1,1119.5544117647062,82.54558823529374
3936.57,3608.8615686274497,327.7084313725504
1820.18,1165.1766315789473,655.0033684210528
1496.93,1083.2658312958426,413.6641687041574
9009.57,1441.3738095238098,7568.19619047619
997.6,1320.6898281786955,-323.0898281786955
5708.29,6073.1832258064505,-364.8932258064506
8447.92,5586.703571428572,2861.216428571428
1139.98,891.7589984101745,248.2210015898255
2159.04,1091.7507894736839,1067.289210526316
4880.69,2075.5086559139795,2805.18134408602
4844.23,4234.965,609.2649999999994
893.91,2125.1815116279063,-1231.2715116279064
3773.67,1552.622133333333,2221.047866666667
6389.2,4568.295490196078,1820.9045098039214
509.97,1952.512307692307,-1442.542307692307
896.42,1241.5321965317924,-345.1121965317924
831.9,1134.695913461539,-302.79591346153904
677.21,1728.6270025839794,-1051.4170025839794
509.34,891.7589984101745,-382.41899841017454
629.95,891.7589984101745,-261.80899841017447
1424.13,811.8063157894736,612.3236842105265
1462.44,1348.5199999999998,113.9200000000003
5192.88,6712.4,-1519.5199999999995
1578.18,1453.9498550724638,124.23014492753623
1949.56,1945.3016666666665,4.258333333333439
721.95,1885.37725490196,-1163.42725490196
1072.31,1083.2658312958426,-10.9558312958427
1806.0,1473.1143859649121,332.8856140350879
1097.94,1361.9568,-264.0167999999999
2187.0,3161.2125,-974.2125000000001
1219.89,1625.221149897332,-405.3311498973319
2968.69,3938.5950000000003,-969.9050000000002
1553.78,1245.1525714285715,308.6274285714285
717.2,2127.760465116279,-1410.5604651162791
5443.89,3608.8615686274497,1835.0284313725506
2151.69,1885.37725490196,266.31274509804007
3840.69,1333.3919999999998,2507.2980000000002
3926.72,2270.5078521126757,1656.2121478873241
1319.71,951.75,367.96000000000004
17216.61,7574.32,9642.29
1239.17,948.3194594594596,290.85054054054046
4912.92,1184.1188888888892,3728.801111111111
3512.34,2454.73,1057.6100000000001
3877.16,6486.693555555555,-2609.533555555555
3630.77,4111.544615384615,-480.7746153846151
4777.24,6894.955,-2117.715
7246.44,6128.78,1117.6599999999999
3968.87,4312.953333333334,-344.08333333333394
2150.53,2151.022,-0.4919999999997344
3094.82,1529.2600000000002,1565.56
4527.05,5721.096666666667,-1194.046666666667
5874.21,856.6233333333333,5017.586666666667
3547.4,2796.3033333333333,751.0966666666668
3099.34,1184.1188888888892,1915.221111111111
831.55,1190.8223387096778,-359.2723387096778
4150.65,3197.305,953.3449999999998
2775.72,2388.9607692307686,386.7592307692312
882.47,1119.5544117647062,-237.08441176470615
2500.86,2940.3199999999997,-439.4599999999996
3799.04,4088.893829787233,-289.8538297872328
1667.38,1885.37725490196,-217.99725490195988
3740.27,5319.46,-1579.19
901.06,1797.515,-896.4550000000002
1012.98,1549.21,-536.23
1038.27,1087.3551648351647,-49.08516483516473
3424.22,1246.3510857142865,2177.8689142857133
6301.75,2878.9733333333334,3422.7766666666666
1494.14,2158.03,-663.8900000000001
1352.0,2704.49,-1352.4899999999998
11669.11,8504.42,3164.6900000000005
1454.23,2237.08,-782.8499999999999
903.55,1813.8713333333335,-910.3213333333335
769.64,891.564,-121.92399999999998
1160.94,1648.665588235294,-487.725588235294
482.39,1695.2427272727275,-1212.8527272727274
3407.55,7715.636666666666,-4308.086666666666
570.12,990.9095714285717,-420.78957142857166
1586.04,2077.584807692308,-491.54480769230804
2831.47,1083.2658312958426,1748.2041687041572
4192.21,4656.471666666667,-464.2616666666672
759.92,1339.1477467411546,-579.2277467411546
2206.27,1625.221149897332,581.048850102668
1832.51,3133.8022977346272,-1301.2922977346273
3049.25,2561.8387500000003,487.41124999999965
615.5,2944.7510000000007,-2329.2510000000007
2330.2,1083.2658312958426,1246.9341687041572
4324.27,2295.92,2028.3500000000004
1106.85,2237.08,-1130.23
6809.3,3833.8500000000004,2975.45
2067.88,2270.5078521126757,-202.62785211267555
2563.4,1887.31,676.0900000000001
926.72,2342.9523880597008,-1416.2323880597007
1750.98,1514.6933333333334,236.28666666666663
1325.15,992.3900000000001,332.76
5215.34,4365.255,850.085
997.45,891.7589984101745,105.69100158982553
1019.97,1306.6933333333332,-286.72333333333313
1131.66,1728.6270025839794,-596.9670025839794
5387.13,11590.035,-6202.905
60.8,1083.2658312958426,-1022.4658312958427
10786.79,7022.93,3763.8600000000006
3530.97,2664.76,866.2099999999996
2258.38,5574.545,-3316.165
3071.1,3687.6800000000003,-616.5800000000004
1446.61,1811.4058510638301,-364.79585106383024
5195.19,1066.6785714285713,4128.511428571428
4054.25,7734.515,-3680.2650000000003
1225.16,1946.1358333333328,-720.9758333333327
555.5,1134.695913461539,-579.195913461539
1366.87,1552.622133333333,-185.75213333333318
1646.0,1907.8100000000002,-261.8100000000002
682.15,1212.1616666666666,-530.0116666666667
635.89,1119.5544117647062,-483.6644117647062
1577.35,1966.524285714286,-389.17428571428604
2024.03,3509.9849999999997,-1485.9549999999997
992.1,1359.358392857143,-367.2583928571429
1235.09,879.6266666666667,355.46333333333325
873.01,1435.508924731183,-562.498924731183
3945.56,1852.8992592592588,2092.660740740741
549.93,1083.2658312958426,-533.3358312958427
1239.98,1995.0906666666665,-755.1106666666665
2079.74,1512.9971014492753,566.7428985507245
3077.4,3608.8615686274497,-531.4615686274497
579.97,1888.8803846153846,-1308.9103846153846
1252.5,1401.3443269230766,-148.84432692307655
7541.77,1529.49,6012.280000000001
6934.83,1987.21,4947.62
989.81,1072.8410900473932,-83.03109004739326
923.89,1320.6898281786955,-396.7998281786955
562.7,1827.0845454545458,-1264.3845454545458
2831.09,2221.6290909090912,609.4609090909089
2430.1,5566.69,-3136.5899999999997
7559.95,5702.781428571428,1857.1685714285722
4990.86,5039.223333333333,-48.363333333333685
2115.86,1386.7312068965518,729.1287931034483
3590.32,2772.1775000000002,818.1424999999999
719.3,1083.2658312958426,-363.9658312958427
2481.13,5242.0,-2760.87
3448.33,2155.961849710981,1292.368150289019
1574.34,1213.085,361.2549999999999
2296.09,4532.413529411765,-2236.323529411765
1185.23,891.7589984101745,293.4710015898255
2871.81,1582.952155591573,1288.857844408427
6352.24,4379.801428571428,1972.4385714285718
9200.5,4627.01,4573.49
368.87,2275.8900000000003,-1907.0200000000004
1745.71,2239.8360000000002,-494.1260000000002
3293.4,5770.67,-2477.27
1596.43,1582.952155591573,13.477844408427018
1121.86,1609.0465909090906,-487.1865909090907
1022.27,1016.265,6.0049999999999955
1505.87,1300.26,205.6099999999999
1227.31,3775.085,-2547.775
1327.5,2858.4132692307708,-1530.9132692307708
1417.88,1142.755,275.125
954.73,1536.46375,-581.7337499999999
1470.91,990.9095714285717,480.0004285714284
12620.13,10022.623333333335,2597.5066666666644
828.3,1885.37725490196,-1057.07725490196
576.46,1453.9498550724638,-877.4898550724638
588.34,1486.1123931623931,-897.7723931623931
1302.13,3365.0699999999997,-2062.9399999999996
1352.35,1046.4940909090908,305.8559090909091
10076.2,10877.823333333332,-801.6233333333312
1723.96,1728.6270025839794,-4.667002583979411
702.12,1087.3551648351647,-385.2351648351647
4267.2,4129.171600000001,138.02839999999924
1879.69,1728.6270025839794,151.0629974160206
1607.19,1514.5949999999998,92.59500000000025
6615.28,6249.915,365.3649999999998
1055.99,3604.53,-2548.54
2504.94,1190.8223387096778,1314.1176612903223
649.93,1134.695913461539,-484.76591346153907
801.84,3173.9933333333333,-2372.153333333333
1943.99,2431.76,-487.7700000000002
1925.94,4782.48,-2856.5399999999995
253.01,2676.0800000000004,-2423.0700000000006
747.63,1813.725416666667,-1066.095416666667
1352.59,1609.0465909090906,-256.45659090909066
1156.03,1582.952155591573,-426.9221555915731
9726.36,11330.04,-1603.6800000000003
1819.54,1707.826808510638,111.71319148936186
866.46,891.7589984101745,-25.298998410174477
1365.65,891.7589984101745,473.8910015898256
2392.12,2388.25,3.869999999999891
3731.03,2206.26,1524.77
4686.88,4713.032692307692,-26.152692307691723
947.54,964.3685714285714,-16.828571428571422
970.33,2955.54,-1985.21
1940.17,1811.4058510638301,128.76414893616993
2249.7,3250.5265116279065,-1000.8265116279067
1813.36,1648.665588235294,164.69441176470582
983.48,2048.653333333333,-1065.1733333333332
2754.17,1083.2658312958426,1670.9041687041574
1898.49,3980.2899999999995,-2081.7999999999993
1291.78,1083.2658312958426,208.51416870415733
626.35,1648.665588235294,-1022.3155882352941
1517.58,1246.3510857142865,271.2289142857135
1227.26,1134.695913461539,92.56408653846097
3134.51,1087.3551648351647,2047.1548351648355
610.52,1648.665588235294,-1038.145588235294
1250.28,1728.6270025839794,-478.3470025839795
1654.46,6553.505,-4899.045
2826.74,3940.155,-1113.4150000000004
681.72,1083.2658312958426,-401.5458312958426
1224.46,948.3194594594596,276.1405405405404
3429.46,1946.5966666666664,1482.8633333333337
1226.55,1240.55,-14.0
1216.08,1759.8474999999996,-543.7674999999997
1135.93,1695.2427272727275,-559.3127272727274
1108.63,1134.695913461539,-26.065913461538912
3545.96,1693.5633333333335,1852.3966666666665
1599.25,1582.952155591573,16.297844408426954
5202.86,4960.85,242.0099999999993
7534.91,934.2233333333334,6600.6866666666665
1118.12,853.56,264.55999999999995
902.6,2473.29313559322,-1570.6931355932202
1790.94,1186.1377777777775,604.8022222222226
1255.46,1339.1477467411546,-83.68774674115457
2015.41,1963.58,51.830000000000155
1984.55,4590.011666666667,-2605.461666666667
1142.7,597.175,545.5250000000001
4192.53,7787.82,-3595.29
779.31,891.7589984101745,-112.44899841017457
10161.07,6073.1832258064505,4087.886774193549
939.19,1944.0536363636363,-1004.8636363636363
1391.49,1072.8410900473932,318.6489099526068
780.43,1246.3510857142865,-465.9210857142865
631.75,1487.607777777778,-855.857777777778
965.41,751.525,213.885
1012.81,1173.192,-160.38200000000006
1835.81,1582.952155591573,252.8578444084269
744.83,1359.358392857143,-614.5283928571429
908.27,1083.2658312958426,-174.99583129584266
2367.01,2438.225,-71.21499999999969
3304.41,3074.5333333333333,229.87666666666655
1146.48,1668.7024999999999,-522.2224999999999
1467.38,1462.2313636363629,5.148636363637252
8263.74,11000.486666666666,-2736.746666666666
1780.37,1286.875,493.4949999999999
2283.3,1423.1828333333328,860.1171666666673
1423.17,1146.28,276.8900000000001
1131.0,1315.8885714285716,-184.8885714285716
1635.22,891.7589984101745,743.4610015898255
1293.05,2024.295,-731.2450000000001
2561.1,1811.4058510638301,749.6941489361698
2376.16,2270.5078521126757,105.65214788732419
1306.35,1708.12625,-401.7762500000001
16223.55,1978.6626315789472,14244.887368421052
3249.73,2473.61,776.1199999999999
761.45,2026.896850393702,-1265.4468503937019
7878.64,2962.0112500000005,4916.62875
1362.55,2197.02,-834.47
1725.15,1320.6898281786955,404.4601718213046
3181.63,2546.092209302326,635.5377906976742
2079.84,1212.0977272727268,867.7422727272733
5885.77,3944.732941176471,1941.0370588235296
888.83,1141.45,-252.62
2369.07,2605.7352380952384,-236.66523809523824
10338.98,8266.683333333334,2072.2966666666653
1779.42,3486.9933333333333,-1707.5733333333333
2695.6,6729.57,-4033.97
650.01,1359.358392857143,-709.3483928571429
1432.59,3083.165,-1650.575
1639.35,1221.935,417.41499999999996
3908.43,475.56,3432.87
2766.77,5202.89,-2436.1200000000003
1010.96,1690.773076923077,-679.813076923077
2638.74,10890.73,-8251.99
3126.23,2239.655833333333,886.5741666666672
2815.32,5046.026666666667,-2230.7066666666665
518.56,1241.5321965317924,-722.9721965317924
2547.1,1811.4058510638301,735.6941489361698
2148.47,2411.2927272727275,-262.82272727272766
1113.56,1083.2658312958426,30.2941687041573
1341.59,2304.8733333333334,-963.2833333333335
1239.7,447.89333333333326,791.8066666666668
943.38,1307.9081481481487,-364.5281481481487
7639.62,5121.74,2517.88
2100.38,1856.9871428571428,243.39285714285734
997.09,4150.763333333333,-3153.673333333333
3014.01,2762.0022522522527,252.00774774774754
2582.04,1246.3510857142865,1335.6889142857135
950.75,1827.47,-876.72
899.62,1575.6066666666666,-675.9866666666666
1206.31,1083.2658312958426,123.0441687041573
3812.72,6356.144423076923,-2543.424423076923
468.66,2473.29313559322,-2004.63313559322
965.34,1630.8899999999999,-665.5499999999998
283.66,1728.6270025839794,-1444.9670025839794
1071.64,1196.4382352941177,-124.7982352941176
712.97,1625.221149897332,-912.251149897332
2369.51,2077.584807692308,291.9251923076922
7402.8,2413.1666666666665,4989.633333333333
1886.94,11272.689999999999,-9385.749999999998
11892.22,4805.59,7086.629999999999
4510.86,1591.983111111111,2918.876888888889
1130.3,1533.4755555555546,-403.17555555555464
2541.57,1888.8803846153846,652.6896153846155
6293.32,4187.605,2105.715
2060.23,3156.22,-1095.9899999999998
1783.08,1618.4,164.67999999999984
17519.14,6073.1832258064505,11445.95677419355
2741.47,2779.5466666666666,-38.076666666666824
2788.99,1728.6270025839794,1060.3629974160203
4228.68,4578.113333333334,-349.4333333333334
11850.88,4905.193034825869,6945.68696517413
718.69,1753.92,-1035.23
902.34,1462.2313636363629,-559.8913636363628
2593.71,1738.2,855.51
656.81,990.9095714285717,-334.0995714285717
9327.73,8849.95,477.77999999999884
872.8,1339.1477467411546,-466.34774674115465
1451.25,3369.0150000000003,-1917.7650000000003
766.19,2202.3526666666667,-1436.1626666666666
600.25,1087.3551648351647,-487.1051648351647
4762.7,4163.225,599.4749999999995
1977.84,2250.9133333333334,-273.0733333333335
2750.53,758.4100000000001,1992.1200000000001
2147.27,1083.2658312958426,1064.0041687041573
1342.84,1811.4058510638301,-468.5658510638302
1829.67,1811.4058510638301,18.26414893616993
1961.55,1438.0397872340425,523.5102127659575
1075.77,3161.2125,-2085.4425
1797.74,1625.0287096774193,172.71129032258068
3535.7,4234.965,-699.2650000000003
1274.38,1082.8666666666668,191.51333333333332
920.21,1134.695913461539,-214.48591346153898
2559.2,6395.95,-3836.75
869.95,4088.893829787233,-3218.943829787233
748.39,1582.952155591573,-834.5621555915731
982.79,1369.4905194805194,-386.70051948051946
365.2,2075.5086559139795,-1710.3086559139795
5777.7,4630.1849999999995,1147.5150000000003
3127.27,1136.63,1990.6399999999999
6533.91,2077.584807692308,4456.325192307691
7212.43,4022.9499999999994,3189.480000000001
1507.72,1188.746875,318.973125
10192.0,35006.215,-24814.214999999997
4993.8,3846.95,1146.8500000000004
1286.9,1289.9220869565213,-3.022086956521207
3559.02,2852.2675000000004,706.7524999999996
1380.47,1811.4058510638301,-430.9358510638301
2680.56,5669.139999999999,-2988.5799999999995
882.67,1687.0185714285715,-804.3485714285715
835.47,1072.8410900473932,-237.37109004739318
2175.89,1741.7699662162158,434.12003378378404
966.75,1985.9928571428577,-1019.2428571428577
1353.3,1741.7699662162158,-388.4699662162159
6929.75,2872.465,4057.285
3066.42,4285.266666666667,-1218.8466666666673
2858.37,2129.335,729.0349999999999
1442.14,3864.645,-2422.505
1988.75,2473.29313559322,-484.5431355932201
1236.3,1401.065,-164.7650000000001
554.78,1966.524285714286,-1411.744285714286
1712.12,1645.7754761904757,66.34452380952416
11759.6,15749.003333333332,-3989.403333333332
3248.11,5741.1900000000005,-2493.0800000000004
1806.6,1156.742093023256,649.8579069767438
2830.28,2728.91,101.37000000000035
2863.08,1677.555,1185.5249999999999
9561.2,9447.82,113.38000000000102
3144.35,1155.37875,1988.9712499999998
5059.29,3396.5099999999998,1662.7800000000002
4460.07,2962.0112500000005,1498.0587499999992
5154.05,2035.9105263157896,3118.1394736842103
2431.57,851.1220000000001,1580.448
3179.23,11590.035,-8410.805
937.59,1608.275,-670.6850000000001
1775.77,4470.635,-2694.8650000000002
5158.33,4262.505,895.8249999999998
1458.51,1614.4115476190473,-155.90154761904728
12227.37,11691.17,536.2000000000007
1378.3,1438.0397872340425,-59.739787234042524
1241.57,2416.31,-1174.74
4241.84,1224.3334482758623,3017.506551724138
21468.43,8816.163333333332,12652.266666666668
6868.93,7169.57,-300.6399999999994
10682.34,3788.2358823529407,6894.104117647059
794.0,9674.205,-8880.205
3756.17,2675.08,1081.0900000000001
7786.93,6265.945,1520.9850000000006
415.51,1609.0465909090906,-1193.5365909090906
16784.14,19523.155,-2739.0149999999994
987.62,990.9095714285717,-3.289571428571662
1804.4,5102.889999999999,-3298.4899999999993
1450.76,3262.06,-1811.3
829.86,1041.5,-211.64
2811.01,5915.23,-3104.2199999999993
6104.8,6714.257380952382,-609.4573809523818
15004.87,16452.879999999997,-1448.0099999999966
8485.63,6798.58,1687.0499999999993
4570.91,5527.29,-956.3800000000001
1039.75,1561.260625,-521.5106249999999
4600.91,2616.985,1983.9249999999997
212.46,5160.243333333333,-4947.783333333333
1231.08,9029.805,-7798.725
2037.82,922.7166666666667,1115.1033333333332
2028.31,3318.536666666667,-1290.226666666667
2203.72,1134.695913461539,1069.0240865384608
866.57,1582.952155591573,-716.382155591573
1589.33,1083.2658312958426,506.0641687041573
3667.95,2644.049214285714,1023.900785714286
2526.61,1584.875,941.7350000000001
3031.46,5992.786666666667,-2961.326666666667
3143.75,1625.221149897332,1518.528850102668
8743.62,12408.59,-3664.9699999999993
6820.61,4907.016,1913.594
3668.86,2504.285,1164.5750000000003
744.62,1576.4004878048784,-831.7804878048784
767.09,1582.952155591573,-815.862155591573
1451.05,1289.9220869565213,161.12791304347866
2026.02,990.9095714285717,1035.1104285714282
1848.2,3034.3599999999997,-1186.1599999999996
4148.61,10890.73,-6742.12
1087.54,1895.5149999999999,-807.9749999999999
3321.69,10103.565,-6781.875
1201.32,432.03499999999997,769.285
2329.36,3220.295517241379,-890.9355172413789
1636.57,3545.15,-1908.5800000000002
6261.72,4371.66,1890.0600000000004
2352.75,1257.24,1095.51
3369.7,914.9100000000001,2454.79
1086.04,1313.2733333333333,-227.23333333333335
2340.65,2762.0022522522527,-421.3522522522526
1018.37,1829.32,-810.9499999999999
3591.98,1066.6785714285713,2525.301428571429
8677.65,9931.763333333332,-1254.1133333333328
2483.04,2139.2647368421053,343.77526315789464
950.03,1474.391707317073,-524.3617073170731
1587.06,1212.72,374.3399999999999
2080.58,3369.0150000000003,-1288.4350000000004
4276.69,3912.705,363.9849999999997
995.13,891.7589984101745,103.37100158982548
3298.92,4710.705,-1411.7849999999999
11755.54,7099.535,4656.005000000001
9853.42,7916.696666666667,1936.7233333333334
2955.46,4091.615,-1136.1549999999997
2414.98,877.1047826086955,1537.8752173913044
621.34,1083.2658312958426,-461.9258312958426
2750.69,1418.7133333333331,1331.976666666667
1129.95,2064.4175,-934.4675
1186.39,1695.2427272727275,-508.8527272727274
1639.64,3041.027714285715,-1401.3877142857148
7650.06,5049.116666666667,2600.9433333333336
4040.24,3778.287857142857,261.9521428571429
3120.59,2075.5086559139795,1045.0813440860206
1896.38,1582.952155591573,313.42784440842706
1505.39,2095.685,-590.2949999999998
927.59,1625.221149897332,-697.631149897332
1639.96,3409.1733333333336,-1769.2133333333336
2049.44,3196.9637179487186,-1147.5237179487185
4217.24,2533.1228571428574,1684.1171428571424
6489.88,1726.87,4763.01
5240.33,3962.4725,1277.8575
3436.13,2458.0099999999998,978.1200000000003
678.29,2609.9066666666663,-1931.6166666666663
1543.2,1393.2,150.0
5647.82,3775.396666666666,1872.4233333333336
1483.08,1625.221149897332,-142.14114989733207
3428.21,3777.865,-349.65499999999975
1015.16,4885.111999999999,-3869.9519999999993
925.56,1648.665588235294,-723.1055882352941
8686.41,11106.426666666666,-2420.0166666666664
5394.09,5662.025,-267.9349999999995
10570.38,8167.313333333334,2403.066666666665
6086.21,5205.545,880.665
1236.23,1359.358392857143,-123.1283928571429
952.52,4088.893829787233,-3136.373829787233
644.6,1741.7699662162158,-1097.169966216216
1736.68,1625.221149897332,111.45885010266807
2163.13,1609.0465909090906,554.0834090909095
744.56,1754.9989999999998,-1010.4389999999999
708.74,1134.695913461539,-425.955913461539
9564.6,6475.591754385963,3089.008245614037
2008.18,2352.8409999999994,-344.6609999999994
2150.35,1423.1828333333328,727.1671666666671
7386.44,6475.591754385963,910.8482456140364
816.56,1307.9081481481487,-491.34814814814877
5246.67,3658.8033333333333,1587.8666666666668
2090.07,1586.5500000000002,503.52
2462.76,4028.255,-1565.495
2931.11,7728.3150000000005,-4797.205
5906.43,2944.7510000000007,2961.6789999999996
2124.53,1582.952155591573,541.5778444084272
2879.51,1915.5302777777772,963.979722222223
1817.53,1648.665588235294,168.8644117647059
1361.25,1707.826808510638,-346.5768085106381
6674.52,7593.695,-919.1749999999993
2825.41,1474.391707317073,1351.0182926829268
3405.85,1741.7699662162158,1664.080033783784
2416.86,1374.5364321608047,1042.3235678391954
3695.2,2191.215,1503.9849999999997
1253.88,1361.9568,-108.07679999999982
2724.76,2125.1815116279063,599.578488372094
3596.38,1816.5365217391309,1779.8434782608692
801.42,990.9095714285717,-189.4895714285717
766.59,990.9095714285717,-224.31957142857163
1031.62,1870.7512820512825,-839.1312820512826
1413.43,1435.508924731183,-22.07892473118295
4789.44,2473.29313559322,2316.1468644067795
728.79,1241.5321965317924,-512.7421965317924
2151.82,5300.49,-3148.6699999999996
2502.29,1571.9027272727274,930.3872727272726
1205.35,1536.46375,-331.11375
607.96,891.7589984101745,-283.7989984101745
4050.24,2632.0481999999993,1418.1918000000005
4520.87,685.29,3835.58
2908.89,1582.952155591573,1325.9378444084268
2925.15,2540.25,384.9000000000001
4570.03,6418.15,-1848.12
798.72,1625.7933333333333,-827.0733333333333
1894.02,3869.418333333333,-1975.398333333333
1871.06,2675.08,-804.02
1266.78,2021.21,-754.4300000000001
1855.22,3237.6137209302324,-1382.3937209302323
12110.8,11976.003333333334,134.79666666666526
2219.14,2852.2675000000004,-633.1275000000005
2655.35,4905.193034825869,-2249.8430348258694
1299.83,2075.5086559139795,-775.6786559139796
812.98,1856.0305434782601,-1043.0505434782601
518.72,1320.6898281786955,-801.9698281786955
533.78,1441.3738095238098,-907.5938095238098
1907.9,1648.665588235294,259.234411764706
795.93,1246.3510857142865,-450.4210857142865
7211.89,2072.09,5139.8
1279.55,2009.0,-729.45
837.85,1289.9220869565213,-452.0720869565213
4791.76,3737.895,1053.8650000000002
3274.5,2358.3395652173917,916.1604347826083
2552.89,3602.5699999999997,-1049.6799999999998
1769.37,1791.1373333333336,-21.76733333333368
3337.76,3348.31,-10.549999999999727
1058.7,1134.695913461539,-75.99591346153898
6440.81,5928.806666666666,512.003333333334
2530.95,4446.956666666666,-1916.0066666666662
7249.49,10623.3925,-3373.9025
834.39,1369.4905194805194,-535.1005194805194
2066.96,6244.12,-4177.16
1504.09,1134.695913461539,369.3940865384609
4604.45,8235.111176470587,-3630.6611764705876
1988.2,1413.8400000000001,574.3599999999999
569.95,1369.4905194805194,-799.5405194805194
757.92,2675.08,-1917.1599999999999
8982.54,6524.465,2458.0750000000007
2748.18,5427.223333333333,-2679.0433333333335
9055.05,12512.586666666664,-3457.536666666665
1584.15,1320.6898281786955,263.4601718213046
2944.16,1453.9498550724638,1490.210144927536
5794.93,5558.92,236.01000000000022
5694.86,2213.11,3481.7499999999995
3383.37,8980.09,-5596.72
1455.7,2077.584807692308,-621.884807692308
4442.84,6844.956666666666,-2402.116666666666
6893.51,4428.97,2464.54
1298.01,2138.513571428571,-840.5035714285711
579.48,1134.695913461539,-555.215913461539
3254.75,3167.797272727273,86.95272727272686
3002.83,2640.0550000000003,362.77499999999964
1990.91,1532.8500000000001,458.05999999999995
6268.55,6017.575000000001,250.97499999999945
4874.66,2779.5466666666666,2095.1133333333332
1869.95,1426.45,443.5
1182.77,1768.6200000000001,-585.8500000000001
3001.42,2232.0166666666664,769.4033333333336
1205.41,1885.37725490196,-679.9672549019599
7822.47,5165.366666666666,2657.1033333333344
589.36,4073.9349999999995,-3484.5749999999994
5554.86,2783.2347058823534,2771.6252941176463
693.3,1320.6898281786955,-627.3898281786956
3182.37,2735.205,447.16499999999996
2134.26,2401.435,-267.1749999999997
1818.17,1186.5874999999999,631.5825000000002
6170.42,1697.1841916167655,4473.235808383235
2445.43,1011.1607407407408,1434.269259259259
1525.03,1625.221149897332,-100.19114989733202
1604.59,1885.37725490196,-280.78725490196007
7891.27,5463.583333333333,2427.6866666666674
6727.05,789.725,5937.325
3961.31,1697.1841916167655,2264.1258083832345
5501.88,2817.603333333334,2684.276666666666
2390.47,2644.049214285714,-253.579214285714
728.49,1083.2658312958426,-354.77583129584264
1609.34,3293.817,-1684.477
2468.87,2351.563037974683,117.3069620253168
1071.9,2270.5078521126757,-1198.6078521126756
1509.51,3133.8022977346272,-1624.2922977346273
4131.49,1856.0305434782601,2275.4594565217394
4208.58,3412.6200000000003,795.9599999999996
3001.36,3779.5399999999995,-778.1799999999994
1331.52,1083.2658312958426,248.25416870415734
2895.42,6195.719999999999,-3300.2999999999993
968.63,868.277,100.35299999999995
716.26,1215.5032857142858,-499.2432857142858
5587.26,3728.17,1859.0900000000001
1512.25,1625.221149897332,-112.971149897332
1562.48,1361.9568,200.5232000000001
9965.2,7993.566666666668,1971.6333333333323
1918.81,1888.8803846153846,29.929615384615317
2300.28,2616.35,-316.0699999999997
4118.29,2669.745652173913,1448.5443478260868
2668.42,2643.7366666666667,24.683333333333394
6629.0,4781.217391304347,1847.782608695653
1043.78,1582.952155591573,-539.1721555915731
2011.24,1570.5855555555556,440.6544444444444
5547.29,20449.03,-14901.739999999998
2458.74,2546.092209302326,-87.35220930232617
3140.33,1621.96,1518.37
16759.47,19894.525,-3135.0550000000003
1826.7,2570.47,-743.7699999999998
1641.69,1582.952155591573,58.73784440842701
2587.25,1883.7851612903228,703.4648387096772
3589.36,3108.81,480.5500000000002
1067.12,1246.3510857142865,-179.23108571428656
3486.32,1363.375,2122.945
1498.81,1119.5544117647062,379.25558823529377
1808.15,1241.5321965317924,566.6178034682077
6322.07,3247.3849999999998,3074.685
775.88,1512.9971014492753,-737.1171014492753
3632.81,2748.292,884.518
1572.16,1798.08,-225.91999999999985
717.2,1320.6898281786955,-603.4898281786955
630.39,1555.5236363636366,-925.1336363636366
4508.11,2223.412,2284.698
1233.87,4109.74,-2875.87
1500.54,1579.1314285714293,-78.59142857142933
5838.86,6136.286666666667,-297.4266666666672
1585.94,1502.8899999999999,83.05000000000018
7229.57,4905.193034825869,2324.3769651741304
1520.48,3133.8022977346272,-1613.3222977346272
1393.35,1620.4776767676765,-227.12767676767658
3141.48,10561.205,-7419.725
3321.42,2440.945,880.4749999999999
6348.02,3455.1,2892.9200000000005
4741.25,1112.583,3628.667
1497.14,2461.2629411764706,-964.1229411764705
1532.39,1885.37725490196,-352.9872549019599
2755.95,3917.97,-1162.02
654.82,1083.2658312958426,-428.4458312958426
3999.3,4022.9499999999994,-23.64999999999918
2218.6,2482.7915999999996,-264.19159999999965
3758.69,6455.575,-2696.8849999999998
1375.34,1431.31,-55.97000000000003
9523.22,6824.923333333333,2698.296666666666
601.91,1359.358392857143,-757.448392857143
7095.41,4163.561428571428,2931.8485714285716
4542.84,7734.515,-3191.675
889.98,3189.45,-2299.47
709.73,4658.385,-3948.655
2035.96,1083.2658312958426,952.6941687041574
3138.2,4285.29,-1147.0900000000001
1782.56,2647.326666666667,-864.7666666666669
656.97,2026.896850393702,-1369.926850393702
4270.4,1248.45,3021.95
6649.57,2072.09,4577.48
675.57,1134.695913461539,-459.12591346153897
8588.82,6213.300000000001,2375.5199999999986
6050.31,6553.505,-503.1949999999997
1478.99,1310.18125,168.80874999999992
6262.15,5009.706666666666,1252.4433333333336
2232.11,1320.6898281786955,911.4201718213046
985.47,1369.4905194805194,-384.0205194805194
4153.89,1450.705,2703.1850000000004
10801.72,4553.43,6248.289999999999
1264.44,965.124,299.31600000000003
9015.27,4469.20537037037,4546.064629629631
6311.63,4336.833333333333,1974.796666666667
1038.19,1741.7699662162158,-703.5799662162158
780.85,3237.6137209302324,-2456.7637209302325
2098.4,2075.1833333333334,23.216666666666697
3305.5,6230.089999999999,-2924.5899999999992
2841.0,3260.25,-419.25
752.12,1625.221149897332,-873.101149897332
1997.18,1155.37875,841.80125
1112.78,2135.49,-1022.7099999999998
233.33,2247.938666666667,-2014.608666666667
1068.48,1625.221149897332,-556.741149897332
4754.8,2511.6233333333334,2243.1766666666667
903.33,1083.2658312958426,-179.9358312958426
668.96,1165.1766315789473,-496.2166315789473
3170.44,4379.801428571428,-1209.361428571428
2161.37,1741.7699662162158,419.60003378378406
9819.92,6178.49,3641.4300000000003
784.34,891.7589984101745,-107.41899841017448
3274.01,2785.5451428571423,488.4648571428579
4384.35,5134.775,-750.4249999999993
2005.35,2461.2629411764706,-455.91294117647067
1092.06,2077.584807692308,-985.5248076923081
690.73,1173.192,-482.462
6999.9,7564.365,-564.4650000000001
4146.32,3213.3199999999997,933.0
1232.13,3756.455,-2524.325
2717.3,1700.0919047619047,1017.2080952380954
2907.97,1577.2699999999998,1330.7
2058.09,2127.760465116279,-69.67046511627905
2081.73,2155.961849710981,-74.2318497109809
2418.88,3931.18,-1512.2999999999997
399.93,2411.221428571429,-2011.291428571429
3755.86,2530.98,1224.88
4456.38,9370.92,-4914.54
2998.13,1741.7699662162158,1256.3600337837843
1522.73,3146.9700000000003,-1624.2400000000002
3107.71,4346.583333333334,-1238.873333333334
551.28,1072.8410900473932,-521.5610900473932
732.66,1307.9081481481487,-575.2481481481487
1452.07,1345.524,106.54600000000005
4965.05,1487.607777777778,3477.442222222222
3131.19,4366.08,-1234.8899999999999
2756.5,492.015,2264.485
2030.17,3392.6733333333336,-1362.5033333333336
2635.79,2644.049214285714,-8.259214285713824
4276.33,1386.3566666666666,2889.9733333333334
1509.78,1328.4633333333334,181.3166666666666
4477.63,5377.389999999999,-899.7599999999993
6345.89,4590.011666666667,1755.878333333333
2929.35,4555.715,-1626.3650000000002
2605.14,1805.8428571428572,799.2971428571427
3015.55,6712.4,-3696.8499999999995
841.2,3085.6417307692295,-2244.4417307692293
6463.33,8267.65,-1804.3199999999997
580.0,5213.395,-4633.395
1080.6,1374.5364321608047,-293.93643216080477
4543.94,2821.2799999999997,1722.6599999999999
6254.35,4129.171600000001,2125.1784
860.91,1320.6898281786955,-459.77982817869554
2540.11,5136.684,-2596.574
1409.18,1852.8992592592588,-443.7192592592587
1544.58,2001.065,-456.4850000000001
1611.09,5895.29,-4284.2
3310.62,1473.1143859649121,1837.5056140350878
1943.81,7920.709999999999,-5976.9
801.2,1985.9928571428577,-1184.7928571428577
2089.34,1165.1766315789473,924.1633684210528
3914.19,1473.6666197183101,2440.52338028169
1589.56,1307.9081481481487,281.65185185185123
2168.42,1198.66,969.76
1292.2,1119.5544117647062,172.64558823529387
2477.15,1693.8025,783.3475000000001
7731.65,6486.693555555555,1244.956444444445
3482.48,2125.1815116279063,1357.2984883720937
2975.6,5339.25,-2363.65
447.82,665.83,-218.01000000000005
1692.82,1165.1766315789473,527.6433684210526
2608.51,2155.961849710981,452.5481502890193
1452.85,2597.9446428571428,-1145.0946428571428
1399.76,2309.7471428571425,-909.9871428571425
2422.52,1720.633917525774,701.886082474226
292.99,891.7589984101745,-598.7689984101745
799.91,9402.605,-8602.695
2217.51,1741.7699662162158,475.7400337837844
4491.79,4656.471666666667,-164.6816666666673
1000.48,4694.473333333332,-3693.9933333333324
749.79,2732.6499999999996,-1982.8599999999997
3264.65,2675.08,589.5700000000002
4217.46,3196.9637179487186,1020.4962820512815
999.11,1289.9220869565213,-290.8120869565213
957.16,2075.5086559139795,-1118.3486559139797
1199.06,2632.0481999999993,-1432.9881999999993
7758.4,5183.665,2574.7349999999997
11967.36,7839.514999999999,4127.845000000001
2599.02,1317.1166666666668,1281.9033333333332
4638.59,2514.5987499999997,2123.9912500000005
2472.74,1569.2066666666667,903.5333333333331
1487.93,2772.1775000000002,-1284.2475000000002
6397.73,4905.193034825869,1492.5369651741303
2277.44,4254.7625,-1977.3224999999998
1823.49,1166.4029999999998,657.0870000000002
2710.85,1361.9067346938773,1348.9432653061226
2531.19,1252.831111111111,1278.358888888889
6297.88,10839.75,-4541.87
16352.5,4182.33,12170.17
2696.71,1741.7699662162158,954.9400337837842
1508.16,2600.7398648648646,-1092.5798648648645
751.65,1455.5661538461538,-703.9161538461539
12110.34,2752.29,9358.05
816.48,891.7589984101745,-75.2789984101745
1175.61,2989.085,-1813.4750000000001
2255.17,1579.1314285714293,676.0385714285708
14618.33,6073.1832258064505,8545.146774193548
2284.87,4003.254736842104,-1718.3847368421043
707.45,2232.275,-1524.825
1472.77,1435.508924731183,37.26107526881697
2270.94,1560.438,710.502
5807.81,1640.7296226415087,4167.080377358492
5076.61,3453.630833333334,1622.9791666666656
2380.84,1915.5302777777772,465.30972222222294
1603.23,1870.22,-266.99
5187.87,3222.525,1965.3449999999998
1824.39,1005.55,818.8400000000001
1224.76,1728.6270025839794,-503.86700258397946
2556.96,2785.714,-228.7539999999999
1578.16,2155.961849710981,-577.8018497109808
2760.87,2026.896850393702,733.973149606298
4240.81,4865.23,-624.4199999999992
10946.24,1885.37725490196,9060.86274509804
2063.48,1473.6666197183101,589.8133802816899
1443.26,2125.1815116279063,-681.9215116279063
506.62,832.8050000000001,-326.18500000000006
4823.55,6958.32,-2134.7699999999995
5271.33,3665.295,1606.0349999999999
2827.72,5223.733333333333,-2396.013333333333
4825.14,1320.6898281786955,3504.450171821305
5160.43,4431.02,729.4099999999999
5458.22,7935.235000000001,-2477.0150000000003
2692.31,6219.030000000001,-3526.7200000000007
4842.2,1584.875,3257.325
888.6,1289.9220869565213,-401.3220869565213
1075.46,1728.6270025839794,-653.1670025839794
1160.7,2270.5078521126757,-1109.8078521126756
1439.54,7839.514999999999,-6399.974999999999
596.44,1339.1477467411546,-742.7077467411546
4098.73,7494.945,-3396.215
5146.56,6382.41,-1235.8499999999995
3616.59,3487.62,128.97000000000025
2694.18,3237.6137209302324,-543.4337209302325
1148.74,1694.1446153846155,-545.4046153846155
4190.79,1625.0287096774193,2565.761290322581
4130.97,1423.1828333333328,2707.7871666666674
1665.1,1838.3531182795696,-173.25311827956966
5473.76,7124.32,-1650.5599999999995
2977.43,7313.59,-4336.16
7033.83,7068.715,-34.88500000000022
3377.53,1582.952155591573,1794.5778444084272
2502.87,2125.1815116279063,377.6884883720936
2908.46,5326.59,-2418.13
3581.49,3319.705,261.78499999999985
1977.72,1372.77125,604.94875
6731.63,11423.349999999999,-4691.719999999998
1907.15,2270.5078521126757,-363.3578521126756
662.19,1339.1477467411546,-676.9577467411546
4551.12,17778.196666666667,-13227.076666666668
4655.7,908.2483333333334,3747.4516666666664
1930.58,3461.71,-1531.13
6024.25,4781.217391304347,1243.032608695653
3280.76,2127.760465116279,1152.999534883721
3895.79,1719.5633333333335,2176.2266666666665
2308.86,2270.5078521126757,38.35214788732446
833.47,1609.0465909090906,-775.5765909090906
1555.25,1575.6066666666666,-20.35666666666657
660.02,1134.695913461539,-474.67591346153904
1424.54,1915.5302777777772,-490.99027777777724
1550.07,2270.5078521126757,-720.4378521126757
5543.08,2934.3138461538465,2608.7661538461534
1586.36,3445.355,-1858.9950000000001
2333.99,840.795,1493.1949999999997
2445.21,4651.0653846153855,-2205.8553846153854
826.99,1359.358392857143,-532.3683928571429
14395.73,13288.880000000001,1106.8499999999985
2726.8,1320.6898281786955,1406.1101718213047
9190.75,5910.869,3279.8810000000003
1460.7,1423.1828333333328,37.51716666666721
3594.16,1936.3872727272726,1657.7727272727273
9380.26,4127.15,5253.110000000001
2324.04,1720.633917525774,603.406082474226
2086.56,3133.8022977346272,-1047.2422977346273
5948.65,2061.4049999999997,3887.245
1130.56,1190.8223387096778,-60.262338709677806
2932.34,2075.5086559139795,856.8313440860206
3901.74,1728.6270025839794,2173.1129974160203
3237.86,4905.193034825869,-1667.3330348258692
5418.97,9825.11,-4406.14
4863.98,3777.865,1086.1149999999998
492.94,1134.695913461539,-641.755913461539
3017.91,2827.705,190.20499999999993
1167.98,1582.952155591573,-414.972155591573
1730.99,1582.952155591573,148.03784440842696
9203.54,3094.8566666666666,6108.683333333334
4362.31,1215.6564285714285,3146.653571428572
5039.77,2270.5078521126757,2769.2621478873248
1450.66,1579.1314285714293,-128.47142857142921
2924.95,1891.7685416666673,1033.1814583333326
1474.06,1728.6270025839794,-254.5670025839795
2443.1,2026.896850393702,416.203149606298
1369.3,1694.1446153846155,-324.8446153846155
792.98,833.1424999999999,-40.16249999999991
3744.45,6424.635,-2680.1850000000004
9385.31,6143.334,3241.9759999999997
847.84,1645.7754761904757,-797.9354761904757
2802.6,3215.925,-413.3250000000003
6011.02,9651.956666666667,-3640.9366666666665
623.86,1083.2658312958426,-459.40583129584263
2098.65,2077.584807692308,21.065192307692087
3335.67,2270.5078521126757,1065.1621478873244
2656.89,3233.378888888889,-576.488888888889
4774.86,7401.571428571428,-2626.7114285714288
3490.99,3568.33,-77.34000000000015
687.0,1728.6270025839794,-1041.6270025839794
1610.3,1741.7699662162158,-131.46996621621588
611.83,1215.5032857142858,-603.6732857142857
2369.17,5161.360000000001,-2792.1900000000005
647.47,891.7589984101745,-244.2889984101745
756.09,1473.1143859649121,-717.0243859649121
1122.02,1242.5600000000002,-120.54000000000019
1950.88,1339.1477467411546,611.7322532588455
1012.05,1552.622133333333,-540.5721333333331
3623.71,4088.893829787233,-465.18382978723275
1057.56,4160.080000000001,-3102.520000000001
445.08,3833.1663636363637,-3388.086363636364
14421.77,5160.243333333333,9261.526666666668
2486.26,5394.885,-2908.625
1842.62,2593.59,-750.9700000000003
4698.64,3665.295,1033.3450000000003
3648.84,3962.085,-313.2449999999999
941.33,1241.5321965317924,-300.2021965317923
2591.36,7977.42,-5386.0599999999995
7794.91,5096.65,2698.26
1139.53,1246.3510857142865,-106.82108571428648
10476.73,4161.88,6314.849999999999
6661.02,4393.48,2267.540000000001
1075.81,1190.8223387096778,-115.0123387096778
6752.51,10890.73,-4138.219999999999
3475.82,2485.31,990.5100000000002
1979.9,1289.9220869565213,689.9779130434788
4267.45,1648.665588235294,2618.7844117647055
4161.84,4631.120000000001,-469.28000000000065
4598.01,1728.6270025839794,2869.3829974160208
2602.99,3250.5265116279065,-647.5365116279067
3885.02,3135.353333333333,749.666666666667
886.07,3867.4133333333334,-2981.3433333333332
892.31,1438.0397872340425,-545.7297872340425
2967.48,3209.9466666666667,-242.4666666666667
1924.29,3874.7100000000005,-1950.4200000000005
3976.65,4905.193034825869,-928.5430348258692
5228.94,1700.0919047619047,3528.848095238095
1923.5,1728.6270025839794,194.87299741602055
3008.86,10473.856666666667,-7464.996666666666
789.47,1625.221149897332,-835.751149897332
906.93,1241.5321965317924,-334.6021965317924
2062.93,1083.2658312958426,979.6641687041572
5000.27,5578.0650000000005,-577.7950000000001
9382.66,7102.056666666666,2280.6033333333335
3761.4,2961.355,800.0450000000001
1865.41,1625.221149897332,240.18885010266808
6474.83,6545.049999999999,-70.21999999999935
4572.39,3737.895,834.4950000000003
2118.69,2149.170769230769,-30.480769230769056
1834.13,1441.3738095238098,392.75619047619034
1817.84,1616.2800000000002,201.55999999999972
1965.31,1978.6626315789472,-13.35263157894724
338.71,2342.9523880597008,-2004.2423880597007
5365.55,5553.13,-187.57999999999993
1311.68,2352.8409999999994,-1041.1609999999994
1110.04,1062.3233333333333,47.7166666666667
5354.68,11643.955,-6289.275
663.29,3932.7033333333334,-3269.4133333333334
7656.82,3161.2125,4495.6075
2802.23,2767.406666666667,34.82333333333281
2273.01,2455.3733333333334,-182.36333333333323
1052.69,1083.2658312958426,-30.57583129584259
1107.78,1119.5544117647062,-11.774411764706201
623.81,990.9095714285717,-367.0995714285717
6423.27,5657.35,765.9200000000001
11750.32,6263.83,5486.49
875.67,648.5233333333333,227.14666666666665
2344.87,1841.3866666666663,503.4833333333336
597.98,1798.9766666666667,-1200.9966666666667
4772.94,2482.7915999999996,2290.1484
1075.19,2351.563037974683,-1276.373037974683
1139.43,1473.6666197183101,-334.23661971831007
6703.32,3775.396666666666,2927.9233333333336
2511.4,1648.665588235294,862.734411764706
4500.83,1741.7699662162158,2759.060033783784
7118.87,1494.53,5624.34
2373.25,1805.8428571428572,567.4071428571428
1539.46,2196.984175824176,-657.5241758241759
1326.48,6245.83,-4919.35
881.42,692.8850000000001,188.53499999999985
199.83,1083.2658312958426,-883.4358312958426
735.22,1307.9081481481487,-572.6881481481487
2236.93,23410.550000000003,-21173.620000000003
2696.74,1014.47,1682.2699999999998
1576.75,1885.37725490196,-308.62725490196
1532.6,2772.1775000000002,-1239.5775000000003
1425.97,2155.961849710981,-729.9918497109809
2002.35,896.7220000000001,1105.6279999999997
6791.73,4207.2725,2584.4574999999995
11319.87,8344.411481481482,2975.4585185185188
2132.94,6497.1900000000005,-4364.25
620.18,1083.2658312958426,-463.0858312958427
828.53,1190.8223387096778,-362.2923387096778
2534.95,1350.8500000000001,1184.0999999999997
2432.24,1984.105272727273,448.1347272727269
1719.95,2738.773,-1018.8230000000001
1963.21,1507.6586666666667,455.55133333333333
2536.04,2279.8194871794867,256.22051282051325
1588.16,1549.1066666666666,39.05333333333351
1776.19,976.7483333333331,799.441666666667
3784.37,5671.174999999999,-1886.8049999999994
3604.61,4584.1,-979.4900000000002
1156.95,1246.3510857142865,-89.40108571428641
1355.06,1811.4058510638301,-456.3458510638302
5889.4,7486.775,-1597.375
2634.88,1102.5345454545454,1532.3454545454547
1032.12,1083.2658312958426,-51.145831295842754
1001.07,1072.8410900473932,-71.77109004739316
2856.63,4678.6900000000005,-1822.0600000000004
1665.2,2352.9350000000004,-687.7350000000004
4361.23,4272.185,89.04499999999916
1146.92,1095.6265714285714,51.29342857142865
138.45,1320.6898281786955,-1182.2398281786955
4277.12,3658.1800000000003,618.9399999999996
2228.91,2811.47,-582.56
2175.22,1971.5049999999999,203.71499999999992
2702.66,2270.5078521126757,432.1521478873242
2913.64,1359.358392857143,1554.281607142857
1666.33,3149.9110204081635,-1483.5810204081636
3613.73,4469.20537037037,-855.4753703703695
1332.83,891.7589984101745,441.0710015898254
1035.8,1091.7507894736839,-55.950789473683926
750.0,1885.37725490196,-1135.37725490196
8339.55,9291.133333333333,-951.5833333333339
2651.03,5265.469999999999,-2614.439999999999
10954.2,2962.0112500000005,7992.18875
2680.97,2962.0112500000005,-281.0412500000007
3567.01,3651.8900000000003,-84.88000000000011
1757.27,2473.29313559322,-716.0231355932201
4444.89,4678.6900000000005,-233.80000000000018
2297.87,4858.35,-2560.4800000000005
1316.22,3041.027714285715,-1724.8077142857148
603.0,1197.9,-594.9000000000001
9017.68,4396.1033333333335,4621.576666666667
2285.1,1083.2658312958426,1201.8341687041573
1124.53,1083.2658312958426,41.26416870415733
3300.84,3228.4733333333334,72.36666666666679
1143.66,1369.4905194805194,-225.83051948051934
1431.82,1134.695913461539,297.1240865384609
6230.88,9464.413333333332,-3233.533333333332
711.8,1071.53,-359.73
2251.37,5611.096666666667,-3359.7266666666674
1685.07,1339.1477467411546,345.92225325884533
1869.6,1011.1607407407408,858.4392592592591
873.72,891.7589984101745,-18.038998410174486
5585.38,4489.663333333333,1095.7166666666672
371.52,1246.3510857142865,-874.8310857142865
8943.56,18876.07,-9932.51
10336.39,2819.7766666666666,7516.613333333333
1224.75,1728.6270025839794,-503.87700258397945
1790.0,1134.695913461539,655.304086538461
1977.76,3551.13,-1573.3700000000001
3786.7,8118.345,-4331.645
8975.4,9489.125,-513.7250000000004
4584.19,1843.7366666666667,2740.453333333333
857.45,3919.88,-3062.4300000000003
2936.9,6022.495,-3085.595
3989.44,3872.99,116.45000000000027
8403.99,2151.022,6252.968
13055.04,4508.67,8546.37
2229.26,4626.05,-2396.79
2093.32,1625.7933333333333,467.52666666666687
1392.34,2018.095,-625.7550000000001
2200.43,3041.027714285715,-840.597714285715
870.54,891.7589984101745,-21.21899841017455
2277.63,2075.5086559139795,202.1213440860206
2200.56,1346.7166666666665,853.8433333333335
870.65,1511.403333333333,-640.753333333333
353.58,891.7589984101745,-538.1789984101745
5918.0,3133.8022977346272,2784.1977022653728
987.7,1083.2658312958426,-95.5658312958426
3160.13,2031.24,1128.89
8116.15,5535.66,2580.49
3118.12,4923.41,-1805.29
1627.1,1473.1143859649121,153.9856140350878
4048.41,13860.973333333333,-9812.563333333334
6397.55,5029.005,1368.545
1306.42,1473.1143859649121,-166.69438596491204
3535.47,3085.6417307692295,449.8282692307703
2303.92,4254.7625,-1950.8424999999997
3947.76,4828.8150000000005,-881.0550000000003
1008.15,1374.5364321608047,-366.3864321608047
1260.64,885.0615384615384,375.57846153846174
4235.98,1435.508924731183,2800.4710752688165
974.81,964.3685714285714,10.44142857142856
2183.48,1645.7754761904757,537.7045238095243
4019.19,3166.85,852.3400000000001
3562.59,2351.563037974683,1211.026962025317
6285.32,2973.4500000000003,3311.8699999999994
1649.63,1155.37875,494.25125
11373.49,7828.145,3545.3449999999993
462.97,1320.6898281786955,-857.7198281786955
1681.75,2351.563037974683,-669.8130379746831
7171.79,4401.805,2769.9849999999997
1533.17,1831.8166666666666,-298.64666666666653
1991.24,2473.29313559322,-482.0531355932201
1540.85,1582.952155591573,-42.10215559157314
4947.25,3547.9833333333336,1399.2666666666664
905.51,2270.5078521126757,-1364.9978521126757
1557.92,1129.5700000000002,428.3499999999999
1545.52,3166.7,-1621.1799999999998
691.69,1529.49,-837.8
2113.73,2546.092209302326,-432.36220930232594
22828.41,2473.29313559322,20355.11686440678
2668.27,1994.1950000000002,674.0749999999998
446.04,1083.2658312958426,-637.2258312958427
1906.89,1380.1731818181818,526.7168181818183
2722.26,1368.0817647058823,1354.178235294118
2881.2,1150.38,1730.8199999999997
4096.25,1368.0817647058823,2728.168235294118
5622.83,4064.7599999999998,1558.0700000000002
1028.47,1198.9064705882356,-170.43647058823558
3753.47,2628.1949999999997,1125.275
815.52,1123.2471428571428,-307.7271428571428
1913.81,1215.5032857142858,698.3067142857142
8903.79,6249.915,2653.875000000001
2458.02,5973.68,-3515.6600000000003
2500.44,1730.9294520547949,769.5105479452052
1396.75,2887.1666666666665,-1490.4166666666665
2269.6,974.4866666666666,1295.1133333333332
2016.69,2280.47,-263.77999999999975
1932.72,1741.7699662162158,190.9500337837842
2515.47,2299.3866666666668,216.08333333333303
3882.54,1528.88,2353.66
11679.55,3608.8615686274497,8070.6884313725495
3212.4,1119.5544117647062,2092.8455882352937
1547.51,2294.6113333333333,-747.1013333333333
8558.79,9222.275000000001,-663.4850000000006
2759.61,2785.5451428571423,-25.935142857142182
2294.12,4272.185,-1978.0650000000005
3685.76,6613.709,-2927.9489999999996
4599.72,4312.953333333334,286.7666666666664
670.68,891.7589984101745,-221.07899841017456
631.01,2127.760465116279,-1496.7504651162792
595.0,1339.1477467411546,-744.1477467411546
3950.9,4053.783333333334,-102.88333333333412
984.78,1359.358392857143,-374.57839285714294
726.12,1072.8410900473932,-346.7210900473932
922.65,1885.37725490196,-962.72725490196
920.16,953.4549999999999,-33.29499999999996
6558.81,5586.703571428572,972.1064285714283
1746.02,891.7589984101745,854.2610015898255
5964.58,7573.924999999999,-1609.3449999999993
1424.2,1011.1607407407408,413.0392592592592
1671.33,1165.1766315789473,506.1533684210526
1932.1,1198.66,733.4399999999998
2042.41,2438.733846153846,-396.32384615384603
2449.51,4471.64,-2022.13
803.24,1707.826808510638,-904.5868085106381
3788.79,2644.049214285714,1144.7407857142862
4055.41,4737.08,-681.6700000000001
300.12,2865.5249999999996,-2565.4049999999997
1686.2,3760.1366666666668,-2073.9366666666665
6712.68,1284.49,5428.1900000000005
1237.94,1529.49,-291.54999999999995
3371.89,3243.587142857142,128.30285714285765
1520.05,1486.1123931623931,33.937606837606836
6422.37,3680.307142857143,2742.062857142857
463.16,891.7589984101745,-428.5989984101745
1485.39,2077.584807692308,-592.1948076923079
2455.7,1441.3738095238098,1014.32619047619
1798.62,1366.7233333333334,431.89666666666653
1482.61,4352.715,-2870.1050000000005
1559.12,1582.952155591573,-23.832155591573155
4270.46,3001.5109523809524,1268.9490476190476
2982.81,1645.7754761904757,1337.0345238095242
856.1,2123.062777777778,-1266.9627777777782
4002.73,3917.945,84.78499999999985
2686.32,2482.7915999999996,203.5284000000006
4776.09,2075.5086559139795,2700.5813440860206
4589.93,6486.693555555555,-1896.7635555555544
2022.36,1492.0019298245609,530.358070175439
2731.45,1058.315,1673.1349999999998
2388.65,885.0615384615384,1503.5884615384616
762.34,1582.952155591573,-820.612155591573
446.34,1339.1477467411546,-892.8077467411547
3001.34,656.7333333333333,2344.6066666666666
4869.12,2732.6499999999996,2136.4700000000003
1070.86,1730.9294520547949,-660.069452054795
1564.68,1811.8766666666663,-247.19666666666626
5445.3,4905.193034825869,540.1069651741309
4809.43,6715.786666666667,-1906.3566666666666
2057.96,3133.8022977346272,-1075.8422977346272
3306.47,7757.385,-4450.915000000001
5958.17,2740.44,3217.73
1142.0,1615.8500000000001,-473.85000000000014
1563.52,1279.92,283.5999999999999
5954.6,4879.166363636363,1075.4336363636376
4024.68,724.9466666666666,3299.733333333333
1413.57,1401.3443269230766,12.225673076923385
2136.48,1102.0423529411764,1034.4376470588236
970.44,1582.952155591573,-612.512155591573
5209.66,1614.4115476190473,3595.2484523809526
667.96,3744.315416666667,-3076.3554166666668
2560.47,1473.1143859649121,1087.3556140350877
4935.54,1741.7699662162158,3193.770033783784
4812.92,9740.043333333335,-4927.123333333335
901.18,2031.24,-1130.06
736.65,1083.2658312958426,-346.61583129584267
3652.02,1919.1950000000002,1732.8249999999998
2425.03,1307.9081481481487,1117.1218518518515
1246.64,1087.3551648351647,159.28483516483539
610.87,2075.5086559139795,-1464.6386559139796
621.29,1331.1833333333334,-709.8933333333334
766.98,1083.2658312958426,-316.2858312958426
1009.29,1134.695913461539,-125.40591346153906
6197.2,3732.0200000000004,2465.1799999999994
1731.96,2216.7407317073175,-484.7807317073175
991.83,1087.3551648351647,-95.52516483516467
3136.43,1473.1143859649121,1663.3156140350877
1128.5,1868.9025000000001,-740.4025000000001
2442.77,4300.985,-1858.2149999999997
6467.26,4260.33,2206.9300000000003
2373.79,1712.805,660.9849999999999
8116.39,4536.79,3579.6000000000004
2748.05,3161.2125,-413.1624999999999
1738.15,1885.37725490196,-147.2272549019599
2116.88,2352.8409999999994,-235.96099999999933
5469.22,2823.91,2645.3100000000004
11063.68,5680.853333333333,5382.826666666668
2346.65,2125.1815116279063,221.46848837209382
15275.4,4855.655000000001,10419.744999999999
1619.74,3167.797272727273,-1548.0572727272731
1370.6,1386.7312068965518,-16.13120689655193
1907.8,1512.9971014492753,394.80289855072465
2046.82,638.14,1408.6799999999998
6315.26,2077.584807692308,4237.675192307692
2357.79,1279.5133333333333,1078.2766666666666
2082.41,6466.086666666667,-4383.676666666667
9329.48,8144.5,1184.9799999999996
1213.63,1134.695913461539,78.93408653846109
13661.13,4127.001428571429,9534.12857142857
5377.16,2294.0150000000003,3083.1449999999995
3980.87,13368.800000000001,-9387.93
2411.23,1582.952155591573,828.277844408427
768.41,1072.8410900473932,-304.43109004739324
2683.19,3938.5950000000003,-1255.4050000000002
840.55,4788.629999999999,-3948.079999999999
1141.56,1741.7699662162158,-600.2099662162159
2716.61,1435.508924731183,1281.101075268817
1994.88,1083.2658312958426,911.6141687041575
5738.18,6625.155000000001,-886.9750000000004
1779.13,1737.4375,41.69250000000011
6865.4,2283.282857142857,4582.117142857142
1763.66,3704.75,-1941.09
1171.8,1235.7859259259262,-63.98592592592627
666.53,4199.465,-3532.9350000000004
1966.41,3133.8022977346272,-1167.3922977346272
3078.36,2788.153333333333,290.20666666666693
1345.32,1114.5110714285713,230.80892857142862
2132.91,1374.5364321608047,758.3735678391952
8496.17,15241.395,-6745.225
1556.51,1374.5364321608047,181.9735678391953
9393.58,4689.34,4704.24
3379.08,7033.625,-3654.545
8446.75,2035.9105263157896,6410.83947368421
2610.05,2936.9366666666665,-326.8866666666663
611.4,1307.9081481481487,-696.5081481481487
1034.33,1728.6270025839794,-694.2970025839795
1933.47,6921.94,-4988.469999999999
1391.79,1083.2658312958426,308.5241687041573
2779.43,1083.2658312958426,1696.1641687041572
1737.02,2342.365185185186,-605.345185185186
2570.23,1372.77125,1197.45875
11537.43,9829.565,1707.8649999999998
3032.99,2351.563037974683,681.4269620253167
3176.41,4929.16,-1752.75
3104.55,2010.9675,1093.5825000000002
8610.93,5253.795,3357.135
2136.95,3969.6224999999995,-1832.6724999999997
1248.72,1246.3510857142865,2.368914285713572
3855.45,2000.8899999999999,1854.56
2622.03,3424.7666666666664,-802.7366666666662
3924.11,1513.22,2410.8900000000003
1994.76,2270.5078521126757,-275.7478521126757
5924.68,2962.0112500000005,2962.66875
748.42,891.7589984101745,-143.33899841017455
13469.9,3141.962857142857,10327.937142857143
8713.41,7887.865,825.5450000000001
1877.8,3559.4533333333334,-1681.6533333333334
587.26,1359.358392857143,-772.0983928571429
1003.44,3607.9225,-2604.4825
4748.97,1856.0305434782601,2892.93945652174
1115.51,1246.3510857142865,-130.84108571428646
2934.56,3616.41,-681.8499999999999
6739.17,8586.76,-1847.5900000000001
2746.01,1441.3738095238098,1304.6361904761904
2210.4,2632.0481999999993,-421.6481999999992
1417.73,1087.3551648351647,330.3748351648353
1085.38,1372.77125,-287.3912499999999
4368.2,1840.3066666666666,2527.8933333333334
4904.68,6694.163333333334,-1789.4833333333336
884.7,1246.3510857142865,-361.6510857142864
1568.34,1533.4755555555546,34.864444444445326
3865.0,4905.193034825869,-1040.1930348258693
8597.52,3944.732941176471,4652.787058823529
10466.52,8978.48,1488.0400000000009
1713.87,1119.5544117647062,594.3155882352937
4150.03,7176.22,-3026.1900000000005
6123.73,6407.6900000000005,-283.96000000000095
702.04,1241.5321965317924,-539.4921965317924
3557.21,3712.32,-155.11000000000013
3169.95,1659.3433333333332,1510.6066666666666
4455.84,3669.085,786.7550000000001
12681.44,14041.0,-1359.5599999999995
1258.65,2934.3138461538465,-1675.6638461538464
945.61,1554.1666666666667,-608.5566666666667
4149.82,5442.99,-1293.17
1985.7,3179.275,-1193.575
2538.97,3351.3309090909092,-812.3609090909094
1708.5,1629.956666666667,78.54333333333307
2415.7,2075.5086559139795,340.1913440860203
867.23,1095.6265714285714,-228.3965714285714
2129.97,1694.3049999999998,435.66499999999996
1489.24,1289.9220869565213,199.3179130434787
4942.91,2934.3138461538465,2008.5961538461534
2376.98,3800.9233333333336,-1423.9433333333336
4386.81,2888.316666666667,1498.4933333333333
2072.12,3237.6137209302324,-1165.4937209302325
1933.2,1380.1731818181818,553.0268181818183
3969.66,3164.25,805.4099999999999
1067.19,2149.170769230769,-1081.980769230769
3571.07,3680.240571428572,-109.17057142857175
3806.47,7124.32,-3317.85
4785.5,2139.2647368421053,2646.2352631578947
2239.18,1190.8223387096778,1048.357661290322
6189.89,2744.4849999999997,3445.4050000000007
2423.76,1423.1828333333328,1000.5771666666674
2982.58,1083.2658312958426,1899.3141687041573
2005.08,2785.5451428571423,-780.4651428571424
4863.8,2680.92,2182.88
1571.98,11423.349999999999,-9851.369999999999
5083.09,3048.9429411764704,2034.1470588235297
616.91,2009.244155844156,-1392.3341558441562
1687.64,1095.6265714285714,592.0134285714287
3814.11,4656.986666666667,-842.8766666666666
6583.56,5671.174999999999,912.3850000000011
2402.93,2959.5627999999997,-556.6327999999999
2323.09,6310.98,-3987.8899999999994
5002.43,2616.985,2385.445
1303.43,1486.1123931623931,-182.68239316239305
7284.95,5437.22,1847.7299999999996
1796.6,1221.935,574.665
1835.88,924.22,911.6600000000001
1043.07,4003.254736842104,-2960.184736842104
5307.92,5091.203333333334,216.71666666666624
1404.71,1072.8410900473932,331.8689099526068
2301.38,2643.7366666666667,-342.35666666666657
980.67,891.7589984101745,88.91100158982545
15792.69,6073.1832258064505,9719.506774193549
1538.53,820.26,718.27
4983.33,10550.55,-5567.219999999999
4438.04,2600.7398648648646,1837.3001351351354
3060.63,1720.633917525774,1339.9960824742261
6294.57,10054.865,-3760.295
913.36,1198.66,-285.30000000000007
3307.34,2222.9797530864194,1084.3602469135808
1402.71,4438.403333333333,-3035.6933333333327
6611.71,2860.2700000000004,3751.4399999999996
3925.23,5660.256666666667,-1735.026666666667
840.36,1728.6270025839794,-888.2670025839794
1269.85,1741.7699662162158,-471.9199662162159
3826.04,2785.5451428571423,1040.4948571428577
7835.17,11674.735,-3839.5650000000005
2347.67,1625.221149897332,722.4488501026681
12687.04,16097.9,-3410.8599999999988
3442.42,2437.49,1004.9300000000003
1213.36,2735.95,-1522.59
1732.05,2155.961849710981,-423.91184971098096
892.62,1609.0465909090906,-716.4265909090906
2285.56,1754.9989999999998,530.5610000000001
997.03,3591.7125,-2594.6825
2648.64,6244.12,-3595.48
6196.63,2026.896850393702,4169.733149606298
1456.25,1338.952857142857,117.29714285714294
5241.63,3180.522,2061.108
2037.83,2036.9900000000002,0.8399999999996908
2311.8,3499.146666666667,-1187.3466666666668
1312.59,1215.5032857142858,97.08671428571415
1455.85,3449.185,-1993.335
1198.32,1252.831111111111,-54.51111111111118
1287.16,1645.7754761904757,-358.61547619047565
3258.36,4745.3550000000005,-1486.9950000000003
915.6,5821.625,-4906.025
4029.39,7424.848333333334,-3395.4583333333344
280.76,1697.1841916167655,-1416.4241916167655
1912.99,2644.049214285714,-731.0592142857138
1910.6,2602.4866666666667,-691.8866666666668
1849.77,3071.5540909090896,-1221.7840909090896
2542.54,976.9850000000001,1565.5549999999998
672.33,1011.1607407407408,-338.8307407407408
2306.46,1648.665588235294,657.794411764706
1483.77,2096.5755555555556,-612.8055555555557
1926.84,1599.255,327.5849999999998
1508.8,2009.244155844156,-500.44415584415606
1530.93,687.31,843.6200000000001
11231.39,6855.903333333333,4375.486666666667
3393.4,8344.411481481482,-4951.011481481482
2559.53,5052.406666666667,-2492.8766666666666
1164.92,1246.3510857142865,-81.43108571428638
1074.93,1441.3738095238098,-366.4438095238097
2980.57,2852.92,127.65000000000009
1352.35,3251.84380952381,-1899.49380952381
8296.71,10641.573333333334,-2344.8633333333346
3388.34,1536.46375,1851.8762500000003
317.41,1127.9675,-810.5574999999999
1081.92,1811.4058510638301,-729.4858510638301
1522.55,2077.584807692308,-555.034807692308
652.56,891.7589984101745,-239.19899841017457
2231.03,8053.916666666667,-5822.886666666667
784.84,933.7166666666667,-148.87666666666667
1012.13,692.8850000000001,319.2449999999999
695.0,1697.1841916167655,-1002.1841916167655
4374.48,7632.040000000001,-3257.5600000000013
977.17,1474.0749999999998,-496.90499999999986
1485.58,1582.952155591573,-97.37215559157312
575.99,1802.9160606060605,-1226.9260606060604
4035.2,2411.221428571429,1623.9785714285708
1297.06,1198.66,98.39999999999986
3743.3,6384.7699999999995,-2641.4699999999993
2663.71,1200.9450000000002,1462.7649999999999
6424.03,4467.77,1956.2599999999993
474.22,1694.1446153846155,-1219.9246153846154
5158.54,4077.16,1081.38
1297.77,3817.79,-2520.02
2845.65,1231.672,1613.978
568.61,2077.584807692308,-1508.9748076923079
1154.6,7493.706666666668,-6339.106666666668
3228.58,1190.8223387096778,2037.7576612903222
1569.21,3737.895,-2168.685
1867.57,1620.4776767676765,247.09232323232345
4637.35,5062.353636363637,-425.00363636363636
888.92,2342.9523880597008,-1454.0323880597007
2437.06,4905.193034825869,-2468.1330348258693
8437.75,1798.08,6639.67
1926.24,2674.685,-748.4449999999999
3417.54,2270.5078521126757,1147.0321478873243
1173.59,1339.1477467411546,-165.5577467411547
6047.8,2811.47,3236.3300000000004
2350.35,1473.6666197183101,876.6833802816898
2183.94,1055.3614285714286,1128.5785714285714
4708.22,2352.8409999999994,2355.379000000001
2253.6,2202.146363636364,51.453636363635724
1078.84,1707.826808510638,-628.9868085106382
1237.16,1083.2658312958426,153.89416870415744
9938.88,4309.83,5629.049999999999
2211.0,4028.255,-1817.255
1636.79,1339.1477467411546,297.64225325884536
6978.04,1453.0024999999998,5525.0375
1328.41,1582.952155591573,-254.54215559157296
2581.04,2785.5451428571423,-204.50514285714235
5970.79,4469.20537037037,1501.5846296296304
1931.36,4851.6866666666665,-2920.326666666667
1552.38,1246.3510857142865,306.02891428571365
3873.86,7409.110000000001,-3535.2500000000005
1169.32,1741.7699662162158,-572.4499662162159
2776.08,2270.5078521126757,505.57214788732426
949.53,990.9095714285717,-41.379571428571694
424.36,1838.3531182795696,-1413.9931182795694
1365.4,1438.0397872340425,-72.63978723404239
3283.96,13986.52,-10702.560000000001
4651.49,2794.6699999999996,1856.8200000000002
1595.63,1190.8223387096778,404.80766129032236
1601.01,1811.4058510638301,-210.39585106383015
1750.51,3607.036,-1856.526
3797.27,5206.636666666666,-1409.3666666666663
740.22,5680.415000000001,-4940.195000000001
3205.45,3133.8022977346272,71.64770226537257
1120.82,1811.4058510638301,-690.5858510638302
7360.31,6852.8099999999995,507.5000000000009
701.69,1386.7312068965518,-685.0412068965518
5131.64,5893.546666666666,-761.9066666666658
1672.69,852.9549999999999,819.7350000000001
4026.09,2473.29313559322,1552.79686440678
2486.84,749.44,1737.4
7293.8,8115.780000000001,-821.9800000000005
4153.27,2259.81,1893.4600000000005
5393.6,2127.760465116279,3265.839534883721
1947.09,1423.1828333333328,523.9071666666671
1764.95,1700.0919047619047,64.8580952380953
8813.06,835.45,7977.61
1255.36,2155.961849710981,-900.601849710981
1241.88,2944.7510000000007,-1702.8710000000005
3372.23,1184.1188888888892,2188.111111111111
822.69,1811.4058510638301,-988.7158510638301
1303.9,2342.9523880597008,-1039.0523880597007
1330.93,1473.6666197183101,-142.73661971831007
4986.17,3621.525,1364.645
2101.05,7004.196666666667,-4903.1466666666665
1410.87,2196.984175824176,-786.1141758241761
3814.21,1359.358392857143,2454.851607142857
2506.14,1190.8223387096778,1315.3176612903221
216.83,1188.746875,-971.916875
7456.29,2644.895,4811.395
7635.07,5195.483333333334,2439.586666666666
1432.03,5031.405,-3599.375
1677.74,1119.96,557.78
4192.91,2766.2031250000005,1426.7068749999994
1461.9,1707.826808510638,-245.926808510638
1488.19,1508.6142857142859,-20.424285714285816
7890.87,4111.544615384615,3779.325384615385
601.55,1317.1166666666668,-715.5666666666668
1520.17,1416.49,103.68000000000006
2288.38,1492.0019298245609,796.3780701754392
6906.02,6127.983333333334,778.0366666666669
2427.8,1856.0305434782601,571.76945652174
1811.93,1190.8223387096778,621.1076612903223
6184.74,14005.493333333332,-7820.753333333332
3143.33,3887.7250000000004,-744.3950000000004
851.43,1246.3510857142865,-394.9210857142865
7823.27,4456.665,3366.6050000000005
1228.93,1210.0553846153846,18.87461538461548
699.21,1648.665588235294,-949.455588235294
1063.6,1134.695913461539,-71.09591346153911
10813.59,1895.7,8917.89
1565.29,3133.8022977346272,-1568.5122977346273
517.8,811.8063157894736,-294.00631578947366
2465.37,1579.1314285714293,886.2385714285706
4551.71,3085.6417307692295,1466.0682692307705
3254.08,2222.9797530864194,1031.1002469135806
2588.68,3799.115,-1210.435
5094.23,4088.893829787233,1005.3361702127668
943.64,4102.986666666667,-3159.346666666667
2279.8,2270.5078521126757,9.292147887324518
988.65,1486.1123931623931,-497.46239316239314
1808.04,1555.5236363636366,252.5163636363634
8647.34,6073.1832258064505,2574.1567741935496
1648.21,1235.7859259259262,412.4240740740738
2743.09,2270.5078521126757,472.5821478873245
1372.85,3788.2358823529407,-2415.385882352941
4293.5,6944.525,-2651.0249999999996
336.4,1905.8200000000002,-1569.42
9949.55,7099.535,2850.0149999999994
7657.41,3210.955,4446.455
157.18,4396.795,-4239.615
2879.14,1730.9294520547949,1148.210547945205
4394.78,1090.75,3304.0299999999997
2016.37,1362.5575,653.8125
1294.73,1449.3400000000001,-154.61000000000013
3178.38,1421.427931034483,1756.9520689655171
2488.4,1473.6666197183101,1014.73338028169
6273.74,1648.665588235294,4625.0744117647055
2600.83,1867.0386666666668,733.7913333333331
841.63,1380.1731818181818,-538.5431818181818
2073.53,1231.672,841.8580000000002
3095.34,4505.965,-1410.625
518.64,2127.760465116279,-1609.1204651162793
4333.46,3478.865,854.5950000000003
1617.88,2077.584807692308,-459.7048076923079
1427.65,891.7589984101745,535.8910015898256
8941.06,1824.14,7116.919999999999
1822.96,1374.5364321608047,448.42356783919536
5156.14,4237.403333333334,918.7366666666667
1696.04,3239.6622222222227,-1543.6222222222227
1573.82,2566.79,-992.97
1873.36,1582.952155591573,290.40784440842685
836.4,1866.0533333333333,-1029.6533333333332
1669.0,1241.5321965317924,427.46780346820765
7724.12,1252.27,6471.85
2976.53,4091.615,-1115.0849999999996
804.75,1827.47,-1022.72
2202.23,2351.563037974683,-149.33303797468307
872.29,1598.24,-725.95
2837.53,3082.1,-244.5699999999997
2014.6,1891.7685416666673,122.83145833333265
3751.23,2600.7398648648646,1150.4901351351355
3347.67,2928.0750000000003,419.5949999999998
1460.43,3485.1666666666665,-2024.7366666666665
474.85,1134.695913461539,-659.845913461539
1592.35,3067.725,-1475.375
2586.84,1083.2658312958426,1503.5741687041575
1489.05,1492.0019298245609,-2.9519298245609207
828.55,1697.1841916167655,-868.6341916167655
5107.0,1320.6898281786955,3786.3101718213047
5041.82,7607.563333333334,-2565.7433333333347
2285.97,1196.895,1089.0749999999998
1636.65,1792.635,-155.9849999999999
1361.48,2959.5627999999997,-1598.0827999999997
688.05,1083.2658312958426,-395.2158312958427
1323.86,1165.1766315789473,158.6833684210526
1757.81,1134.695913461539,623.1140865384609
987.55,3133.8022977346272,-2146.252297734627
650.05,6475.591754385963,-5825.541754385963
1983.81,1374.5364321608047,609.2735678391953
4208.15,3680.240571428572,527.9094285714277
839.7,1374.5364321608047,-534.8364321608046
2582.61,1720.633917525774,861.9760824742261
881.33,891.7589984101745,-10.428998410174472
1081.6,1720.633917525774,-639.0339175257741
6921.56,9073.656666666666,-2152.0966666666654
3444.7,4561.083333333333,-1116.3833333333332
3019.29,1947.226,1072.0639999999999
701.55,3220.295517241379,-2518.7455172413793
1095.52,1215.5032857142858,-119.98328571428578
2149.09,2858.4132692307708,-709.3232692307706
826.28,1165.1766315789473,-338.89663157894734
1421.79,1312.127083333333,109.66291666666689
1009.03,1339.1477467411546,-330.11774674115463
1065.56,2679.635,-1614.0750000000003
744.88,2869.2400000000002,-2124.36
3577.93,891.7589984101745,2686.171001589825
7207.08,5040.25,2166.83
5372.25,3085.6417307692295,2286.6082692307705
1558.82,3417.5150000000003,-1858.6950000000004
638.37,1339.1477467411546,-700.7777467411546
1813.03,1083.2658312958426,729.7641687041573
2209.62,1190.8223387096778,1018.7976612903221
904.3,1119.5544117647062,-215.25441176470622
2090.31,1486.1123931623931,604.1976068376068
1239.97,1853.886875,-613.9168749999999
3589.12,2294.6113333333333,1294.5086666666666
3050.5,1625.221149897332,1425.278850102668
2531.44,1361.9568,1169.4832000000001
4066.4,3357.0414999999994,709.3585000000007
530.49,726.0799999999999,-195.58999999999992
1380.14,1246.3510857142865,133.78891428571364
3744.77,8922.279999999999,-5177.509999999998
1053.35,1512.9971014492753,-459.6471014492754
3533.98,7082.07,-3548.0899999999997
2667.01,2197.02,469.99000000000024
3206.74,890.975,2315.765
3303.16,1726.6399999999999,1576.52
1209.82,1374.5364321608047,-164.71643216080474
431.76,1582.952155591573,-1151.192155591573
838.48,1512.9971014492753,-674.5171014492753
4523.68,5878.255,-1354.5749999999998
1976.97,4305.87,-2328.8999999999996
3573.93,3133.8022977346272,440.1277022653726
5447.55,1701.42,3746.13
841.13,1339.1477467411546,-498.0177467411546
1920.32,2811.7900000000004,-891.4700000000005
4845.45,1728.6270025839794,3116.8229974160204
1875.82,1896.7369999999999,-20.916999999999916
465.81,891.7589984101745,-425.9489984101745
3402.42,3180.522,221.89800000000014
5851.81,3612.11294117647,2239.6970588235304
1373.46,1648.665588235294,-275.20558823529404
4642.22,1571.33,3070.8900000000003
2433.85,1474.391707317073,959.4582926829269
1845.67,1289.9220869565213,555.7479130434788
871.59,2229.923793103448,-1358.333793103448
11314.26,6073.1832258064505,5241.07677419355
2662.3,2546.092209302326,116.20779069767423
3383.89,2219.395,1164.495
1817.56,990.9095714285717,826.6504285714283
1288.22,1190.8223387096778,97.39766129032228
7916.01,1457.0400000000002,6458.97
715.36,1083.2658312958426,-367.90583129584263
2484.53,3133.8022977346272,-649.272297734627
1408.12,3539.536,-2131.416
6720.75,6306.514999999999,414.2350000000006
1060.88,1212.989069767442,-152.10906976744195
2337.62,2270.5078521126757,67.11214788732423
1629.33,3728.17,-2098.84
1250.35,1191.6266666666668,58.72333333333313
4110.21,2649.993636363636,1460.216363636364
2774.21,6305.9349999999995,-3531.7249999999995
837.86,891.7589984101745,-53.8989984101745
5905.3,6305.9349999999995,-400.6349999999993
835.86,1072.8410900473932,-236.9810900473932
16197.37,4453.48,11743.890000000001
1376.34,3031.846666666667,-1655.506666666667
2063.35,2473.29313559322,-409.9431355932202
8105.65,5030.777999999999,3074.8720000000003
1652.68,3041.027714285715,-1388.3477142857148
3287.55,3231.685,55.86500000000024
3496.69,2234.443333333333,1262.246666666667
1634.13,1393.2,240.93000000000006
449.44,1359.358392857143,-909.9183928571429
331.08,1241.5321965317924,-910.4521965317924
7366.2,1465.0881818181817,5901.111818181818
869.71,1339.1477467411546,-469.43774674115457
1414.56,1625.221149897332,-210.66114989733205
584.51,1320.6898281786955,-736.1798281786955
576.9,1741.7699662162158,-1164.8699662162157
1732.25,1165.1766315789473,567.0733684210527
1786.95,774.1475,1012.8025
5816.97,6561.615,-744.6449999999995
898.02,1212.989069767442,-314.9690697674421
4345.68,6822.913333333334,-2477.2333333333336
6960.51,11083.616666666667,-4123.106666666667
862.7,990.9095714285717,-128.20957142857162
2001.32,1790.6171428571429,210.70285714285706
1939.59,1462.2313636363629,477.35863636363706
3365.37,1620.4776767676765,1744.8923232323234
1289.1,2993.915,-1704.815
1045.4,4428.93,-3383.53
2390.46,4325.965,-1935.505
1617.72,3874.7100000000005,-2256.9900000000007
1236.73,1246.3510857142865,-9.621085714286437
8573.37,4549.940999999999,4023.429000000002
1441.91,1320.6898281786955,121.22017182130458
981.34,1728.6270025839794,-747.2870025839794
4138.85,5680.415000000001,-1541.5650000000005
677.15,794.435,-117.28499999999997
2699.78,4111.544615384615,-1411.764615384615
787.58,891.7589984101745,-104.17899841017447
617.87,1339.1477467411546,-721.2777467411546
6467.05,1707.9899999999998,4759.06
3207.04,2138.513571428571,1068.5264285714288
1594.56,1119.5544117647062,475.00558823529377
2052.2,1720.633917525774,331.5660824742258
2680.42,2461.52,218.9000000000001
2334.32,2567.3129670329668,-232.9929670329666
1357.23,1215.5032857142858,141.72671428571425
1435.0,5826.023999999999,-4391.023999999999
3027.9,2811.3733333333334,216.52666666666664
942.08,889.5166666666668,52.563333333333276
1611.02,1111.6399999999999,499.3800000000001
1146.77,3072.5249999999996,-1925.7549999999997
977.31,1246.3510857142865,-269.0410857142865
1901.95,1995.0906666666665,-93.14066666666645
407.38,1339.1477467411546,-931.7677467411546
4975.24,3821.6566666666663,1153.5833333333335
2984.58,2077.584807692308,906.9951923076919
2368.28,2388.9607692307686,-20.68076923076842
630.9,1241.5321965317924,-610.6321965317924
5115.72,1793.2666666666667,3322.453333333334
4267.62,5046.026666666667,-778.4066666666668
1931.64,1361.9568,569.6832000000002
4297.62,1995.0475000000001,2302.5724999999998
2280.98,1486.1123931623931,794.8676068376069
825.62,1579.1314285714293,-753.5114285714293
1037.27,2294.6113333333333,-1257.3413333333333
4506.71,5014.474,-507.7640000000001
3455.1,3019.415,435.68499999999995
4086.3,2511.145,1575.1550000000002
1337.8,3969.6224999999995,-2631.8224999999993
5107.98,9291.133333333333,-4183.153333333334
1984.93,1728.6270025839794,256.3029974160206
2509.7,1754.6350000000002,755.0649999999996
2924.18,725.9566666666666,2198.2233333333334
2661.58,7820.795,-5159.215
2433.26,2762.0022522522527,-328.74225225225246
2879.04,2772.1775000000002,106.86249999999973
3299.87,16819.135000000002,-13519.265000000003
2244.13,2610.6800000000003,-366.5500000000002
1101.46,511.7366666666667,589.7233333333334
2311.1,2075.5086559139795,235.5913440860204
1458.68,1576.4004878048784,-117.7204878048783
1304.27,1246.3510857142865,57.91891428571353
1344.08,1741.7699662162158,-397.6899662162159
1388.16,1246.3510857142865,141.80891428571363
824.54,1339.1477467411546,-514.6077467411546
3918.29,2785.5451428571423,1132.7448571428577
8169.51,7328.606666666667,840.9033333333336
3261.7,1362.5575,1899.1425
352.35,1087.3551648351647,-735.0051648351647
1261.04,4905.193034825869,-3644.1530348258693
10382.0,7092.56,3289.4399999999996
1178.63,2155.8450000000003,-977.2150000000001
26660.3,5030.777999999999,21629.522
2288.44,3944.732941176471,-1656.2929411764708
853.6,1486.1123931623931,-632.5123931623931
4257.41,2294.6113333333333,1962.7986666666666
10964.5,16394.29,-5429.790000000001
1224.96,1374.5364321608047,-149.57643216080464
11685.09,5928.806666666666,5756.283333333334
4081.32,7066.933333333334,-2985.613333333334
2044.43,1810.4461538461537,233.98384615384634
2205.68,2569.555,-363.875
4951.0,6639.812424242424,-1688.8124242424237
2368.92,1245.1525714285715,1123.7674285714286
2102.31,3133.8022977346272,-1031.4922977346273
1490.53,891.7589984101745,598.7710015898255
6040.78,1792.635,4248.1449999999995
1574.11,1720.633917525774,-146.5239175257741
1831.13,3947.9233333333336,-2116.7933333333335
8166.7,10003.397857142858,-1836.697857142858
1338.87,1837.255,-498.3850000000002
846.18,1339.1477467411546,-492.96774674115466
9952.63,1673.845,8278.785
4790.42,2900.045,1890.375
5110.58,1129.5700000000002,3981.0099999999998
2656.47,9193.215,-6536.745000000001
753.93,1374.5364321608047,-620.6064321608047
4210.87,4154.2,56.67000000000007
1256.0,1241.5321965317924,14.467803468207649
1445.81,1215.5032857142858,230.30671428571418
950.38,6128.78,-5178.4
5243.16,9693.743333333334,-4450.583333333334
2710.85,1552.622133333333,1158.2278666666668
2538.51,9370.92,-6832.41
2605.48,1888.8803846153846,716.5996153846154
2184.78,2299.3866666666668,-114.60666666666657
1726.55,3608.8615686274497,-1882.3115686274498
4547.0,5780.92,-1233.92
6682.14,2270.5078521126757,4411.632147887325
2901.02,4616.855,-1715.8349999999996
3195.24,5463.583333333333,-2268.3433333333332
1475.81,2176.075,-700.2649999999999
882.76,1119.5544117647062,-236.79441176470618
1704.6,1339.1477467411546,365.4522532588453
5580.02,4905.193034825869,674.8269651741311
770.6,3866.915,-3096.315
1470.68,1246.3510857142865,224.3289142857136
3204.52,4859.426666666666,-1654.9066666666663
2267.49,1161.85,1105.6399999999999
927.44,4205.325,-3277.8849999999998
3126.73,3612.11294117647,-485.38294117647
1495.07,1307.9081481481487,187.16185185185122
1120.61,2959.5627999999997,-1838.9527999999998
2292.98,2715.74,-422.75999999999976
3451.82,1112.583,2339.237
13654.95,16686.655,-3031.704999999998
6233.06,2265.15,3967.9100000000003
8473.77,6824.923333333333,1648.8466666666673
1388.45,2026.896850393702,-638.4468503937019
2676.76,1984.105272727273,692.6547272727273
807.44,1010.9475,-203.50749999999994
5638.16,6486.693555555555,-848.5335555555548
1554.06,4247.71,-2693.65
10880.74,16350.683333333334,-5469.9433333333345
4548.46,2935.8,1612.6599999999999
4110.66,1498.9299999999998,2611.73
735.63,693.275,42.35500000000002
1650.5,2785.5451428571423,-1135.0451428571423
1727.58,8272.91,-6545.33
4021.77,656.7333333333333,3365.036666666667
1652.9,5409.4349999999995,-3756.5349999999994
3807.49,2516.3,1291.1899999999996
1600.75,2886.68,-1285.9299999999998
3983.75,1579.1314285714293,2404.6185714285707
4379.12,1320.6898281786955,3058.4301718213046
1741.43,1811.4058510638301,-69.97585106383008
4219.41,7115.4766666666665,-2896.0666666666666
1127.46,1127.9675,-0.5074999999999363
3610.56,2377.1137142857147,1233.4462857142853
563.85,1119.5544117647062,-555.7044117647062
764.19,1241.5321965317924,-477.3421965317923
2992.98,1728.6270025839794,1264.3529974160206
1073.31,1241.5321965317924,-168.2221965317924
1852.08,1401.3443269230766,450.7356730769234
6369.53,6844.866666666666,-475.33666666666613
4005.39,2232.0166666666664,1773.3733333333334
663.81,1473.1143859649121,-809.3043859649122
4199.76,384.22499999999997,3815.5350000000003
710.69,1083.2658312958426,-372.5758312958426
529.16,1241.5321965317924,-712.3721965317924
1388.18,2669.745652173913,-1281.5656521739131
7169.03,9665.14,-2496.1099999999997
2168.21,3153.7233333333334,-985.5133333333333
1828.98,2778.5699999999997,-949.5899999999997
6441.2,10473.856666666667,-4032.6566666666668
405.8,1513.905,-1108.105
3657.92,3041.027714285715,616.8922857142852
2245.15,1838.3531182795696,406.7968817204305
2244.89,1320.6898281786955,924.2001718213044
7711.61,3133.8022977346272,4577.807702265372
6958.03,4807.764,2150.2659999999996
1542.24,1810.4461538461537,-268.2061538461537
2513.05,2095.685,417.36500000000024
6966.49,3257.125,3709.365
943.27,1119.5544117647062,-176.2844117647062
2438.97,3568.096666666667,-1129.126666666667
1050.01,1805.018947368421,-755.0089473684211
5114.81,2041.8200000000002,3072.9900000000002
1347.35,1620.4776767676765,-273.1276767676766
3056.8,1648.665588235294,1408.134411764706
3619.67,1190.8223387096778,2428.8476612903223
2427.37,3196.9637179487186,-769.5937179487187
1909.43,1386.7312068965518,522.6987931034482
1397.06,1856.0305434782601,-458.9705434782602
908.08,6591.526666666668,-5683.446666666668
787.12,3318.536666666667,-2531.416666666667
2985.38,6624.195,-3638.8149999999996
531.45,1119.5544117647062,-588.1044117647061
2844.47,2748.292,96.17799999999988
632.12,1453.9498550724638,-821.8298550724638
2705.28,2897.965,-192.68499999999995
1600.99,1264.5415384615383,336.44846153846174
745.76,1152.2413636363635,-406.48136363636354
761.41,1307.9081481481487,-546.4981481481487
2646.85,4088.893829787233,-1442.0438297872329
4555.81,2441.528,2114.2820000000006
2798.0,2536.276666666667,261.7233333333329
3690.28,3071.5540909090896,618.7259090909106
2100.84,8317.173333333334,-6216.333333333334
1285.67,1306.6933333333332,-21.023333333333085
1202.58,1020.2316666666667,182.34833333333324
2780.89,3932.486666666666,-1151.5966666666664
886.44,6295.39,-5408.950000000001
1990.36,2351.563037974683,-361.2030379746832
1976.15,4472.49,-2496.3399999999997
2041.11,1811.4058510638301,229.70414893616976
5039.38,1615.185,3424.195
2761.41,1023.3199999999999,1738.09
1087.65,1645.7754761904757,-558.1254761904756
953.26,990.9095714285717,-37.649571428571676
810.4,1625.221149897332,-814.821149897332
1308.57,1788.7749999999999,-480.2049999999999
8830.35,3777.865,5052.485000000001
799.25,1091.7507894736839,-292.5007894736839
1136.27,836.145,300.125
720.29,1087.3551648351647,-367.06516483516475
3155.72,1210.0553846153846,1945.6646153846152
566.05,1087.3551648351647,-521.3051648351648
600.6,2473.29313559322,-1872.6931355932202
1785.87,702.635,1083.235
6903.31,4548.608888888888,2354.7011111111124
2622.17,1212.1616666666666,1410.0083333333334
1504.24,1957.245,-453.0049999999999
3450.45,1985.9928571428577,1464.4571428571421
1133.99,1289.9220869565213,-155.9320869565213
9692.89,8053.916666666667,1638.9733333333324
460.8,1359.358392857143,-898.558392857143
1554.59,2647.326666666667,-1092.736666666667
1267.38,2270.5078521126757,-1003.1278521126756
2270.53,5132.373333333333,-2861.843333333333
1915.36,3696.0950000000003,-1780.7350000000004
2945.39,6424.635,-3479.2450000000003
1932.09,1210.0553846153846,722.0346153846153
6258.79,3502.54,2756.25
2033.28,3538.34,-1505.0600000000002
606.45,1985.9928571428577,-1379.5428571428577
2557.32,5571.95,-3014.6299999999997
857.22,1339.1477467411546,-481.9277467411546
3178.96,6813.9400000000005,-3634.9800000000005
4501.23,2570.9449999999997,1930.2849999999999
1588.95,1582.952155591573,5.9978444084269995
860.4,2011.4736666666663,-1151.0736666666662
1754.69,1087.3551648351647,667.3348351648353
829.84,1579.1314285714293,-749.2914285714293
1632.99,2532.6966666666667,-899.7066666666667
2810.2,3022.6871428571426,-212.48714285714277
3926.3,1811.4058510638301,2114.89414893617
1306.49,2538.0550000000003,-1231.5650000000003
2539.13,5878.303333333333,-3339.173333333333
856.53,1087.3551648351647,-230.82516483516474
1050.61,2647.326666666667,-1596.716666666667
4067.99,4104.66,-36.67000000000007
355.74,825.46,-469.72
2431.43,1369.4905194805194,1061.9394805194804
2636.61,4785.796666666666,-2149.186666666666
1934.18,4089.795,-2155.615
1342.83,4755.156666666667,-3412.326666666667
1259.82,1582.952155591573,-323.1321555915731
3272.25,1610.075,1662.175
976.61,1888.8803846153846,-912.2703846153846
5975.82,3372.51625,2603.3037499999996
1040.41,1856.0305434782601,-815.6205434782601
3410.46,2936.9366666666665,473.52333333333354
13570.6,9703.443333333333,3867.1566666666677
4189.85,4340.12,-150.26999999999953
680.36,1879.0057471264379,-1198.645747126438
1595.4,1595.2257142857143,0.17428571428581563
1981.08,2858.4132692307708,-877.3332692307708
1037.02,4195.895,-3158.8750000000005
611.52,1885.37725490196,-1273.85725490196
1717.42,1646.875,70.54500000000007
1763.5,3281.2733333333326,-1517.7733333333326
1443.64,2762.0022522522527,-1318.3622522522526
1004.08,1441.3738095238098,-437.2938095238097
1495.71,3227.1366666666668,-1731.4266666666667
776.38,1856.0305434782601,-1079.6505434782603
3695.98,2497.89,1198.0900000000001
12331.45,12547.075,-215.625
1905.01,1374.5364321608047,530.4735678391953
949.15,1741.7699662162158,-792.6199662162159
1471.02,4051.8149999999996,-2580.7949999999996
2055.31,2270.5078521126757,-215.19785211267572
784.6,1320.6898281786955,-536.0898281786955
678.92,2197.02,-1518.1
3602.7,1728.6270025839794,1874.0729974160204
1844.51,2766.2031250000005,-921.6931250000005
1591.03,6867.615,-5276.585
5964.19,7054.663333333333,-1090.4733333333334
1120.07,1134.695913461539,-14.625913461539085
1111.09,891.7589984101745,219.3310015898254
7036.75,1579.1314285714293,5457.618571428571
1563.0,1575.6066666666666,-12.60666666666657
906.04,1728.6270025839794,-822.5870025839795
2166.15,2270.5078521126757,-104.35785211267557
5626.51,3133.8022977346272,2492.707702265373
8461.37,8722.475,-261.10499999999956
5905.19,1070.424,4834.766
1583.11,1458.975,124.13499999999999
7378.71,1990.05875,5388.65125
4699.49,3788.2358823529407,911.254117647059
1768.42,976.7483333333331,791.671666666667
2098.38,1486.1123931623931,612.267606837607
6643.38,10193.433333333334,-3550.053333333334
2560.03,2502.02,58.01000000000022
1106.57,1625.221149897332,-518.6511498973321
1160.47,2077.584807692308,-917.114807692308
233.15,1972.1433333333334,-1738.9933333333333
2370.52,2492.3908108108108,-121.87081081081078
4188.97,3196.9637179487186,992.0062820512817
6304.7,3041.027714285715,3263.672285714285
6036.35,1320.6898281786955,4715.660171821305
3445.83,4042.623333333333,-596.7933333333331
1325.02,1423.11,-98.08999999999992
2183.38,2353.193333333333,-169.81333333333305
624.94,2075.5086559139795,-1450.5686559139795
770.15,1119.5544117647062,-349.4044117647062
1538.57,2003.8971428571426,-465.3271428571427
1384.71,1242.5600000000002,142.14999999999986
7079.41,6475.591754385963,603.8182456140366
886.41,2177.405,-1290.9950000000003
1643.97,5750.995,-4107.025
3183.28,937.3633333333333,2245.916666666667
5818.29,2624.6800000000003,3193.6099999999997
1163.84,990.9095714285717,172.93042857142825
1444.97,2735.205,-1290.235
2517.53,2644.049214285714,-126.51921428571359
1966.48,1648.665588235294,317.81441176470594
3450.78,2077.584807692308,1373.1951923076922
3383.41,2762.0022522522527,621.4077477477472
5089.85,3050.645,2039.2050000000004
1275.55,1552.622133333333,-277.0721333333331
1036.33,1741.7699662162158,-705.4399662162159
3035.67,6128.78,-3093.1099999999997
2065.27,4088.893829787233,-2023.6238297872328
1236.76,1838.3531182795696,-601.5931182795696
2085.47,1885.37725490196,200.0927450980398
3748.63,3539.008,209.6220000000003
1166.58,1885.37725490196,-718.7972549019601
813.95,1741.7699662162158,-927.8199662162158
6065.13,4905.193034825869,1159.9369651741308
15116.85,6931.165,8185.685
1690.56,1579.1314285714293,111.42857142857065
647.89,1134.695913461539,-486.80591346153903
7329.04,7105.84,223.19999999999982
813.64,1083.2658312958426,-269.62583129584266
595.78,1102.5345454545454,-506.75454545454545
1027.68,2161.325,-1133.6449999999998
1649.12,2762.0022522522527,-1112.8822522522528
1584.64,1224.3334482758623,360.30655172413776
2017.67,2233.385,-215.71500000000015
748.56,1339.1477467411546,-590.5877467411547
6980.84,10574.52,-3593.6800000000003
7375.91,8144.5,-768.5900000000001
1186.07,2009.244155844156,-823.1741558441561
895.92,1728.6270025839794,-832.7070025839795
1323.61,2155.961849710981,-832.351849710981
2756.39,5499.586666666666,-2743.1966666666663
4398.3,4329.255,69.04500000000007
849.67,1505.1374999999998,-655.4674999999999
2261.7,1134.695913461539,1127.0040865384608
3178.22,1241.5321965317924,1936.6878034682074
955.6,1811.4058510638301,-855.8058510638301
7972.47,11097.744999999999,-3125.2749999999987
9599.64,3384.478,6215.161999999999
913.13,2944.7510000000007,-2031.6210000000005
1113.44,4506.09,-3392.65
1417.18,1498.9299999999998,-81.74999999999977
1492.98,1151.0149999999999,341.96500000000015
3166.63,1576.4004878048784,1590.2295121951217
4312.86,7406.87,-3094.01
6763.17,6475.591754385963,287.57824561403686
3626.51,4689.34,-1062.83
914.18,1391.755,-477.57500000000016
1233.64,2256.424117647058,-1022.7841176470581
1379.07,1582.952155591573,-203.8821555915731
801.25,2910.24,-2108.99
3511.08,4905.193034825869,-1394.1130348258694
1348.03,1231.672,116.35799999999995
568.03,773.0966666666667,-205.06666666666672
3773.33,3858.5699999999997,-85.23999999999978
2236.06,1995.0906666666665,240.96933333333345
6257.58,2396.519047619048,3861.060952380952
612.77,3071.05,-2458.28
2125.58,1018.8333333333334,1106.7466666666664
4737.09,6075.25375,-1338.1637499999997
1511.48,1972.1433333333334,-460.6633333333334
6439.63,7966.054999999999,-1526.4249999999993
834.36,1083.2658312958426,-248.90583129584263
2585.5,1315.8885714285716,1269.6114285714284
2826.29,1339.1477467411546,1487.1422532588454
2662.95,1582.952155591573,1079.9978444084268
1379.7,2077.584807692308,-697.884807692308
3268.2,3551.0050000000006,-282.80500000000075
4764.42,4408.86,355.5600000000004
8351.07,7777.884444444445,573.1855555555549
2646.42,2342.9523880597008,303.4676119402993
3583.8,2342.9523880597008,1240.8476119402994
14267.91,2632.0481999999993,11635.8618
2388.31,2202.3526666666667,185.95733333333328
1218.54,1401.3443269230766,-182.8043269230766
1573.35,1362.8668421052632,210.48315789473668
575.48,990.9095714285717,-415.42957142857165
8954.31,5046.016666666666,3908.293333333333
2968.2,1944.8766666666668,1023.323333333333
1574.57,2216.7407317073175,-642.1707317073176
6654.87,4120.61,2534.26
686.4,891.7589984101745,-205.35899841017454
1724.14,4129.171600000001,-2405.0316000000003
801.36,5791.033333333333,-4989.673333333333
686.82,1241.5321965317924,-554.7121965317923
2077.9,726.0799999999999,1351.8200000000002
1203.55,1083.2658312958426,120.28416870415731
750.0,908.2483333333334,-158.24833333333345
8454.41,7970.299999999999,484.1100000000006
1088.85,1793.865,-705.0150000000001
2390.59,5160.243333333333,-2769.6533333333327
8139.87,9322.933333333332,-1183.0633333333326
2192.59,2473.29313559322,-280.70313559321994
2401.37,1320.6898281786955,1080.6801718213044
1092.16,2097.315,-1005.155
1514.05,1083.2658312958426,430.7841687041573
17647.79,4412.095,13235.695
6975.35,6726.910952380951,248.43904761904923
6021.69,2473.29313559322,3548.3968644067795
3085.79,5130.69,-2044.8999999999996
833.87,2125.1815116279063,-1291.3115116279064
1497.28,1441.3738095238098,55.906190476190204
1045.86,1246.3510857142865,-200.49108571428656
6449.39,2819.7766666666666,3629.6133333333337
986.34,1386.7312068965518,-400.3912068965518
1208.18,1579.1314285714293,-370.95142857142923
1365.8,3216.55,-1850.7500000000002
2264.63,3969.6224999999995,-1704.9924999999994
1803.74,1320.6898281786955,483.0501718213045
3841.29,3944.732941176471,-103.44294117647087
9583.07,2953.9166666666665,6629.153333333334
2471.83,4873.900000000001,-2402.0700000000006
609.65,1246.3510857142865,-636.7010857142865
905.22,891.7589984101745,13.461001589825514
2005.08,879.73,1125.35
1461.56,1582.952155591573,-121.3921555915731
1966.67,6363.905,-4397.235
2184.78,1697.1841916167655,487.5958083832347
421.36,1741.7699662162158,-1320.4099662162157
1175.59,1119.5544117647062,56.035588235293744
1780.13,2246.6455555555553,-466.51555555555524
1031.78,1576.4004878048784,-544.6204878048784
2731.15,2935.85652173913,-204.70652173913004
9448.79,3861.1966666666667,5587.593333333334
5740.76,3196.9637179487186,2543.7962820512817
2727.93,1386.7312068965518,1341.198793103448
2548.05,1582.952155591573,965.0978444084271
9612.96,6486.693555555555,3126.2664444444445
941.95,2858.4132692307708,-1916.4632692307707
6064.14,2858.4132692307708,3205.7267307692296
2650.77,3762.9966666666664,-1112.2266666666665
849.31,1083.2658312958426,-233.9558312958427
858.31,1741.7699662162158,-883.4599662162159
2808.68,4384.01,-1575.3300000000004
1114.59,1741.7699662162158,-627.1799662162159
864.33,2390.6800000000003,-1526.3500000000004
749.31,1087.3551648351647,-338.04516483516477
2285.94,3362.585,-1076.645
1529.06,5250.2,-3721.14
3378.28,4090.2766666666666,-711.9966666666664
7082.48,4045.5600000000004,3036.919999999999
1600.78,1615.8500000000001,-15.070000000000164
385.04,1087.3551648351647,-702.3151648351648
1621.44,1087.3551648351647,534.0848351648353
1738.22,3564.7033333333334,-1826.4833333333333
5110.59,5197.368571428572,-86.77857142857192
3015.93,1114.6133333333335,1901.3166666666664
2605.5,2291.5516666666667,313.94833333333327
2406.11,2458.685,-52.57499999999982
1660.23,1307.9081481481487,352.3218518518513
2233.23,2652.355,-419.125
1080.0,1190.8223387096778,-110.82233870967775
1271.8,1582.952155591573,-311.1521555915731
643.82,1885.37725490196,-1241.5572549019598
676.0,1212.0977272727268,-536.0977272727268
1941.27,1339.1477467411546,602.1222532588454
1573.87,1741.7699662162158,-167.89996621621594
928.48,1198.66,-270.18000000000006
3074.59,1582.952155591573,1491.637844408427
563.76,891.7589984101745,-327.9989984101745
8188.11,3094.8566666666666,5093.253333333333
2411.32,2307.201333333333,104.1186666666672
1200.07,1198.66,1.4099999999998545
3144.18,3355.7799999999997,-211.5999999999999
776.02,1083.2658312958426,-307.24583129584266
1916.18,1441.3738095238098,474.8061904761903
1167.28,1386.7312068965518,-219.45120689655187
4110.13,1441.3738095238098,2668.7561904761906
1510.95,4003.254736842104,-2492.304736842104
1220.13,1372.77125,-152.6412499999999
4423.87,1757.2106666666668,2666.659333333333
2994.4,1885.37725490196,1109.02274509804
9573.66,2075.5086559139795,7498.15134408602
509.94,1241.5321965317924,-731.5921965317923
7535.43,1551.6833333333334,5983.746666666667
604.01,1083.2658312958426,-479.25583129584265
1212.48,2722.255,-1509.775
5697.79,6073.1832258064505,-375.3932258064506
2720.71,10172.885,-7452.175
6360.02,5690.662857142858,669.3571428571422
913.25,3578.94,-2665.69
2527.79,3200.9366666666665,-673.1466666666665
1259.8,891.7589984101745,368.04100158982544
6160.33,5265.983333333334,894.3466666666664
1290.02,4756.086666666667,-3466.066666666667
1465.91,1659.3433333333332,-193.43333333333317
727.13,1307.9081481481487,-580.7781481481487
6675.0,6824.923333333333,-149.92333333333318
1808.13,2333.093333333333,-524.9633333333327
1781.17,1190.8223387096778,590.3476612903223
3469.34,5703.7699999999995,-2234.4299999999994
1016.1,1134.695913461539,-118.595913461539
2948.32,2155.961849710981,792.3581502890192
2606.62,3941.6133333333332,-1334.9933333333333
17312.88,2500.17,14812.710000000001
3649.23,1421.427931034483,2227.802068965517
1009.47,1215.5032857142858,-206.03328571428574
2663.73,1986.6516666666669,677.0783333333331
4638.06,4469.20537037037,168.85462962963084
1128.68,891.7589984101745,236.92100158982555
966.09,21623.940000000002,-20657.850000000002
5789.58,2766.2031250000005,3023.3768749999995
1036.61,1129.02,-92.41000000000008
915.82,1241.5321965317924,-325.7121965317923
1836.31,2108.0961111111114,-271.7861111111115
1336.72,1579.1314285714293,-242.41142857142927
1531.83,3373.7533333333336,-1841.9233333333336
874.4,6003.423333333333,-5129.0233333333335
4015.57,3714.2897058823523,301.2802941176478
8355.06,5584.6211111111115,2770.438888888888
3178.97,2600.7398648648646,578.2301351351352
5139.57,2358.3395652173917,2781.230434782608
1299.33,891.7589984101745,407.5710015898254
864.57,1130.375,-265.80499999999995
6156.97,3883.13,2273.84
3305.59,1083.2658312958426,2222.3241687041573
1003.98,1609.0465909090906,-605.0665909090906
1282.96,1614.4115476190473,-331.45154761904723
12162.78,4905.193034825869,7257.586965174131
5579.06,2473.29313559322,3105.7668644067803
2732.27,10055.945,-7323.674999999999
563.76,1087.3551648351647,-523.5951648351647
3365.55,5136.68,-1771.13
1225.46,1224.3334482758623,1.1265517241376983
2606.56,1888.8803846153846,717.6796153846153
1076.85,990.9095714285717,85.94042857142824
2238.46,1813.8713333333335,424.58866666666654
970.29,1985.9928571428577,-1015.7028571428577
5165.0,1119.5544117647062,4045.445588235294
1082.51,1165.1766315789473,-82.66663157894732
588.1,1112.4928571428572,-524.3928571428572
4240.72,5613.98,-1373.2599999999993
5703.83,3616.41,2087.42
1851.63,1728.6270025839794,123.00299741602066
2862.05,6877.99,-4015.9399999999996
4708.41,3146.9700000000003,1561.4399999999996
1108.78,3072.3333333333335,-1963.5533333333335
1356.57,2155.961849710981,-799.391849710981
2246.91,3299.79,-1052.88
993.33,1521.4557142857145,-528.1257142857145
3094.42,1241.5321965317924,1852.8878034682077
3353.88,7701.116666666666,-4347.236666666666
1133.77,3285.215,-2151.445
2795.56,3779.5399999999995,-983.9799999999996
686.64,2075.5086559139795,-1388.8686559139796
8466.14,4713.032692307692,3753.1073076923076
1302.54,6105.723333333332,-4803.1833333333325
1144.18,1625.221149897332,-481.04114989733193
2554.41,1072.8410900473932,1481.5689099526066
2181.67,1301.22,880.45
990.16,1320.6898281786955,-330.52982817869554
1437.07,2009.244155844156,-572.1741558441561
5566.47,6367.76,-801.29
1388.11,2237.4700000000003,-849.3600000000004
902.91,1512.9971014492753,-610.0871014492753
2482.38,2099.162222222222,383.2177777777779
2087.23,1474.0749999999998,613.1550000000002
6548.79,8356.125,-1807.335
3577.5,3237.6137209302324,339.8862790697676
4540.11,1609.0465909090906,2931.063409090909
2934.18,8059.030000000001,-5124.85
5389.66,1352.9166666666667,4036.743333333333
408.91,1339.1477467411546,-930.2377467411545
2988.95,5348.245,-2359.295
3454.03,2688.18,765.8500000000004
8283.74,7127.445,1156.295
1446.07,1787.1866666666665,-341.11666666666656
1330.16,1374.5364321608047,-44.3764321608046
860.2,4070.941785714286,-3210.7417857142864
3006.64,7105.105,-4098.465
545.57,1498.9299999999998,-953.3599999999998
2499.15,2762.0022522522527,-262.8522522522526
3122.79,2075.5086559139795,1047.2813440860205
11155.69,13073.099999999999,-1917.409999999998
931.48,891.7589984101745,39.721001589825505
2811.33,3242.31,-430.98
3793.76,2593.59,1200.17
1521.33,2606.41,-1085.08
4640.16,2536.276666666667,2103.8833333333328
2104.79,2077.584807692308,27.20519230769196
7052.05,9517.699999999999,-2465.6499999999987
697.0,1441.3738095238098,-744.3738095238098
23075.22,18008.74,5066.48
851.86,1072.8410900473932,-220.9810900473932
3283.29,1320.6898281786955,1962.6001718213045
1178.1,2266.096666666667,-1087.996666666667
9064.81,6187.9,2876.91
3465.22,2022.505,1442.7149999999997
2404.37,5039.223333333333,-2634.8533333333335
2506.05,2768.02,-261.9699999999998
3044.08,2858.4132692307708,185.66673076922916
3527.91,2270.5078521126757,1257.4021478873242
2576.97,1503.2766666666666,1073.6933333333332
4359.41,4003.254736842104,356.15526315789566
4704.79,1827.47,2877.3199999999997
16336.82,12112.24,4224.58
719.78,1134.695913461539,-414.91591346153905
663.38,2075.5086559139795,-1412.1286559139794
1657.08,990.9095714285717,666.1704285714283
2074.27,2019.2076470588236,55.062352941176414
280.08,2075.5086559139795,-1795.4286559139796
1315.14,891.7589984101745,423.3810015898256
1617.12,891.7589984101745,725.3610015898254
3377.64,3149.9110204081635,227.72897959183638
2881.33,2149.170769230769,732.1592307692308
6492.05,8118.345,-1626.295
5727.15,6321.975,-594.8250000000007
685.42,1579.1314285714293,-893.7114285714293
2764.35,4249.9366666666665,-1485.5866666666666
11793.05,2265.15,9527.9
937.33,877.1047826086955,60.22521739130457
3805.09,3233.6133333333332,571.4766666666669
5436.48,735.7133333333333,4700.766666666666
2261.27,1231.245,1030.025
2499.25,1696.1633333333334,803.0866666666666
7077.89,1112.583,5965.307000000001
669.42,4266.4325,-3597.0125
1627.46,1246.3510857142865,381.1089142857136
1603.01,2351.563037974683,-748.5530379746831
724.67,1690.773076923077,-966.1030769230771
4754.13,4568.295490196078,185.83450980392172
6053.69,1990.935,4062.7549999999997
609.0,877.1047826086955,-268.1047826086955
3070.07,951.75,2118.32
2623.3,1768.6200000000001,854.6800000000001
2797.06,3220.295517241379,-423.23551724137906
6845.48,3849.2349999999997,2996.245
1762.31,2592.085,-829.7750000000001
1192.27,1083.2658312958426,109.00416870415734
1302.28,2762.0022522522527,-1459.7222522522527
929.55,1359.358392857143,-429.80839285714296
2594.69,1083.2658312958426,1511.4241687041574
3068.06,3149.9110204081635,-81.85102040816355
2678.75,769.365,1909.385
3711.06,1339.1477467411546,2371.9122532588453
2746.77,1576.4004878048784,1170.3695121951216
4354.33,6593.033333333333,-2238.703333333333
1711.74,1625.221149897332,86.51885010266801
3096.24,4858.35,-1762.1100000000006
1788.15,2627.9733333333334,-839.8233333333333
1858.54,1291.174,567.366
8506.13,5831.530000000001,2674.5999999999985
8538.99,2632.0481999999993,5906.9418000000005
611.37,7185.195,-6573.825
1030.35,1582.952155591573,-552.6021555915731
849.14,990.9095714285717,-141.76957142857168
7916.83,2852.92,5063.91
5134.12,3332.91,1801.21
1979.32,2246.6289473684214,-267.3089473684215
703.1,1083.2658312958426,-380.1658312958426
2851.23,1083.2658312958426,1767.9641687041574
3778.67,1990.435,1788.2350000000001
2399.21,1841.3866666666663,557.8233333333337
7103.17,2934.3138461538465,4168.856153846154
1042.94,1728.6270025839794,-685.6870025839794
976.97,1512.9971014492753,-536.0271014492753
4123.19,1614.4115476190473,2508.7784523809523
3235.4,1944.0536363636363,1291.3463636363638
1181.16,1514.6933333333334,-333.5333333333333
3217.13,2210.435,1006.6950000000002
1054.8,1521.4557142857145,-466.65571428571457
1474.07,3041.027714285715,-1566.957714285715
691.58,2169.7400000000002,-1478.1600000000003
879.14,1625.221149897332,-746.081149897332
8193.14,1473.547142857143,6719.592857142857
684.52,1134.695913461539,-450.17591346153904
13632.0,11106.426666666666,2525.5733333333337
2710.89,2449.604117647059,261.2858823529409
600.83,1645.7754761904757,-1044.9454761904758
3148.9,4088.893829787233,-939.9938297872327
2698.68,4879.166363636363,-2180.486363636363
677.7,4117.64,-3439.9400000000005
8208.67,6073.1832258064505,2135.4867741935495
563.76,1625.221149897332,-1061.461149897332
5135.65,4878.01,257.6399999999994
3030.39,1888.8803846153846,1141.5096153846152
8598.3,12987.130000000001,-4388.830000000002
2752.44,3239.6622222222227,-487.2222222222226
3802.3,4102.986666666667,-300.6866666666665
14530.86,10813.463333333333,3717.3966666666674
1816.69,3220.295517241379,-1403.605517241379
1005.89,1737.4375,-731.5475
3879.81,5442.99,-1563.1799999999998
3767.73,2597.9446428571428,1169.7853571428573
6954.14,2752.29,4201.85
1065.2,1134.695913461539,-69.49591346153898
1184.33,1645.7754761904757,-461.4454761904758
2638.55,1786.0880000000002,852.462
1511.51,1728.6270025839794,-217.11700258397946
1642.2,4521.92,-2879.7200000000003
1485.33,1060.7666666666667,424.5633333333333
1413.3,1190.8223387096778,222.4776612903222
4669.14,5227.605,-558.4649999999992
808.26,1246.3510857142865,-438.09108571428646
5885.91,3071.5540909090896,2814.3559090909102
3553.07,4243.49,-690.4199999999996
2307.53,2762.0022522522527,-454.4722522522525
1585.0,1087.3551648351647,497.6448351648353
785.31,1083.2658312958426,-297.9558312958427
1491.93,2935.85652173913,-1443.92652173913
1073.2,1119.5544117647062,-46.35441176470613
5517.84,2114.0807999999997,3403.7592000000004
960.73,1473.1143859649121,-512.3843859649121
3485.53,2766.675,718.855
715.13,1083.2658312958426,-368.13583129584265
3470.06,5300.49,-1830.4299999999998
6164.98,3662.1275,2502.8524999999995
965.2,1720.633917525774,-755.433917525774
891.5,1289.9220869565213,-398.4220869565213
5277.33,4088.893829787233,1188.4361702127671
6392.67,3133.8022977346272,3258.867702265373
2356.51,1741.7699662162158,614.7400337837844
5000.52,1966.524285714286,3033.9957142857147
801.86,1087.3551648351647,-285.4951648351647
2041.51,1811.4058510638301,230.10414893616985
1768.42,1083.2658312958426,685.1541687041574
997.15,2256.424117647058,-1259.2741176470581
867.74,1561.260625,-693.5206249999999
7517.04,2619.606666666667,4897.4333333333325
3577.45,2009.244155844156,1568.2058441558438
687.83,1582.952155591573,-895.122155591573
3710.12,1728.6270025839794,1981.4929974160204
6978.69,8653.33,-1674.6400000000003
10239.88,3608.8615686274497,6631.0184313725495
2489.58,4398.713333333333,-1909.1333333333332
781.83,1401.3443269230766,-619.5143269230765
1476.35,1320.6898281786955,155.6601718213044
5609.37,2735.34,2874.0299999999997
1442.44,3305.675,-1863.2350000000001
1817.87,2270.5078521126757,-452.6378521126758
593.46,1083.2658312958426,-489.8058312958426
7620.23,5681.625,1938.6049999999996
3432.0,2080.17,1351.83
2764.3,3133.8022977346272,-369.50229773462706
825.79,1339.1477467411546,-513.3577467411546
1110.71,1138.8576923076923,-28.147692307692296
2839.38,3372.51625,-533.13625
1343.36,8592.615,-7249.255
2570.8,1264.5415384615383,1306.258461538462
1019.36,4362.01,-3342.65
1421.02,6617.053333333333,-5196.033333333333
2333.65,687.31,1646.3400000000001
2067.81,3133.8022977346272,-1065.9922977346273
4313.72,1704.466666666667,2609.253333333333
1096.17,1215.5032857142858,-119.3332857142857
2485.97,1811.4058510638301,674.5641489361697
2885.62,896.7220000000001,1988.8979999999997
3234.84,3340.6133333333332,-105.77333333333308
3315.84,1686.56125,1629.2787500000002
3799.21,3512.53,286.67999999999984
879.25,1625.221149897332,-745.971149897332
1527.7,2632.0481999999993,-1104.3481999999992
847.91,1119.5544117647062,-271.6444117647062
2437.29,951.75,1485.54
1691.4,2352.8409999999994,-661.4409999999993
2743.35,2421.7133333333336,321.6366666666663
1443.93,4243.49,-2799.5599999999995
1162.48,2468.035,-1305.5549999999998
1708.25,2667.59,-959.3400000000001
1343.28,1312.127083333333,31.152916666666897
1934.45,2632.0481999999993,-697.5981999999992
3398.35,1811.4058510638301,1586.9441489361698
5041.26,2019.2076470588236,3022.0523529411767
9431.57,7431.66,1999.9099999999999
7781.33,2969.402,4811.928
2065.84,1582.952155591573,482.8878444084271
1021.55,990.9095714285717,30.640428571428288
1434.19,1811.4058510638301,-377.2158510638301
5286.88,6081.650000000001,-794.7700000000004
6006.25,1741.7699662162158,4264.480033783784
1536.49,1486.1123931623931,50.37760683760689
1966.39,1533.4755555555546,432.9144444444455
1765.16,2722.255,-957.095
2421.53,3305.675,-884.145
5814.71,3544.9266666666663,2269.7833333333338
2859.95,1386.7312068965518,1473.218793103448
2069.48,1728.6270025839794,340.85299741602057
666.8,1083.2658312958426,-416.4658312958427
1331.53,1614.4115476190473,-282.8815476190473
2013.48,1944.3,69.18000000000006
2928.65,2649.12,279.5300000000002
9223.81,5675.42,3548.3899999999994
1186.84,1190.8223387096778,-3.9823387096778333
3727.15,4878.01,-1150.8600000000001
2125.18,5455.9400000000005,-3330.7600000000007
5176.93,1090.76,4086.17
822.74,1339.1477467411546,-516.4077467411546
4531.01,4737.08,-206.0699999999997
2166.63,4406.76,-2240.13
4150.08,4862.166666666667,-712.086666666667
2293.88,751.525,1542.355
5884.07,13051.939999999999,-7167.869999999999
2743.2,5660.256666666667,-2917.0566666666673
1739.26,4467.77,-2728.51
3983.13,2473.29313559322,1509.83686440678
1771.43,2934.3138461538465,-1162.8838461538464
897.15,3369.0150000000003,-2471.8650000000002
5800.04,4003.01,1797.0299999999997
3517.37,5662.025,-2144.6549999999997
7378.29,3632.4066666666663,3745.8833333333337
3958.8,1720.633917525774,2238.166082474226
2713.67,1648.665588235294,1065.004411764706
3629.6,7327.799999999999,-3698.1999999999994
2573.05,5403.9349999999995,-2830.8849999999993
2324.22,1165.1766315789473,1159.0433684210525
4412.44,2496.995,1915.4449999999997
1040.14,891.7589984101745,148.3810015898256
11132.43,8602.3,2530.130000000001
2882.62,3405.5922222222216,-522.9722222222217
2305.68,1648.665588235294,657.0144117647058
3467.85,2557.95,909.9000000000001
1628.72,1374.5364321608047,254.18356783919535
439.53,891.7589984101745,-452.22899841017454
1917.0,2289.5000000000005,-372.50000000000045
1262.65,1741.7699662162158,-479.11996621621574
3738.52,8019.08,-4280.5599999999995
1666.88,1462.2313636363629,204.64863636363725
2574.77,1320.6898281786955,1254.0801718213045
5016.46,4241.756666666667,774.7033333333329
3233.75,13411.906666666668,-10178.156666666668
926.71,1462.2313636363629,-535.5213636363628
5295.9,5877.407142857143,-581.5071428571437
1639.98,1123.2471428571428,516.7328571428573
2842.8,5902.12,-3059.3199999999997
1525.92,1579.1314285714293,-53.211428571429224
3629.9,1385.2255555555555,2244.674444444445
547.25,1119.5544117647062,-572.3044117647062
3482.17,3041.2942857142853,440.8757142857148
3219.2,4433.116666666667,-1213.916666666667
2074.83,2279.8194871794867,-204.9894871794868
1319.22,1777.4499999999998,-458.2299999999998
6801.14,2934.3138461538465,3866.826153846154
702.03,1438.0397872340425,-736.0097872340425
4264.57,1435.508924731183,2829.0610752688167
3183.64,3409.705,-226.06500000000005
19811.44,10395.333333333334,9416.106666666665
905.82,1374.5364321608047,-468.71643216080463
593.85,1486.0149999999999,-892.1649999999998
3702.84,5108.48,-1405.6399999999994
2715.19,1405.0900000000001,1310.1
2176.5,930.6933333333333,1245.8066666666668
1089.1,1591.983111111111,-502.883111111111
512.01,1625.221149897332,-1113.211149897332
1302.97,1625.221149897332,-322.25114989733197
8854.17,15550.605,-6696.4349999999995
4248.81,2688.6133333333332,1560.1966666666672
3940.82,1609.7266666666667,2331.0933333333332
4470.55,749.7249999999999,3720.8250000000003
5201.75,5145.64,56.10999999999967
4872.29,1648.665588235294,3223.6244117647057
961.76,1246.3510857142865,-284.59108571428646
7167.97,2630.7544999999996,4537.2155
2370.79,4872.625,-2501.835
3258.79,2473.29313559322,785.4968644067799
1994.91,2516.3,-521.3900000000001
2218.58,2468.34,-249.76000000000022
867.89,1087.3551648351647,-219.46516483516473
1739.42,3714.2897058823523,-1974.8697058823523
723.94,1841.3866666666663,-1117.4466666666663
8216.86,7189.41,1027.4500000000007
2709.1,1421.427931034483,1287.672068965517
1844.52,1190.8223387096778,653.6976612903222
2093.7,1876.01,217.68999999999983
9132.81,13515.096666666666,-4382.286666666667
2110.39,948.3194594594596,1162.0705405405402
624.73,1386.7312068965518,-762.0012068965518
1103.58,1614.4115476190473,-510.83154761904734
1275.16,1625.221149897332,-350.0611498973319
4482.2,4163.561428571428,318.6385714285716
1728.91,1614.4115476190473,114.49845238095281
7910.67,3612.11294117647,4298.55705882353
4403.7,3174.545,1229.1549999999997
4929.32,7155.55,-2226.2300000000005
2721.2,2127.760465116279,593.4395348837206
875.0,769.365,105.63499999999999
4568.68,3917.4500000000003,651.23
1673.4,3680.240571428572,-2006.8405714285718
4187.88,5091.105,-903.2249999999995
2660.63,2194.2533333333336,466.37666666666655
943.72,1856.0305434782601,-912.3105434782601
4771.64,1787.7649999999999,2983.8750000000005
3004.73,2377.1137142857147,627.6162857142854
1696.72,1582.952155591573,113.76784440842698
5999.19,4737.08,1262.1099999999997
1526.27,3237.6137209302324,-1711.3437209302324
4626.12,3085.6417307692295,1540.4782692307704
526.87,1339.1477467411546,-812.2777467411546
10340.38,11976.003333333334,-1635.6233333333348
2462.52,2322.5274999999997,139.9925000000003
1106.7,1838.3531182795696,-731.6531182795695
4113.43,7632.040000000001,-3518.6100000000006
1763.41,3250.5265116279065,-1487.1165116279064
1674.87,1320.6898281786955,354.1801718213044
1594.02,1165.1766315789473,428.8433684210527
2489.93,2246.6455555555553,243.2844444444445
2750.98,7424.715,-4673.735000000001
2040.48,2632.0481999999993,-591.5681999999993
2097.97,2035.9105263157896,62.05947368421016
3369.9,2020.9833333333333,1348.9166666666667
413.31,1386.7312068965518,-973.4212068965519
2262.9,2246.6289473684214,16.27105263157864
2777.47,1870.7512820512825,906.7187179487173
602.84,1435.508924731183,-832.668924731183
6267.97,6475.591754385963,-207.62175438596296
2117.85,3887.7250000000004,-1769.8750000000005
1311.23,1369.4905194805194,-58.260519480519406
1069.33,1917.14,-847.8100000000002
1326.37,2370.955,-1044.585
713.71,1315.8885714285716,-602.1785714285716
1553.45,2449.604117647059,-896.1541176470589
461.49,1215.5032857142858,-754.0132857142858
2926.55,1582.952155591573,1343.5978444084271
1988.12,2546.092209302326,-557.9722093023261
4289.0,2965.275,1323.725
2482.67,3475.7638888888887,-993.0938888888886
3106.21,1245.1525714285715,1861.0574285714285
1101.2,2088.0150000000003,-986.8150000000003
2909.01,1345.524,1563.4860000000003
1806.62,3041.027714285715,-1234.407714285715
4744.38,4428.97,315.40999999999985
4834.75,1741.7699662162158,3092.980033783784
1435.14,4694.473333333332,-3259.333333333332
5394.32,4788.629999999999,605.6900000000005
2512.71,10561.205,-8048.495
721.91,1156.742093023256,-434.8320930232561
516.79,891.7589984101745,-374.96899841017455
6807.79,5517.075,1290.7150000000001
1298.84,2351.563037974683,-1052.7230379746832
3131.25,3250.5265116279065,-119.27651162790653
6252.63,3842.5466666666666,2410.0833333333335
8787.79,1187.52,7600.27
1210.14,2078.47,-868.3299999999997
10965.17,8280.98,2684.1900000000005
4491.27,4336.576666666667,154.6933333333336
1158.57,2054.86303030303,-896.29303030303
3045.6,1512.9971014492753,1532.6028985507246
5159.54,3180.522,1979.018
1676.45,1355.78,320.6700000000001
3167.41,2291.3512499999997,876.0587500000001
1114.79,1173.192,-58.402000000000044
2738.17,2403.7466666666664,334.42333333333363
1434.54,1730.9294520547949,-296.3894520547949
5417.5,3280.513333333334,2136.986666666666
4037.72,6486.693555555555,-2448.973555555555
3578.47,2196.984175824176,1381.4858241758238
2566.21,1582.952155591573,983.257844408427
1299.3,5035.105,-3735.8049999999994
719.14,1645.7754761904757,-926.6354761904757
2645.94,2872.935,-226.9949999999999
4689.92,3502.54,1187.38
1341.73,1380.1731818181818,-38.443181818181756
1574.53,2127.760465116279,-553.2304651162792
2085.28,1339.1477467411546,746.1322532588456
2933.51,1546.755,1386.755
4051.89,4467.77,-415.88000000000056
3565.41,4595.223333333333,-1029.8133333333335
1379.49,1083.2658312958426,296.22416870415736
1698.81,1827.47,-128.66000000000008
943.25,1134.695913461539,-191.44591346153902
2692.32,1582.952155591573,1109.3678444084271
3852.79,2591.3175,1261.4724999999999
2696.58,3370.825,-674.2449999999999
1157.45,608.4066666666668,549.0433333333333
5890.9,3036.426,2854.4739999999997
2877.4,1473.8027272727275,1403.5972727272726
2476.8,2077.584807692308,399.2151923076922
4959.39,5202.89,-243.5
1563.56,5160.243333333333,-3596.683333333333
6404.09,4101.223333333333,2302.866666666667
1422.75,926.4499999999999,496.30000000000007
1255.92,1083.2658312958426,172.65416870415743
2372.06,1509.94,862.1199999999999
483.24,891.7589984101745,-408.5189984101745
783.96,1625.221149897332,-841.261149897332
411.42,891.7589984101745,-480.3389984101745
1226.43,1421.427931034483,-194.99793103448292
1746.54,2197.02,-450.48
5116.83,1083.2658312958426,4033.564168704157
5736.39,4781.217391304347,955.1726086956533
685.69,1490.9866666666667,-805.2966666666666
549.0,1241.5321965317924,-692.5321965317924
244.82,1241.5321965317924,-996.7121965317924
4259.52,4905.193034825869,-645.6730348258689
6159.16,4905.193034825869,1253.9669651741306
6143.89,4799.863333333334,1344.0266666666666
612.69,1582.952155591573,-970.262155591573
4360.82,4907.016,-546.1959999999999
3905.84,2270.5078521126757,1635.3321478873245
4012.73,1701.42,2311.31
6033.64,2533.635,3500.005
3723.78,4469.20537037037,-745.4253703703694
1932.75,2492.3908108108108,-559.6408108108108
2600.09,4496.233333333333,-1896.1433333333325
1428.46,2873.62,-1445.1599999999999
6057.73,5319.46,738.2699999999995
1866.16,4053.783333333334,-2187.623333333334
3211.0,2675.08,535.9200000000001
1394.23,2019.2076470588236,-624.9776470588235
9093.79,3033.71,6060.080000000001
859.61,1246.3510857142865,-386.74108571428644
2185.28,4905.193034825869,-2719.913034825869
5134.7,2139.2647368421053,2995.4352631578945
2532.33,1661.955,870.375
626.29,891.7589984101745,-265.46899841017455
1853.9,7362.85,-5508.950000000001
694.0,1087.3551648351647,-393.3551648351647
1540.53,1010.3149999999999,530.215
3184.69,5165.366666666666,-1980.6766666666658
3985.56,1856.0305434782601,2129.52945652174
649.41,1554.1666666666667,-904.7566666666668
6792.78,5731.5199999999995,1061.2600000000002
938.62,2140.3366666666666,-1201.7166666666667
2752.6,1339.1477467411546,1413.4522532588453
1569.7,1552.622133333333,17.077866666666978
6615.34,4981.915000000001,1633.4249999999993
1385.16,990.9095714285717,394.2504285714284
527.88,1741.7699662162158,-1213.8899662162157
4067.17,10140.453333333333,-6073.283333333333
851.07,2075.5086559139795,-1224.4386559139793
2137.71,2048.653333333333,89.05666666666684
2160.35,1582.952155591573,577.3978444084269
1613.17,1246.3510857142865,366.8189142857136
1724.94,1648.665588235294,76.27441176470597
2893.42,1582.952155591573,1310.467844408427
540.2,1134.695913461539,-594.495913461539
1823.58,3149.9110204081635,-1326.3310204081636
1224.89,10103.565,-8878.675000000001
843.66,1561.260625,-717.6006249999999
441.55,1246.3510857142865,-804.8010857142865
984.95,1511.403333333333,-526.4533333333329
7493.57,5852.18,1641.3899999999994
2946.13,1582.3649275362325,1363.7650724637676
2085.64,1600.23,485.40999999999985
836.01,891.7589984101745,-55.74899841017452
2029.82,5306.295,-3276.4750000000004
2247.67,1625.221149897332,622.4488501026681
1296.88,3705.365,-2408.4849999999997
807.02,1620.4776767676765,-813.4576767676765
2005.96,2168.85,-162.88999999999987
527.53,768.1066666666667,-240.5766666666667
344.93,1582.952155591573,-1238.022155591573
904.15,964.3685714285714,-60.21857142857141
865.43,2473.29313559322,-1607.8631355932202
8838.57,1599.255,7239.315
12019.28,3552.51,8466.77
927.35,2125.1815116279063,-1197.8315116279064
1526.54,1473.6666197183101,52.87338028168983
4219.19,5022.466666666666,-803.2766666666666
1011.42,6958.32,-5946.9
610.19,1573.7757894736844,-963.5857894736844
3119.58,1435.508924731183,1684.071075268817
2317.38,2851.2480000000005,-533.8680000000004
4865.84,2762.0022522522527,2103.8377477477475
812.71,4841.88,-4029.17
827.72,1672.72,-845.0
531.58,891.7589984101745,-360.1789984101745
6361.17,9829.565,-3468.3950000000004
2743.58,1552.622133333333,1190.9578666666669
2133.7,869.9300000000001,1263.7699999999998
824.7,1289.9220869565213,-465.22208695652125
2161.73,1426.45,735.28
2046.68,1198.66,848.02
3887.69,6245.18,-2357.4900000000002
3440.95,1188.746875,2252.203125
11976.85,2211.1800000000003,9765.67
815.1,1885.37725490196,-1070.27725490196
575.19,1741.7699662162158,-1166.5799662162158
2327.23,2962.0112500000005,-634.7812500000005
2287.04,2838.2250000000004,-551.1850000000004
823.89,1134.695913461539,-310.80591346153903
3740.67,1926.17875,1814.49125
2211.47,2851.2480000000005,-639.7780000000007
741.29,1374.5364321608047,-633.2464321608047
3881.03,3240.395,640.6350000000002
1337.66,10497.449999999999,-9159.789999999999
3982.05,3357.0414999999994,625.0085000000008
677.64,1246.3510857142865,-568.7110857142865
2159.99,2358.3395652173917,-198.34956521739196
1069.73,1625.221149897332,-555.491149897332
3644.64,1868.9025000000001,1775.7374999999997
566.28,891.7589984101745,-325.47899841017454
1386.79,1199.8344,186.9556
3313.45,1498.8475999999998,1814.6024
2535.08,1625.221149897332,909.8588501026679
369.44,1087.3551648351647,-717.9151648351647
2204.58,1245.1525714285715,959.4274285714284
2741.29,2959.5627999999997,-218.27279999999973
1042.49,1533.4755555555546,-490.9855555555546
1535.05,1217.1066666666668,317.94333333333316
3041.95,2267.2,774.75
1686.97,7258.99,-5572.0199999999995
1620.49,6788.6849999999995,-5168.195
3823.7,4348.82,-525.1199999999999
4063.61,1856.0305434782601,2207.57945652174
2049.67,2835.935,-786.2649999999999
2688.52,5805.564,-3117.0440000000003
928.54,1083.2658312958426,-154.72583129584268
13769.15,3236.8027272727268,10532.347272727273
1091.69,1307.9081481481487,-216.21814814814866
3184.56,1066.6785714285713,2117.881428571429
2211.27,1134.695913461539,1076.574086538461
4586.58,4431.03,155.55000000000018
2681.51,1183.91,1497.6000000000001
980.11,1087.3551648351647,-107.2451648351647
3373.7,4486.71,-1113.0100000000002
1282.69,1616.2800000000002,-333.59000000000015
5210.45,4783.48,426.97000000000025
885.03,1885.37725490196,-1000.34725490196
2271.82,1717.1399999999999,554.6800000000003
1077.92,2214.281428571429,-1136.3614285714289
2810.54,2034.92975,775.61025
3455.26,1355.0536363636363,2100.2063636363637
3285.42,6823.715,-3538.295
2491.99,2275.8900000000003,216.09999999999945
5169.54,7032.919999999999,-1863.3799999999992
2963.55,1674.92,1288.63
557.7,428.4,129.30000000000007
8524.39,3430.5242857142853,5093.865714285714
3605.41,2643.54,961.8699999999999
3842.45,4065.0649999999996,-222.61499999999978
15523.43,13716.335,1807.0950000000012
11170.31,3658.8033333333333,7511.506666666666
2602.97,3210.955,-607.9850000000001
3681.96,1339.1477467411546,2342.8122532588454
2700.53,1473.1143859649121,1227.415614035088
1430.06,2279.8194871794867,-849.7594871794868
1943.92,1188.746875,755.173125
6135.53,5287.776666666667,847.7533333333331
3596.66,2188.36,1408.2999999999997
2299.58,3451.9966666666664,-1152.4166666666665
378.25,1359.358392857143,-981.1083928571429
2081.48,1591.315,490.16499999999996
2504.3,3486.7533333333336,-982.4533333333334
545.44,1134.695913461539,-589.255913461539
2070.57,3161.2125,-1090.6425
1919.37,1786.0880000000002,133.2819999999997
1734.13,1148.93,585.2
2015.97,1533.4755555555546,482.49444444444543
1609.77,1648.665588235294,-38.8955882352941
1663.08,1625.221149897332,37.85885010266793
1554.99,2737.005,-1182.015
14186.65,3445.9700000000003,10740.68
797.45,1083.2658312958426,-285.8158312958426
577.16,1087.3551648351647,-510.19516483516475
2252.51,3589.02,-1336.5099999999998
7509.75,7939.006666666667,-429.2566666666671
1476.96,3930.4714285714294,-2453.5114285714294
3190.75,5818.88,-2628.13
2392.7,1697.1841916167655,695.5158083832343
2835.09,1334.705,1500.3850000000002
915.19,1784.44,-869.25
931.88,1000.6779999999999,-68.79799999999989
6738.9,2127.760465116279,4611.13953488372
4421.13,2762.0022522522527,1659.1277477477474
965.49,1083.2658312958426,-117.77583129584264
2832.78,2962.0112500000005,-129.23125000000027
923.61,879.73,43.879999999999995
3364.5,1083.2658312958426,2281.234168704157
3424.87,1728.6270025839794,1696.2429974160204
1927.62,1119.5544117647062,808.0655882352937
986.11,2885.351666666667,-1899.2416666666668
3023.04,2667.21,355.8299999999999
4284.88,1576.4004878048784,2708.479512195122
558.54,1083.2658312958426,-524.7258312958427
2231.02,912.1587234042553,1318.8612765957446
3072.4,3281.2733333333326,-208.87333333333254
556.26,2705.205,-2148.9449999999997
1331.93,473.20571428571435,858.7242857142858
2744.75,1339.1477467411546,1405.6022532588454
863.61,1811.4058510638301,-947.7958510638301
4064.61,2127.760465116279,1936.849534883721
1700.14,3680.29,-1980.1499999999999
1655.92,1808.685,-152.76499999999987
359.76,1072.8410900473932,-713.0810900473932
2238.02,2483.5761111111115,-245.55611111111148
1172.35,5503.05,-4330.700000000001
1349.67,1486.1123931623931,-136.44239316239305
1016.91,1869.0633333333335,-852.1533333333335
14995.06,13515.096666666666,1479.9633333333331
1156.57,3969.6224999999995,-2813.0525
3231.0,1827.47,1403.53
13941.61,13368.800000000001,572.8099999999995
609.66,1119.5544117647062,-509.8944117647062
762.48,1087.3551648351647,-324.8751648351647
544.35,1473.1143859649121,-928.7643859649121
936.36,1339.1477467411546,-402.7877467411546
2381.03,2127.760465116279,253.269534883721
509.84,5748.624,-5238.784
861.17,1359.358392857143,-498.18839285714296
5696.69,7698.67,-2001.9800000000005
1200.15,1529.49,-329.3399999999999
4657.82,4428.97,228.84999999999945
1401.62,1811.4058510638301,-409.78585106383025
1409.55,1852.8992592592588,-443.3492592592588
10746.79,4905.193034825869,5841.596965174132
497.8,1083.2658312958426,-585.4658312958427
1940.38,1081.0033333333333,859.3766666666668
1279.52,1361.9067346938773,-82.38673469387732
1116.54,1763.2275,-646.6875
721.9,1306.6933333333332,-584.7933333333332
1570.8,1361.9568,208.84320000000002
1318.34,2125.1815116279063,-806.8415116279064
3183.43,1576.4004878048784,1607.0295121951215
1302.41,1086.175,216.23500000000013
2649.2,2295.92,353.27999999999975
980.49,1625.221149897332,-644.731149897332
1412.06,2348.205,-936.145
1737.68,1320.6898281786955,416.99017182130456
1629.69,1152.2413636363635,477.4486363636365
5418.2,4088.893829787233,1329.306170212767
6010.74,7684.675,-1673.9350000000004
11410.65,9280.95,2129.699999999999
4228.52,6073.1832258064505,-1844.66322580645
1052.27,5545.925,-4493.655000000001
920.19,1087.3551648351647,-167.16516483516466
1079.03,1444.8566666666666,-365.8266666666666
5278.2,2409.3700000000003,2868.8299999999995
7106.8,4159.009999999999,2947.790000000001
3214.5,3930.4714285714294,-715.9714285714294
3996.93,2415.4994736842104,1581.4305263157894
3912.23,1879.0057471264379,2033.2242528735621
1834.51,3487.62,-1653.11
3195.32,1278.47,1916.8500000000001
2620.64,811.8063157894736,1808.8336842105264
1278.13,1579.665,-301.53499999999985
2040.48,10473.856666666667,-8433.376666666667
2631.69,2127.760465116279,503.92953488372086
1950.76,2222.9797530864194,-272.21975308641936
3877.23,6613.709,-2736.479
5372.55,3246.505,2126.045
8798.36,11508.086666666668,-2709.7266666666674
2071.96,3196.9637179487186,-1125.0037179487185
1585.31,1134.695913461539,450.6140865384609
1971.81,2788.153333333333,-816.3433333333332
1616.27,1119.5544117647062,496.7155882352938
552.1,1320.6898281786955,-768.5898281786955
1523.55,2679.635,-1156.0850000000003
339.81,1307.9081481481487,-968.0981481481488
173.13,1838.3531182795696,-1665.2231182795695
8443.54,10581.95,-2138.41
739.3,1339.1477467411546,-599.8477467411547
8513.68,3793.645,4720.035
5931.8,3332.025,2599.775
980.53,2739.915384615385,-1759.385384615385
1881.75,4722.455,-2840.705
1453.12,1087.3551648351647,365.7648351648352
15957.15,2265.15,13692.0
1707.5,1421.427931034483,286.072068965517
1250.93,1811.4058510638301,-560.4758510638301
5965.33,1560.58,4404.75
879.23,1749.1566666666668,-869.9266666666667
1625.87,1582.952155591573,42.917844408426845
1247.13,2026.896850393702,-779.7668503937018
7811.16,3593.8825,4217.2775
3300.84,2632.0481999999993,668.7918000000009
1132.43,1119.5544117647062,12.87558823529389
7676.73,5228.13,2448.5999999999995
4140.33,1915.5302777777772,2224.799722222223
2753.37,5878.303333333333,-3124.9333333333334
7465.82,2632.0481999999993,4833.7718
8574.3,6073.1832258064505,2501.1167741935487
1121.68,2075.5086559139795,-953.8286559139794
2714.41,3886.55,-1172.1400000000003
1107.44,1083.2658312958426,24.17416870415741
1691.37,1625.221149897332,66.1488501026679
1523.93,1372.77125,151.15875000000005
3519.23,2266.096666666667,1253.1333333333332
2469.6,1355.0536363636363,1114.5463636363636
4304.3,4413.38,-109.07999999999993
1625.26,4239.570000000001,-2614.3100000000004
1861.99,3133.8022977346272,-1271.8122977346272
2262.02,1946.9288888888889,315.0911111111111
951.54,948.3194594594596,3.2205405405403553
453.2,1087.3551648351647,-634.1551648351647
3380.91,3146.9700000000003,233.9399999999996
610.78,1119.5544117647062,-508.7744117647062
3891.84,2020.0766666666668,1871.7633333333333
2228.12,2067.2599999999998,160.86000000000013
1472.02,773.0966666666667,698.9233333333333
1670.26,447.89333333333326,1222.3666666666668
6591.15,4552.6,2038.5499999999993
5067.05,16796.336666666666,-11729.286666666667
620.89,1119.5544117647062,-498.6644117647062
798.97,1473.6666197183101,-674.6966197183101
5324.98,5525.946666666667,-200.96666666666715
6627.77,5779.514999999999,848.255000000001
806.57,1011.1607407407408,-204.59074074074078
343.35,1083.2658312958426,-739.9158312958426
5634.57,4314.915,1319.6549999999997
1958.66,2075.5086559139795,-116.84865591397943
1339.38,1401.065,-61.684999999999945
6213.63,3133.8022977346272,3079.827702265373
2443.24,2611.145,-167.9050000000002
5333.0,2155.961849710981,3177.038150289019
1218.05,2567.3129670329668,-1349.2629670329668
195.18,2538.0550000000003,-2342.8750000000005
8568.7,1302.1566666666668,7266.543333333334
693.52,1856.0305434782601,-1162.5105434782602
1037.64,1072.8410900473932,-35.20109004739311
1906.57,2149.170769230769,-242.60076923076917
5568.78,8842.076666666666,-3273.296666666666
3718.55,6073.1832258064505,-2354.6332258064504
821.28,1582.952155591573,-761.6721555915731
1965.86,1212.989069767442,752.8709302325578
1791.7,1083.2658312958426,708.4341687041574
535.54,1827.0845454545458,-1291.5445454545459
1030.11,1529.49,-499.3800000000001
2288.1,2858.4132692307708,-570.3132692307709
14752.78,4059.4666666666667,10693.313333333334
1454.54,3817.79,-2363.25
2262.49,3332.025,-1069.5350000000003
779.49,1246.3510857142865,-466.86108571428645
913.31,1374.5364321608047,-461.22643216080473
3943.95,5472.536,-1528.5860000000002
8367.25,19894.525,-11527.275000000001
472.19,868.277,-396.08700000000005
3871.88,3714.2897058823523,157.59029411764777
2152.23,4262.505,-2110.275
1685.15,1134.695913461539,550.4540865384611
2878.27,22092.809999999998,-19214.539999999997
9818.86,1545.835,8273.025000000001
6714.52,6852.8099999999995,-138.28999999999905
1532.02,1275.08,256.94000000000005
1837.35,974.4866666666666,862.8633333333333
5227.85,15975.885,-10748.035
2085.36,1811.4058510638301,273.95414893617
811.1,2055.415,-1244.315
1220.98,1926.7833333333335,-705.8033333333335
5405.49,12943.16,-7537.67
1347.6,1134.695913461539,212.9040865384609
2655.01,789.725,1865.2850000000003
2075.26,1491.805,583.4550000000002
15013.38,11001.985,4011.3949999999986
1658.93,2155.961849710981,-497.03184971098085
1462.64,2679.635,-1216.9950000000001
2322.58,4208.545,-1885.9650000000001
1011.4,853.56,157.84000000000003
4556.91,3196.9637179487186,1359.9462820512813
2374.05,948.96,1425.0900000000001
2520.34,1082.8666666666668,1437.4733333333334
1657.13,1119.5544117647062,537.5755882352939
3706.35,3133.8022977346272,572.5477022653727
1502.91,2125.1815116279063,-622.2715116279062
1574.52,1421.427931034483,153.092068965517
5706.77,7092.56,-1385.79
4322.78,11603.11,-7280.330000000001
1045.93,1087.3551648351647,-41.42516483516465
2102.32,1542.6800000000003,559.6399999999999
1324.84,990.9095714285717,333.93042857142825
2455.09,2669.745652173913,-214.65565217391304
2830.9,2077.584807692308,753.3151923076921
1095.89,1342.83,-246.93999999999983
1378.27,1486.1123931623931,-107.84239316239314
1556.75,1119.5544117647062,437.1955882352938
1883.23,2762.0022522522527,-878.7722522522527
1114.83,1173.192,-58.36200000000008
378.76,1320.6898281786955,-941.9298281786955
2954.62,2114.0807999999997,840.5392000000002
197.07,1213.085,-1016.0150000000001
7829.13,5195.483333333334,2633.6466666666665
2335.75,2679.635,-343.8850000000002
2894.9,3072.3333333333335,-177.4333333333334
4952.3,2026.896850393702,2925.403149606298
1567.46,1087.3551648351647,480.1048351648353
3643.81,1579.1314285714293,2064.6785714285706
2616.63,4129.171600000001,-1512.5416000000005
4289.98,4300.985,-11.00500000000011
1099.04,1083.2658312958426,15.774168704157319
5885.68,11984.41,-6098.73
1650.75,4117.64,-2466.8900000000003
5056.38,10839.75,-5783.37
2147.2,2514.5987499999997,-367.39874999999984
1069.97,1307.9081481481487,-237.93814814814868
989.26,1438.0397872340425,-448.7797872340425
1761.73,1885.37725490196,-123.64725490195997
3374.81,2785.5451428571423,589.2648571428576
3748.98,2785.5451428571423,963.4348571428577
2680.0,4953.225,-2273.2250000000004
3486.69,1173.192,2313.498
7256.32,7292.663333333334,-36.34333333333416
8646.52,2055.415,6591.1050000000005
1890.46,1879.0057471264379,11.454252873562154
3095.13,5116.185666666668,-2021.055666666668
6482.37,1620.4776767676765,4861.892323232323
11428.89,7641.865,3787.0249999999996
1512.04,1811.4058510638301,-299.3658510638302
898.55,1104.3833333333334,-205.83333333333348
3055.15,756.1076923076923,2299.042307692308
958.04,1119.5544117647062,-161.5144117647062
1626.55,4142.67,-2516.12
6537.98,6715.786666666667,-177.8066666666673
2842.53,3235.42,-392.8899999999999
1442.7,1730.895,-288.19499999999994
960.13,2026.896850393702,-1066.766850393702
5138.76,1276.27,3862.4900000000002
2307.17,1423.1828333333328,883.9871666666672
1023.46,1119.5544117647062,-96.09441176470614
5202.59,3141.962857142857,2060.627142857143
4035.33,4568.295490196078,-532.9654901960785
2838.17,1802.9160606060605,1035.2539393939396
4592.39,4003.254736842104,589.1352631578961
1187.54,1401.3443269230766,-213.8043269230766
588.2,1728.6270025839794,-1140.4270025839794
550.74,891.7589984101745,-341.0189984101745
2535.04,3167.797272727273,-632.7572727272732
7599.04,1533.4755555555546,6065.564444444445
975.82,1246.3510857142865,-270.5310857142864
6234.55,9296.695,-3062.1449999999995
1502.58,1096.79,405.78999999999996
1026.29,1952.512307692307,-926.2223076923071
2837.93,2675.08,162.8499999999999
1753.02,1582.952155591573,170.06784440842694
1114.16,891.7589984101745,222.40100158982557
3355.44,2971.92,383.52
2643.38,2077.584807692308,565.7951923076921
3761.55,1891.7685416666673,1869.781458333333
1073.9,1486.1123931623931,-412.212393162393
3052.8,5152.445,-2099.6449999999995
875.37,1811.4058510638301,-936.0358510638301
4929.93,6813.9400000000005,-1884.0100000000002
2663.54,2064.225,599.315
761.95,1813.8713333333335,-1051.9213333333335
790.25,1386.7312068965518,-596.4812068965518
1875.11,1339.1477467411546,535.9622532588453
335.99,1339.1477467411546,-1003.1577467411546
693.18,2155.961849710981,-1462.781849710981
717.11,1287.505,-570.3950000000001
1824.33,1385.2255555555555,439.1044444444444
3984.34,1648.665588235294,2335.674411764706
523.54,1123.2471428571428,-599.7071428571428
2445.99,1552.622133333333,893.3678666666667
3701.91,4905.193034825869,-1203.2830348258694
740.2,1486.1123931623931,-745.9123931623931
3702.53,2567.3129670329668,1135.2170329670334
580.31,1134.695913461539,-554.3859134615391
4805.15,2860.2700000000004,1944.8799999999992
1509.41,1791.57,-282.15999999999985
8769.83,7345.1,1424.7299999999996
2642.72,3196.9637179487186,-554.2437179487188
524.33,1292.99,-768.66
7850.82,6073.1832258064505,1777.6367741935492
11092.23,2762.0022522522527,8330.227747747747
2780.44,4413.38,-1632.94
1929.09,2470.8450000000003,-541.7550000000003
1957.49,1348.5199999999998,608.9700000000003
6584.68,4568.295490196078,2016.384509803922
1412.06,2213.505,-801.4450000000002
5388.35,4223.799999999999,1164.550000000001
3173.72,3133.8022977346272,39.917702265372554
5225.7,4380.875,844.8249999999998
1332.98,2651.2349999999997,-1318.2549999999997
16044.14,9665.14,6379.0
1353.6,1648.665588235294,-295.0655882352942
254.54,1741.7699662162158,-1487.2299662162159
1584.05,2473.29313559322,-889.2431355932201
2119.07,1625.221149897332,493.84885010266817
1488.6,7798.795,-6310.195
5906.68,2935.995,2970.6850000000004
1022.11,1361.9568,-339.8467999999999
1596.17,2602.4866666666667,-1006.3166666666666
875.59,1011.1607407407408,-135.5707407407408
1244.03,3161.2125,-1917.1825000000001
2436.61,1679.1121052631581,757.497894736842
1280.53,6963.8,-5683.27
2588.77,1915.5302777777772,673.2397222222228
5321.49,6562.47,-1240.9800000000005
3603.72,852.785,2750.935
1497.51,1339.1477467411546,158.36225325884539
591.58,1072.8410900473932,-481.26109004739317
1820.38,1307.9081481481487,512.4718518518514
2829.12,3022.6871428571426,-193.5671428571427
649.01,2852.2675000000004,-2203.2575000000006
3794.67,3133.8022977346272,660.8677022653728
2314.33,1797.63,516.6999999999998
4086.24,1792.2666666666667,2293.9733333333334
619.56,1473.1143859649121,-853.5543859649122
1221.58,981.2528571428572,240.3271428571427
3457.98,1585.1433333333332,1872.8366666666668
624.98,891.7589984101745,-266.7789984101745
888.25,1473.1143859649121,-584.8643859649121
5275.27,2056.3940625,3218.8759375000004
11670.31,6222.823333333334,5447.486666666666
4300.62,5987.945,-1687.3249999999998
2181.93,8685.650000000001,-6503.720000000001
915.05,1083.2658312958426,-168.2158312958427
4608.26,3877.59,730.6700000000001
971.78,2197.02,-1225.24
2232.13,2146.2,85.93000000000029
6992.25,2962.0112500000005,4030.2387499999995
4453.05,1728.6270025839794,2724.4229974160207
3423.57,3351.3309090909092,72.23909090909092
628.76,891.7589984101745,-262.9989984101745
2719.93,1058.315,1661.6149999999998
5304.63,6844.866666666666,-1540.2366666666658
19841.53,17556.45,2285.079999999998
6175.24,4685.845,1489.3949999999995
8017.88,514.73,7503.15
5858.01,2593.59,3264.42
12381.91,7120.533333333333,5261.376666666667
545.45,2075.5086559139795,-1530.0586559139795
3956.06,3214.2549999999997,741.8050000000003
1270.8,1421.427931034483,-150.62793103448303
964.13,811.8063157894736,152.32368421052638
2090.32,947.2266666666668,1143.0933333333332
962.06,1246.3510857142865,-284.2910857142865
2859.39,1579.1314285714293,1280.2585714285706
668.25,1156.742093023256,-488.4920930232561
996.02,11084.305,-10088.285
844.36,1514.7027272727273,-670.3427272727273
1653.03,1055.3614285714286,597.6685714285713
1268.59,1083.2658312958426,185.32416870415727
1239.7,2088.0150000000003,-848.3150000000003
8339.46,7618.379999999999,721.0799999999999
4208.22,2473.29313559322,1734.9268644067802
870.61,2873.62,-2003.0099999999998
4786.29,1990.05875,2796.23125
818.5,1841.3866666666663,-1022.8866666666663
1216.66,1339.1477467411546,-122.48774674115452
909.03,2237.1099999999997,-1328.0799999999997
594.18,891.7589984101745,-297.57899841017456
6103.07,3351.153333333333,2751.9166666666665
4018.77,532.53,3486.24
859.78,1690.773076923077,-830.9930769230771
3521.69,2668.0066666666667,853.6833333333334
2369.11,1386.7312068965518,982.3787931034483
1564.65,1320.6898281786955,243.96017182130458
1815.42,5896.485,-4081.0649999999996
4023.36,5507.9400000000005,-1484.5800000000004
6654.57,6178.49,476.0799999999999
1278.24,1728.6270025839794,-450.38700258397944
3792.72,2516.3,1276.4199999999996
485.97,1072.8410900473932,-586.8710900473932
1959.86,6363.905,-4404.045
1218.24,1552.622133333333,-334.38213333333306
2163.77,2577.4222222222215,-413.65222222222155
3546.24,5250.2,-1703.96
5855.52,2644.049214285714,3211.4707857142866
1251.62,891.7589984101745,359.8610015898254
1976.03,2077.584807692308,-101.55480769230803
5220.38,3647.8149999999996,1572.5650000000005
2633.19,1690.1950000000002,942.9949999999999
866.83,1087.3551648351647,-220.52516483516467
673.15,1883.7851612903228,-1210.6351612903227
5437.01,5187.382,249.6280000000006
942.21,1083.2658312958426,-141.0558312958426
4059.61,1582.3649275362325,2477.2450724637674
1162.06,1369.4905194805194,-207.43051948051948
577.47,2127.760465116279,-1550.2904651162792
2086.56,1926.17875,160.3812499999999
1085.11,2588.6866666666665,-1503.5766666666666
803.35,1555.5236363636366,-752.1736363636365
12145.5,14905.845000000001,-2760.345000000001
12432.48,9489.125,2943.3549999999996
3151.96,3980.2899999999995,-828.3299999999995
4309.29,1933.7450000000001,2375.545
2641.59,4260.096666666667,-1618.5066666666671
1473.87,5080.553333333333,-3606.6833333333334
352.18,3630.565,-3278.385
3104.74,4070.941785714286,-966.2017857142864
765.3,6210.1275000000005,-5444.8275
1547.03,3879.715,-2332.6850000000004
4913.96,896.7171428571428,4017.2428571428572
594.11,1083.2658312958426,-489.15583129584263
1528.29,1241.5321965317924,286.7578034682076
4433.84,3142.9,1290.94
1774.77,1369.4905194805194,405.27948051948056
1933.27,1246.3510857142865,686.9189142857135
2017.37,1615.8500000000001,401.51999999999975
4891.47,1131.36,3760.1100000000006
3183.0,1737.4375,1445.5625
1794.53,1588.12,206.41000000000008
1334.91,1997.8225,-662.9124999999999
2519.71,1370.1100000000001,1149.6
2601.86,1552.622133333333,1049.237866666667
1847.96,2473.29313559322,-625.33313559322
1236.0,2572.32,-1336.3200000000002
1188.0,1720.633917525774,-532.633917525774
2192.8,3133.8022977346272,-941.0022977346271
3771.67,2860.2700000000004,911.3999999999996
536.06,891.7589984101745,-355.69899841017457
6167.16,2567.3129670329668,3599.847032967033
2814.99,2202.146363636364,612.8436363636356
5421.67,6172.295,-750.625
561.01,1741.7699662162158,-1180.7599662162158
6612.46,5047.224999999999,1565.2350000000006
3379.56,1720.633917525774,1658.926082474226
3073.84,2811.3733333333334,262.4666666666667
6228.31,2026.896850393702,4201.413149606298
2103.99,1087.3551648351647,1016.6348351648351
3445.44,2143.154736842105,1302.2852631578949
4911.95,5167.095,-255.14500000000044
2136.89,1660.1812499999999,476.70875
513.51,1386.7312068965518,-873.2212068965518
4346.14,5667.263333333333,-1321.123333333333
2692.57,2155.961849710981,536.6081502890192
1883.15,1083.2658312958426,799.8841687041574
1661.44,2155.961849710981,-494.52184971098086
1774.72,1811.4058510638301,-36.685851063830114
1057.54,1083.2658312958426,-25.72583129584268
881.93,1114.5110714285713,-232.58107142857136
1799.82,2419.96,-620.1400000000001
1332.16,4905.193034825869,-3573.0330348258694
1386.13,976.9850000000001,409.145
10038.53,10193.433333333334,-154.90333333333365
2799.36,2986.828,-187.46799999999985
967.44,1246.3510857142865,-278.9110857142864
1165.92,2998.32,-1832.4
1832.27,1571.33,260.94000000000005
1840.35,1837.8866666666665,2.4633333333333667
1696.62,2588.6866666666665,-892.0666666666666
871.73,1984.105272727273,-1112.3752727272729
4611.23,4380.875,230.35499999999956
9383.8,3141.962857142857,6241.837142857143
827.32,1289.9220869565213,-462.60208695652125
6093.34,5014.474,1078.866
2132.7,1827.47,305.2299999999998
1564.12,891.7589984101745,672.3610015898254
1347.15,1582.952155591573,-235.80215559157296
580.94,1399.625,-818.685
3946.34,1858.3366666666668,2088.003333333333
4414.66,3926.505,488.15499999999975
7844.58,5145.64,2698.9399999999996
2495.87,2155.961849710981,339.908150289019
1282.3,1119.5544117647062,162.74558823529378
1244.41,1896.0177777777778,-651.6077777777778
2296.39,1380.1731818181818,916.2168181818181
516.22,1728.6270025839794,-1212.4070025839794
1704.39,2202.146363636364,-497.7563636363641
9746.69,6073.1832258064505,3673.50677419355
3371.63,6561.615,-3189.9849999999997
1105.21,1582.952155591573,-477.742155591573
5802.39,10930.335,-5127.944999999999
2956.44,900.1800000000001,2056.26
1468.75,11630.045,-10161.295
880.12,1512.9971014492753,-632.8771014492753
1341.15,3605.0933333333337,-2263.9433333333336
2246.3,1885.37725490196,360.9227450980402
3735.38,3938.2200000000003,-202.84000000000015
1238.58,1361.9568,-123.3768
4472.62,3930.4714285714294,542.1485714285704
12970.28,2934.3138461538465,10035.966153846155
508.87,825.5300000000001,-316.6600000000001
1361.63,1215.5032857142858,146.12671428571434
605.12,1072.8410900473932,-467.7210900473932
2982.45,3194.6549999999997,-212.20499999999993
1870.25,2473.29313559322,-603.0431355932201
5216.54,4953.225,263.3149999999996
8303.04,2472.3199999999997,5830.720000000001
3806.95,5320.355,-1513.4049999999997
10030.36,6472.4349999999995,3557.925000000001
1876.68,3161.2125,-1284.5325
1190.01,2600.7398648648646,-1410.7298648648646
1441.93,1083.2658312958426,358.6641687041574
3006.71,1728.6270025839794,1278.0829974160206
987.84,1134.695913461539,-146.855913461539
1351.87,1583.7066666666667,-231.83666666666682
5986.48,1648.665588235294,4337.814411764705
1499.33,1645.7754761904757,-146.4454761904758
955.39,1441.3738095238098,-485.9838095238098
814.48,3843.9449999999997,-3029.4649999999997
2812.66,2270.5078521126757,542.1521478873242
1314.33,990.9095714285717,323.42042857142826
12020.29,3823.56,8196.730000000001
1001.44,1083.2658312958426,-81.82583129584259
1975.71,1605.8066666666666,369.9033333333334
837.73,1208.03,-370.29999999999995
3458.44,3287.6366666666668,170.80333333333328
3870.21,2636.646666666667,1233.563333333333
1026.26,1811.4058510638301,-785.1458510638302
745.51,1820.8100000000002,-1075.3000000000002
5196.22,3998.936666666667,1197.2833333333333
644.5,1307.9081481481487,-663.4081481481487
10664.23,4469.20537037037,6195.02462962963
1933.02,2196.984175824176,-263.964175824176
3558.53,2309.7471428571425,1248.7828571428577
10656.23,6285.264999999999,4370.965
6197.85,5103.985,1093.8650000000007
2346.82,1438.5900000000001,908.23
9612.72,6455.746666666666,3156.9733333333334
842.63,1582.952155591573,-740.322155591573
874.9,1773.5700000000002,-898.6700000000002
816.94,891.7589984101745,-74.81899841017446
334.42,891.7589984101745,-557.3389984101746
1821.49,2482.7915999999996,-661.3015999999996
5762.73,3041.027714285715,2721.7022857142847
3935.61,6562.47,-2626.86
961.83,1165.1766315789473,-203.34663157894727
1902.03,1002.845,899.185
2807.66,2617.625,190.03499999999985
885.85,2216.7407317073175,-1330.8907317073176
5127.19,4365.395,761.7949999999992
2086.69,5613.98,-3527.2899999999995
970.24,1369.4905194805194,-399.2505194805194
2273.48,2570.47,-296.9899999999998
3534.87,1527.35,2007.52
873.47,2688.825,-1815.3549999999998
4939.82,2351.563037974683,2588.2569620253166
2549.92,2649.5800000000004,-99.66000000000031
1170.97,1362.5575,-191.58749999999986
20492.01,10890.73,9601.279999999999
3670.49,1061.57,2608.92
672.37,1119.5544117647062,-447.18441176470617
3037.03,1582.952155591573,1454.0778444084272
2562.16,4948.895,-2386.7350000000006
2402.75,1697.1841916167655,705.5658083832345
1271.05,511.7366666666667,759.3133333333333
1832.06,1246.3510857142865,585.7089142857135
717.22,4830.9800000000005,-4113.76
1039.74,1059.4466666666667,-19.706666666666706
3388.16,3133.8022977346272,254.3577022653726
918.27,1134.695913461539,-216.42591346153904
926.47,1359.358392857143,-432.8883928571429
3966.25,1878.9353846153842,2087.3146153846155
836.02,1083.2658312958426,-247.24583129584266
3377.95,3001.5109523809524,376.4390476190474
6865.5,5487.28,1378.2200000000003
2109.98,7701.116666666666,-5591.136666666665
2891.46,2080.17,811.29
4821.21,1173.192,3648.018
3337.34,2473.29313559322,864.0468644067801
13324.34,3539.008,9785.332
2509.51,2766.2031250000005,-256.69312500000024
1168.14,2342.9523880597008,-1174.8123880597007
5409.39,2397.24,3012.1500000000005
615.66,1582.952155591573,-967.2921555915731
684.52,1853.886875,-1169.366875
3963.12,1196.895,2766.225
3247.8,3074.5333333333333,173.26666666666688
6164.25,4907.005,1257.245
3128.07,1741.7699662162158,1386.3000337837843
2993.2,1997.0214285714285,996.1785714285713
4211.02,5611.096666666667,-1400.0766666666668
2394.18,1805.8428571428572,588.3371428571427
4328.45,14019.305,-9690.855
4041.89,2196.984175824176,1844.905824175824
7238.38,3133.8022977346272,4104.577702265373
2027.52,3966.7625,-1939.2424999999998
1305.2,1985.9928571428577,-680.7928571428577
1043.71,1462.2313636363629,-418.5213636363628
847.0,12400.52,-11553.52
2077.81,4756.086666666667,-2678.276666666667
4733.51,4670.165,63.345000000000255
2960.93,1566.555,1394.3749999999998
856.29,2675.08,-1818.79
1420.43,1289.9220869565213,130.50791304347877
1779.12,3133.8022977346272,-1354.6822977346274
3429.27,13369.145,-9939.875
6455.68,6321.424999999999,134.25500000000102
4299.22,1915.5302777777772,2383.6897222222233
2705.16,1263.4375,1441.7224999999999
1455.41,1754.9989999999998,-299.5889999999997
1910.25,6475.591754385963,-4565.341754385963
970.55,1102.5345454545454,-131.98454545454547
3686.55,7755.709999999999,-4069.159999999999
971.8,1827.47,-855.6700000000001
3038.74,3197.09,-158.35000000000036
4874.0,3250.5265116279065,1623.4734883720935
2654.29,5228.975,-2574.6850000000004
2794.2,5030.777999999999,-2236.5779999999995
3445.91,2266.096666666667,1179.813333333333
18865.8,6166.485000000001,12699.314999999999
8178.4,4469.20537037037,3709.19462962963
2681.42,1241.5321965317924,1439.8878034682077
1893.1,3260.695,-1367.5950000000003
4478.61,11984.41,-7505.8
2312.87,4905.193034825869,-2592.3230348258694
5402.18,3133.8022977346272,2268.377702265373
1989.7,1361.9568,627.7432000000001
1165.32,2811.7900000000004,-1646.4700000000005
2671.17,3357.0414999999994,-685.8714999999993
1309.1,14274.555,-12965.455
4930.04,2605.505,2324.535
2197.08,1536.46375,660.61625
2485.36,1788.7749999999999,696.5850000000003
2488.79,1455.5661538461538,1033.2238461538461
1837.66,1374.5364321608047,463.1235678391954
2188.8,3085.6417307692295,-896.8417307692293
1383.49,1126.182,257.308
3350.08,4905.193034825869,-1555.1130348258694
4101.18,5487.28,-1386.0999999999995
1469.82,4118.346666666666,-2648.5266666666666
2992.39,3237.6137209302324,-245.2237209302325
842.94,2488.65,-1645.71
4727.87,5893.329999999999,-1165.4599999999991
4516.16,1885.37725490196,2630.78274509804
1199.28,3840.4269999999997,-2641.147
1251.56,1060.1833333333334,191.37666666666655
2368.76,1401.3443269230766,967.4156730769237
6495.92,2986.6133333333332,3509.306666666667
7225.31,8267.65,-1042.3399999999992
1628.55,2567.3129670329668,-938.7629670329668
1498.01,1648.665588235294,-150.6555882352941
1255.52,1838.3531182795696,-582.8331182795696
518.93,1320.6898281786955,-801.7598281786956
1087.8,1072.8410900473932,14.958909952606746
3425.58,1926.17875,1499.40125
5392.25,9486.25,-4094.0
888.47,1747.335,-858.865
2736.47,4025.62,-1289.15
4476.02,1455.5661538461538,3020.453846153847
1652.88,1614.4115476190473,38.46845238095284
892.38,1582.952155591573,-690.572155591573
391.36,1401.3443269230766,-1009.9843269230765
2596.37,1323.77,1272.6
544.1,1648.665588235294,-1104.565588235294
3519.53,1355.6399999999999,2163.8900000000003
1973.78,1791.1373333333336,182.6426666666664
3053.83,3453.630833333334,-399.80083333333414
1644.75,5183.665,-3538.915
7843.58,1708.94,6134.639999999999
2060.48,1486.1123931623931,574.3676068376069
1239.17,1134.695913461539,104.47408653846105
3868.09,3714.2897058823523,153.8002941176478
2375.92,2125.1815116279063,250.7384883720938
1132.44,3665.295,-2532.855
733.48,1083.2658312958426,-349.7858312958426
777.12,2429.570833333333,-1652.4508333333333
366.92,2279.8194871794867,-1912.8994871794866
4569.8,6963.8,-2394.0
5824.75,7966.054999999999,-2141.3049999999994
2359.13,2632.0481999999993,-272.91819999999916
542.01,1320.6898281786955,-778.6798281786955
7241.85,6714.257380952382,527.5926190476184
752.08,1339.1477467411546,-587.0677467411546
1139.54,15718.0,-14578.46
130.0,1423.1828333333328,-1293.1828333333328
4222.99,1130.0266666666666,3092.963333333333
1448.7,2155.961849710981,-707.2618497109809
4995.25,1810.4461538461537,3184.8038461538463
755.53,964.3685714285714,-208.8385714285714
3090.28,2600.7398648648646,489.54013513513564
1449.88,5063.155,-3613.2749999999996
1875.19,5687.47,-3812.28
3286.68,3250.5265116279065,36.15348837209331
5053.88,6547.1900000000005,-1493.3100000000004
759.28,1320.6898281786955,-561.4098281786955
9109.19,6548.549999999999,2560.6400000000012
1783.27,1355.0536363636363,428.21636363636367
818.96,1707.826808510638,-888.8668085106381
731.56,774.4166666666666,-42.85666666666668
3670.28,6672.66,-3002.3799999999997
1447.75,1552.622133333333,-104.87213333333307
1319.38,1156.742093023256,162.63790697674403
3096.31,5422.585,-2326.275
741.49,1331.1833333333334,-589.6933333333334
10128.09,3148.025,6980.0650000000005
2144.24,1566.555,577.6849999999997
3581.06,2172.961333333333,1408.0986666666668
2840.56,4412.095,-1571.5350000000003
910.65,1473.1143859649121,-562.4643859649121
4438.48,5499.586666666666,-1061.1066666666666
1695.32,3107.4600000000005,-1412.1400000000006
2884.02,1759.3766666666668,1124.6433333333332
1678.23,1173.192,505.038
1603.15,7513.696666666667,-5910.546666666667
8947.84,12603.23,-3655.3899999999994
1624.41,2267.2,-642.7899999999997
601.45,6466.086666666667,-5864.636666666667
1080.0,1184.1188888888892,-104.11888888888916
1400.04,2858.4132692307708,-1458.3732692307708
1380.2,1728.6270025839794,-348.4270025839794
3672.4,4285.266666666667,-612.8666666666672
5651.35,2861.6800000000003,2789.67
1106.74,1083.2658312958426,23.474168704157364
1212.28,2112.976666666667,-900.6966666666669
6077.86,1492.0019298245609,4585.858070175439
3789.03,3994.1949999999997,-205.1649999999995
518.41,1083.2658312958426,-564.8558312958427
2696.88,5992.22,-3295.34
1837.42,1000.6400000000001,836.78
699.58,1072.8410900473932,-373.26109004739317
4663.51,5124.911333333334,-461.40133333333415
14768.03,9241.462222222222,5526.567777777778
3762.3,4348.82,-586.5199999999995
1042.18,7675.8,-6633.62
1000.06,1083.2658312958426,-83.2058312958427
397.04,1697.1841916167655,-1300.1441916167655
5890.93,13368.800000000001,-7477.870000000001
5809.77,6711.856666666667,-902.0866666666661
3460.48,2600.7398648648646,859.7401351351355
3639.94,1846.0366666666669,1793.9033333333332
4315.7,5179.45,-863.75
3680.55,2483.5761111111115,1196.9738888888887
1541.06,4235.82,-2694.7599999999998
1914.64,1579.1314285714293,335.5085714285708
833.68,1915.5302777777772,-1081.8502777777771
866.4,891.7589984101745,-25.358998410174536
876.42,2955.54,-2079.12
3089.16,1773.0937500000002,1316.0662499999996
1767.92,3846.95,-2079.0299999999997
2648.85,3309.0550000000003,-660.2050000000004
3297.19,1444.0683333333334,1853.1216666666667
1704.91,3041.027714285715,-1336.1177142857148
5237.72,4333.34,904.3800000000001
4756.61,6325.0650000000005,-1568.4550000000008
2809.57,3715.0699999999997,-905.4999999999995
1213.56,1521.4557142857145,-307.8957142857146
1038.88,1614.4115476190473,-575.5315476190472
5883.15,6894.955,-1011.8050000000003
971.25,1625.221149897332,-653.971149897332
12223.56,3893.8300000000004,8329.73
1999.47,2934.3138461538465,-934.8438461538465
1663.06,2026.896850393702,-363.836850393702
1372.44,1339.1477467411546,33.29225325884545
2074.4,1416.49,657.9100000000001
4312.47,1582.952155591573,2729.517844408427
1541.76,3349.455,-1807.695
1111.41,964.3685714285714,147.0414285714287
1169.19,1237.8049999999998,-68.61499999999978
1364.18,1620.4776767676765,-256.2976767676764
4223.76,1827.8433333333332,2395.916666666667
2137.37,2378.49,-241.1199999999999
1430.29,1648.665588235294,-218.37558823529412
4008.52,8235.111176470587,-4226.591176470587
639.01,2902.8199999999997,-2263.8099999999995
5751.09,4878.26,872.8299999999999
2902.63,6617.053333333333,-3714.423333333333
1936.86,768.1066666666667,1168.753333333333
7111.69,10130.05,-3018.3599999999997
1474.47,1224.3334482758623,250.1365517241377
9098.16,2473.29313559322,6624.86686440678
1689.37,1426.45,262.91999999999985
1036.91,1582.952155591573,-546.042155591573
526.3,1083.2658312958426,-556.9658312958427
16453.31,2279.8194871794867,14173.490512820514
1152.73,1811.4058510638301,-658.6758510638301
7247.33,7004.196666666667,243.1333333333332
560.3,1620.4776767676765,-1060.1776767676765
1841.15,2742.8566666666666,-901.7066666666665
22302.6,4968.21,17334.39
870.14,1386.7312068965518,-516.5912068965519
1798.54,1123.2471428571428,675.2928571428572
1663.91,3528.8266666666664,-1864.9166666666663
3475.41,2346.48,1128.9299999999998
2311.72,1486.1123931623931,825.6076068376067
3528.52,2202.146363636364,1326.3736363636358
16373.95,10922.226999999999,5451.723000000002
9140.96,9073.656666666666,67.30333333333328
1292.66,7032.919999999999,-5740.259999999999
1940.12,2576.355,-636.2350000000001
1273.26,3280.513333333334,-2007.2533333333338
850.92,1728.6270025839794,-877.7070025839795
2838.05,1625.221149897332,1212.8288501026682
2678.55,1368.0817647058823,1310.468235294118
1339.09,4487.58,-3148.49
557.66,10404.75,-9847.09
775.53,891.7589984101745,-116.22899841017454
952.32,1072.8410900473932,-120.52109004739316
5590.09,4070.941785714286,1519.148214285714
4599.52,10306.325,-5706.805
3256.19,4758.11,-1501.9199999999996
1872.95,1609.0465909090906,263.90340909090946
2895.7,2075.1833333333334,820.5166666666664
890.09,1582.952155591573,-692.862155591573
9846.04,4088.893829787233,5757.146170212768
3422.93,2902.8199999999997,520.1100000000001
1692.4,2377.1137142857147,-684.7137142857146
2188.3,2934.3138461538465,-746.0138461538463
1611.66,2210.5266666666666,-598.8666666666666
3645.91,2155.961849710981,1489.948150289019
3936.57,5877.407142857143,-1940.8371428571431
1400.88,1645.7754761904757,-244.89547619047562
4894.06,4533.498235294117,360.56176470588343
3931.77,3322.84,608.9299999999998
1586.02,3451.075,-1865.0549999999998
2015.91,1462.2313636363629,553.6786363636372
741.13,1083.2658312958426,-342.13583129584265
1641.19,1401.3443269230766,239.8456730769235
3913.23,3930.4714285714294,-17.241428571429424
11618.12,7482.385,4135.735000000001
6488.8,6486.693555555555,2.106444444445515
5914.69,4770.515,1144.1749999999993
2312.53,1988.0,324.5300000000002
850.87,1080.025,-229.1550000000001
728.63,891.7589984101745,-163.12899841017452
1893.39,1320.6898281786955,572.7001718213046
2002.29,2632.0481999999993,-629.7581999999993
1414.47,5274.38,-3859.91
683.21,853.56,-170.3499999999999
918.91,1246.3510857142865,-327.4410857142865
1072.93,1591.315,-518.385
6747.27,1841.3866666666663,4905.883333333334
10311.03,9206.145,1104.8850000000002
1710.18,1276.5448387096776,433.63516129032246
5427.31,9525.9775,-4098.6675000000005
7253.61,2596.675,4656.9349999999995
5999.66,4207.2725,1792.3874999999998
3940.34,4442.84,-502.5
2651.52,4999.14,-2347.6200000000003
390.0,1330.82625,-940.8262500000001
1657.25,2020.9833333333333,-363.73333333333335
2855.39,2144.9633333333336,710.4266666666663
5857.21,6414.45,-557.2399999999998
2737.27,1942.8249999999998,794.4450000000002
1504.57,4276.973333333333,-2772.4033333333336
2229.76,2155.961849710981,73.7981502890193
1034.01,1811.0349999999999,-777.0249999999999
732.91,3486.7533333333336,-2753.8433333333337
4989.16,4800.426666666667,188.73333333333267
4245.9,2098.69,2147.2099999999996
534.93,2153.52,-1618.5900000000001
5891.87,1062.71,4829.16
5166.79,8888.465,-3721.675
2497.62,2351.563037974683,146.0569620253168
353.23,891.7589984101745,-538.5289984101745
4742.53,1526.2800000000002,3216.2499999999995
4262.81,7676.193333333333,-3413.3833333333323
795.33,1065.89,-270.56000000000006
1612.48,891.7589984101745,720.7210015898255
811.75,2669.745652173913,-1857.9956521739132
3108.47,4849.9800000000005,-1741.5100000000007
2048.07,4212.6900000000005,-2164.6200000000003
6763.8,2138.513571428571,4625.2864285714295
1329.84,1486.1123931623931,-156.2723931623932
1562.32,1190.8223387096778,371.4976612903222
2370.83,5443.26,-3072.4300000000003
798.98,844.7950000000001,-45.815000000000055
3010.22,1891.414117647059,1118.805882352941
1508.7,8612.803333333333,-7104.1033333333335
1761.63,8671.376666666665,-6909.746666666665
752.54,1373.7150000000001,-621.1750000000002
1713.69,1083.2658312958426,630.4241687041574
791.71,9323.724999999999,-8532.015
5989.01,2144.65,3844.36
5565.82,1620.8914285714286,3944.928571428571
1822.99,1552.622133333333,270.36786666666694
6086.48,6321.424999999999,-234.9449999999997
16946.2,15718.0,1228.2000000000007
3030.07,1582.952155591573,1447.1178444084271
1373.69,1625.221149897332,-251.53114989733194
2813.93,2843.3,-29.370000000000346
2694.81,8685.650000000001,-5990.840000000002
3122.09,1870.22,1251.8700000000001
3523.03,751.415,2771.6150000000002
2409.34,4301.2733333333335,-1891.9333333333334
1478.28,693.275,785.005
594.39,3741.9429999999993,-3147.5529999999994
6866.22,3141.962857142857,3724.257142857143
13376.8,10325.816666666666,3050.9833333333336
607.19,1190.8223387096778,-583.6323387096777
2684.95,1487.607777777778,1197.3422222222218
1738.94,1208.03,530.9100000000001
1657.67,2270.5078521126757,-612.8378521126756
1039.33,1083.2658312958426,-43.93583129584272
956.5,891.7589984101745,64.74100158982549
10402.27,15262.325,-4860.055
808.67,1198.66,-389.9900000000001
337.9,1134.695913461539,-796.795913461539
3659.92,7535.026666666668,-3875.1066666666675
2307.49,3149.9110204081635,-842.4210204081637
8039.67,9790.965,-1751.295
2341.13,1453.9498550724638,887.1801449275363
2159.08,1579.1314285714293,579.9485714285706
5779.84,3237.6137209302324,2542.2262790697678
8514.6,8118.345,396.2550000000001
3056.4,2811.3733333333334,245.02666666666664
1168.58,1697.1841916167655,-528.6041916167655
2034.05,1413.68,620.3699999999999
2202.77,4352.715,-2149.945
2289.63,3022.6871428571426,-733.0571428571425
995.42,1020.2316666666667,-24.811666666666724
4665.17,3004.485,1660.685
2122.92,2567.3129670329668,-444.3929670329667
1244.73,1512.9971014492753,-268.2671014492753
8150.4,13411.906666666668,-5261.506666666668
2204.61,6879.135,-4674.525
2926.04,1474.391707317073,1451.648292682927
660.0,1307.9081481481487,-647.9081481481487
846.73,1241.5321965317924,-394.80219653179233
805.81,1818.9350000000002,-1013.1250000000002
2324.92,1582.952155591573,741.967844408427
3839.66,1975.2399999999998,1864.42
11210.94,3740.445,7470.495000000001
4077.65,1486.1123931623931,2591.537606837607
7556.44,1813.725416666667,5742.7145833333325
1349.06,1254.03,95.02999999999997
3096.65,2834.125,262.5250000000001
2529.66,1885.37725490196,644.2827450980399
1343.46,1429.3071428571425,-85.84714285714244
2272.11,1116.5666666666666,1155.5433333333335
2742.56,2250.9133333333334,491.64666666666653
871.81,647.37,224.43999999999994
996.72,4208.545,-3211.825
2337.35,3133.8022977346272,-796.4522977346273
1151.23,4458.485,-3307.2549999999997
442.57,2722.255,-2279.685
1924.72,2603.5733333333333,-678.8533333333332
6298.3,5976.453333333334,321.84666666666635
997.87,1254.2353846153846,-256.36538461538464
2119.97,2275.8900000000003,-155.92000000000053
9811.18,3291.485,6519.695
4833.79,7018.845,-2185.0550000000003
1695.54,1416.49,279.04999999999995
3922.48,1625.221149897332,2297.258850102668
4100.48,5285.844999999999,-1185.3649999999998
1534.74,3340.6133333333332,-1805.8733333333332
1879.22,1087.3551648351647,791.8648351648353
1435.16,1486.1123931623931,-50.95239316239304
3277.37,2567.3129670329668,710.0570329670331
4074.1,1736.33,2337.77
954.64,1246.3510857142865,-291.71108571428647
1463.77,1359.358392857143,104.41160714285706
1854.48,3769.263333333334,-1914.7833333333338
1212.94,891.7589984101745,321.18100158982554
4675.67,3258.56,1417.1100000000001
2135.81,3630.565,-1494.755
1451.62,1728.6270025839794,-277.00700258397956
1434.98,1083.2658312958426,351.7141687041574
678.17,891.7589984101745,-213.58899841017455
5336.4,4234.11,1102.29
2560.94,1212.989069767442,1347.950930232558
2274.37,1582.952155591573,691.4178444084268
6162.87,1389.335,4773.535
1696.14,1102.5345454545454,593.6054545454547
11428.64,7199.205,4229.4349999999995
1718.99,2194.2533333333336,-475.26333333333355
3487.81,2644.049214285714,843.7607857142862
452.14,1119.5544117647062,-667.4144117647062
2676.2,2494.98,181.2199999999998
1064.38,9664.613333333333,-8600.233333333334
5780.46,8196.985,-2416.5250000000005
988.36,1083.2658312958426,-94.90583129584263
1962.04,4319.173333333333,-2357.133333333333
663.19,1582.952155591573,-919.762155591573
725.84,891.7589984101745,-165.91899841017448
2207.2,1609.7266666666667,597.4733333333331
7367.49,1900.6033333333335,5466.886666666666
4985.4,2081.08,2904.3199999999997
1204.0,688.4166666666666,515.5833333333334
967.98,1486.1123931623931,-518.1323931623931
828.32,1241.5321965317924,-413.2121965317923
5492.7,6195.386666666666,-702.6866666666665
2903.22,2222.9797530864194,680.2402469135804
2801.25,3255.896666666667,-454.646666666667
2226.94,861.33,1365.6100000000001
580.64,1320.6898281786955,-740.0498281786955
5459.93,2294.6113333333333,3165.318666666667
1709.9,1246.3510857142865,463.54891428571364
8561.84,8842.076666666666,-280.23666666666577
3933.11,1582.952155591573,2350.157844408427
2478.88,3160.535,-681.6549999999997
2808.58,1402.12,1406.46
820.9,891.7589984101745,-70.85899841017454
2190.08,3867.4133333333334,-1677.3333333333335
3235.9,4202.452,-966.5520000000001
1570.93,1087.3551648351647,483.57483516483535
1580.01,1083.2658312958426,496.74416870415735
2118.39,1190.8223387096778,927.5676612903221
8489.74,3161.2125,5328.5275
1258.34,1486.1123931623931,-227.7723931623932
2731.27,2358.3395652173917,372.93043478260824
4546.41,1310.885,3235.5249999999996
2189.2,1609.0465909090906,580.1534090909092
1421.08,1614.4115476190473,-193.33154761904734
1071.18,3792.3700000000003,-2721.1900000000005
1276.7,1320.6898281786955,-43.98982817869546
3384.77,6455.746666666666,-3070.976666666666
2558.39,1212.989069767442,1345.4009302325578
1695.46,2077.584807692308,-382.12480769230797
934.95,1915.5302777777772,-980.5802777777772
1194.24,1582.952155591573,-388.71215559157304
586.37,1190.8223387096778,-604.4523387096777
6816.27,10561.205,-3744.9349999999995
4852.24,7684.675,-2832.4350000000004
611.3,1119.5544117647062,-508.2544117647062
3604.53,1620.8914285714286,1983.6385714285716
1526.19,1697.1841916167655,-170.99419161676542
3125.68,3133.8022977346272,-8.12229773462741
1733.95,1095.6265714285714,638.3234285714286
1331.76,891.7589984101745,440.0010015898255
3112.67,1449.3400000000001,1663.33
7787.15,11422.915,-3635.7650000000012
1868.72,2270.5078521126757,-401.78785211267564
4750.66,3365.1000000000004,1385.5599999999995
5241.97,2823.91,2418.0600000000004
2966.42,2641.705,324.71500000000015
3200.96,4270.53,-1069.5699999999997
539.82,915.2074999999999,-375.3874999999998
1688.64,2051.23,-362.5899999999999
1539.98,1573.8500000000001,-33.87000000000012
1683.67,1095.6265714285714,588.0434285714286
2374.11,7336.3099999999995,-4962.199999999999
904.9,3366.7657142857142,-2461.865714285714
1269.67,1429.3071428571425,-159.6371428571424
2367.77,2280.47,87.30000000000018
4865.9,4453.34,412.5599999999995
494.41,990.9095714285717,-496.49957142857164
899.31,964.3685714285714,-65.05857142857144
745.75,1320.6898281786955,-574.9398281786955
6120.75,7966.054999999999,-1845.3049999999994
1692.75,964.3685714285714,728.3814285714286
2305.31,3588.945,-1283.6350000000002
1425.21,2324.4066666666663,-899.1966666666663
2021.92,1938.45,83.47000000000003
1791.05,1156.742093023256,634.3079069767439
4481.05,6455.746666666666,-1974.6966666666658
1014.59,1883.7851612903228,-869.1951612903227
2105.04,1119.5544117647062,985.4855882352938
2583.92,3126.152,-542.232
1790.83,4578.113333333334,-2787.2833333333338
1493.45,1246.3510857142865,247.0989142857136
2346.9,638.14,1708.7600000000002
2519.39,2020.9833333333333,498.4066666666665
1560.67,1798.01,-237.33999999999992
4053.75,1858.6585714285716,2195.0914285714284
2072.49,1811.4058510638301,261.08414893616964
1404.6,2075.5086559139795,-670.9086559139796
31710.15,6506.015,25204.135000000002
315.64,1579.1314285714293,-1263.4914285714294
773.8,1582.952155591573,-809.1521555915731
1135.57,1119.5544117647062,16.015588235293762
3874.8,6310.98,-2436.1799999999994
5445.16,4783.72,661.4399999999996
2113.94,1768.6200000000001,345.31999999999994
1132.38,1609.0465909090906,-476.6665909090905
1645.28,1423.1828333333328,222.09716666666714
1588.33,1486.1123931623931,102.21760683760681
1118.77,1754.9989999999998,-636.2289999999998
1938.24,2611.145,-672.905
1872.58,3947.726666666667,-2075.146666666667
1761.97,2527.306666666667,-765.3366666666668
7052.7,2616.35,4436.35
2774.02,1401.3443269230766,1372.6756730769234
1796.17,990.9095714285717,805.2604285714284
8718.77,4568.295490196078,4150.474509803922
2550.16,4202.452,-1652.2920000000004
766.09,1083.2658312958426,-317.1758312958426
2140.2,1348.345,791.8549999999998
1481.84,1697.1841916167655,-215.34419161676556
2842.34,2125.1815116279063,717.1584883720939
2382.95,3253.9466666666667,-870.9966666666669
2936.66,1741.7699662162158,1194.890033783784
2368.76,1708.5949999999998,660.1650000000004
1298.07,916.4333333333334,381.63666666666654
3692.29,6700.18,-3007.8900000000003
3328.46,5272.57,-1944.1099999999997
8091.48,6285.264999999999,1806.2150000000001
2970.74,2270.5078521126757,700.2321478873241
3688.09,1783.4779999999998,1904.6120000000003
7318.37,4379.801428571428,2938.568571428572
4722.74,3593.8825,1128.8574999999996
610.02,1224.3334482758623,-614.3134482758624
2018.15,2474.197,-456.047
3995.45,2673.5666666666666,1321.8833333333332
3633.39,4660.4475,-1027.0575000000003
6478.4,11460.486666666666,-4982.086666666666
793.89,1235.7859259259262,-441.89592592592624
2059.34,1811.4058510638301,247.93414893617
5262.59,3721.0433333333335,1541.5466666666666
2209.26,2675.08,-465.8199999999997
1636.46,1870.7512820512825,-234.29128205128245
3060.73,4878.26,-1817.5300000000002
10061.75,5848.553333333333,4213.196666666667
1316.27,915.2074999999999,401.0625000000001
2821.41,5031.405,-2209.995
801.36,1768.325,-966.965
886.67,1625.221149897332,-738.551149897332
1380.79,1473.6666197183101,-92.87661971831017
2188.91,1582.952155591573,605.9578444084268
1603.52,1324.8825,278.63750000000005
705.59,1072.8410900473932,-367.2510900473932
577.46,1374.5364321608047,-797.0764321608046
1368.23,1359.358392857143,8.871607142857101
979.74,1694.1446153846155,-714.4046153846155
1238.99,1386.7312068965518,-147.74120689655183
2945.67,2358.3395652173917,587.3304347826083
2527.64,8070.935,-5543.295
1856.18,1175.4655555555555,680.7144444444446
1605.68,1339.1477467411546,266.53225325884546
8415.91,5895.29,2520.62
2232.01,1985.9928571428577,246.01714285714252
5202.91,1473.6666197183101,3729.2433802816895
1463.03,891.7589984101745,571.2710015898255
1513.73,2611.145,-1097.415
957.2,1512.9971014492753,-555.7971014492753
2272.73,2201.433333333333,71.29666666666708
646.05,803.6233333333333,-157.57333333333338
1376.38,1512.9971014492753,-136.6171014492752
1300.38,1246.3510857142865,54.028914285713654
528.2,1246.3510857142865,-718.1510857142864
1132.22,1473.6666197183101,-341.4466197183101
1261.29,1728.6270025839794,-467.3370025839795
2211.64,1879.0057471264379,332.634252873562
1816.99,1741.7699662162158,75.22003378378417
703.15,1871.83,-1168.6799999999998
689.33,1576.4004878048784,-887.0704878048783
2383.83,2351.563037974683,32.26696202531684
3211.64,7313.59,-4101.950000000001
1728.68,2127.760465116279,-399.08046511627913
1090.44,1339.1477467411546,-248.70774674115455
979.79,1805.018947368421,-825.2289473684211
1301.33,1206.0666666666668,95.2633333333331
872.55,1083.2658312958426,-210.7158312958427
1584.47,3418.52,-1834.05
2187.33,3048.9429411764704,-861.6129411764705
523.43,1582.952155591573,-1059.5221555915732
707.43,1210.0553846153846,-502.62538461538463
6368.4,6726.910952380951,-358.5109523809515
1252.97,1605.1466666666665,-352.1766666666665
1370.69,1720.633917525774,-349.94391752577394
3188.54,3424.6549999999997,-236.11499999999978
853.13,1156.742093023256,-303.6120930232561
5000.75,1002.845,3997.9049999999997
1016.59,1645.7754761904757,-629.1854761904757
861.41,1625.221149897332,-763.811149897332
915.84,3166.7,-2250.8599999999997
2533.19,1369.4905194805194,1163.6994805194806
817.43,1571.33,-753.9
2775.39,2283.282857142857,492.10714285714266
4310.67,1697.1841916167655,2613.4858083832346
400.69,756.1076923076923,-355.41769230769233
2812.67,3056.7675,-244.09749999999985
5303.39,7282.889999999999,-1979.499999999999
2183.09,1339.1477467411546,843.9422532588455
363.37,1320.6898281786955,-957.3198281786955
2994.01,1885.37725490196,1108.6327450980402
6055.09,11590.035,-5534.945
564.82,1083.2658312958426,-518.4458312958426
2444.27,5758.09,-3313.82
6738.05,1160.17,5577.88
1268.82,1083.2658312958426,185.5541687041573
2694.54,1997.0214285714285,697.5185714285715
1182.93,695.2599999999999,487.6700000000002
3890.22,7650.855,-3760.6349999999998
6254.05,7158.993333333333,-904.9433333333327
4629.81,1798.11,2831.7000000000007
830.32,1087.3551648351647,-257.03516483516466
7604.55,2627.9733333333334,4976.576666666667
1165.94,1270.8833333333334,-104.94333333333338
1504.23,1224.3334482758623,279.8965517241377
1930.1,3969.435,-2039.335
2780.07,2222.9797530864194,557.0902469135808
11646.95,7650.855,3996.095000000001
6964.19,4858.35,2105.8399999999992
3669.86,1879.0057471264379,1790.8542528735622
7200.03,6325.495,874.5349999999999
6865.61,8586.76,-1721.1500000000005
7076.88,8034.209999999999,-957.329999999999
637.06,964.3685714285714,-327.30857142857144
636.64,2407.745,-1771.105
504.37,2632.0481999999993,-2127.6781999999994
1896.56,3688.125,-1791.565
4153.86,6244.12,-2090.26
2805.58,1119.5544117647062,1686.0255882352938
1328.66,1126.045,202.615
867.96,1728.6270025839794,-860.6670025839794
3622.16,1263.2350000000001,2358.9249999999997
719.05,1173.192,-454.14200000000005
2264.32,1212.989069767442,1051.330930232558
3122.42,1555.5236363636366,1566.8963636363635
3403.52,1184.1188888888892,2219.401111111111
2223.87,1728.6270025839794,495.24299741602044
9562.53,10408.305,-845.7749999999996
3180.54,2421.7133333333336,758.8266666666664
9352.39,4732.98,4619.41
4494.3,2966.2966666666666,1528.0033333333336
3322.33,1832.7725,1489.5575
1897.55,2413.1666666666665,-515.6166666666666
1036.92,2106.2974999999997,-1069.3774999999996
2039.79,2168.85,-129.05999999999995
4477.41,3059.5375,1417.8725
863.03,1374.5364321608047,-511.5064321608047
2520.38,4298.093333333333,-1777.7133333333331
4537.56,2710.0160000000005,1827.5439999999999
684.59,1083.2658312958426,-398.6758312958426
775.99,1636.772,-860.7819999999999
359.81,1119.5544117647062,-759.7444117647062
1199.93,1083.2658312958426,116.66416870415742
3927.59,4235.82,-308.22999999999956
776.78,1720.633917525774,-943.853917525774
1279.27,1787.7649999999999,-508.4949999999999
868.63,1241.5321965317924,-372.90219653179236
3064.22,6418.005,-3353.7850000000003
1143.73,2123.062777777778,-979.3327777777781
2234.8,1833.125,401.6750000000002
8798.87,1754.9989999999998,7043.871000000001
1836.26,3034.3599999999997,-1198.0999999999997
10789.87,6073.1832258064505,4716.68677419355
3787.22,5826.023999999999,-2038.8039999999996
3739.78,2785.5451428571423,954.2348571428579
4680.36,5550.389999999999,-870.0299999999997
1714.35,1083.2658312958426,631.0841687041573
1063.44,3085.6417307692295,-2022.2017307692295
13858.46,13648.779999999999,209.6800000000003
1192.01,1246.3510857142865,-54.341085714286464
1578.52,1426.45,152.06999999999994
1556.89,529.29,1027.6000000000001
6181.36,2270.5078521126757,3910.852147887324
2226.87,1730.9294520547949,495.940547945205
851.88,1811.4058510638301,-959.5258510638301
2658.6,6075.25375,-3416.65375
2973.76,948.3194594594596,2025.4405405405405
3325.98,2128.943125,1197.0368750000002
701.9,1083.2658312958426,-381.36583129584267
3652.28,4111.544615384615,-459.2646153846149
3984.26,2149.170769230769,1835.089230769231
1196.1,1081.0033333333333,115.09666666666658
4568.97,2396.519047619048,2172.4509523809525
3606.48,8427.043333333333,-4820.5633333333335
657.13,1119.5544117647062,-462.4244117647062
3363.19,4438.9775,-1075.7875
394.92,1083.2658312958426,-688.3458312958426
1378.9,14132.81,-12753.91
14556.13,17347.215,-2791.085000000001
624.63,1732.0175,-1107.3874999999998
1473.42,1841.3866666666663,-367.96666666666624
1210.84,1361.9568,-151.1168
1026.08,1339.1477467411546,-313.0677467411547
1310.5,1087.3551648351647,223.14483516483529
671.01,1289.9220869565213,-618.9120869565213
1490.63,1435.508924731183,55.121075268817094
1315.83,1241.5321965317924,74.29780346820758
1252.43,5902.12,-4649.69
2115.95,1473.1143859649121,642.8356140350877
3162.01,5202.89,-2040.88
4275.88,1576.4004878048784,2699.479512195122
3700.12,5976.453333333334,-2276.333333333334
4745.07,1728.6270025839794,3016.4429974160203
1484.01,1198.66,285.3499999999999
1347.51,643.9000000000001,703.6099999999999
1611.78,4438.9775,-2827.1975
1270.48,2054.86303030303,-784.38303030303
1639.23,3943.685,-2304.455
919.95,1087.3551648351647,-167.40516483516467
1006.31,2379.8650000000002,-1373.5550000000003
675.72,1742.0874999999999,-1066.3674999999998
952.98,1582.952155591573,-629.972155591573
1849.97,3688.125,-1838.155
898.89,2180.975,-1282.085
16569.9,6546.243333333333,10023.65666666667
3727.56,3714.2897058823523,13.270294117647609
2119.58,1838.3531182795696,281.22688172043036
798.42,1614.4115476190473,-815.9915476190473
3575.09,4285.29,-710.1999999999998
1883.36,1401.3443269230766,482.01567307692335
1843.08,1486.1123931623931,356.9676068376068
1928.33,1119.5544117647062,808.7755882352938
1249.53,2011.4736666666663,-761.9436666666663
1711.01,1614.4115476190473,96.59845238095272
2294.27,1579.1314285714293,715.1385714285707
985.74,1465.0881818181817,-479.34818181818173
3226.23,751.415,2474.815
836.4,1990.935,-1154.5349999999999
1647.6,2675.08,-1027.48
1970.29,1575.6066666666666,394.6833333333334
7229.05,4905.193034825869,2323.856965174131
853.82,1374.5364321608047,-520.7164321608046
4808.28,2784.19,2024.0899999999997
2128.22,1589.1733333333334,539.0466666666664
4121.23,2376.476666666667,1744.7533333333326
2678.73,1361.9568,1316.7732
18270.03,9873.17,8396.859999999999
3835.45,2056.3940625,1779.0559374999998
4975.68,1241.5321965317924,3734.1478034682077
9097.96,10570.043333333333,-1472.083333333334
1620.01,1246.3510857142865,373.65891428571354
744.86,3059.5375,-2314.6775
3739.86,10140.453333333333,-6400.593333333332
1239.0,1486.1123931623931,-247.11239316239312
623.29,891.7589984101745,-268.46899841017455
876.75,1856.0305434782601,-979.2805434782601
7261.61,6073.1832258064505,1188.4267741935491
4068.52,4656.471666666667,-587.9516666666673
4286.0,4433.116666666667,-147.1166666666668
1153.68,2011.4736666666663,-857.7936666666662
1199.12,1582.952155591573,-383.83215559157316
2001.32,2630.7544999999996,-629.4344999999996
1714.65,12059.7,-10345.050000000001
7901.87,7991.326666666667,-89.45666666666693
14378.6,12189.875,2188.7250000000004
2409.72,6806.0,-4396.280000000001
2498.08,1688.5957142857144,809.4842857142855
972.2,853.56,118.6400000000001
1342.93,1402.34,-59.409999999999854
5429.42,2762.0022522522527,2667.4177477477474
1890.3,1856.0305434782601,34.26945652173981
3569.46,3220.295517241379,349.16448275862103
2270.48,1289.9220869565213,980.5579130434787
2363.42,4340.12,-1976.6999999999998
1045.37,1339.1477467411546,-293.7777467411547
609.45,1134.695913461539,-525.245913461539
2808.82,1241.5321965317924,1567.2878034682078
2401.74,7018.845,-4617.1050000000005
3478.14,3391.4849999999997,86.6550000000002
449.05,1083.2658312958426,-634.2158312958427
3137.63,1778.0533333333333,1359.5766666666668
590.0,3593.8825,-3003.8825
10954.62,8253.82,2700.800000000001
921.84,1582.952155591573,-661.112155591573
1430.25,2216.7407317073175,-786.4907317073175
1759.66,2026.896850393702,-267.23685039370184
798.54,1246.3510857142865,-447.8110857142865
3967.65,19236.870000000003,-15269.220000000003
5630.17,1549.21,4080.96
6101.18,4933.84,1167.3400000000001
728.77,1827.47,-1098.7
449.86,1103.845,-653.985
1078.08,1369.4905194805194,-291.4105194805195
1531.77,1579.1314285714293,-47.361428571429315
1052.62,1720.633917525774,-668.0139175257741
2219.62,1728.6270025839794,490.99299741602044
5633.63,4241.756666666667,1391.873333333333
7735.78,13177.880000000001,-5442.100000000001
4617.95,5791.033333333333,-1173.083333333333
942.99,1879.0057471264379,-936.0157471264379
3560.07,10622.895,-7062.825000000001
3844.22,1952.512307692307,1891.7076923076927
2463.24,1915.5302777777772,547.7097222222226
6986.42,1455.5661538461538,5530.8538461538465
2908.39,6061.834999999999,-3153.4449999999993
2527.91,1421.427931034483,1106.4820689655169
7674.92,2270.5078521126757,5404.412147887324
907.78,1648.665588235294,-740.8855882352941
819.73,1438.0397872340425,-618.3097872340425
1899.63,3733.8050000000003,-1834.1750000000002
2109.06,1805.018947368421,304.04105263157885
2443.75,4965.693333333334,-2521.9433333333336
3388.6,2342.9523880597008,1045.6476119402992
770.58,1766.6993333333337,-996.1193333333337
2141.49,6690.65,-4549.16
2804.74,2351.563037974683,453.1769620253167
22989.62,15550.605,7439.014999999999
862.59,2220.225,-1357.6349999999998
757.15,1246.3510857142865,-489.2010857142865
10545.15,4186.178000000001,6358.971999999999
1212.31,1212.72,-0.41000000000008185
550.35,3102.64,-2552.29
3369.39,6621.12,-3251.73
9252.88,3262.715,5990.164999999999
740.92,1242.8006896551722,-501.8806896551722
4575.77,2077.584807692308,2498.1851923076924
1458.23,1197.9,260.3299999999999
1998.22,1139.82375,858.39625
3067.31,2387.12,680.19
3934.23,1242.8006896551722,2691.429310344828
24046.29,14431.78,9614.51
1304.54,1512.9971014492753,-208.45710144927534
758.46,1276.5448387096776,-518.0848387096776
5343.05,4044.65,1298.4
505.85,891.7589984101745,-385.9089984101745
915.77,2034.92975,-1119.15975
2783.75,2246.6289473684214,537.1210526315786
649.57,2567.3129670329668,-1917.7429670329666
702.98,1246.3510857142865,-543.3710857142864
1779.58,1675.3966666666668,104.18333333333317
6535.52,1465.0881818181817,5070.431818181819
2385.45,4824.599999999999,-2439.1499999999996
1405.98,3197.09,-1791.1100000000001
2695.61,1215.5032857142858,1480.1067142857144
2714.23,1474.391707317073,1239.838292682927
999.61,1361.9568,-362.3467999999999
1633.37,2077.584807692308,-444.2148076923081
519.66,1616.48,-1096.8200000000002
1039.92,1087.3551648351647,-47.43516483516464
3089.73,883.96,2205.77
2542.47,1164.98,1377.4899999999998
2892.26,1474.391707317073,1417.8682926829272
6818.73,6944.525,-125.79500000000007
2754.08,3149.9110204081635,-395.83102040816357
1936.87,1315.8885714285716,620.9814285714283
2316.43,1598.53,717.8999999999999
935.91,1728.6270025839794,-792.7170025839795
9722.56,8827.346666666666,895.2133333333331
3578.01,1915.5302777777772,1662.479722222223
4950.76,2465.795,2484.965
2630.04,2821.2799999999997,-191.23999999999978
1317.15,2155.961849710981,-838.8118497109808
2393.02,2420.4500000000003,-27.43000000000029
2411.44,4247.94,-1836.4999999999995
2939.02,3149.9110204081635,-210.8910204081635
5806.6,4530.39125,1276.2087500000007
1679.02,1294.5666666666666,384.4533333333334
5493.25,1589.6500000000003,3903.5999999999995
1047.45,1374.5364321608047,-327.08643216080463
17099.99,6478.235,10621.755000000001
3803.6,1421.71,2381.89
3154.86,1952.512307692307,1202.347692307693
1055.72,1625.221149897332,-569.501149897332
5052.35,5984.93,-932.5799999999999
2465.62,3930.4714285714294,-1464.8514285714296
4665.86,6879.135,-2213.2750000000005
727.48,1320.6898281786955,-593.2098281786955
1677.07,1062.71,614.3599999999999
3066.89,1645.7754761904757,1421.1145238095241
628.87,1741.7699662162158,-1112.899966216216
4642.8,2216.7407317073175,2426.0592682926826
1401.18,647.37,753.8100000000001
2616.97,2155.961849710981,461.0081502890189
8118.93,8196.985,-78.05500000000029
2793.88,5568.46,-2774.58
4761.33,2075.5086559139795,2685.8213440860204
1015.89,1620.4776767676765,-604.5876767676765
5015.78,6759.028333333335,-1743.2483333333348
931.87,990.9095714285717,-59.03957142857166
2890.92,2239.655833333333,651.2641666666673
468.87,1083.2658312958426,-614.3958312958426
6510.59,2196.984175824176,4313.605824175824
656.46,1119.5544117647062,-463.09441176470614
2244.49,3969.6224999999995,-1725.1324999999997
3722.06,1414.7725,2307.2875
3633.29,1224.3334482758623,2408.9565517241376
2049.63,1364.42,685.21
3144.88,6187.9,-3043.0199999999995
872.89,1246.3510857142865,-373.46108571428647
1381.56,1198.66,182.89999999999986
1360.57,1552.622133333333,-192.05213333333313
3303.74,10404.75,-7101.01
9571.28,5124.911333333334,4446.368666666666
2165.81,1188.746875,977.0631249999999
5987.88,7416.003333333333,-1428.123333333333
4044.14,1827.47,2216.67
2105.2,4653.44,-2548.24
1971.62,1697.1841916167655,274.4358083832344
502.15,677.105,-174.95500000000004
6039.97,12870.086666666664,-6830.116666666664
2091.47,1846.0366666666669,245.43333333333294
5444.02,2583.922857142857,2860.0971428571434
4909.67,1421.71,3487.96
853.48,1198.66,-345.18000000000006
616.06,1246.3510857142865,-630.2910857142865
928.76,1190.8223387096778,-262.06233870967776
3881.44,2644.049214285714,1237.3907857142863
7735.46,4807.764,2927.696
1520.61,1361.9067346938773,158.7032653061226
2194.09,1579.1314285714293,614.9585714285708
1342.67,1190.8223387096778,151.84766129032232
835.27,633.912,201.35799999999995
12071.7,4413.38,7658.320000000001
1576.21,2632.0481999999993,-1055.8381999999992
874.86,1339.1477467411546,-464.2877467411546
1390.92,5850.485000000001,-4459.5650000000005
1223.86,1813.725416666667,-589.865416666667
1187.76,1119.5544117647062,68.20558823529382
4647.02,1879.0057471264379,2768.0142528735623
923.07,1886.88,-963.8100000000001
2926.29,10550.55,-7624.259999999999
357.35,1246.3510857142865,-889.0010857142864
639.33,2965.6366666666668,-2326.306666666667
1145.33,3608.8615686274497,-2463.53156862745
1016.69,1062.155,-45.46499999999992
7636.48,9783.31,-2146.83
647.14,1944.0536363636363,-1296.9136363636362
813.63,1102.5345454545454,-288.9045454545454
1264.28,1591.983111111111,-327.70311111111096
739.4,990.9095714285717,-251.5095714285717
585.62,823.7628571428571,-238.1428571428571
770.2,2351.563037974683,-1581.363037974683
1885.33,1374.5364321608047,510.79356783919525
925.71,2072.6066666666666,-1146.8966666666665
824.11,1339.1477467411546,-515.0377467411546
1666.18,3779.5199999999995,-2113.3399999999992
2738.14,1072.8410900473932,1665.2989099526067
2266.47,2649.993636363636,-383.52363636363634
2785.29,2492.3908108108108,292.8991891891892
2080.71,1811.4058510638301,269.3041489361699
6465.33,2838.8799999999997,3626.4500000000003
10008.92,35006.215,-24997.295
3078.0,2275.8900000000003,802.1099999999997
937.64,1720.633917525774,-782.993917525774
1078.59,1083.2658312958426,-4.675831295842727
3408.64,2590.2749999999996,818.3650000000002
2173.44,1741.7699662162158,431.6700337837842
9320.78,962.378,8358.402
4591.23,3048.9429411764704,1542.2870588235292
1790.53,13553.453333333333,-11762.923333333332
697.69,1083.2658312958426,-385.5758312958426
2045.8,1951.6733333333332,94.12666666666678
1406.4,2222.9797530864194,-816.5797530864193
7924.36,10374.564999999999,-2450.204999999999
8005.65,1202.4733333333334,6803.176666666666
514.12,2127.760465116279,-1613.6404651162793
8240.85,9829.565,-1588.7150000000001
2051.11,1320.6898281786955,730.4201718213046
560.25,2270.5078521126757,-1710.2578521126757
13021.56,4088.893829787233,8932.666170212768
1313.35,1123.295,190.05499999999984
3715.62,2746.1966666666667,969.4233333333332
3263.79,2962.0112500000005,301.7787499999995
957.25,1072.8410900473932,-115.59109004739321
10637.32,8980.09,1657.2299999999996
1829.65,1083.2658312958426,746.3841687041574
1679.52,2319.845,-640.3249999999998
3649.37,5405.4662499999995,-1756.0962499999996
829.16,1366.7233333333334,-537.5633333333334
3508.46,3920.25,-411.78999999999996
2315.99,2075.5086559139795,240.48134408602027
3447.76,1814.5149999999999,1633.2450000000003
514.1,1241.5321965317924,-727.4321965317923
3133.31,2600.7398648648646,532.5701351351354
1942.35,1215.6564285714285,726.6935714285714
950.56,1648.665588235294,-698.1055882352941
3309.99,2644.049214285714,665.940785714286
796.1,1339.1477467411546,-543.0477467411546
11414.78,10214.19,1200.5900000000001
1605.4,1741.7699662162158,-136.36996621621574
4676.42,4260.096666666667,416.3233333333328
1050.9,2307.201333333333,-1256.3013333333329
1228.04,4226.26,-2998.2200000000003
2517.18,1966.524285714286,550.6557142857139
3395.83,2858.4132692307708,537.4167307692292
1470.8,2106.76,-635.9600000000003
1823.1,2414.895,-591.7950000000001
2216.85,2270.5078521126757,-53.657852112675755
6608.59,8280.98,-1672.3899999999994
704.15,1072.8410900473932,-368.69109004739323
336.83,1083.2658312958426,-746.4358312958427
5007.2,1997.0214285714285,3010.1785714285716
2995.96,989.78,2006.18
2456.55,1984.105272727273,472.4447272727273
5210.16,896.7220000000001,4313.438
702.79,1999.15,-1296.3600000000001
1765.07,1648.665588235294,116.40441176470586
1469.47,990.9095714285717,478.56042857142836
396.65,1134.695913461539,-738.045913461539
1458.39,2196.984175824176,-738.5941758241759
1378.62,2227.1549999999997,-848.5349999999999
10418.41,4218.375,6200.035
5351.25,6073.1832258064505,-721.9332258064505
537.15,1087.3551648351647,-550.2051648351647
9683.27,6256.056666666666,3427.213333333334
1050.45,4732.98,-3682.5299999999997
4673.67,1991.1750000000002,2682.495
5589.36,7132.413333333333,-1543.0533333333333
2523.88,2626.26,-102.38000000000011
559.01,1083.2658312958426,-524.2558312958427
1809.98,1320.6898281786955,489.2901718213045
724.13,1625.221149897332,-901.091149897332
3494.77,3291.485,203.28499999999985
1483.02,1235.7859259259262,247.23407407407376
9065.13,6166.485000000001,2898.6449999999986
2201.5,4919.601538461538,-2718.1015384615384
3202.07,2794.6699999999996,407.40000000000055
1244.49,2270.5078521126757,-1026.0178521126757
4220.38,4003.254736842104,217.12526315789592
1062.28,891.7589984101745,170.52100158982546
1405.44,3196.9637179487186,-1791.5237179487185
3529.9,2959.5627999999997,570.3372000000004
9939.69,4857.423529411765,5082.266470588235
1050.37,1879.0057471264379,-828.635747126438
4650.56,9902.933333333334,-5252.373333333334
6852.92,5890.822499999999,962.0975000000008
1784.88,1339.1477467411546,445.7322532588455
945.6,1246.3510857142865,-300.75108571428643
3032.85,4226.26,-1193.4100000000003
1698.48,2434.715,-736.2350000000001
1116.3,3760.1366666666668,-2643.836666666667
22717.59,15550.605,7166.985000000001
2799.23,2935.85652173913,-136.6265217391301
539.19,13589.12,-13049.93
1158.04,1888.8803846153846,-730.8403846153847
886.74,2504.9571428571426,-1618.2171428571426
920.4,1791.1373333333336,-870.7373333333336
2147.54,2128.943125,18.596875000000182
1757.88,3025.9849999999997,-1268.1049999999996
3794.48,3993.02,-198.53999999999996
5505.86,1728.6270025839794,3777.23299741602
2088.56,2077.584807692308,10.975192307691941
1670.98,891.7589984101745,779.2210015898255
662.33,1759.4099999999999,-1097.08
1181.18,1423.1828333333328,-242.00283333333277
1029.79,1165.1766315789473,-135.38663157894734
2580.85,2106.005,474.8449999999998
192.56,581.625,-389.065
12931.99,8144.5,4787.49
4998.5,13860.973333333333,-8862.473333333333
2861.67,1957.5300000000002,904.1399999999999
701.85,2449.604117647059,-1747.754117647059
1280.48,1367.24,-86.75999999999999
1100.62,2250.9133333333334,-1150.2933333333335
6722.73,11013.42,-4290.6900000000005
2253.13,4905.193034825869,-2652.063034825869
4021.22,3148.025,873.1949999999997
6484.32,8980.09,-2495.7700000000004
3730.88,6407.6900000000005,-2676.8100000000004
1587.32,2644.049214285714,-1056.7292142857139
1906.61,964.3685714285714,942.2414285714285
580.89,3297.5766666666664,-2716.6866666666665
1222.5,1556.739,-334.23900000000003
2341.01,4070.941785714286,-1729.931785714286
842.29,1289.9220869565213,-447.63208695652133
574.51,1582.952155591573,-1008.442155591573
403.8,1339.1477467411546,-935.3477467411547
1972.38,4147.246666666667,-2174.866666666667
1561.42,3958.0925,-2396.6725
3714.62,6462.615,-2747.995
9908.83,6057.3775,3851.4525000000003
2009.61,1820.8100000000002,188.79999999999973
2117.14,2494.98,-377.84000000000015
26362.6,3166.85,23195.75
9143.77,7616.875,1526.8950000000004
942.33,1196.4382352941177,-254.10823529411766
3753.51,4933.886666666666,-1180.376666666666
7107.84,2619.395,4488.445
2694.38,1919.1950000000002,775.185
2026.62,6486.693555555555,-4460.073555555555
2111.04,3930.4600000000005,-1819.4200000000005
783.29,2482.7915999999996,-1699.5015999999996
2646.85,2644.049214285714,2.800785714286121
351.0,2307.201333333333,-1956.201333333333
1262.89,1582.952155591573,-320.06215559157295
5121.74,2077.584807692308,3044.155192307692
646.18,1127.9675,-481.7875
908.73,1853.886875,-945.1568749999999
1209.06,1582.952155591573,-373.8921555915731
2103.32,2125.1815116279063,-21.86151162790611
7020.55,5561.219999999999,1459.3300000000008
1162.37,1492.0019298245609,-329.631929824561
538.87,1386.7312068965518,-847.8612068965518
1603.32,2279.8194871794867,-676.4994871794868
1998.44,2468.34,-469.9000000000001
4289.45,1811.4058510638301,2478.0441489361697
2395.85,2261.985,133.86499999999978
869.22,1645.7754761904757,-776.5554761904757
993.26,1386.7312068965518,-393.47120689655185
2670.47,1885.37725490196,785.0927450980398
2350.67,2772.1775000000002,-421.50750000000016
462.48,891.7589984101745,-429.2789984101745
1669.46,4639.943333333334,-2970.4833333333336
1978.26,1759.8474999999996,218.41250000000036
3561.17,1878.9353846153842,1682.2346153846158
1484.22,2155.961849710981,-671.7418497109809
2832.84,4075.9133333333334,-1243.0733333333333
538.39,1134.695913461539,-596.305913461539
1226.39,1320.6898281786955,-94.2998281786954
2527.95,1087.3551648351647,1440.594835164835
1170.95,1102.5345454545454,68.41545454545462
1375.95,7905.415000000001,-6529.465000000001
1419.88,1386.7312068965518,33.14879310344827
11332.41,4905.193034825869,6427.216965174131
1281.58,2352.8409999999994,-1071.2609999999995
929.33,1660.1812499999999,-730.8512499999998
1317.37,924.22,393.14999999999986
1304.4,7074.43,-5770.030000000001
3871.79,2936.9366666666665,934.8533333333335
14899.99,17807.295000000002,-2907.305000000002
2652.26,1614.4115476190473,1037.848452380953
2486.64,4299.9425,-1813.3025000000002
781.49,1339.1477467411546,-557.6577467411546
4839.52,916.4333333333334,3923.086666666667
1269.65,1473.6666197183101,-204.01661971831004
5147.57,1985.9928571428577,3161.577142857142
2094.48,1386.7312068965518,707.7487931034482
823.79,1374.5364321608047,-550.7464321608047
1487.77,1728.6270025839794,-240.85700258397947
3554.1,1797.4666666666665,1756.6333333333334
4725.26,2528.425,2196.835
846.28,962.378,-116.09800000000007
1258.12,1855.4044444444448,-597.284444444445
1664.33,1246.3510857142865,417.9789142857135
766.49,1087.3551648351647,-320.8651648351647
2063.14,1831.8166666666666,231.32333333333327
7080.22,11739.29,-4659.070000000001
3654.55,4034.065,-379.5149999999999
2103.85,2279.8194871794867,-175.9694871794868
657.26,1625.221149897332,-967.961149897332
5581.8,4216.68,1365.12
3630.52,6774.555,-3144.0350000000003
4147.72,8625.145,-4477.425
14392.04,5646.985000000001,8745.055
912.64,1339.1477467411546,-426.5077467411546
1287.14,912.1587234042553,374.9812765957448
8478.84,5207.745,3271.0950000000003
2812.27,1915.5302777777772,896.7397222222228
1748.48,2377.1137142857147,-628.6337142857146
1859.55,2009.244155844156,-149.69415584415606
2995.95,3736.63,-740.6800000000003
4637.77,5997.115,-1359.3449999999993
2064.0,2075.5086559139795,-11.50865591397951
2939.12,3220.91,-281.78999999999996
281.0,2127.760465116279,-1846.7604651162792
6440.27,1579.1314285714293,4861.138571428572
1306.4,912.1587234042553,394.2412765957448
1558.15,1011.1607407407408,546.9892592592593
2635.1,1620.4776767676765,1014.6223232323234
2420.06,2766.2031250000005,-346.1431250000005
4162.96,1915.5302777777772,2247.429722222223
737.97,891.7589984101745,-153.7889984101745
1657.97,1786.0880000000002,-128.11800000000017
2234.54,952.5900000000001,1281.9499999999998
5848.91,989.78,4859.13
928.0,3647.8149999999996,-2719.8149999999996
1973.33,2592.085,-618.7550000000001
457.44,2075.5086559139795,-1618.0686559139795
1885.98,2858.4132692307708,-972.4332692307707
439.89,1241.5321965317924,-801.6421965317924
3598.88,1377.9333333333334,2220.9466666666667
1042.78,3800.9233333333336,-2758.1433333333334
9834.73,6714.257380952382,3120.4726190476176
972.06,1307.9081481481487,-335.84814814814877
567.18,1119.5544117647062,-552.3744117647062
9987.15,4469.20537037037,5517.94462962963
1107.0,778.7175,328.2825
5099.46,3220.91,1878.5500000000002
2069.15,3409.705,-1340.5549999999998
1529.52,2746.1966666666667,-1216.6766666666667
1286.83,1827.47,-540.6400000000001
1834.75,9658.325,-7823.575000000001
1897.37,1361.9568,535.4132
8478.16,2014.666,6463.494
1503.61,2348.205,-844.595
4384.35,2127.760465116279,2256.589534883721
2160.48,2546.092209302326,-385.61220930232594
758.37,1885.37725490196,-1127.00725490196
899.03,1492.0019298245609,-592.9719298245609
1472.44,1083.2658312958426,389.1741687041574
585.02,1359.358392857143,-774.3383928571429
2008.17,1102.0423529411764,906.1276470588236
1190.15,1933.2966666666664,-743.1466666666663
1007.3,1675.3966666666668,-668.0966666666668
1831.39,1153.605,677.7850000000001
2538.71,1374.5364321608047,1164.1735678391954
1400.03,1728.6270025839794,-328.5970025839795
1020.8,1320.6898281786955,-299.88982817869555
1600.51,1582.952155591573,17.557844408426945
2110.03,1946.9288888888889,163.10111111111132
2624.7,3078.3366666666666,-453.63666666666677
930.95,1083.2658312958426,-152.3158312958426
5218.34,1267.225,3951.1150000000002
1715.58,829.78,885.8
5235.52,6745.2525000000005,-1509.7325
4370.98,5483.145,-1112.1650000000009
1142.23,1083.2658312958426,58.96416870415737
2419.29,7066.933333333334,-4647.643333333334
2276.55,3833.1663636363637,-1556.6163636363635
2646.3,1625.221149897332,1021.0788501026682
1626.99,2270.5078521126757,-643.5178521126757
1976.56,1728.6270025839794,247.9329974160205
1141.7,2270.5078521126757,-1128.8078521126756
6026.79,7512.52,-1485.7300000000005
1906.05,1453.9498550724638,452.1001449275361
7168.82,4088.893829787233,3079.926170212767
3205.23,4749.9,-1544.6699999999996
1606.84,1196.4382352941177,410.4017647058822
4383.91,2540.25,1843.6599999999999
590.44,1083.2658312958426,-492.8258312958426
7619.44,1113.6066666666666,6505.833333333333
2104.74,4201.16,-2096.42
577.87,891.7589984101745,-313.8889984101745
6215.42,3815.285,2400.135
1577.75,2546.092209302326,-968.342209302326
637.52,891.7589984101745,-254.23899841017453
1590.35,2380.95,-790.5999999999999
560.06,990.9095714285717,-430.8495714285717
1724.39,1648.665588235294,75.72441176470602
641.87,1374.5364321608047,-732.6664321608047
9707.86,2396.519047619048,7311.340952380953
734.07,2075.5086559139795,-1341.4386559139793
6789.47,2397.24,4392.2300000000005
1032.14,4956.245,-3924.1049999999996
1172.5,4399.016666666666,-3226.5166666666664
828.27,1339.1477467411546,-510.8777467411546
2093.06,3312.06,-1219.0
1627.25,1840.3066666666666,-213.05666666666662
455.4,1401.3443269230766,-945.9443269230766
2670.56,3869.418333333333,-1198.8583333333331
2687.73,1654.7133333333334,1033.0166666666667
6708.88,5309.423333333333,1399.456666666667
4060.79,3650.7571428571423,410.03285714285767
5397.54,1582.952155591573,3814.587844408427
2684.45,1359.358392857143,1325.091607142857
4283.61,2938.3855555555556,1345.224444444444
4372.12,9825.11,-5452.990000000001
501.08,1677.555,-1176.4750000000001
6750.67,1405.965,5344.705
3840.49,1892.355,1948.1349999999998
3933.01,4717.22,-784.21
779.06,1152.2413636363635,-373.1813636363636
5870.22,14573.43,-8703.21
4723.41,2944.7510000000007,1778.6589999999992
6697.93,2593.59,4104.34
2474.09,735.26,1738.8300000000002
2037.27,1473.1143859649121,564.1556140350879
2482.1,2216.7407317073175,265.3592682926824
9021.81,6073.1832258064505,2948.626774193549
4698.22,3258.56,1439.6600000000003
689.55,10497.449999999999,-9807.9
1693.64,1728.6270025839794,-34.98700258397935
7933.0,13759.713333333333,-5826.713333333333
3654.17,1620.4776767676765,2033.6923232323236
1535.15,1816.5365217391309,-281.3865217391308
2900.76,7905.415000000001,-5004.655000000001
2336.27,1320.6898281786955,1015.5801718213045
1158.92,3534.03,-2375.11
1825.88,6420.415,-4594.535
1596.38,1339.1477467411546,257.2322532588455
4128.02,6174.855,-2046.8349999999991
9225.28,3161.2125,6064.067500000001
1250.25,1359.358392857143,-109.10839285714292
3059.05,5244.11,-2185.0599999999995
5033.78,2989.7533333333326,2044.026666666667
2823.03,1453.9498550724638,1369.0801449275364
684.31,2500.9866666666667,-1816.6766666666667
1711.71,1083.2658312958426,628.4441687041574
2313.34,1754.9989999999998,558.3410000000003
8336.62,6222.823333333334,2113.796666666667
2273.22,3540.41,-1267.19
1710.72,2681.82,-971.1000000000001
2331.76,6244.12,-3912.3599999999997
1387.11,3788.2358823529407,-2401.1258823529406
3967.17,1190.8223387096778,2776.3476612903223
996.93,2216.7407317073175,-1219.8107317073177
2185.58,1856.0305434782601,329.5494565217398
1522.26,1773.0937500000002,-250.83375000000024
9568.01,6509.4766666666665,3058.5333333333338
533.6,1339.1477467411546,-805.5477467411546
2067.88,1690.773076923077,377.10692307692307
32482.93,7939.006666666667,24543.923333333332
1347.07,2437.94,-1090.8700000000001
6373.72,3941.1800000000003,2432.54
1711.74,1856.0305434782601,-144.29054347826013
14152.39,6166.485000000001,7985.904999999999
1379.29,1276.5448387096776,102.74516129032236
1567.11,1369.4905194805194,197.61948051948048
3727.9,2077.584807692308,1650.315192307692
2980.31,9594.085,-6613.775
1584.02,1870.7512820512825,-286.7312820512825
3631.23,3029.3050000000003,601.9249999999997
5584.13,6356.144423076923,-772.0144230769229
723.02,1595.2257142857143,-872.2057142857143
4638.14,1186.1377777777775,3452.002222222223
5049.65,5826.023999999999,-776.3739999999998
1258.72,1648.665588235294,-389.94558823529405
2530.18,1625.221149897332,904.9588501026678
2841.33,5062.353636363637,-2221.023636363637
1275.96,2959.5627999999997,-1683.6027999999997
7495.24,2473.29313559322,5021.94686440678
542.5,1645.7754761904757,-1103.2754761904757
6448.43,4905.193034825869,1543.236965174131
8762.89,8481.94,280.9499999999989
998.95,3251.84380952381,-2252.89380952381
2269.75,1215.5032857142858,1054.2467142857142
2497.5,1644.885,852.615
4660.51,3213.925,1446.585
721.36,1307.9081481481487,-586.5481481481487
1164.85,1072.8410900473932,92.0089099526067
1158.0,1697.1841916167655,-539.1841916167655
1030.84,1736.33,-705.49
3504.88,2888.316666666667,616.563333333333
10027.07,6356.995000000001,3670.074999999999
2072.92,1359.358392857143,713.5616071428572
1540.28,1241.9933333333333,298.28666666666663
578.44,1462.2313636363629,-883.7913636363628
1086.28,1759.8474999999996,-673.5674999999997
2528.24,1576.4004878048784,951.8395121951214
1958.99,1251.505,707.4849999999999
1611.38,2915.5433333333335,-1304.1633333333334
1139.17,1888.8803846153846,-749.7103846153846
4108.75,1728.6270025839794,2380.1229974160206
846.11,1423.11,-576.9999999999999
5476.4,5978.703333333334,-502.3033333333342
6672.95,3536.335,3136.615
813.0,1562.0733333333335,-749.0733333333335
2828.83,3133.8022977346272,-304.9722977346273
1898.61,1879.0057471264379,19.604252873562018
1313.27,1119.5544117647062,193.7155882352938
2079.58,2395.61,-316.0300000000002
1283.96,4424.76,-3140.8
2744.41,2632.0481999999993,112.36180000000058
2981.04,1867.0386666666668,1114.0013333333332
24687.94,12807.47,11880.47
2375.04,2644.049214285714,-269.0092142857138
823.04,1320.6898281786955,-497.64982817869554
4451.62,2035.9105263157896,2415.70947368421
4055.86,1114.5110714285713,2941.3489285714286
5091.32,5923.655,-832.335
1497.28,2762.0022522522527,-1264.7222522522527
722.75,1625.221149897332,-902.471149897332
1230.91,2998.32,-1767.41
819.25,1625.221149897332,-805.971149897332
4206.23,2351.563037974683,1854.6669620253165
3607.7,1823.97,1783.7299999999998
992.32,1215.5032857142858,-223.18328571428572
966.13,1320.6898281786955,-354.5598281786955
7399.37,4269.56,3129.8099999999995
3462.88,7407.870000000001,-3944.9900000000007
1684.68,2202.146363636364,-517.4663636363641
6586.3,5029.42,1556.88
1847.9,975.5966666666667,872.3033333333334
3695.47,1614.4115476190473,2081.0584523809525
634.95,891.7589984101745,-256.80899841017447
5715.6,3726.5950000000003,1989.005
5048.77,4533.498235294117,515.2717647058835
1319.9,2222.9797530864194,-903.0797530864193
5050.81,4343.57,707.2400000000007
5460.7,5464.120000000001,-3.4200000000009823
612.32,891.7589984101745,-279.43899841017446
2829.99,2436.442,393.5479999999998
4136.55,4781.217391304347,-644.6673913043469
1432.17,3808.4583333333335,-2376.2883333333334
2679.71,2123.062777777778,556.6472222222219
2841.64,1384.735,1456.905
3125.41,1429.8600000000001,1695.5499999999997
9015.64,3778.287857142857,5237.352142857142
8226.1,11330.04,-3103.9400000000005
1918.05,1487.607777777778,430.442222222222
1645.29,2669.745652173913,-1024.4556521739132
6832.61,5557.085,1275.5249999999996
621.09,1896.0177777777778,-1274.927777777778
3094.42,5417.905,-2323.4849999999997
1330.58,2458.685,-1128.105
2724.53,743.6,1980.9300000000003
1288.87,917.95,370.91999999999985
1299.38,2123.062777777778,-823.682777777778
2418.39,2644.049214285714,-225.65921428571392
718.55,1625.221149897332,-906.671149897332
2873.86,1134.695913461539,1739.164086538461
4186.29,1362.8668421052632,2823.4231578947365
734.67,1119.5544117647062,-384.8844117647062
919.37,1625.221149897332,-705.851149897332
6392.19,1469.4450000000002,4922.744999999999
1093.21,1473.6666197183101,-380.4566197183101
1527.59,891.7589984101745,635.8310015898254
3840.97,1777.4499999999998,2063.52
2108.35,1679.1,429.25
7482.92,4905.193034825869,2577.726965174131
1988.56,926.4499999999999,1062.1100000000001
14031.72,11426.625,2605.0949999999993
736.21,1212.989069767442,-476.779069767442
1540.91,6486.693555555555,-4945.783555555555
2409.47,1224.3334482758623,1185.1365517241375
1455.8,1087.3551648351647,368.44483516483524
1876.99,3237.6137209302324,-1360.6237209302324
4870.5,1473.8027272727275,3396.6972727272723
3656.5,2762.0022522522527,894.4977477477473
562.99,1339.1477467411546,-776.1577467411546
4219.46,8291.37,-4071.9100000000008
2612.58,2607.635,4.944999999999709
3002.32,1811.4058510638301,1190.91414893617
2960.58,4525.74,-1565.1599999999999
1351.92,1165.1766315789473,186.74336842105276
1801.32,3390.453333333333,-1589.133333333333
881.9,2067.2599999999998,-1185.3599999999997
3728.66,1613.52,2115.14
3582.35,1160.82,2421.5299999999997
5267.3,7787.82,-2520.5199999999995
262.97,1339.1477467411546,-1076.1777467411546
2443.11,1891.7685416666673,551.3414583333329
2438.66,8344.411481481482,-5905.751481481482
1388.09,1741.7699662162158,-353.6799662162159
2120.54,1664.756666666667,455.7833333333331
2220.28,1165.1766315789473,1055.103368421053
903.34,1156.742093023256,-253.40209302325604
1919.76,4444.9800000000005,-2525.2200000000003
2937.48,1582.952155591573,1354.527844408427
4473.23,1401.3443269230766,3071.885673076923
599.73,1870.7512820512825,-1271.0212820512825
6981.83,3072.534,3909.296
400.64,1119.5544117647062,-718.9144117647062
1420.41,3850.236666666666,-2429.826666666666
615.07,1687.0185714285715,-1071.9485714285715
4200.8,2110.5739999999996,2090.2260000000006
2209.34,2054.86303030303,154.47696969697017
1176.48,1474.391707317073,-297.911707317073
1184.97,2955.54,-1770.57
2525.1,3451.9966666666664,-926.8966666666665
876.51,2127.760465116279,-1251.2504651162792
701.58,3133.8022977346272,-2432.2222977346273
3098.37,1978.6626315789472,1119.7073684210527
14221.04,6073.1832258064505,8147.85677419355
1555.94,2054.86303030303,-498.9230303030299
1338.39,1625.221149897332,-286.8311498973319
7968.15,10373.23,-2405.08
830.18,826.9366666666666,3.2433333333333394
4926.87,3608.8615686274497,1318.0084313725501
657.28,1582.952155591573,-925.6721555915731
850.01,1139.82375,-289.81375
3823.63,6394.46,-2570.83
1797.6,2270.5078521126757,-472.90785211267576
2559.35,1728.6270025839794,830.7229974160205
831.92,1625.221149897332,-793.301149897332
1397.1,2196.984175824176,-799.884175824176
2172.69,3048.9429411764704,-876.2529411764704
4429.66,4905.193034825869,-475.53303482586944
2553.15,774.4166666666666,1778.7333333333336
3635.5,1166.3266666666666,2469.173333333333
1643.33,1648.665588235294,-5.3355882352941535
3096.92,1885.37725490196,1211.54274509804
4488.11,5101.405,-613.2950000000001
5889.98,648.62,5241.36
643.52,2548.2366666666667,-1904.7166666666667
5524.77,7143.78,-1619.0099999999993
2467.45,2155.961849710981,311.4881502890189
6978.59,10890.73,-3912.1399999999994
2189.41,1091.7507894736839,1097.659210526316
1037.4,2500.9866666666667,-1463.5866666666666
4792.35,1215.6564285714285,3576.693571428572
8759.49,4692.925,4066.5649999999996
641.85,1134.695913461539,-492.845913461539
12578.2,4697.395,7880.805
2283.38,643.9000000000001,1639.48
648.25,1134.695913461539,-486.445913461539
11391.35,2593.59,8797.76
593.32,1728.6270025839794,-1135.3070025839793
1387.81,1879.965714285714,-492.1557142857141
1082.7,1885.37725490196,-802.6772549019599
5968.03,2009.244155844156,3958.7858441558437
806.98,2360.865,-1553.8849999999998
1764.22,1438.0397872340425,326.18021276595755
993.99,1046.4940909090908,-52.50409090909079
2883.48,1905.8200000000002,977.6599999999999
1996.41,4379.801428571428,-2383.391428571428
1187.38,2077.584807692308,-890.2048076923079
2109.94,1246.3510857142865,863.5889142857136
1273.16,3133.8022977346272,-1860.6422977346272
707.35,1885.37725490196,-1178.02725490196
1202.92,2155.961849710981,-953.0418497109808
2591.57,1741.7699662162158,849.8000337837843
144.98,1946.1358333333328,-1801.1558333333328
8000.26,6044.415,1955.8450000000003
595.12,1114.5110714285713,-519.3910714285713
2138.08,1401.3443269230766,736.7356730769234
740.6,1891.7685416666673,-1151.1685416666674
1434.27,2256.424117647058,-822.1541176470582
1048.68,1697.1841916167655,-648.5041916167654
3935.91,8613.365,-4677.455
1406.15,1418.4699999999998,-12.319999999999709
4929.23,4848.049999999999,81.18000000000029
3539.83,2202.146363636364,1337.6836363636357
1345.59,1201.74,143.8499999999999
1220.23,1728.6270025839794,-508.39700258397943
1042.82,1512.9971014492753,-470.17710144927537
1480.52,4003.254736842104,-2522.734736842104
5568.23,1328.4633333333334,4239.766666666666
1357.11,1728.6270025839794,-371.51700258397955
1821.39,1359.358392857143,462.0316071428572
1591.39,1134.695913461539,456.6940865384611
1688.03,3427.2,-1739.1699999999998
5618.28,1625.0287096774193,3993.2512903225806
2533.25,5663.715,-3130.465
3144.32,2550.096666666667,594.2233333333334
3350.38,1915.5302777777772,1434.849722222223
1204.93,3903.3599999999997,-2698.4299999999994
2611.92,6617.053333333333,-4005.133333333333
1463.56,1462.2313636363629,1.328636363637088
2398.28,6562.47,-4164.1900000000005
3177.46,2221.6290909090912,955.8309090909088
757.34,1241.5321965317924,-484.1921965317923
7984.06,3882.005,4102.055
1301.09,3036.426,-1735.336
700.49,1386.7312068965518,-686.2412068965518
2966.2,1926.7833333333335,1039.4166666666663
3839.95,1625.221149897332,2214.728850102668
10082.57,8851.344444444445,1231.2255555555548
1330.0,1212.0977272727268,117.90227272727316
737.77,3262.06,-2524.29
1908.34,1423.1828333333328,485.1571666666671
851.8,1134.695913461539,-282.89591346153907
793.07,1152.2413636363635,-359.1713636363635
2655.52,4722.455,-2066.935
762.24,1813.8713333333335,-1051.6313333333335
4120.57,3710.005,410.5649999999996
4884.96,3133.8022977346272,1751.1577022653728
1946.04,2128.943125,-182.90312499999982
1873.36,2858.4132692307708,-985.0532692307709
4203.57,3133.8022977346272,1069.7677022653725
634.06,1741.7699662162158,-1107.709966216216
776.48,2279.8194871794867,-1503.3394871794867
2715.03,1161.895,1553.1350000000002
2238.54,5227.62,-2989.08
1352.81,7810.96,-6458.15
4934.76,13589.12,-8654.36
8445.02,2667.156428571429,5777.863571428572
4398.73,2054.86303030303,2343.8669696969696
1733.18,1741.7699662162158,-8.589966216215771
7067.22,7169.57,-102.34999999999945
3375.1,1046.4940909090908,2328.6059090909093
1828.82,1973.5225,-144.7025000000001
3400.18,1797.415,1602.7649999999999
1657.43,3560.1675,-1902.7375
3103.27,5782.4,-2679.1299999999997
4474.65,5300.635,-825.9850000000006
6337.01,8678.32,-2341.3099999999995
2668.75,1246.3510857142865,1422.3989142857135
760.82,1083.2658312958426,-322.4458312958426
17227.62,11442.126666666665,5785.493333333334
3824.11,3161.2125,662.8975
2918.01,1511.1491666666668,1406.8608333333334
15010.47,5361.436666666667,9649.033333333333
3273.33,1109.03,2164.3
2439.39,1059.52,1379.87
1751.88,4472.49,-2720.6099999999997
5263.63,2482.7915999999996,2780.8384000000005
707.61,1374.5364321608047,-666.9264321608047
1380.81,6340.73,-4959.92
616.19,2257.0633333333335,-1640.8733333333334
13118.2,11666.873333333331,1451.3266666666696
6037.62,2915.5433333333335,3122.0766666666664
3743.38,4280.963333333333,-537.583333333333
5976.67,5048.615,928.0550000000003
1848.69,1514.5949999999998,334.09500000000025
3754.09,5179.45,-1425.3599999999997
1304.43,2011.4736666666663,-707.0436666666662
1263.95,1320.6898281786955,-56.73982817869546
1731.42,2155.875,-424.4549999999999
3329.43,3091.5142857142855,237.91571428571433
1348.42,1083.2658312958426,265.1541687041574
6590.35,7810.96,-1220.6099999999997
4344.31,3438.7933333333335,905.5166666666669
6671.21,3478.865,3192.3450000000003
2622.58,3938.2200000000003,-1315.6400000000003
2134.25,1841.3866666666663,292.8633333333337
2171.11,4182.33,-2011.2199999999998
9422.31,2299.6400000000003,7122.669999999999
783.78,7400.8966666666665,-6617.116666666667
601.08,2275.8900000000003,-1674.8100000000004
984.1,2850.2650000000003,-1866.1650000000004
1168.98,3930.4714285714294,-2761.4914285714294
432.26,1134.695913461539,-702.435913461539
1649.5,4064.7599999999998,-2415.2599999999998
3987.63,2039.09,1948.5400000000002
829.06,2484.3775,-1655.3175
426.23,1134.695913461539,-708.465913461539
1454.57,1196.4382352941177,258.13176470588223
1033.83,891.7589984101745,142.0710015898254
6778.16,3357.0414999999994,3421.1185000000005
892.08,1839.575,-947.495
8731.77,3351.3309090909092,5380.439090909091
1572.13,1856.0305434782601,-283.90054347826003
1578.07,2388.9607692307686,-810.8907692307687
5102.57,3357.0414999999994,1745.5285000000003
4610.59,3608.8615686274497,1001.7284313725504
1214.68,1576.4004878048784,-361.7204878048783
1076.73,3086.3033333333333,-2009.5733333333333
25153.41,12915.44,12237.97
5495.54,1845.4099999999999,3650.13
6245.85,3630.84,2615.01
1314.37,1065.6566666666668,248.71333333333314
1629.98,9466.65,-7836.67
1033.57,1083.2658312958426,-49.69583129584271
1770.19,1759.8474999999996,10.342500000000427
2537.83,1591.983111111111,945.846888888889
4295.27,3231.075,1064.1950000000006
5103.86,4558.0650000000005,545.7949999999992
2304.46,3737.4100000000003,-1432.9500000000003
2597.16,7295.424999999999,-4698.264999999999
1121.6,1083.2658312958426,38.334168704157264
2236.24,2256.424117647058,-20.18411764705843
4600.36,2959.5627999999997,1640.7972
3562.71,4831.83,-1269.12
929.06,1083.2658312958426,-154.2058312958427
1493.53,3041.027714285715,-1547.497714285715
4333.78,4565.85,-232.07000000000062
2002.66,4975.49,-2972.83
3088.02,1945.825,1142.195
3011.95,2904.415,107.53499999999985
796.82,891.7589984101745,-94.93899841017446
1030.31,3491.15625,-2460.84625
4219.33,1246.3510857142865,2972.9789142857135
5446.09,6249.105,-803.0149999999994
2921.69,3788.2358823529407,-866.5458823529407
958.64,1435.508924731183,-476.86892473118303
661.8,896.7171428571428,-234.91714285714284
1311.94,3559.4533333333334,-2247.5133333333333
1479.88,2134.8199999999997,-654.9399999999996
1486.68,4011.913333333334,-2525.2333333333336
6861.32,6451.755,409.5649999999996
3117.55,4183.3949999999995,-1065.8449999999993
5827.33,6609.956666666666,-782.6266666666661
3866.23,7827.993333333333,-3961.763333333333
1196.37,452.51500000000004,743.8549999999998
4769.61,5835.776666666668,-1066.1666666666679
934.57,1241.5321965317924,-306.9621965317923
1466.67,1198.66,268.01
2160.55,2843.0444444444447,-682.4944444444445
7450.3,6143.334,1306.9660000000003
6199.77,1608.76,4591.01
16627.29,12813.88,3813.4100000000017
1383.49,2173.805,-790.3149999999998
870.79,1087.3551648351647,-216.56516483516475
473.92,1320.6898281786955,-846.7698281786954
1249.15,2127.760465116279,-878.6104651162791
1273.77,1879.0057471264379,-605.2357471264379
6117.78,1316.845,4800.9349999999995
4983.38,1707.9899999999998,3275.3900000000003
536.61,1215.5032857142858,-678.8932857142858
2268.86,1648.665588235294,620.194411764706
1799.71,749.7249999999999,1049.9850000000001
3030.0,1036.585,1993.415
769.53,1381.865,-612.335
4911.91,5025.02,-113.11000000000058
7419.13,5826.023999999999,1593.1060000000007
2147.58,1083.2658312958426,1064.3141687041573
2171.68,1741.7699662162158,429.910033783784
1175.91,1246.3510857142865,-70.44108571428637
1337.69,3907.37,-2569.68
1213.21,2075.5086559139795,-862.2986559139795
2712.7,1582.952155591573,1129.7478444084268
9226.09,4905.193034825869,4320.896965174131
2912.15,3475.7638888888887,-563.6138888888886
1191.84,1915.5302777777772,-723.6902777777773
988.21,1241.5321965317924,-253.32219653179231
1871.14,3649.8500000000004,-1778.7100000000003
1085.09,1625.221149897332,-540.1311498973321
727.16,3250.5265116279065,-2523.3665116279067
2152.76,948.3194594594596,1204.4405405405405
937.53,4831.83,-3894.3
3278.93,2528.693333333333,750.2366666666667
2066.11,1718.075,348.0350000000001
1697.25,1579.1314285714293,118.1185714285707
2502.75,4639.943333333334,-2137.1933333333336
1494.67,3944.732941176471,-2450.0629411764708
2446.83,3309.9466666666667,-863.1166666666668
4453.05,4431.02,22.029999999999745
1293.12,1620.4776767676765,-327.3576767676766
4148.51,2561.8387500000003,1586.6712499999999
804.0,1423.11,-619.1099999999999
759.17,2600.7398648648646,-1841.5698648648645
3720.15,6651.526666666668,-2931.3766666666675
2261.26,2026.896850393702,234.3631496062983
2027.03,3608.8615686274497,-1581.8315686274498
1158.35,1072.8410900473932,85.5089099526067
689.8,1885.37725490196,-1195.57725490196
1884.84,1320.6898281786955,564.1501718213044
4293.74,2248.16,2045.58
852.71,1215.5032857142858,-362.79328571428573
3045.2,879.73,2165.47
2066.35,9802.439999999999,-7736.089999999998
4487.91,2392.385,2095.5249999999996
3571.69,1385.2255555555555,2186.464444444445
1093.23,845.2639999999999,247.96600000000012
4562.4,4879.597272727273,-317.19727272727323
850.61,5748.624,-4898.014
1763.18,1728.6270025839794,34.55299741602062
1215.5,1087.3551648351647,128.14483516483529
1583.83,6711.856666666667,-5128.026666666667
3602.7,2585.0525,1017.6475
4567.42,4428.97,138.44999999999982
1419.08,3415.9754999999996,-1996.8954999999996
2568.15,3869.418333333333,-1301.268333333333
4723.4,1885.37725490196,2838.0227450980396
2719.77,2388.9607692307686,330.80923076923136
2531.98,2158.03,373.9499999999998
13358.27,4022.9499999999994,9335.320000000002
1590.06,1421.427931034483,168.63206896551696
4225.07,2313.4975,1911.5724999999998
2045.03,1091.7507894736839,953.2792105263161
10605.68,4088.893829787233,6516.7861702127675
3681.49,1212.0977272727268,2469.392272727273
834.58,1087.3551648351647,-252.77516483516467
2541.18,484.14,2057.04
989.15,1241.5321965317924,-252.38219653179237
3469.07,1620.4776767676765,1848.5923232323237
975.91,6003.423333333333,-5027.513333333333
3330.55,1001.6033333333334,2328.9466666666667
785.81,2026.896850393702,-1241.086850393702
1972.53,1971.5049999999999,1.025000000000091
4075.37,3680.240571428572,395.129428571428
1685.32,1720.633917525774,-35.31391752577406
1242.05,1083.2658312958426,158.7841687041573
3725.38,2924.036666666667,801.3433333333332
374.29,1595.2257142857143,-1220.9357142857143
1663.99,1134.695913461539,529.294086538461
883.9,1320.6898281786955,-436.78982817869553
862.02,891.7589984101745,-29.73899841017453
2208.04,12870.086666666664,-10662.046666666665
1661.24,1697.1841916167655,-35.944191616765465
1492.09,1879.0057471264379,-386.91574712643796
3562.48,1512.085,2050.395
754.45,471.1933333333333,283.2566666666667
2348.1,2567.3129670329668,-219.21296703296684
963.75,1625.221149897332,-661.471149897332
2831.2,3608.8615686274497,-777.6615686274499
1278.3,1838.3531182795696,-560.0531182795696
1319.24,1345.524,-26.283999999999878
4104.15,2989.7533333333326,1114.396666666667
10461.59,803.235,9658.355
2703.96,2597.815714285714,106.14428571428607
2005.48,2279.8194871794867,-274.3394871794867
1901.81,1728.6270025839794,173.1829974160205
2199.63,1883.7851612903228,315.84483870967733
1634.65,2244.9733333333334,-610.3233333333333
1482.76,1707.826808510638,-225.0668085106381
1437.15,1262.141153846154,175.00884615384598
6448.79,3142.9,3305.89
7002.24,4648.105,2354.135
668.6,1462.2313636363629,-793.6313636363628
451.33,1885.37725490196,-1434.04725490196
912.37,1853.886875,-941.5168749999999
1991.35,2358.3395652173917,-366.9895652173918
1290.87,1802.9160606060605,-512.0460606060606
3582.67,4905.193034825869,-1322.5230348258692
1450.5,3048.9429411764704,-1598.4429411764704
9752.96,1117.525,8635.435
1083.3,1091.7507894736839,-8.450789473683926
580.0,1952.085,-1372.085
1000.26,1741.7699662162158,-741.5099662162158
2095.7,1679.1121052631581,416.5878947368417
2355.86,1605.1466666666665,750.7133333333336
10491.14,8464.8275,2026.3125
1861.67,1359.358392857143,502.31160714285716
1784.74,2603.5733333333333,-818.8333333333333
3825.4,3453.630833333334,371.769166666666
2834.15,1707.826808510638,1126.323191489362
8542.66,3600.2033333333334,4942.456666666667
1602.24,2270.5078521126757,-668.2678521126757
3311.36,1374.5364321608047,1936.8235678391954
3038.36,3503.355,-464.9949999999999
3354.41,3281.2733333333326,73.13666666666722
3983.92,8722.475,-4738.555
855.3,1609.0465909090906,-753.7465909090906
2012.31,2026.896850393702,-14.58685039370198
2098.99,1139.82375,959.1662499999998
7508.32,1946.1358333333328,5562.184166666667
1801.32,3486.9933333333333,-1685.6733333333334
2999.11,3108.81,-109.69999999999982
999.81,891.7589984101745,108.05100158982543
741.75,1320.6898281786955,-578.9398281786955
1785.27,3631.84,-1846.5700000000002
1886.07,1116.0600000000002,770.0099999999998
1573.66,2567.3129670329668,-993.6529670329667
1206.66,1576.4004878048784,-369.7404878048783
905.82,1591.983111111111,-686.1631111111109
2393.33,2358.3395652173917,34.99043478260819
2841.74,2522.7128571428575,319.0271428571423
1779.46,1582.952155591573,196.507844408427
2405.2,712.24,1692.9599999999998
1135.29,3309.0550000000003,-2173.7650000000003
1861.43,1134.695913461539,726.734086538461
1502.97,1746.5900000000001,-243.62000000000012
1521.68,3785.585,-2263.9049999999997
4326.63,1529.49,2797.1400000000003
4958.16,6905.217999999999,-1947.057999999999
2358.34,1552.622133333333,805.7178666666671
2568.62,2279.8194871794867,288.8005128205132
1882.86,4234.965,-2352.1050000000005
1397.64,1582.952155591573,-185.31215559157295
4485.65,4260.33,225.3199999999997
2940.25,1374.5364321608047,1565.7135678391953
1796.25,1246.3510857142865,549.8989142857135
260.0,1011.1607407407408,-751.1607407407408
4714.4,7400.8966666666665,-2686.496666666667
803.3,1380.1731818181818,-576.8731818181818
984.57,1246.3510857142865,-261.7810857142864
3978.16,2542.1099999999997,1436.0500000000002
3322.5,2352.8409999999994,969.6590000000006
924.1,1114.5110714285713,-190.4110714285713
1878.15,2473.29313559322,-595.14313559322
3952.44,2242.6833333333334,1709.7566666666667
8538.71,2118.3766666666666,6420.333333333332
2841.7,1838.3531182795696,1003.3468817204302
891.36,1339.1477467411546,-447.7877467411546
2052.76,1156.742093023256,896.0179069767441
889.83,2554.815,-1664.9850000000001
3517.61,2415.4994736842104,1102.1105263157897
2805.12,1123.2471428571428,1681.8728571428571
1421.25,1939.15,-517.9000000000001
1331.23,1190.8223387096778,140.40766129032227
4190.72,1199.8344,2990.8856000000005
3404.52,2896.335,508.18499999999995
4153.56,3930.4714285714294,223.08857142857096
922.23,1511.1491666666668,-588.9191666666668
1099.14,5160.243333333333,-4061.1033333333326
29039.85,6166.485000000001,22873.364999999998
583.91,891.7589984101745,-307.84899841017454
564.4,1359.358392857143,-794.9583928571429
1172.29,2279.8194871794867,-1107.5294871794868
14906.77,4254.7625,10652.0075
1416.8,2377.1137142857147,-960.3137142857147
1762.71,1213.085,549.625
1498.21,2411.2927272727275,-913.0827272727274
982.62,1087.3551648351647,-104.73516483516471
3328.92,3765.06,-436.1399999999999
3050.97,2232.275,818.6949999999997
2474.07,6321.424999999999,-3847.354999999999
5760.46,6057.3775,-296.91749999999956
6015.12,8499.625,-2484.505
1592.11,4111.544615384615,-2519.4346153846154
677.21,1582.952155591573,-905.742155591573
11504.76,5805.564,5699.196
539.6,1134.695913461539,-595.095913461539
1059.98,1473.1143859649121,-413.1343859649121
1731.38,3405.5922222222216,-1674.2122222222215
3583.99,2591.3450000000003,992.6449999999995
3192.99,7966.054999999999,-4773.065
1554.54,1640.7296226415087,-86.18962264150878
8003.56,7099.535,904.0250000000005
4923.36,3571.9,1351.4599999999996
3022.48,1577.2699999999998,1445.2100000000003
3029.23,803.6233333333333,2225.6066666666666
5533.99,2413.77,3120.22
2760.64,4414.885,-1654.2450000000003
1701.06,1915.5302777777772,-214.47027777777726
825.6,2669.745652173913,-1844.1456521739133
1843.78,2630.7544999999996,-786.9744999999996
1801.91,1696.7033333333331,105.20666666666693
1904.05,5503.05,-3599.0
4444.05,2221.6290909090912,2222.420909090909
1843.69,1339.1477467411546,504.54225325884545
1111.39,891.7589984101745,219.6310015898256
952.78,840.795,111.98500000000001
6150.57,1926.17875,4224.39125
1320.98,1625.221149897332,-304.241149897332
3876.05,3041.027714285715,835.0222857142853
1815.59,1165.1766315789473,650.4133684210526
1512.33,883.96,628.3699999999999
953.31,2766.2031250000005,-1812.8931250000005
6608.18,1377.9333333333334,5230.246666666667
2268.72,2632.0481999999993,-363.32819999999947
2008.99,891.7589984101745,1117.2310015898256
14499.21,4526.996666666667,9972.213333333333
1539.2,2644.049214285714,-1104.8492142857137
2754.23,1386.7312068965518,1367.4987931034482
971.68,1112.4928571428572,-140.8128571428573
746.21,1730.9294520547949,-984.7194520547948
1529.19,1473.1143859649121,56.07561403508794
1164.3,1648.665588235294,-484.3655882352941
5061.62,2337.4280000000003,2724.1919999999996
952.98,1576.4004878048784,-623.4204878048783
580.0,1083.2658312958426,-503.26583129584264
622.19,1156.742093023256,-534.552093023256
2806.38,3664.67,-858.29
1703.94,1648.665588235294,55.274411764705974
964.1,1134.695913461539,-170.595913461539
641.17,756.1076923076923,-114.93769230769237
386.65,1896.0177777777778,-1509.367777777778
1264.67,5473.073333333334,-4208.403333333334
1786.45,1720.633917525774,65.81608247422605
764.14,891.7589984101745,-127.61899841017453
970.38,2551.425,-1581.045
7690.15,4163.561428571428,3526.5885714285714
5813.55,1432.05,4381.5
808.85,964.3685714285714,-155.51857142857136
1553.15,4851.62,-3298.47
2066.32,1896.7369999999999,169.5830000000003
1873.75,2567.3129670329668,-693.5629670329668
1832.84,2123.062777777778,-290.2227777777782
1252.09,1827.47,-575.3800000000001
2026.99,3196.9637179487186,-1169.9737179487186
1154.46,2944.7510000000007,-1790.2910000000006
7336.79,4088.893829787233,3247.896170212767
643.21,891.7589984101745,-248.54899841017448
1193.55,1359.358392857143,-165.80839285714296
578.39,3551.0050000000006,-2972.6150000000007
994.61,1369.4905194805194,-374.8805194805194
2207.89,1246.3510857142865,961.5389142857134
1307.58,1083.2658312958426,224.31416870415728
1328.18,6714.257380952382,-5386.077380952382
1938.97,2567.3129670329668,-628.3429670329667
2239.04,6245.456666666666,-4006.416666666666
3519.59,4568.93,-1049.3400000000001
1468.2,3940.155,-2471.955
830.56,1359.358392857143,-528.798392857143
1938.67,1072.8410900473932,865.8289099526069
1233.73,1648.665588235294,-414.93558823529406
3931.41,2155.961849710981,1775.448150289019
1611.21,1513.22,97.99000000000001
1938.53,1984.105272727273,-45.57527272727293
934.51,3925.9300000000003,-2991.42
1052.67,1827.47,-774.8
1173.76,2769.41,-1595.6499999999999
2525.97,5007.566666666667,-2481.596666666667
1839.74,1811.4058510638301,28.334148936169868
3540.83,2644.049214285714,896.7807857142861
4092.54,5876.419,-1783.879
372.94,1666.145,-1293.205
10428.11,3332.91,7095.200000000001
2469.31,3041.027714285715,-571.7177142857149
5681.98,1218.38,4463.599999999999
3094.39,13225.425,-10131.035
3091.7,1856.0305434782601,1235.6694565217397
975.06,1339.1477467411546,-364.08774674115466
2942.31,3133.8022977346272,-191.4922977346273
8130.33,3930.4714285714294,4199.858571428571
3201.06,2669.745652173913,531.3143478260868
592.81,2026.896850393702,-1434.086850393702
3661.18,2333.093333333333,1328.086666666667
2213.69,1700.8266666666668,512.8633333333332
793.61,1246.3510857142865,-452.74108571428644
3334.96,1841.3866666666663,1493.5733333333337
1758.16,1307.9081481481487,450.25185185185137
951.47,1320.6898281786955,-369.2198281786955
1006.13,2411.2927272727275,-1405.1627272727274
2245.72,1625.221149897332,620.4988501026678
2216.45,7193.03,-4976.58
10740.94,6478.235,4262.705000000001
4875.33,3351.153333333333,1524.1766666666667
3514.54,3744.35,-229.80999999999995
1828.18,2675.08,-846.8999999999999
737.99,1707.826808510638,-969.8368085106381
3700.77,2387.1966666666667,1313.5733333333333
2722.99,2355.67,367.3199999999997
7988.69,9036.994999999999,-1048.3049999999994
2636.23,4513.583333333333,-1877.353333333333
1354.69,1773.5700000000002,-418.8800000000001
2825.74,2762.0022522522527,63.73774774774711
538.55,1119.5544117647062,-581.0044117647062
7940.07,9317.085,-1377.0149999999994
6148.54,3194.9900000000002,2953.5499999999997
3266.49,2535.465,731.0249999999996
5607.05,4163.561428571428,1443.488571428572
3132.27,1241.5321965317924,1890.7378034682076
969.96,1640.7296226415087,-670.7696226415087
1465.27,2011.4736666666663,-546.2036666666663
932.22,1374.5364321608047,-442.31643216080465
2094.46,2632.0481999999993,-537.5881999999992
3638.17,1190.8223387096778,2447.3476612903223
1072.66,2835.935,-1763.2749999999999
4195.32,2609.85,1585.4699999999998
801.65,1087.3551648351647,-285.70516483516474
1089.36,4917.8150000000005,-3828.455000000001
1763.93,1083.2658312958426,680.6641687041574
789.94,2852.2675000000004,-2062.3275000000003
751.85,2270.5078521126757,-1518.6578521126758
1713.26,1512.9971014492753,200.26289855072469
8039.0,4905.193034825869,3133.8069651741307
4115.39,16495.54,-12380.150000000001
635.8,1246.3510857142865,-610.5510857142865
795.38,1374.5364321608047,-579.1564321608047
4711.56,1117.0349999999999,3594.5250000000005
2022.38,1134.695913461539,887.6840865384611
2572.34,3736.1966666666667,-1163.8566666666666
347.23,1119.5544117647062,-772.3244117647062
2226.39,2546.092209302326,-319.7022093023261
7318.63,4336.576666666667,2982.0533333333333
3159.51,1877.6725,1281.8375000000003
3327.76,3706.555,-378.7949999999996
2020.15,2757.648,-737.498
2316.03,1165.1766315789473,1150.853368421053
759.64,1952.512307692307,-1192.872307692307
3563.98,3196.9637179487186,367.01628205128145
7891.37,2968.4350000000004,4922.9349999999995
7041.08,3094.8566666666666,3946.2233333333334
733.7,1141.8899999999999,-408.1899999999998
14072.32,5116.185666666668,8956.134333333332
5012.39,17440.835,-12428.445
9015.16,8344.411481481482,670.7485185185178
5404.8,9193.215,-3788.415
4927.3,1707.9899999999998,3219.3100000000004
2271.39,1625.221149897332,646.1688501026679
8615.69,5938.963333333333,2676.7266666666674
761.65,2149.170769230769,-1387.520769230769
711.66,4305.035,-3593.375
2186.86,2351.563037974683,-164.70303797468296
2603.27,3840.4269999999997,-1237.1569999999997
1647.78,1486.1123931623931,161.66760683760685
10489.49,3019.865,7469.625
9212.38,5826.023999999999,3386.3559999999998
6387.24,10248.14,-3860.8999999999996
1120.49,1046.4940909090908,73.99590909090921
1859.57,1766.6993333333337,92.87066666666624
719.85,1083.2658312958426,-363.4158312958426
6014.04,3084.75,2929.29
2338.87,1728.6270025839794,610.2429974160204
9542.95,5468.03,4074.920000000001
583.11,1453.9498550724638,-870.8398550724638
1149.0,1421.427931034483,-272.427931034483
1235.9,1224.3334482758623,11.566551724137753
1446.93,3491.15625,-2044.22625
6351.48,6622.91,-271.4300000000003
6463.89,3071.5540909090896,3392.3359090909107
7321.77,7522.225,-200.45499999999993
3645.02,1582.952155591573,2062.067844408427
1411.74,1811.4058510638301,-399.66585106383013
2810.64,945.8566666666667,1864.7833333333333
5396.61,2679.635,2716.9749999999995
9723.02,5708.860000000001,4014.16
828.12,830.915,-2.794999999999959
1661.08,1811.4058510638301,-150.3258510638302
1418.12,447.89333333333326,970.2266666666667
1800.34,1625.221149897332,175.11885010266792
1327.85,6956.71,-5628.860000000001
2953.78,1246.3510857142865,1707.4289142857137
2868.05,2077.584807692308,790.4651923076922
1447.95,7494.945,-6046.995
1802.34,1836.4050000000002,-34.06500000000028
2924.92,2473.29313559322,451.62686440678
2458.45,3344.815,-886.3650000000002
1222.62,1198.66,23.95999999999981
7224.66,5455.9400000000005,1768.7199999999993
4672.89,2600.7398648648646,2072.1501351351358
981.39,1119.5544117647062,-138.1644117647062
7686.83,7599.668235294117,87.16176470588289
1887.07,3612.11294117647,-1725.04294117647
1413.83,1836.4050000000002,-422.5750000000003
4694.65,3156.22,1538.4299999999998
2863.02,1883.7851612903228,979.2348387096772
1943.01,3161.2125,-1218.2025
614.4,1975.2399999999998,-1360.8399999999997
984.26,2415.715,-1431.4550000000002
1934.89,5687.47,-3752.58
1141.56,1870.7512820512825,-729.1912820512825
10895.25,6095.099999999999,4800.150000000001
942.3,1870.7512820512825,-928.4512820512825
1943.71,2352.8409999999994,-409.1309999999994
2378.11,1905.8200000000002,472.28999999999996
888.94,1697.1841916167655,-808.2441916167654
1796.69,1919.1950000000002,-122.50500000000011
1788.26,3754.04,-1965.78
1231.32,776.7199999999999,454.6
828.77,1625.221149897332,-796.451149897332
1671.01,1215.5032857142858,455.5067142857142
2952.74,3930.4714285714294,-977.7314285714297
1920.15,1119.5544117647062,800.5955882352939
6108.98,4627.01,1481.9699999999993
13297.66,6584.143333333333,6713.516666666666
4394.61,1286.875,3107.7349999999997
1092.78,1087.3551648351647,5.424835164835258
5353.21,7674.25,-2321.04
1720.8,1361.9067346938773,358.89326530612266
936.99,1401.3443269230766,-464.35432692307654
1742.09,7021.875,-5279.785
2144.03,1697.1841916167655,446.8458083832347
480.82,1339.1477467411546,-858.3277467411547
8434.22,3741.9429999999993,4692.277
9843.33,11330.04,-1486.710000000001
4753.51,1728.6270025839794,3024.8829974160208
2651.75,1827.47,824.28
2602.14,1380.1731818181818,1221.966818181818
1138.29,1241.5321965317924,-103.24219653179239
4135.86,4026.48,109.37999999999965
1857.43,1691.13625,166.29375000000005
804.22,1114.5110714285713,-310.2910714285713
1409.96,1339.1477467411546,70.81225325884543
1928.03,2357.5666666666666,-429.53666666666663
6951.4,2249.505,4701.8949999999995
4552.59,8111.236666666667,-3558.6466666666665
4299.95,2680.67,1619.2799999999997
2682.97,1625.221149897332,1057.7488501026678
722.12,990.9095714285717,-268.78957142857166
960.8,5443.26,-4482.46
1480.26,1805.335,-325.07500000000005
932.05,7114.415,-6182.365
1683.42,5424.615,-3741.1949999999997
3223.69,1473.6666197183101,1750.02338028169
6314.6,7515.72,-1201.12
2565.5,1915.5302777777772,649.9697222222228
2209.45,3133.8022977346272,-924.3522977346274
1695.11,3149.9110204081635,-1454.8010204081636
596.61,990.9095714285717,-394.29957142857165
2582.84,2487.552857142857,95.28714285714295
1316.59,1220.77,95.81999999999994
2658.51,2270.5078521126757,388.00214788732455
3812.45,1320.6898281786955,2491.7601718213045
1423.93,1350.8500000000001,73.07999999999993
1216.45,1877.0524999999998,-660.6024999999997
2740.91,759.48,1981.4299999999998
2318.39,1462.2313636363629,856.158636363637
10097.85,6855.903333333333,3241.9466666666676
903.79,891.7589984101745,12.03100158982545
5376.61,9740.043333333335,-4363.433333333335
1017.88,2270.5078521126757,-1252.6278521126756
7608.35,6321.424999999999,1286.925000000001
1551.37,1438.0397872340425,113.33021276595741
3137.95,2270.5078521126757,867.4421478873242
859.6,1972.1433333333334,-1112.5433333333335
1655.91,1083.2658312958426,572.6441687041574
7922.6,8702.676666666666,-780.0766666666659
2260.82,1741.7699662162158,519.0500337837843
629.12,1614.4115476190473,-985.2915476190473
2775.85,4879.166363636363,-2103.316363636363
2543.55,1451.2600000000002,1092.29
1300.66,1645.7754761904757,-345.11547619047565
2719.85,2284.693333333333,435.15666666666675
1098.89,2138.513571428571,-1039.623571428571
1305.96,1625.221149897332,-319.26114989733196
2695.32,2075.5086559139795,619.8113440860207
3155.26,2155.961849710981,999.2981502890193
2782.95,1728.6270025839794,1054.3229974160204
1683.2,2388.9607692307686,-705.7607692307686
1295.21,1566.8349999999998,-271.6249999999998
1152.56,1276.5448387096776,-123.98483870967766
2918.8,3521.1966666666667,-602.3966666666665
2508.06,1946.1358333333328,561.9241666666671
1488.17,4270.53,-2782.3599999999997
7081.35,6439.080000000001,642.2699999999995
1381.89,2077.584807692308,-695.6948076923079
527.82,1386.7312068965518,-858.9112068965518
1153.69,1811.4058510638301,-657.7158510638301
2229.24,5048.235000000001,-2818.995000000001
1956.26,2873.62,-917.3599999999999
28.46,1083.2658312958426,-1054.8058312958426
797.68,1241.5321965317924,-443.8521965317924
3081.25,10890.73,-7809.48
663.39,1241.5321965317924,-578.1421965317924
1557.42,1929.878,-372.45799999999986
1451.89,1362.5575,89.33250000000021
5875.53,2034.92975,3840.6002499999995
451.75,7169.57,-6717.82
716.41,1119.5544117647062,-403.1444117647062
1488.18,989.925,498.2550000000001
7625.52,4046.1899999999996,3579.330000000001
865.49,1582.952155591573,-717.462155591573
2972.32,4457.01,-1484.69
879.69,1235.7859259259262,-356.09592592592617
1752.76,673.3,1079.46
1811.03,2647.326666666667,-836.2966666666669
2761.72,2632.0481999999993,129.67180000000053
2582.05,4135.013333333333,-1552.9633333333331
2069.18,2762.0022522522527,-692.8222522522528
1570.38,1138.8576923076923,431.5223076923078
1258.9,1614.4115476190473,-355.5115476190472
3987.13,3133.8022977346272,853.3277022653729
4918.98,1950.815,2968.1649999999995
1723.26,2796.3033333333333,-1073.0433333333333
3457.79,4821.371428571429,-1363.5814285714287
2978.93,2125.1815116279063,853.7484883720936
982.65,1362.8668421052632,-380.21684210526325
4632.58,1339.1477467411546,3293.4322532588453
2609.01,1781.4733333333334,827.5366666666669
1102.43,1625.221149897332,-522.7911498973319
2451.69,1768.6200000000001,683.0699999999999
1141.48,1134.695913461539,6.784086538460997
6188.65,6057.3775,131.27250000000004
955.48,1359.358392857143,-403.8783928571429
6009.12,3384.635,2624.4849999999997
984.66,2817.603333333334,-1832.943333333334
890.54,1275.74,-385.20000000000005
726.67,964.3685714285714,-237.69857142857143
767.65,1359.358392857143,-591.7083928571429
6755.1,4625.246,2129.8540000000003
1910.22,1720.633917525774,189.58608247422603
6573.05,11890.675,-5317.624999999999
1312.26,1579.1314285714293,-266.8714285714293
6464.84,6044.176666666666,420.66333333333387
3547.26,5758.09,-2210.83
2683.71,4679.290000000001,-1995.5800000000008
702.46,1277.2757142857142,-574.8157142857142
1014.78,1648.665588235294,-633.8855882352941
907.11,1246.3510857142865,-339.24108571428644
2609.01,1625.221149897332,983.7888501026682
735.64,891.7589984101745,-156.11899841017453
1078.57,1552.622133333333,-474.05213333333313
618.16,1421.427931034483,-803.267931034483
1302.65,2001.1333333333332,-698.4833333333331
2636.08,9856.73,-7220.65
872.37,1843.6,-971.2299999999999
878.52,1072.8410900473932,-194.32109004739323
2240.68,3133.8022977346272,-893.1222977346274
5308.01,1985.3288888888887,3322.6811111111115
3953.62,1582.952155591573,2370.667844408427
4527.37,2005.8700000000001,2521.5
1949.64,5101.405,-3151.7649999999994
3560.12,2483.5761111111115,1076.5438888888884
6316.98,7616.875,-1299.8950000000004
1058.23,1359.358392857143,-301.1283928571429
862.85,1156.742093023256,-293.89209302325605
1215.32,1486.1123931623931,-270.7923931623932
947.66,2473.29313559322,-1525.6331355932202
4040.15,2700.365,1339.7850000000003
4232.78,1728.6270025839794,2504.1529974160203
3858.48,3100.4350000000004,758.0449999999996
1091.35,1190.8223387096778,-99.47233870967784
6964.62,11994.740000000002,-5030.120000000002
1882.07,1885.37725490196,-3.30725490196005
1638.8,2762.0022522522527,-1123.2022522522527
1292.83,1386.7312068965518,-93.90120689655191
4845.58,4196.01,649.5699999999997
694.79,891.7589984101745,-196.96899841017455
865.01,1357.0685714285717,-492.05857142857167
1748.98,1210.0553846153846,538.9246153846154
684.92,1776.05,-1091.13
1682.35,1492.0019298245609,190.34807017543903
2168.66,803.235,1365.4249999999997
5476.36,17483.440000000002,-12007.080000000002
2348.28,3133.8022977346272,-785.522297734627
4668.84,2352.8409999999994,2315.9990000000007
1019.86,1741.7699662162158,-721.9099662162158
694.52,1072.8410900473932,-378.3210900473932
1106.71,1242.47,-135.76
1428.69,1915.5302777777772,-486.84027777777715
1976.71,4148.95,-2172.24
3475.37,5791.033333333333,-2315.663333333333
4172.28,6166.0235,-1993.7435000000005
3568.7,2962.0112500000005,606.6887499999993
3051.85,1438.0397872340425,1613.8102127659574
787.31,843.23,-55.92000000000007
2126.12,1225.7700000000002,900.3499999999997
4259.26,6475.591754385963,-2216.331754385963
5847.0,6879.135,-1032.1350000000002
3000.02,1566.555,1433.465
531.47,1246.3510857142865,-714.8810857142864
2673.72,4387.245,-1713.525
1388.76,1339.1477467411546,49.612253258845385
2779.32,3701.013333333333,-921.6933333333327
4723.55,4732.98,-9.429999999999382
2115.32,1838.3531182795696,276.9668817204306
3103.8,8138.035,-5034.235
1384.61,2873.62,-1489.01
1207.56,1339.1477467411546,-131.58774674115466
611.68,1241.5321965317924,-629.8521965317924
1848.91,2690.8999999999996,-841.9899999999996
1104.55,3255.896666666667,-2151.3466666666673
819.75,1087.3551648351647,-267.6051648351647
6999.69,4565.745,2433.9449999999997
3033.69,2054.86303030303,978.8269696969701
1936.69,12579.376666666665,-10642.686666666665
2126.61,1279.47,847.1400000000001
824.03,1190.8223387096778,-366.7923387096778
1684.29,1838.3531182795696,-154.0631182795696
1854.51,1614.4115476190473,240.09845238095272
1169.01,1823.4466666666667,-654.4366666666667
773.0,1217.1066666666668,-444.1066666666668
12221.33,11994.740000000002,226.58999999999833
3512.03,1579.1299999999999,1932.9000000000003
4002.19,2609.706666666667,1392.4833333333331
1643.45,1741.7699662162158,-98.31996621621579
7106.39,6944.525,161.8650000000007
1412.91,974.4866666666666,438.4233333333335
1185.97,2125.1815116279063,-939.2115116279062
7944.85,8980.09,-1035.2399999999998
4637.96,2473.29313559322,2164.66686440678
2847.13,10735.619999999999,-7888.489999999999
8903.8,10265.849999999999,-1362.0499999999993
2422.38,18876.07,-16453.69
6503.55,5572.6900000000005,930.8599999999997
3801.1,5062.353636363637,-1261.2536363636368
1327.08,2380.95,-1053.87
1318.8,1614.4115476190473,-295.6115476190473
9413.65,6073.1832258064505,3340.466774193549
543.36,1083.2658312958426,-539.9058312958426
2912.28,1279.47,1632.8100000000002
1878.67,2762.0022522522527,-883.3322522522526
1381.14,1645.7754761904757,-264.63547619047563
2538.67,947.2266666666668,1591.4433333333332
4640.26,4070.941785714286,569.318214285714
1073.86,1625.221149897332,-551.3611498973321
3998.27,1386.7312068965518,2611.5387931034484
5928.21,7616.875,-1688.665
1344.54,1507.6586666666667,-163.11866666666674
2144.67,2351.563037974683,-206.893037974683
3060.04,3133.8022977346272,-73.76229773462728
2720.69,1798.08,922.6100000000001
2237.09,4005.185,-1768.0949999999998
3614.11,6767.936666666667,-3153.8266666666673
2695.91,3020.7599999999998,-324.8499999999999
3813.65,1386.3566666666666,2427.2933333333335
1675.5,891.7589984101745,783.7410015898255
3434.87,2270.5078521126757,1164.3621478873242
5198.2,1671.25,3526.95
923.05,1579.1314285714293,-656.0814285714293
9369.19,5852.18,3517.01
4371.14,14567.349999999999,-10196.21
1618.88,2244.9733333333334,-626.0933333333332
756.57,581.625,174.94500000000005
6214.19,2559.105,3655.0849999999996
925.34,1134.695913461539,-209.355913461539
897.47,2971.11,-2073.6400000000003
1832.48,2632.0481999999993,-799.5681999999993
1079.07,1766.6993333333337,-687.6293333333338
2590.78,2567.3129670329668,23.467032967033447
930.63,1625.221149897332,-694.591149897332
16384.42,12288.093333333332,4096.326666666666
1663.6,3072.3333333333335,-1408.7333333333336
690.81,1728.6270025839794,-1037.8170025839795
14591.93,15975.885,-1383.955
1530.42,2214.281428571429,-683.8614285714289
3164.58,1286.875,1877.705
4749.81,9419.27,-4669.46
4828.94,8111.236666666667,-3282.296666666667
3347.23,4237.53,-890.2999999999997
3399.82,2279.8194871794867,1120.0005128205134
845.27,891.7589984101745,-46.48899841017453
1336.37,1856.0305434782601,-519.6605434782603
562.07,811.8063157894736,-249.73631578947357
2906.83,4280.963333333333,-1374.1333333333332
2317.01,811.8063157894736,1505.2036842105267
4757.16,7066.933333333334,-2309.7733333333344
1251.16,1741.7699662162158,-490.60996621621575
2840.35,965.3466666666667,1875.003333333333
3854.9,3133.8022977346272,721.0977022653728
1128.52,1582.952155591573,-454.43215559157306
9324.25,5040.21,4284.04
553.07,1697.1841916167655,-1144.1141916167653
1494.59,1190.8223387096778,303.76766129032217
1375.66,1010.9475,364.7125000000001
1276.68,1529.49,-252.80999999999995
2506.92,1582.952155591573,923.967844408427
4310.45,6475.591754385963,-2165.1417543859634
513.78,1242.8006896551722,-729.0206896551722
2334.11,3869.418333333333,-1535.308333333333
3877.65,3141.4966666666664,736.1533333333336
4550.28,3142.063333333333,1408.2166666666667
2552.97,2546.092209302326,6.877790697673845
1646.99,1579.1314285714293,67.85857142857071
5056.38,3133.8022977346272,1922.5777022653729
1384.85,1310.18125,74.66874999999982
691.97,1072.8410900473932,-380.8710900473932
2599.55,8705.86,-6106.31
3736.49,1302.1566666666668,2434.333333333333
573.76,1741.7699662162158,-1168.0099662162158
3232.37,4003.254736842104,-770.8847368421043
4352.02,4905.193034825869,-553.1730348258689
6100.43,6312.8,-212.3699999999999
3017.4,2975.4,42.0
5105.33,5611.096666666667,-505.76666666666733
1857.51,1582.3649275362325,275.1450724637675
1405.44,1697.1841916167655,-291.7441916167654
586.27,1359.358392857143,-773.0883928571429
670.14,1625.221149897332,-955.081149897332
2861.8,1700.0919047619047,1161.7080952380954
2926.66,3133.8022977346272,-207.1422977346274
2252.25,1315.8885714285716,936.3614285714284
111.49,2165.3700000000003,-2053.8800000000006
4786.57,1579.1314285714293,3207.4385714285704
894.08,1728.6270025839794,-834.5470025839794
3247.79,1451.705,1796.085
3750.46,2644.049214285714,1106.4107857142862
4811.17,3680.240571428572,1130.9294285714282
2669.17,1938.615,730.5550000000001
4794.17,2075.5086559139795,2718.6613440860206
1217.67,7920.709999999999,-6703.039999999999
675.0,1816.5365217391309,-1141.5365217391309
589.05,912.1587234042553,-323.10872340425533
3582.15,5160.243333333333,-1578.0933333333328
1747.65,1190.8223387096778,556.8276612903223
1719.75,5272.924999999999,-3553.1749999999993
6528.64,4206.349999999999,2322.290000000001
7144.83,2744.4849999999997,4400.345
942.32,1083.2658312958426,-140.9458312958426
3170.29,2362.62,807.6700000000001
5055.43,6367.76,-1312.33
3605.23,2077.584807692308,1527.645192307692
2260.41,5187.382,-2926.9719999999998
1820.52,1320.6898281786955,499.8301718213045
1673.27,1190.8223387096778,482.44766129032223
771.1,1087.3551648351647,-316.2551648351647
1800.98,2872.935,-1071.955
3827.11,1334.8850000000002,2492.225
1288.61,1361.04,-72.43000000000006
1074.68,990.9095714285717,83.7704285714284
1397.03,3773.855,-2376.825
11417.02,1724.60625,9692.41375
1705.45,1473.6666197183101,231.78338028168992
1945.53,2075.5086559139795,-129.97865591397954
3210.58,1620.4776767676765,1590.1023232323234
889.37,2196.984175824176,-1307.614175824176
3395.1,5708.875,-2313.775
6543.9,4905.193034825869,1638.7069651741303
4693.07,3133.8022977346272,1559.2677022653725
943.63,1072.8410900473932,-129.2110900473932
586.8,1083.2658312958426,-496.4658312958427
2208.0,3840.9133333333334,-1632.9133333333334
669.24,1362.8668421052632,-693.6268421052632
9725.01,7963.715,1761.295
2733.88,6224.550769230769,-3490.670769230769
828.93,1504.8974999999998,-675.9674999999999
1067.98,3133.8022977346272,-2065.822297734627
5481.15,5140.25,340.89999999999964
445.89,1359.358392857143,-913.4683928571429
4030.2,3048.9429411764704,981.2570588235294
1274.68,2270.5078521126757,-995.8278521126756
1575.97,1521.4557142857145,54.514285714285506
3010.11,1473.1143859649121,1536.995614035088
3226.59,4386.091111111111,-1159.5011111111107
1240.47,1235.7859259259262,4.684074074073806
12124.57,3788.2358823529407,8336.334117647059
939.4,1369.4905194805194,-430.09051948051945
1491.14,1728.6270025839794,-237.48700258397935
7716.18,6397.419999999999,1318.7600000000011
3452.42,4549.940999999999,-1097.5209999999988
3743.66,2644.049214285714,1099.610785714286
2558.19,1855.12,703.0700000000002
2012.8,1730.9294520547949,281.8705479452051
950.73,1474.391707317073,-523.661707317073
8082.37,3515.54,4566.83
5795.72,1536.46375,4259.25625
1438.27,4259.215,-2820.945
1847.88,2077.584807692308,-229.7048076923079
1728.2,1582.3649275362325,145.83507246376757
7744.37,1117.0349999999999,6627.335
781.73,1648.665588235294,-866.9355882352941
698.38,1728.6270025839794,-1030.2470025839793
1680.63,3734.0066666666667,-2053.3766666666666
724.17,1072.8410900473932,-348.67109004739325
508.54,1591.983111111111,-1083.443111111111
3800.87,663.755,3137.115
745.08,990.9095714285717,-245.82957142857163
501.83,2285.91,-1784.08
2176.14,1907.6750000000002,268.4649999999997
6593.26,4088.893829787233,2504.3661702127674
4247.12,2438.733846153846,1808.3861538461538
1130.93,2172.961333333333,-1042.0313333333331
349.18,2125.1815116279063,-1776.0015116279062
860.67,1224.3334482758623,-363.6634482758624
1282.94,1582.952155591573,-300.012155591573
2322.07,1320.6898281786955,1001.3801718213047
6903.59,8235.111176470587,-1331.5211764705873
1937.67,2077.584807692308,-139.91480769230793
4690.4,7684.675,-2994.2750000000005
5546.18,4650.306666666667,895.873333333333
2701.06,1754.6350000000002,946.4249999999997
3492.33,1685.13,1807.1999999999998
5489.29,2081.08,3408.21
439.4,1728.6270025839794,-1289.2270025839794
2757.05,2632.0481999999993,125.00180000000091
7450.37,10377.215,-2926.8450000000003
921.24,1728.6270025839794,-807.3870025839794
980.27,1307.9081481481487,-327.63814814814873
2196.93,7258.99,-5062.0599999999995
8120.87,4469.20537037037,3651.6646296296303
1677.19,3600.2033333333334,-1923.0133333333333
825.74,1165.1766315789473,-339.4366315789473
2603.36,2150.79,452.57000000000016
3420.31,1522.625,1897.685
1784.7,1999.525,-214.82500000000005
1163.38,4113.55,-2950.17
3475.05,2567.3129670329668,907.7370329670334
3127.72,3454.11,-326.3900000000003
2067.56,2333.093333333333,-265.53333333333285
4254.99,3662.1275,592.8624999999997
1952.3,1358.5749999999998,593.7250000000001
2242.86,1645.7754761904757,597.0845238095244
2679.78,3714.2897058823523,-1034.5097058823521
2084.6,2127.760465116279,-43.16046511627928
4526.17,3052.545,1473.625
1355.73,3736.63,-2380.9
5483.06,6593.033333333333,-1109.9733333333324
3910.16,3926.505,-16.345000000000255
7192.4,4905.193034825869,2287.2069651741303
5419.0,8874.01,-3455.01
2345.75,2026.896850393702,318.8531496062981
2840.31,4470.635,-1630.3250000000003
997.88,1339.1477467411546,-341.2677467411546
2491.84,1289.9220869565213,1201.9179130434788
3019.58,2079.68,939.9000000000001
7760.53,4187.605,3572.925
4179.32,3670.32,508.99999999999955
27487.66,3166.85,24320.81
801.17,1486.1123931623931,-684.9423931623932
4248.7,6824.923333333333,-2576.2233333333334
1657.43,1582.952155591573,74.47784440842702
507.58,1925.3630769230772,-1417.7830769230773
2200.99,1279.5133333333333,921.4766666666665
2511.65,5576.546666666666,-3064.896666666666
3635.19,4379.801428571428,-744.611428571428
7858.45,9617.76,-1759.3100000000004
1363.37,1582.952155591573,-219.58215559157316
4045.36,1582.952155591573,2462.407844408427
2805.29,2352.8409999999994,452.4490000000005
1431.79,1374.5364321608047,57.253567839195284
1010.25,1591.983111111111,-581.7331111111109
960.84,990.9095714285717,-30.069571428571635
1119.23,1245.1525714285715,-125.92257142857147
6560.66,4559.9175,2000.7425000000003
687.84,1156.742093023256,-468.90209302325604
1849.59,1582.952155591573,266.6378444084269
699.27,1083.2658312958426,-383.99583129584266
4091.32,4656.471666666667,-565.1516666666671
2341.59,803.6233333333333,1537.9666666666667
10056.25,1401.3443269230766,8654.905673076923
886.65,2222.9797530864194,-1336.3297530864193
5702.67,12959.51,-7256.84
4489.05,6624.195,-2135.1449999999995
538.89,1582.952155591573,-1044.0621555915732
6538.16,1832.7725,4705.3875
4718.11,3680.240571428572,1037.8694285714278
2029.81,2486.954705882353,-457.14470588235326
3191.49,1380.1731818181818,1811.316818181818
2062.52,1693.5633333333335,368.9566666666665
1538.1,1590.255,-52.1550000000002
3971.04,1011.1607407407408,2959.879259259259
858.57,1582.952155591573,-724.382155591573
1168.89,1933.2966666666664,-764.4066666666663
5230.42,1985.3288888888887,3245.0911111111113
4204.68,1707.826808510638,2496.853191489362
1645.23,1582.952155591573,62.27784440842697
4253.72,2026.896850393702,2226.823149606298
2711.89,2897.965,-186.07500000000027
4557.19,7939.006666666667,-3381.8166666666675
4138.29,2785.714,1352.576
2756.76,2377.1137142857147,379.64628571428557
5319.73,3769.263333333334,1550.4666666666658
1749.02,3748.9712499999996,-1999.9512499999996
1342.09,1081.0033333333333,261.0866666666666
4058.68,3056.7675,1001.9124999999999
967.21,1212.0977272727268,-244.8877272727268
2276.06,1083.2658312958426,1192.7941687041573
3098.61,3596.1400000000003,-497.5300000000002
5183.73,6639.812424242424,-1456.0824242424242
4119.91,4568.295490196078,-448.38549019607854
8451.99,2487.552857142857,5964.437142857143
2095.02,2649.993636363636,-554.9736363636362
1133.15,1134.695913461539,-1.5459134615389303
4078.23,4905.193034825869,-826.9630348258693
4541.13,3919.1966666666667,621.9333333333334
3053.66,2447.706666666667,605.9533333333329
2410.09,2632.0481999999993,-221.95819999999912
2520.55,4171.056666666667,-1650.5066666666671
1706.46,1320.6898281786955,385.77017182130453
1012.35,1870.7512820512825,-858.4012820512825
1166.59,8914.869999999999,-7748.279999999999
4146.01,4065.0649999999996,80.94500000000062
1315.15,1339.1477467411546,-23.997746741154515
2649.77,1241.5321965317924,1408.2378034682076
1508.62,891.7589984101745,616.8610015898254
1538.39,1389.335,149.05500000000006
1539.26,1011.1607407407408,528.0992592592592
3510.83,4109.74,-598.9099999999999
1558.26,3838.2933333333335,-2280.0333333333338
416.86,891.7589984101745,-474.8989984101745
2184.15,692.8850000000001,1491.2649999999999
3944.2,1891.7685416666673,2052.4314583333326
441.76,2155.961849710981,-1714.201849710981
7449.58,6486.693555555555,962.8864444444453
1314.31,912.1587234042553,402.15127659574466
1267.08,1212.989069767442,54.09093023255787
2126.3,3085.6417307692295,-959.3417307692293
1935.7,15343.625,-13407.925
4829.17,3086.6340000000005,1742.5359999999996
2073.03,1087.3551648351647,985.6748351648355
2554.61,1915.5302777777772,639.0797222222229
1882.84,1134.695913461539,748.1440865384609
628.15,1359.358392857143,-731.2083928571429
893.77,1241.5321965317924,-347.76219653179237
616.56,843.23,-226.67000000000007
9448.17,4469.20537037037,4978.9646296296305
1467.83,1625.221149897332,-157.39114989733207
587.4,912.1587234042553,-324.7587234042553
778.72,1289.9220869565213,-511.20208695652127
2097.93,1827.47,270.4599999999998
1352.4,2762.0022522522527,-1409.6022522522526
728.32,1625.221149897332,-896.901149897332
5506.23,5165.366666666666,340.8633333333337
1255.93,2270.5078521126757,-1014.5778521126756
891.59,1083.2658312958426,-191.6758312958426
4053.79,10531.265,-6477.474999999999
1298.48,1403.93,-105.45000000000005
5794.98,6486.693555555555,-691.7135555555551
2456.83,1246.3510857142865,1210.4789142857135
4869.57,6384.7699999999995,-1515.1999999999998
813.93,1200.9450000000002,-387.0150000000002
1011.97,3736.1966666666667,-2724.2266666666665
785.11,726.9666666666666,58.14333333333343
729.09,1741.7699662162158,-1012.6799662162158
1504.46,3251.84380952381,-1747.3838095238098
833.88,1841.505,-1007.6250000000001
792.51,868.277,-75.76700000000005
1190.48,1730.9294520547949,-540.4494520547948
663.34,1072.8410900473932,-409.5010900473932
2361.9,3680.240571428572,-1318.3405714285718
1890.4,3800.9233333333336,-1910.5233333333335
838.87,1072.8410900473932,-233.9710900473932
3140.73,1473.1143859649121,1667.615614035088
6447.08,8053.916666666667,-1606.836666666667
8719.86,8012.5199999999995,707.340000000001
796.67,2675.08,-1878.4099999999999
3866.49,3445.545,420.9449999999997
3456.67,1043.175,2413.495
2140.0,1937.573333333333,202.42666666666696
986.67,1165.1766315789473,-178.50663157894735
1550.89,1339.1477467411546,211.7422532588455
2495.75,3636.67125,-1140.9212499999999
3218.91,1670.5533333333333,1548.3566666666666
4056.82,2239.655833333333,1817.1641666666674
1189.7,3636.67125,-2446.9712499999996
1702.36,5760.47,-4058.1100000000006
2106.77,4594.395,-2487.6250000000005
1654.87,1072.8410900473932,582.0289099526067
2133.58,1708.94,424.6399999999999
2206.0,2492.3908108108108,-286.39081081081076
3075.53,1315.8885714285716,1759.6414285714286
1923.96,7021.875,-5097.915
2308.02,1090.75,1217.27
1109.14,2505.215,-1396.075
573.4,1215.5032857142858,-642.1032857142858
6874.66,1435.508924731183,5439.151075268817
11578.73,5893.546666666666,5685.183333333333
1585.4,1307.9081481481487,277.4918518518514
2225.47,1813.725416666667,411.7445833333329
5255.6,4088.893829787233,1166.7061702127676
3951.29,5741.1900000000005,-1789.9000000000005
7457.5,3196.9637179487186,4260.536282051282
1125.77,1374.5364321608047,-248.7664321608047
1032.14,891.7589984101745,140.3810015898256
1814.65,3671.6499999999996,-1856.9999999999995
1348.85,5309.583333333333,-3960.733333333333
2769.47,1156.742093023256,1612.7279069767437
10155.14,6397.419999999999,3757.7200000000003
3581.41,1986.0249999999999,1595.385
2316.16,3607.7933333333335,-1291.6333333333337
984.41,1374.5364321608047,-390.1264321608047
4762.31,4907.005,-144.6949999999997
819.0,2428.7899999999995,-1609.7899999999995
1150.46,1215.5032857142858,-65.04328571428573
5899.81,3539.008,2360.8020000000006
889.26,1190.8223387096778,-301.56233870967776
2109.51,854.3033333333333,1255.206666666667
4800.65,4905.193034825869,-104.54303482586965
3144.41,3728.17,-583.7600000000002
601.32,1421.427931034483,-820.1079310344829
708.41,1246.3510857142865,-537.9410857142865
3456.7,1212.1616666666666,2244.538333333333
565.6,1529.49,-963.89
1944.19,1885.455,58.73500000000013
3528.43,2197.02,1331.4099999999999
2632.05,2307.201333333333,324.8486666666672
9956.48,4656.471666666667,5300.008333333332
2571.49,5136.68,-2565.1900000000005
660.18,1083.2658312958426,-423.0858312958427
1122.38,1083.2658312958426,39.114168704157464
2850.29,3480.9900000000002,-630.7000000000003
1113.9,7944.73,-6830.83
742.8,1694.1446153846155,-951.3446153846155
1609.35,1827.47,-218.12000000000012
574.8,1853.886875,-1279.086875
540.61,1241.5321965317924,-700.9221965317923
3170.54,2784.19,386.3499999999999
622.01,1320.6898281786955,-698.6798281786955
290.2,1374.5364321608047,-1084.3364321608046
2033.92,859.1566666666666,1174.7633333333333
716.1,1320.6898281786955,-604.5898281786955
1099.1,685.6433333333333,413.4566666666666
1265.14,1512.9971014492753,-247.8571014492752
1025.96,4398.713333333333,-3372.753333333333
916.16,1374.5364321608047,-458.3764321608047
2691.41,4170.2266666666665,-1478.8166666666666
2660.19,2556.7200000000003,103.4699999999998
2714.75,9343.9,-6629.15
521.37,1885.37725490196,-1364.00725490196
9260.84,25531.065000000002,-16270.225000000002
1538.5,2535.465,-996.9650000000001
1690.67,6714.257380952382,-5023.587380952382
1054.29,1173.72,-119.43000000000006
2368.48,1123.2471428571428,1245.2328571428573
1705.07,2268.95,-563.8799999999999
754.38,1888.8803846153846,-1134.5003846153845
1360.43,2632.0481999999993,-1271.6181999999992
642.96,1087.3551648351647,-444.3951648351647
1031.93,1083.2658312958426,-51.33583129584258
914.55,3196.9637179487186,-2282.413717948719
984.18,1648.665588235294,-664.4855882352941
1330.33,1246.3510857142865,83.97891428571347
613.38,1083.2658312958426,-469.88583129584265
19056.91,7169.57,11887.34
1595.75,1533.4755555555546,62.27444444444541
9894.75,13290.32,-3395.5699999999997
2794.65,2352.8409999999994,441.80900000000065
1353.96,3704.75,-2350.79
9515.63,12426.61,-2910.9800000000014
1301.6,1212.0977272727268,89.50227272727307
3260.4,2233.385,1027.0149999999999
2676.6,2333.093333333333,343.5066666666671
1461.27,2270.5078521126757,-809.2378521126757
1145.97,1841.3866666666663,-695.4166666666663
846.65,3867.4133333333334,-3020.7633333333333
2369.85,2077.584807692308,292.2651923076919
1070.78,890.975,179.80499999999995
929.82,1369.4905194805194,-439.6705194805194
650.0,1453.9498550724638,-803.9498550724638
1788.89,1802.9160606060605,-14.026060606060355
12307.71,3925.255,8382.454999999998
929.12,2270.5078521126757,-1341.3878521126758
1158.78,2441.045,-1282.265
1190.92,2504.9571428571426,-1314.0371428571425
827.21,2928.0750000000003,-2100.8650000000002
3855.78,1470.4566666666667,2385.3233333333337
3149.09,1720.633917525774,1428.4560824742262
919.55,4003.254736842104,-3083.7047368421045
4545.51,6486.693555555555,-1941.1835555555544
1124.11,891.7589984101745,232.3510015898254
1295.96,1150.47,145.49
1550.86,688.4166666666666,862.4433333333333
1322.41,1625.221149897332,-302.8111498973319
1451.91,1891.7685416666673,-439.8585416666672
2128.63,2125.1815116279063,3.448488372093834
1810.79,3705.365,-1894.5749999999998
3002.52,652.825,2349.6949999999997
1959.34,1339.1477467411546,620.1922532588453
1761.67,3133.8022977346272,-1372.1322977346272
2905.53,1848.8000000000002,1056.73
2748.8,1915.5302777777772,833.269722222223
3684.18,2077.584807692308,1606.5951923076918
778.22,1072.8410900473932,-294.6210900473932
5232.98,1741.7699662162158,3491.2100337837837
3077.34,2694.1800000000003,383.15999999999985
2292.48,1473.8027272727275,818.6772727272726
3869.94,4234.965,-365.0250000000001
1352.51,891.7589984101745,460.7510015898255
10142.99,2632.0481999999993,7510.9418000000005
4247.48,1906.7200000000003,2340.7599999999993
969.84,891.7589984101745,78.08100158982552
821.39,1083.2658312958426,-261.87583129584266
1056.57,1359.358392857143,-302.788392857143
2611.66,2473.29313559322,138.36686440677977
2841.33,1358.5749999999998,1482.755
1524.17,1374.5364321608047,149.6335678391954
1982.54,1766.6993333333337,215.84066666666627
2208.42,1816.0166666666667,392.4033333333334
4593.09,4779.385,-186.29500000000007
1406.7,4077.19,-2670.49
1793.63,1579.1314285714293,214.4985714285708
3291.22,1545.625,1745.5949999999998
1618.38,6325.495,-4707.115
1192.37,1141.45,50.919999999999845
1564.73,1246.3510857142865,318.37891428571356
10408.04,3824.15,6583.890000000001
2275.26,1081.0033333333333,1194.256666666667
1521.27,1374.79,146.48000000000002
1074.59,1181.9333333333334,-107.34333333333348
1387.43,2127.760465116279,-740.3304651162791
2192.61,1533.6799999999998,658.9300000000003
720.84,3777.865,-3057.0249999999996
1580.26,1985.9928571428577,-405.7328571428577
3804.07,3167.797272727273,636.272727272727
7201.26,1002.845,6198.415
2741.45,2690.146666666667,51.30333333333283
2636.91,1372.77125,1264.1387499999998
1379.55,1264.5415384615383,115.00846153846169
3562.24,2077.584807692308,1484.6551923076918
2887.29,2636.646666666667,250.64333333333298
1363.6,794.28,569.3199999999999
7029.56,2213.11,4816.450000000001
1122.12,1246.3510857142865,-124.23108571428656
1049.35,1401.3443269230766,-351.99432692307664
1109.34,1814.006666666667,-704.666666666667
1530.65,1988.795,-458.145
661.62,1486.1123931623931,-824.4923931623931
3470.97,1571.9027272727274,1899.0672727272724
1417.7,2155.961849710981,-738.2618497109809
3729.06,10435.18,-6706.120000000001
1853.72,1289.9220869565213,563.7979130434787
1200.08,1473.6666197183101,-273.5866197183102
3420.73,1961.135,1459.595
473.0,891.7589984101745,-418.7589984101745
1186.28,1386.7312068965518,-200.45120689655187
3871.07,2644.049214285714,1227.0207857142864
707.92,3577.5866666666666,-2869.6666666666665
8451.46,2201.5312499999995,6249.928749999999
4865.38,4090.2766666666666,775.1033333333335
3925.22,1362.5575,2562.6625
1782.69,2222.9797530864194,-440.2897530864193
10195.69,3917.2433333333333,6278.446666666667
530.93,1582.952155591573,-1052.0221555915732
408.77,1289.9220869565213,-881.1520869565213
5179.27,2377.1137142857147,2802.156285714286
3374.5,1444.8566666666666,1929.6433333333334
5120.36,2896.335,2224.0249999999996
661.85,3737.4100000000003,-3075.5600000000004
2874.33,4799.863333333334,-1925.5333333333338
4013.09,3782.603333333333,230.48666666666713
6367.62,2263.25,4104.37
5439.05,2146.2,3292.8500000000004
8962.54,7055.395,1907.1450000000004
6439.91,3332.025,3107.8849999999998
7961.24,5014.474,2946.7659999999996
1238.77,1579.1314285714293,-340.3614285714293
2242.1,1984.105272727273,257.994727272727
1678.46,2142.5820000000003,-464.1220000000003
10727.77,15975.885,-5248.115
2852.0,2644.049214285714,207.9507857142862
4536.01,3161.2125,1374.7975000000001
2558.28,5878.303333333333,-3320.023333333333
4807.95,4689.34,118.60999999999967
1706.81,1263.2350000000001,443.5749999999998
4541.33,1985.9928571428577,2555.337142857142
4563.26,4365.395,197.86499999999978
4177.35,1060.7666666666667,3116.583333333334
1240.65,3074.5333333333333,-1833.8833333333332
2188.87,1355.6399999999999,833.23
1513.69,1443.04,70.65000000000009
10230.87,6073.1832258064505,4157.68677419355
908.9,1791.1373333333336,-882.2373333333336
725.9,891.7589984101745,-165.85899841017454
7351.31,10839.75,-3488.4399999999996
944.89,1462.2313636363629,-517.3413636363629
1055.22,1512.9971014492753,-457.7771014492753
1850.71,1083.2658312958426,767.4441687041574
1337.61,1575.6066666666666,-237.99666666666667
280.0,4136.48,-3856.4799999999996
691.14,3343.1499999999996,-2652.0099999999998
10586.55,6224.550769230769,4361.99923076923
1556.02,1359.358392857143,196.66160714285706
738.26,2602.4866666666667,-1864.2266666666667
1160.23,1452.285294117647,-292.055294117647
2298.23,4661.73,-2363.4999999999995
2862.82,1582.952155591573,1279.8678444084271
13449.15,11976.285,1472.8649999999998
6231.23,1942.8249999999998,4288.405
575.27,1083.2658312958426,-507.99583129584266
395.48,1156.742093023256,-761.262093023256
2704.81,1805.65375,899.15625
1735.44,8268.326666666666,-6532.886666666665
1513.62,1095.6265714285714,417.99342857142847
563.69,1119.5544117647062,-555.8644117647061
5400.62,4696.200000000001,704.4199999999992
1447.62,4496.59,-3048.9700000000003
1920.99,4163.225,-2242.2350000000006
2655.23,5993.52,-3338.2900000000004
878.36,1885.37725490196,-1007.01725490196
6798.49,2363.2,4435.29
572.34,2546.092209302326,-1973.7522093023258
454.74,990.9095714285717,-536.1695714285717
7999.05,10799.035,-2799.9849999999997
8598.83,4035.966666666666,4562.863333333335
5307.02,4549.940999999999,757.0790000000015
1105.75,3930.4714285714294,-2824.7214285714294
819.14,1119.5544117647062,-300.4144117647062
5391.13,6259.893333333333,-868.7633333333333
1380.25,1438.0397872340425,-57.78978723404248
1421.73,1215.5032857142858,206.22671428571425
1869.91,5437.22,-3567.3100000000004
710.99,1188.746875,-477.75687500000004
4521.77,5511.08,-989.3099999999995
739.57,1083.2658312958426,-343.6958312958426
1138.77,4154.2,-3015.43
2132.94,3559.4533333333334,-1426.5133333333333
1311.11,2748.292,-1437.182
1383.17,2196.984175824176,-813.8141758241759
1540.41,1369.4905194805194,170.91948051948066
1152.54,2196.984175824176,-1044.444175824176
1488.7,1648.665588235294,-159.96558823529404
761.54,3728.17,-2966.63
1807.32,1453.9498550724638,353.3701449275361
935.55,1896.0177777777778,-960.4677777777779
2375.0,1165.1766315789473,1209.8233684210527
4958.51,6095.099999999999,-1136.5899999999992
2704.93,6081.650000000001,-3376.7200000000007
2579.35,2669.745652173913,-90.39565217391328
1499.5,1625.221149897332,-125.721149897332
3678.16,2900.4350000000004,777.7249999999995
2093.66,7269.76,-5176.1
713.44,677.105,36.335000000000036
12997.22,8612.975,4384.244999999999
1134.17,4301.2733333333335,-3167.1033333333335
353.14,1985.9928571428577,-1632.8528571428578
2273.54,4398.713333333333,-2125.173333333333
2384.35,2125.1815116279063,259.16848837209363
2561.63,4237.53,-1675.8999999999996
2111.36,3714.2897058823523,-1602.9297058823522
3700.3,3285.2900000000004,415.00999999999976
2095.67,1246.3510857142865,849.3189142857136
2194.04,1355.0536363636363,838.9863636363636
2417.66,6736.865,-4319.205
1336.59,1276.5448387096776,60.04516129032231
1016.02,1215.5032857142858,-199.48328571428578
2101.17,3788.2358823529407,-1687.0658823529407
1866.67,2075.5086559139795,-208.83865591397944
3388.99,1499.2933333333333,1889.6966666666665
1070.36,1697.1841916167655,-626.8241916167656
1319.12,2019.1149999999998,-699.9949999999999
15642.45,2405.0833333333335,13237.366666666667
2483.74,2127.760465116279,355.9795348837206
2201.9,5537.344999999999,-3335.4449999999993
655.27,1339.1477467411546,-683.8777467411546
1188.94,1625.221149897332,-436.28114989733194
2205.07,4111.544615384615,-1906.474615384615
1726.79,1369.4905194805194,357.29948051948054
2506.7,4026.48,-1519.7800000000002
1894.86,2125.1815116279063,-230.32151162790637
3295.93,1867.285,1428.6449999999998
1240.96,3309.9466666666667,-2068.9866666666667
2031.72,2351.563037974683,-319.84303797468306
1832.84,2270.5078521126757,-437.66785211267575
1310.98,1579.1314285714293,-268.1514285714293
1152.41,3196.9637179487186,-2044.5537179487185
1806.12,1533.6799999999998,272.44000000000005
3236.08,4428.97,-1192.8900000000003
1758.24,3145.225,-1386.985
3777.64,1827.47,1950.1699999999998
1089.92,2110.5739999999996,-1020.6539999999995
1325.8,1339.1477467411546,-13.347746741154651
1509.11,519.72,989.3899999999999
3752.64,2788.776666666666,963.8633333333337
2112.62,5101.405,-2988.785
2451.07,2632.0481999999993,-180.9781999999991
1084.09,1573.7757894736844,-489.6857894736845
1385.33,6418.15,-5032.82
1205.32,1694.1446153846155,-488.8246153846155
701.73,1435.508924731183,-733.778924731183
1409.18,1401.3443269230766,7.835673076923513
899.75,8353.15,-7453.4
4901.53,5910.869,-1009.3389999999999
1372.7,4409.435,-3036.7350000000006
7909.15,12883.54,-4974.390000000001
378.8,1087.3551648351647,-708.5551648351648
5129.28,4026.48,1102.7999999999997
992.22,13986.52,-12994.300000000001
2433.12,3769.263333333334,-1336.1433333333339
1854.16,2632.0481999999993,-777.8881999999992
1661.85,1778.9899999999998,-117.13999999999987
2203.32,4561.083333333333,-2357.763333333333
1599.18,2762.1366666666668,-1162.9566666666667
900.9,1492.0019298245609,-591.1019298245609
7292.63,2473.29313559322,4819.33686440678
965.76,1246.3510857142865,-280.59108571428646
2833.03,2155.961849710981,677.0681502890193
1050.46,2106.2974999999997,-1055.8374999999996
1739.08,1946.1358333333328,-207.05583333333288
3364.34,3048.9429411764704,315.39705882352973
2419.45,3544.9266666666663,-1125.4766666666665
593.96,3372.235555555555,-2778.275555555555
560.08,1339.1477467411546,-779.0677467411546
1286.41,4727.81,-3441.4000000000005
7277.65,7715.636666666666,-437.9866666666667
3152.5,5046.016666666666,-1893.5166666666664
3573.04,1043.175,2529.865
2921.95,5306.295,-2384.3450000000003
1335.49,2077.584807692308,-742.094807692308
4783.4,2202.3526666666667,2581.047333333333
817.21,1486.1123931623931,-668.9023931623931
6031.16,2473.29313559322,3557.8668644067798
1832.5,2977.0,-1144.5
1961.14,1009.75,951.3900000000001
3016.65,3048.9429411764704,-32.29294117647032
5902.91,1959.965,3942.9449999999997
5645.65,2468.944,3176.7059999999997
5965.94,3071.5540909090896,2894.38590909091
860.83,1473.1143859649121,-612.2843859649121
618.25,1087.3551648351647,-469.1051648351647
889.61,1435.508924731183,-545.898924731183
2342.97,1865.3899999999999,477.5799999999999
2159.46,1165.1766315789473,994.2833684210527
2059.22,3977.7749999999996,-1918.5549999999998
3368.7,4388.423333333333,-1019.7233333333334
2950.02,1839.39,1110.6299999999999
2769.06,1661.4799999999998,1107.5800000000002
1735.69,1224.3334482758623,511.3565517241377
469.73,1359.358392857143,-889.6283928571429
1431.98,1246.3510857142865,185.62891428571356
1178.72,1134.695913461539,44.024086538461006
8643.26,5952.700000000001,2690.5599999999995
4822.47,3733.8050000000003,1088.665
1616.12,2772.1775000000002,-1156.0575000000003
1705.12,1728.3899999999999,-23.269999999999982
731.4,965.124,-233.72400000000005
842.88,1359.358392857143,-516.4783928571429
1163.16,1591.983111111111,-428.82311111111085
3597.23,4059.4666666666667,-462.2366666666667
2302.63,1827.0845454545458,475.5454545454543
3055.38,1811.4058510638301,1243.97414893617
2859.87,1198.66,1661.2099999999998
1073.01,1190.8223387096778,-117.81233870967776
7999.64,1679.1,6320.540000000001
949.94,745.62,204.32000000000005
1760.8,3299.79,-1538.99
2850.17,1083.2658312958426,1766.9041687041574
9247.98,6475.591754385963,2772.3882456140364
4153.03,4720.266666666666,-567.2366666666667
2048.51,1885.37725490196,163.13274509804023
8544.17,6951.925,1592.245
1443.41,2196.984175824176,-753.5741758241759
8949.14,5455.9400000000005,3493.199999999999
2825.33,3405.5922222222216,-580.2622222222217
1220.25,891.7589984101745,328.4910015898255
2522.31,5274.38,-2752.07
2120.04,1369.4905194805194,750.5494805194805
5290.08,11527.736666666666,-6237.656666666666
1638.16,3053.153333333333,-1414.993333333333
3616.44,4003.254736842104,-386.81473684210414
898.57,1802.9160606060605,-904.3460606060604
8009.03,1134.695913461539,6874.334086538461
2685.63,2858.4132692307708,-172.78326923077066
4107.17,2246.6289473684214,1860.5410526315786
1662.82,1401.3443269230766,261.4756730769234
708.67,1091.7507894736839,-383.0807894736839
5231.78,5573.094999999999,-341.3149999999996
2548.7,1577.7366666666665,970.9633333333334
24413.42,12703.846666666666,11709.573333333332
7114.74,4262.505,2852.2349999999997
892.61,8384.045,-7491.435
2974.87,6894.955,-3920.085
1932.29,1156.742093023256,775.5479069767439
445.4,990.9095714285717,-545.5095714285717
2597.77,825.11,1772.6599999999999
3743.98,2411.2927272727275,1332.6872727272726
1101.54,2054.129999999999,-952.5899999999992
7172.56,6639.812424242424,532.7475757575767
5708.02,4919.601538461538,788.418461538462
889.18,1339.1477467411546,-449.96774674115466
1372.11,1925.3630769230772,-553.2530769230773
2577.34,2239.655833333333,337.68416666666735
1547.39,1339.1477467411546,208.2422532588455
5180.89,1367.1537500000002,3813.73625
830.75,1190.8223387096778,-360.07233870967775
941.82,1374.5364321608047,-432.71643216080463
2514.33,2075.5086559139795,438.8213440860204
1155.42,2075.5086559139795,-920.0886559139794
950.67,3813.2349999999997,-2862.5649999999996
1807.52,1625.221149897332,182.29885010266798
8393.33,4626.05,3767.2799999999997
7109.46,6486.693555555555,622.7664444444454
2743.61,5807.493333333333,-3063.8833333333328
6456.41,3882.005,2574.4049999999997
1189.21,2077.584807692308,-888.374807692308
1883.74,1306.6933333333332,577.0466666666669
1416.18,1320.6898281786955,95.49017182130456
1873.04,1134.695913461539,738.3440865384609
2823.12,2077.584807692308,745.5351923076919
2472.39,3233.378888888889,-760.988888888889
1130.26,1241.5321965317924,-111.27219653179236
1680.15,1505.1374999999998,175.01250000000027
750.0,7082.07,-6332.07
294.53,1114.5110714285713,-819.9810714285713
1154.53,2458.685,-1304.155
1495.96,2299.983333333333,-804.0233333333331
9680.64,12739.029999999999,-3058.3899999999994
899.95,1156.742093023256,-256.79209302325603
740.93,1512.9971014492753,-772.0671014492754
2571.78,1339.1477467411546,1232.6322532588456
7650.93,9009.955,-1359.0249999999996
1066.26,1215.5032857142858,-149.24328571428578
740.48,2531.263333333333,-1790.7833333333328
1041.8,1582.3649275362325,-540.5649275362325
1568.68,1195.9780952380952,372.70190476190487
1623.7,1437.8500000000001,185.8499999999999
574.9,1083.2658312958426,-508.36583129584267
2680.06,1952.512307692307,727.5476923076928
567.69,1648.665588235294,-1080.975588235294
10377.15,6166.485000000001,4210.664999999999
666.03,1697.1841916167655,-1031.1541916167655
1960.04,1215.5032857142858,744.5367142857142
4519.79,4804.07,-284.27999999999975
2073.63,1190.8223387096778,882.8076612903224
2120.56,2351.563037974683,-231.00303797468314
829.3,1473.8027272727275,-644.5027272727275
3620.07,2125.1815116279063,1494.888488372094
2117.98,1103.845,1014.135
1134.65,618.112,516.5380000000001
3184.0,2447.706666666667,736.2933333333331
3878.31,5046.016666666666,-1167.7066666666665
1536.19,793.425,742.7650000000001
9837.38,1478.975,8358.404999999999
644.29,891.7589984101745,-247.46899841017455
8123.29,4568.295490196078,3554.9945098039216
183.13,8386.295,-8203.165
1621.92,1741.7699662162158,-119.84996621621576
3799.33,1579.1314285714293,2220.1985714285706
5058.87,1811.4058510638301,3247.4641489361697
1878.3,1076.2849999999999,802.0150000000001
14019.98,8144.5,5875.48
3143.17,3048.9429411764704,94.22705882352966
2770.24,6210.014999999999,-3439.7749999999996
3101.01,2686.8933333333334,414.1166666666668
1001.06,1320.6898281786955,-319.62982817869556
5703.81,6639.812424242424,-936.0024242424233
2468.03,2429.570833333333,38.45916666666699
1387.61,3680.240571428572,-2292.630571428572
4673.61,7474.514999999999,-2800.9049999999997
6867.31,3524.9799999999996,3342.330000000001
4483.61,3714.2897058823523,769.3202941176473
8700.51,2125.1815116279063,6575.3284883720935
3882.54,7132.413333333333,-3249.873333333333
909.65,2606.41,-1696.7599999999998
3529.67,1811.4058510638301,1718.26414893617
2509.07,1576.4004878048784,932.6695121951218
3202.97,2352.8409999999994,850.1290000000004
21481.7,4089.795,17391.905
881.56,1708.12625,-826.5662500000001
2409.87,2785.5451428571423,-375.6751428571424
5293.9,3539.008,1754.8919999999998
1444.4,1719.5633333333335,-275.1633333333334
3905.8,7403.83,-3498.0299999999997
2338.51,3196.9637179487186,-858.4537179487183
2547.83,2846.7957142857144,-298.9657142857145
2132.86,1620.4776767676765,512.3823232323236
1622.92,1307.9081481481487,315.01185185185136
1363.12,8317.173333333334,-6954.053333333334
834.0,2766.2031250000005,-1932.2031250000005
