Actual_Loss,Predicted_Loss,Residual
3302.33,3930.164347334659,-627.834347334659
1021.53,2005.5314293453466,-984.0014293453467
580.0,4340.32633740321,-3760.3263374032103
1109.79,1714.7933215680214,-605.0033215680214
4325.72,3900.1641176412686,425.55588235873165
5344.24,6595.922926401494,-1251.6829264014941
1173.77,1779.0122163152382,-605.2422163152382
13018.78,11980.918158928574,1037.8618410714262
709.01,1862.85780903493,-1153.84780903493
3759.36,4000.3098884653805,-240.94988846538035
6297.38,4023.809434205212,2273.5705657947883
4001.05,4081.3627666013945,-80.31276660139429
854.47,2518.4665269816974,-1663.9965269816973
456.22,1734.0860900160471,-1277.866090016047
1578.7,1971.1790759532028,-392.4790759532027
2440.51,9722.344288798065,-7281.834288798065
1488.8,3280.0797777249645,-1791.2797777249646
3066.44,3230.706949618897,-164.2669496188969
1322.68,1228.5984996683612,94.08150033163884
1180.88,1776.800759609346,-595.9207596093459
869.96,1854.4499864456784,-984.4899864456784
1408.94,1094.2575149598263,314.6824850401738
611.73,895.2266813604065,-283.49668136040646
1394.83,2490.1178997401053,-1095.2878997401053
1264.52,1155.4774606385345,109.04253936146551
2159.85,2727.72052802339,-567.8705280233903
4797.96,4780.615877780664,17.344122219335986
2803.9,2584.2706993590605,219.62930064093962
3685.72,4558.242114405621,-872.5221144056209
3172.75,3171.1551624113545,1.5948375886455324
3475.15,1987.9711420310225,1487.1788579689776
1918.9,3530.8958346253758,-1611.9958346253757
897.15,1607.0067692426592,-709.8567692426592
634.1,1373.0011413101122,-738.9011413101122
4177.88,4526.122387320433,-348.2423873204325
1712.92,1674.6779563553164,38.24204364468369
16070.92,11080.43345376984,4990.4865462301605
4818.94,2838.694820341747,1980.2451796582527
12269.88,9897.35814453242,2372.5218554675794
1086.1,1736.365362142145,-650.265362142145
4786.92,3811.383262664295,975.5367373357049
1729.6,3453.898222563921,-1724.2982225639212
1042.04,1027.1111275424066,14.928872457593343
3944.02,3786.4351718856215,157.58482811437852
2900.65,3346.287399701046,-445.637399701046
5182.96,4959.7826766901535,223.17732330984654
1223.5,3298.732297575956,-2075.232297575956
2293.21,1328.6294016075158,964.5805983924843
2455.79,1696.6617022916785,759.1282977083215
1674.0,2082.616355368228,-408.61635536822814
1937.77,1910.6087396429095,27.16126035709044
4797.14,9078.01625713559,-4280.87625713559
654.23,2767.8168345548224,-2113.5868345548224
4540.82,3276.5499325898545,1264.2700674101452
1432.38,1784.401651620395,-352.0216516203948
10748.93,11117.50840579365,-368.5784057936489
2668.17,4890.573686624401,-2222.4036866244005
6558.35,5684.049686512828,874.3003134871724
5343.54,1893.0795321893293,3450.4604678106707
1431.27,1311.4096215084826,119.8603784915174
670.38,1829.716146265752,-1159.3361462657522
593.53,1174.6585007596082,-581.1285007596082
2113.1,1763.8735923789147,349.2264076210852
3197.57,3597.7831800490344,-400.21318004903424
3497.37,2337.532753779271,1159.837246220729
1754.68,3916.6533257109127,-2161.973325710913
1419.07,1690.5694918089805,-271.49949180898057
1866.04,1545.1990585351011,320.84094146489883
5604.92,7860.678723224867,-2255.758723224867
6805.22,4256.867035468485,2548.3529645315157
1066.99,1873.0272308683302,-806.0372308683302
1685.93,1481.6102202912296,204.3197797087705
10986.28,5915.97879557563,5070.301204424371
2226.28,1560.8470998559849,665.4329001440153
5419.24,2807.104426798375,2612.135573201625
9462.9,5519.470747870834,3943.4292521291654
2890.17,4086.0752681422514,-1195.9052681422513
664.26,1378.9920633457891,-714.7320633457891
1689.94,1826.479267368107,-136.53926736810695
1017.47,4184.856735390313,-3167.3867353903124
1377.34,1349.4594555772512,27.8805444227487
1259.77,2270.468091196776,-1010.6980911967762
2976.58,4034.3696620271894,-1057.7896620271895
2962.07,4208.246034979071,-1246.1760349790707
3457.33,4330.128369316421,-872.7983693164215
5611.61,3597.363411385548,2014.2465886144519
3809.26,2068.5952113720246,1740.6647886279757
8565.7,2251.4902565146854,6314.209743485315
2545.21,1971.192192783223,574.0178072167771
812.94,2542.0823067676706,-1729.1423067676706
799.18,2103.5217166434945,-1304.3417166434947
9544.22,10320.69293013608,-776.4729301360803
301.8,1449.5176774068718,-1147.7176774068719
2487.06,2783.1603337873803,-296.10033378738035
1512.42,3133.1407515952533,-1620.7207515952532
714.28,1637.2572144303113,-922.9772144303113
3380.44,2177.5342143547623,1202.9057856452378
2210.24,2348.251007083124,-138.01100708312424
1523.23,4880.079224667938,-3356.8492246679384
2507.79,4580.459510633378,-2072.669510633378
1175.72,1130.045505621064,45.67449437893606
2289.83,4130.030119692016,-1840.2001196920164
2570.9,1301.0809118010077,1269.8190881989924
3490.04,2179.338133282164,1310.7018667178359
4212.29,2457.911711881366,1754.378288118634
3855.35,3102.665656985268,752.6843430147319
2555.31,4261.436725210118,-1706.1267252101184
1592.66,1483.2552808036667,109.40471919633342
2624.42,3398.13271214424,-773.71271214424
983.16,2381.92934694145,-1398.7693469414503
2085.0,1255.801614513847,829.198385486153
3057.65,1924.0504904819,1133.5995095181001
3723.78,3161.8640434047966,561.9159565952036
3443.61,3976.3252078319474,-532.7152078319473
7041.3,2374.7608841011256,4666.539115898875
7271.73,4343.730843365079,2927.999156634921
1034.86,1344.9074859912744,-310.04748599127447
4007.07,2787.095237919193,1219.974762080807
2023.92,1620.7560890158256,403.16391098417444
6391.62,2350.9326644923003,4040.6873355076996
2834.5,1968.2648421166755,866.2351578833245
794.49,945.84726553397,-151.35726553397
3177.39,3679.5457470578344,-502.15574705783456
2500.86,1961.896067174849,538.9639328251512
1594.29,6637.354272916704,-5043.064272916704
1837.18,2928.169747954488,-1090.9897479544877
1260.0,2456.0560527335942,-1196.0560527335942
6030.53,6801.345519024911,-770.8155190249108
3393.34,3355.6877390235295,37.65226097647064
1005.34,3100.925621640205,-2095.585621640205
1355.07,2587.6366115497212,-1232.5666115497213
836.28,2252.314707639764,-1416.034707639764
1453.64,1891.2313602194408,-437.59136021944073
5837.45,4865.771433587376,971.6785664126237
2771.51,8801.236931679636,-6029.7269316796355
756.92,1428.4468373916625,-671.5268373916625
4034.32,2510.780732672767,1523.5392673272331
2548.51,4315.061996743458,-1766.5519967434575
20272.33,5893.946618373016,14378.383381626987
4680.01,1582.9761631999222,3097.033836800078
3550.54,3681.0333964269307,-130.49339642693076
846.24,5446.5989172787695,-4600.35891727877
832.69,1445.0492867400462,-612.3592867400462
702.86,2427.9803774005727,-1725.1203774005726
1312.78,1933.2317342029723,-620.4517342029724
1808.7,1341.4097696726233,467.2902303273768
4492.19,2043.7575975505667,2448.4324024494326
893.9,1795.0298542922887,-901.1298542922888
749.96,1645.994143701982,-896.034143701982
3426.19,5932.627881778479,-2506.4378817784786
4606.64,1771.9378639641204,2834.70213603588
4123.01,1715.089440684847,2407.9205593151532
837.28,1463.5706582590408,-626.2906582590408
3863.61,1776.11057232734,2087.49942767266
6207.03,1932.3154060122802,4274.714593987719
10399.9,5071.317837320184,5328.582162679816
1351.1,1258.2688321501184,92.83116784988147
2740.27,2936.661171771478,-196.39117177147818
1006.9,1387.5369998239505,-380.63699982395053
783.03,1601.019587239552,-817.9895872395521
8238.01,6783.507406814323,1454.5025931856771
1402.86,1299.6818989092071,103.17810109079278
8046.71,5544.1994574183655,2502.5105425816346
2196.43,2141.1310039216323,55.29899607836751
882.76,1830.362600128806,-947.602600128806
1023.42,1204.6017237126696,-181.18172371266962
2734.7,2222.7760732153765,511.9239267846233
809.53,1379.5859456830171,-570.0559456830172
1718.79,1707.8837520574048,10.9062479425952
681.19,1123.3942210007492,-442.20422100074916
5410.34,5898.541097694061,-488.201097694061
871.66,1229.2635684978259,-357.6035684978259
1387.62,1397.2185087207667,-9.598508720766858
2367.75,1978.9225971690255,388.8274028309745
3925.09,1727.9187689290497,2197.1712310709504
508.46,1225.2306097271098,-716.7706097271098
1504.41,1975.5008788804757,-471.09087888047566
2939.9,3872.2600127314968,-932.3600127314967
1278.76,2604.0415923407154,-1325.2815923407154
1818.86,1567.4973118975065,251.3626881024934
1779.66,1691.1998918830398,88.46010811696033
1378.47,1211.0451614015005,167.4248385984995
991.16,1453.4110992379606,-462.2510992379606
1444.4,1762.1155494522097,-317.71554945220964
720.35,1095.1877436289612,-374.8377436289612
1579.63,2115.981577021349,-536.3515770213489
8891.97,6761.9691316277185,2130.000868372281
1385.41,2473.4574089905273,-1088.0474089905272
1799.13,2057.1548694222224,-258.0248694222223
6556.18,2044.9923737033926,4511.187626296608
2107.63,1974.4014355007178,133.22856449928236
6997.28,3984.5866716297755,3012.693328370224
5145.75,4647.268473262477,498.4815267375234
968.63,2038.767055173126,-1070.137055173126
5932.08,1500.919519913261,4431.160480086739
3870.38,5628.082458990809,-1757.7024589908087
2227.4,2451.847853441983,-224.44785344198272
6403.9,7037.705592589074,-633.805592589074
1792.18,2766.7741080009055,-974.5941080009054
4901.53,3876.110856430595,1025.4191435694047
1774.79,2831.238005261244,-1056.448005261244
2006.73,3545.148820487809,-1538.4188204878092
3315.63,2606.573600195673,709.0563998043272
9677.04,4678.649108390754,4998.390891609247
4112.61,2390.277995488428,1722.3320045115715
2834.47,2349.1937139739675,485.27628602603227
973.75,3095.1409582979018,-2121.3909582979018
7305.25,3227.1561415049537,4078.0938584950463
5395.98,4455.8121247089775,940.167875291022
2162.52,1345.6124712702838,816.9075287297162
6208.32,3912.3184206078413,2296.0015793921584
9681.97,3265.979708912984,6415.990291087015
1558.63,5436.909214062405,-3878.279214062405
5688.62,3009.8969616925006,2678.7230383074993
3400.22,3819.9159356667196,-419.69593566671983
5609.2,4784.3881837320405,824.8118162679593
625.46,864.4981646063769,-239.03816460637688
2754.84,1654.6956657918472,1100.144334208153
2135.01,2097.7738498907247,37.23615010927551
1949.7,3294.299744330031,-1344.599744330031
2311.84,4114.289040267828,-1802.4490402678275
7250.76,5786.508928064595,1464.251071935405
11864.32,5323.114485718955,6541.205514281045
1574.87,3045.733007456376,-1470.8630074563762
3544.3,3428.2775663457996,116.02243365420054
2303.35,2565.4413455579906,-262.09134555799073
5079.42,4501.171521509916,578.2484784900844
1311.11,1664.8575200161865,-353.7475200161866
691.8,1104.1813286337235,-412.38132863372357
1005.63,1484.230798229839,-478.6007982298389
835.22,1461.6585775231115,-626.4385775231115
2070.03,2868.607068148695,-798.5770681486947
3526.7,3033.5873827105443,493.11261728945556
8726.48,6612.508718795019,2113.97128120498
729.75,1916.6661463369796,-1186.9161463369796
5098.78,3877.8090429301938,1220.970957069806
1201.11,2223.294459572621,-1022.1844595726209
4561.64,5684.611974206767,-1122.9719742067664
977.75,1454.6808325310883,-476.9308325310883
5487.97,5385.917662151803,102.05233784819757
3057.69,1861.6694777196783,1196.0205222803218
2226.9,1842.4555622635587,384.4444377364414
2724.59,2103.0110848283307,621.5789151716695
1719.6,1285.6809565256353,433.91904347436457
562.94,2157.8462509364635,-1594.9062509364635
4378.26,2492.231183710375,1886.0288162896254
4358.13,3791.549704928822,566.5802950711782
5015.92,5562.953783455607,-547.0337834556067
1708.48,1845.5602881526916,-137.08028815269154
1312.64,1435.5011759315312,-122.86117593153108
2188.58,1814.6912968780625,373.8887031219374
870.01,1128.1168173834003,-258.1068173834003
1037.58,1544.3513079697645,-506.7713079697646
16620.24,8504.279005793653,8115.960994206349
870.97,1391.400660864598,-520.4306608645979
848.21,1274.6168001074927,-426.4068001074927
2102.08,2472.8880368084424,-370.80803680844247
2755.56,2440.144014326628,315.4159856733718
3830.86,1987.3562231972326,1843.5037768027676
1178.69,1154.8799667012988,23.810033298701228
1120.02,1879.7634934104194,-759.7434934104194
13149.75,7094.211637370229,6055.538362629771
5635.81,3588.932168911984,2046.8778310880166
2371.75,3203.3781404412643,-831.6281404412643
5908.98,3427.4186773154233,2481.561322684576
1336.98,2108.0977569313404,-771.1177569313404
4028.04,2334.89871747692,1693.14128252308
787.81,1735.041546452572,-947.231546452572
2054.23,3139.7722767251685,-1085.5422767251684
12777.64,7604.983519877283,5172.656480122717
1553.79,1505.0909246677882,48.699075332211805
406.77,1932.2855719882978,-1525.5155719882978
1192.58,1705.331742881122,-512.751742881122
2654.32,1412.5054445051992,1241.814555494801
7531.2,8056.705743803276,-525.5057438032763
9309.04,5619.873577989581,3689.1664220104203
5560.27,2148.888073412406,3411.3819265875945
1505.96,4682.952393108546,-3176.992393108546
501.95,1500.682645867585,-998.732645867585
536.56,2397.3300803590873,-1860.7700803590874
2379.01,4204.770809871894,-1825.7608098718938
733.53,1510.5501669851865,-777.0201669851865
5279.01,2359.7573169047737,2919.2526830952265
397.76,1311.9031494903656,-914.1431494903657
2740.52,1968.5431678405168,771.9768321594831
5526.41,7216.922266699166,-1690.5122666991665
6086.39,5696.880576272535,389.5094237274652
6916.66,6401.441026396909,515.2189736030905
7898.61,3736.779557861435,4161.830442138565
22236.37,13488.94180880952,8747.428191190478
3740.13,3344.321616120761,395.80838387923905
1099.89,1493.96801612313,-394.0780161231298
967.7,1662.0983483380019,-694.3983483380018
782.0,2105.3233279513915,-1323.3233279513915
780.0,2804.927229197109,-2024.9272291971092
3037.99,3692.2603605580807,-654.2703605580809
1251.95,2581.9195123526283,-1329.9695123526283
852.66,1720.6331143147172,-867.9731143147172
2607.03,2641.0161543815675,-33.9861543815673
4149.48,2527.4266736989975,1622.053326301002
4038.1,4001.21197708475,36.888022915250076
640.97,1458.678988792437,-817.7089887924369
403.7,1452.5178503709183,-1048.8178503709182
981.92,1754.6351428815562,-772.7151428815563
4372.66,4297.539745272976,75.12025472702408
1305.34,1821.2116993502218,-515.8716993502219
2083.79,1723.4470303477888,360.3429696522112
1508.93,1549.103800759101,-40.173800759100914
6129.74,5648.4031267780065,481.3368732219933
748.54,2332.94311979811,-1584.4031197981099
518.56,3010.3601110483824,-2491.8001110483824
885.17,1357.5100667489992,-472.3400667489992
2522.09,2188.6473701835516,333.4426298164485
1855.29,1884.6436220721484,-29.353622072148482
869.04,1133.676601926397,-264.63660192639713
2931.69,1723.7281317413394,1207.9618682586606
1331.4,1355.9497623658247,-24.549762365824563
5971.93,2185.648177675074,3786.2818223249265
4123.62,3717.5660593600837,406.05394063991616
519.58,1192.3112882857913,-672.7312882857913
1008.68,1325.9643881980833,-317.2843881980833
1057.64,2594.132369936386,-1536.492369936386
1634.7,1686.8184052457414,-52.118405245741315
1925.74,2387.0978585459115,-461.35785854591154
2989.5,3415.5998173280013,-426.09981732800134
1301.44,1522.143874520988,-220.70387452098794
2836.67,3010.634750196591,-173.964750196591
1918.96,3055.6070757287694,-1136.6470757287693
1121.7,1748.0219898623682,-626.3219898623681
794.28,1324.2648311223488,-529.9848311223489
7965.51,5085.785305894042,2879.7246941059584
4944.61,5092.11561275005,-147.5056127500502
2422.15,1778.1237425753861,644.026257424614
1063.71,3282.865196481144,-2219.155196481144
4293.21,1917.8210533807985,2375.3889466192013
1141.24,2111.278901855396,-970.0389018553958
2193.33,4840.162088903874,-2646.832088903874
1867.8,2412.354917426195,-544.5549174261948
3226.52,3594.4791901236085,-367.95919012360855
1981.67,1693.2354376706103,288.4345623293898
937.15,3305.224888717862,-2368.074888717862
5620.02,4494.498900142356,1125.521099857644
1212.39,1243.0042347510825,-30.61423475108245
1373.23,4381.331168126391,-3008.1011681263913
3409.99,3374.578387263115,35.41161273688476
2547.22,3515.990952851504,-968.7709528515043
691.21,1480.1585597639485,-788.9485597639484
491.03,1955.4476148405226,-1464.4176148405227
4402.48,4285.309734112283,117.1702658877166
2107.95,1499.6422213682645,608.3077786317353
2148.11,4551.957808013923,-2403.8478080139225
975.59,1300.1242926181703,-324.5342926181703
851.6,1505.585158193061,-653.985158193061
7972.02,7154.082428714922,817.9375712850788
3970.56,2031.2660194977984,1939.2939805022015
1478.8,3785.9456966868493,-2307.145696686849
3058.93,2034.717601414948,1024.212398585052
617.42,1125.4010458425214,-507.98104584252144
795.78,1189.7442389616147,-393.9642389616147
1351.66,1584.8471361518716,-233.18713615187153
616.07,1607.4156309777575,-991.3456309777574
1139.03,3589.1942183848737,-2450.1642183848735
2794.45,4541.466935066821,-1747.0169350668211
1535.5,1197.0981623906162,338.40183760938385
4189.96,3112.325637214956,1077.6343627850442
5588.52,3758.7463418206444,1829.773658179356
980.21,1663.4900613128855,-683.2800613128854
2427.97,3350.672519923562,-922.7025199235622
2028.21,1722.9815184943054,305.2284815056946
9045.74,6416.9935451331085,2628.7464548668913
893.93,1847.4852131391228,-953.5552131391229
920.17,2014.3888202745795,-1094.2188202745797
2240.73,3823.5942920881334,-1582.8642920881334
2285.55,1690.9835029168535,594.5664970831467
1829.42,1690.2292090706462,139.19079092935385
7996.31,3483.444361071547,4512.865638928453
6861.94,2974.852920327121,3887.0870796728786
2481.78,1696.665474414347,785.1145255856532
7274.57,7694.573822628691,-420.0038226286915
1140.54,1279.2670867609982,-138.7270867609982
1754.59,1388.9157885371067,365.67421146289325
2804.29,1195.9811312654078,1608.3088687345921
862.37,1188.4392550272535,-326.06925502725346
466.67,1121.7908383998533,-655.1208383998533
3014.27,2223.5771657804794,790.6928342195206
846.12,2268.6074846279457,-1422.4874846279458
8581.98,3837.286419509123,4744.693580490877
2098.34,1935.8577923518264,162.4822076481737
2477.55,3125.593896536531,-648.0438965365306
6776.9,3982.482177802396,2794.4178221976035
2305.14,1342.307691743662,962.8323082563379
976.38,2909.353957495314,-1932.9739574953137
21187.55,14723.52704666667,6464.0229533333295
2702.01,2472.5808230352345,229.4291769647657
2237.88,4139.527795345482,-1901.6477953454823
1176.93,1785.1732833298547,-608.2432833298546
2138.6,3343.2299716666666,-1204.6299716666667
1587.52,2551.262853188648,-963.742853188648
13373.98,5054.132030598076,8319.847969401922
1730.46,2529.2707915361407,-798.8107915361406
2311.33,1577.867112712303,733.462887287697
4965.18,2634.7689972327244,2330.411002767276
675.25,1396.8458784915433,-721.5958784915433
3527.82,3107.066617065057,420.75338293494315
2391.06,2601.113079093426,-210.05307909342628
907.7,1712.8784644051987,-805.1784644051986
1624.9,2341.5682240307947,-716.6682240307946
3256.1,1858.593913918657,1397.5060860813428
942.36,3217.4120079376166,-2275.0520079376165
1470.86,2461.023252932351,-990.1632529323513
2423.74,1766.1343402627033,657.6056597372965
1200.33,1223.225773519447,-22.895773519447175
1882.4,2160.858881875084,-278.458881875084
1245.6,2164.4017940018807,-918.8017940018808
1810.25,1786.7187301477209,23.531269852279138
4030.03,4647.28485158758,-617.2548515875801
5951.49,3657.1430988287675,2294.3469011712323
13308.04,6260.136354566844,7047.903645433157
3433.0,1481.1290560584637,1951.8709439415363
1850.27,3285.6650378701124,-1435.3950378701124
996.11,1446.623970778948,-450.51397077894796
3146.94,2821.800643783713,325.13935621628707
1077.33,1259.4207765865315,-182.09077658653155
1996.0,2042.936743099841,-46.936743099840896
1007.74,1330.5770110595993,-322.83701105959926
7733.38,5536.691911547822,2196.688088452178
1506.2,1362.1702263212292,144.02977367877088
7882.59,4483.472103907526,3399.1178960924744
3058.96,3179.700787394243,-120.74078739424294
1028.56,1171.9504154169836,-143.39041541698361
1273.51,2470.618258843357,-1197.1082588433571
3880.89,2409.9498439102963,1470.9401560897036
2345.48,2440.3396820115454,-94.85968201154537
1296.38,1612.029078707544,-315.6490787075438
1630.16,1215.003399137012,415.15660086298817
13699.44,7118.889231443001,6580.550768556999
5494.96,12228.740796746035,-6733.780796746035
759.36,914.4290830725706,-155.0690830725706
1420.4,1787.1071296103432,-366.70712961034315
474.87,1526.9606276810691,-1052.0906276810692
1115.16,2936.288647506181,-1821.1286475061809
1152.66,2579.709184285713,-1427.049184285713
3252.31,5210.508344398178,-1958.1983443981785
6624.18,3014.4948108521494,3609.685189147851
2257.33,2380.247114739077,-122.91711473907708
794.62,2341.7926016585584,-1547.1726016585585
3098.37,1985.964106090875,1112.4058939091249
579.53,1352.8795169108541,-773.3495169108542
2033.28,1728.1420380511522,305.13796194884776
1088.76,1390.6845841935196,-301.92458419351965
3715.73,1978.7027562986964,1737.0272437013036
1261.49,888.3218570336288,373.1681429663712
2121.9,2339.1128135407675,-217.21281354076746
1794.33,1973.4960775492984,-179.1660775492985
772.4,4119.21279196433,-3346.81279196433
920.99,1310.090818183538,-389.10081818353797
18872.81,9943.78784683225,8929.02215316775
1837.54,1371.0755862511535,466.4644137488465
2687.06,1666.7017374711272,1020.3582625288727
8693.34,1857.8843072408702,6835.45569275913
538.13,907.155635335349,-369.02563533534897
2073.88,2259.1741909304665,-185.29419093046636
1848.8,2058.130672511487,-209.3306725114869
720.84,1445.8422614636,-725.0022614635999
1188.58,2139.3980211391513,-950.8180211391514
756.66,1823.6498970757084,-1066.9898970757085
953.05,1601.5691524945642,-648.5191524945642
14876.8,4467.2462268931695,10409.553773106829
828.37,2199.233504023068,-1370.863504023068
18692.45,8987.450630473753,9704.999369526247
1432.95,1487.6659293127095,-54.71592931270948
3396.04,2559.211952435189,836.8280475648112
1223.61,1555.0841905432587,-331.4741905432588
2886.99,3776.6743279247194,-889.6843279247196
4883.47,4058.5682785963622,824.901721403638
7097.48,5003.997231461016,2093.4827685389837
1117.53,1228.9933146971507,-111.46331469715074
503.71,1902.102793723752,-1398.392793723752
759.42,1484.3647738737966,-724.9447738737966
5476.25,5430.874706865679,45.3752931343206
1702.93,3100.5706122387737,-1397.6406122387737
1304.95,1049.7563979374288,255.19360206257124
4778.08,4931.267759714954,-153.18775971495415
2263.98,2375.1269653418667,-111.14696534186669
522.05,1306.7112562357568,-784.6612562357568
6205.33,5715.072915747846,490.2570842521536
882.76,4442.261336905228,-3559.5013369052276
1311.22,2530.395688084128,-1219.1756880841278
3935.99,1826.3408300386443,2109.6491699613553
785.74,1822.827590238464,-1037.087590238464
4433.67,4239.752241618712,193.91775838128797
1093.51,2972.7742294189934,-1879.2642294189934
2732.99,1731.3319809256259,1001.6580190743739
2591.16,1812.799347787691,778.3606522123089
1170.35,1785.1188049924958,-614.7688049924959
346.0,1193.4148647667073,-847.4148647667073
1101.57,1536.3505096959716,-434.78050969597166
2785.54,1116.3979549219735,1669.1420450780265
2394.5,2297.535108030961,96.96489196903894
2449.99,2612.431875864002,-162.4418758640022
1910.41,2550.6726684745645,-640.2626684745644
2450.52,2429.1926679833914,21.32733201660858
650.46,1902.090967244223,-1251.630967244223
16746.24,8362.034435519483,8384.205564480519
632.88,1888.0368357090636,-1255.1568357090637
834.2,1939.5468893196887,-1105.3468893196887
2475.08,2403.403898216115,71.67610178388486
2765.79,2893.675157319758,-127.88515731975804
1703.92,2206.0344327190433,-502.1144327190432
2693.94,2857.2884272551605,-163.34842725516046
713.9,1666.1330573571045,-952.2330573571045
2916.29,1606.4027181142465,1309.8872818857535
1648.74,3755.4425187266233,-2106.7025187266236
4441.59,1314.515888564377,3127.0741114356233
4523.64,3762.25220490532,761.3877950946803
2991.22,4284.048284973256,-1292.8282849732564
1732.58,2135.4807322393854,-402.90073223938543
2246.68,1978.3289528884416,268.3510471115583
1280.83,3391.4372296334914,-2110.6072296334914
2118.67,2600.871307883448,-482.20130788344795
1644.75,3681.7011254761896,-2036.9511254761896
2129.62,2207.9603419298946,-78.34034192989475
14638.48,3129.4131857885654,11509.066814211434
13254.86,8544.57635956349,4710.28364043651
2799.62,2673.2371844343857,126.38281556561424
894.86,2112.5954091821195,-1217.7354091821194
1475.49,1749.4491346594743,-273.95913465947433
722.65,2262.7094051570825,-1540.0594051570824
1619.81,2287.8854906290794,-668.0754906290795
656.02,1605.2535562517598,-949.2335562517599
1681.95,2247.4983723270248,-565.5483723270247
61.69,1458.7858906848587,-1397.0958906848587
1960.22,4936.056909987799,-2975.836909987799
2460.56,3513.9741944947723,-1053.4141944947723
2823.2,2747.076332521492,76.12366747850774
2407.97,2892.474599928027,-484.50459992802735
1643.73,1740.9570112649164,-97.22701126491643
5572.25,4707.400006939811,864.8499930601893
2996.63,2753.034016038961,243.5959839610391
2153.51,1652.8930950884387,500.6169049115615
379.3,1358.2751167885424,-978.9751167885424
1787.25,1313.3601398176654,473.8898601823346
5438.23,3178.0561494384006,2260.173850561599
6062.07,2551.9431029456505,3510.1268970543492
1905.53,2414.593562181306,-509.063562181306
1206.4,3332.913843971498,-2126.513843971498
3084.69,3258.0999960107647,-173.40999601076464
13641.64,10718.833297444638,2922.806702555361
2037.47,6662.4418839813825,-4624.971883981382
831.02,955.5910704043084,-124.57107040430844
3906.28,4496.831540580337,-590.5515405803367
2237.16,3937.5651135986623,-1700.4051135986624
19074.9,9751.347860539065,9323.552139460937
2074.54,4739.528515775059,-2664.9885157750587
2687.0,3649.6444349359936,-962.6444349359936
1054.2,2893.4878093780835,-1839.2878093780835
5684.75,3092.919262160873,2591.830737839127
675.71,1461.6837608810838,-785.9737608810838
746.38,1869.6928988091097,-1123.3128988091098
7673.54,5346.341832071664,2327.1981679283363
580.0,7067.868978012973,-6487.868978012973
3433.65,2031.9565049040061,1401.693495095994
3551.87,2720.9245041837976,830.9454958162023
3203.05,3810.4838662487837,-607.4338662487835
2535.1,1221.5270565671885,1313.5729434328114
3563.42,3061.5307375523944,501.8892624476057
2112.15,1205.4309685212888,906.7190314787113
790.61,1237.8547573431554,-447.24475734315536
1870.57,1858.5337979991411,12.036202000858793
997.03,1834.7895877004196,-837.7595877004196
637.88,834.2105428950782,-196.33054289507822
2924.23,2448.8272759913993,475.40272400860067
2758.31,2986.12077831448,-227.8107783144801
1869.28,1409.269077050745,460.010922949255
1183.35,1540.0365240349636,-356.68652403496367
524.4,847.0244782726212,-322.6244782726212
1423.79,4976.676293809523,-3552.8862938095226
5373.44,2274.6215901417713,3098.8184098582283
1737.08,1449.5682210642353,287.5117789357646
1186.91,3484.1037760658205,-2297.19377606582
3190.59,1642.7019404866642,1547.888059513336
1130.55,10884.175064080908,-9753.625064080908
5299.36,5244.906426764038,54.45357323596181
2110.1,2169.406216562023,-59.30621656202311
1127.67,1492.3413480929987,-364.67134809299864
692.77,1385.8067472696453,-693.0367472696453
755.98,2031.9964968971556,-1276.0164968971555
3501.36,2672.0094397651537,829.3505602348464
2648.17,2391.1661708163588,257.0038291836413
5310.63,5511.530847996601,-200.90084799660053
621.58,1909.1236884760706,-1287.5436884760707
4209.97,3790.6507170805503,419.31928291944996
9455.38,7657.188851117494,1798.1911488825053
1832.96,1867.8725196971632,-34.912519697163134
645.39,1646.8811717982949,-1001.4911717982949
2508.16,2958.9802725814975,-450.82027258149765
3390.79,3014.864466807343,375.925533192657
1322.55,1744.914744014827,-422.364744014827
1313.37,1876.2331891921806,-562.8631891921807
4200.32,1602.3301401285944,2597.9898598714053
2345.71,3100.4895698445016,-754.7795698445016
5850.07,7982.162557561611,-2132.092557561611
494.76,1248.2114270083966,-753.4514270083966
3712.0,4594.959538257466,-882.9595382574662
3789.54,4664.956032598941,-875.4160325989415
1976.3,2027.6479387594381,-51.34793875943819
978.12,2337.5331478087955,-1359.4131478087957
5506.36,3784.8918745640203,1721.4681254359793
3371.98,2572.598827508284,799.3811724917159
2717.83,3884.3481051227996,-1166.5181051227996
2445.87,4962.453968040416,-2516.583968040416
2109.06,5815.415449458185,-3706.3554494581854
865.86,1795.187051382868,-929.327051382868
2046.43,2519.5207690323937,-473.0907690323936
1404.22,1575.1803005981353,-170.9603005981353
815.65,4315.081178082313,-3499.431178082313
2665.56,1879.5966651712765,785.9633348287234
5017.61,4497.044682530061,520.5653174699382
9791.72,3466.5113329506667,6325.208667049333
3269.97,7066.956858892895,-3796.9868588928953
1364.94,1640.9841101948834,-276.0441101948834
240.92,1003.6128786894827,-762.6928786894828
1807.41,3070.660615202572,-1263.250615202572
10753.08,5114.541391941612,5638.538608058388
3241.84,3218.2881505086953,23.551849491304893
2002.63,1690.4856574021585,312.1443425978416
4539.75,3267.182927067987,1272.5670729320132
1655.57,2870.3222247932254,-1214.7522247932254
3095.22,1885.996971534108,1209.2230284658917
8709.84,5728.374875467024,2981.465124532976
586.61,1291.8523343377735,-705.2423343377735
2559.34,3229.7470364009764,-670.4070364009763
988.8,2303.224630705202,-1314.424630705202
786.79,1325.6697521717315,-538.8797521717315
995.7,1369.740429055595,-374.04042905559504
1605.36,2276.594664771436,-671.234664771436
1414.23,2097.8225326304105,-683.5925326304105
4761.48,1839.5163352074221,2921.963664792577
1609.97,1732.4216430376496,-122.45164303764955
2226.4,3939.334260469399,-1712.9342604693989
1172.57,1082.2594592427608,90.3105407572391
2099.21,2636.948609170852,-537.7386091708518
641.23,2172.5430448769544,-1531.3130448769543
7443.95,6100.428532380951,1343.521467619049
4888.64,2223.7289771848937,2664.9110228151067
7099.56,1986.5524060145908,5113.00759398541
2621.72,1834.251698820178,787.4683011798218
636.18,1139.9496274215912,-503.7696274215913
5262.92,2356.8559924081947,2906.0640075918054
4333.97,1546.880749985873,2787.089250014127
3764.17,5761.305682547245,-1997.1356825472449
2500.67,3846.415422304964,-1345.745422304964
703.69,2033.9978491320464,-1330.3078491320464
706.19,1670.923338928741,-964.733338928741
697.06,1102.2927744292517,-405.2327744292518
1806.57,2447.7576351604584,-641.1876351604585
1790.88,6781.4097495320575,-4990.529749532057
1075.69,1429.7257018933126,-354.03570189331253
16963.78,7945.254762206695,9018.525237793303
2616.22,1770.4920547402864,845.7279452597134
2506.48,2740.707988814958,-234.22798881495783
1030.28,1960.2700565817192,-929.9900565817193
4088.35,5757.7001323122495,-1669.3501323122496
12063.43,3584.4403057646496,8478.989694235352
2275.82,1375.7034931529436,900.1165068470566
3201.57,1890.0942628851415,1311.4757371148587
2679.19,5329.061452690983,-2649.871452690983
1279.87,2087.2352305777617,-807.3652305777618
3005.48,1577.588814700859,1427.891185299141
1855.85,2148.1190900850206,-292.2690900850207
4541.99,4240.607905315767,301.38209468423247
10354.08,9083.531428143466,1270.5485718565342
15497.77,12250.39225214286,3247.377747857141
11880.64,6827.46418597235,5053.17581402765
6274.85,3067.892064564054,3206.957935435946
1151.72,3826.9388575627117,-2675.2188575627115
1215.66,2361.8494660766414,-1146.1894660766413
1210.02,2999.8548072282692,-1789.8348072282693
6288.71,5964.488789459557,324.2212105404433
2767.65,2512.3885154801237,255.26148451987638
3797.6,3206.608629267441,590.9913707325591
1726.17,2656.8270074881493,-930.6570074881492
2354.93,2381.3520782842534,-26.42207828425353
2932.51,3192.3287581922777,-259.8187581922775
800.72,1302.198643022711,-501.4786430227109
4745.23,4938.967587365338,-193.7375873653382
2547.55,2798.1247424748167,-250.5747424748165
1222.67,1801.6575259879337,-578.9875259879336
559.53,1918.6377811500863,-1359.1077811500863
1006.74,1756.7641852142772,-750.0241852142772
6115.34,3279.960351823434,2835.379648176566
2303.23,1893.8667755532258,409.3632244467742
6439.23,5232.255954999998,1206.9740450000018
3581.87,2798.199342888148,783.670657111852
4079.03,4638.230109127312,-559.2001091273119
1788.95,1337.100017359321,451.84998264067895
1949.19,2262.6507912914326,-313.46079129143254
6547.51,5437.0326694933665,1110.4773305066337
3452.27,2554.397397119148,897.8726028808519
9457.29,5663.666487289011,3793.6235127109903
1227.39,2056.618076988124,-829.2280769881238
3684.2,3442.129837091312,242.07016290868796
738.07,1094.8068407583955,-356.7368407583955
4666.49,2768.05013427526,1898.4398657247398
2315.76,2950.121546071428,-634.3615460714277
3472.76,1783.1456888991972,1689.614311100803
2464.13,2776.3031357234777,-312.17313572347757
7449.36,1624.32904052202,5825.030959477979
2584.09,1910.132345114275,673.9576548857251
1606.12,2312.189803969889,-706.0698039698891
2084.79,2276.184868469333,-191.39486846933323
688.1,819.5010392123091,-131.40103921230912
1613.38,2572.940989211861,-959.5609892118609
6597.34,5749.265789432052,848.0742105679483
2023.76,2317.5446654612147,-293.7846654612147
2260.9,3034.4554063433716,-773.5554063433715
1126.42,2183.906320255535,-1057.4863202555348
2032.96,1847.5462716502093,185.41372834979074
2257.47,3029.637649582391,-772.1676495823913
3173.92,2213.0592832988514,960.8607167011487
1067.43,2707.720187579119,-1640.2901875791188
1399.09,1907.9171540320312,-508.82715403203133
8144.97,7472.086965031968,672.883034968032
979.41,2339.317752955918,-1359.907752955918
1285.26,1780.7156233736962,-495.4556233736962
2820.11,2280.3475378622657,539.7624621377345
700.33,1192.4559295061588,-492.12592950615874
739.28,1622.3335725131165,-883.0535725131165
1377.46,1728.3509265264095,-350.89092652640943
854.27,1119.3823262700948,-265.11232627009485
1335.12,2158.1415510630486,-823.0215510630487
4019.18,4125.835703111054,-106.65570311105375
3134.57,2449.004975711545,685.5650242884553
959.56,1691.843587625165,-732.283587625165
1281.95,1815.4381861092668,-533.4881861092667
1963.97,1684.18046007681,279.78953992319
1429.08,1528.1046978839188,-99.02469788391886
4168.42,1957.3192213337336,2211.1007786662667
528.09,1752.774811344048,-1224.6848113440478
3806.91,3033.659626598985,773.2503734010147
2200.49,1726.1471271001042,474.3428728998956
1833.88,1791.6678513505408,42.21214864945932
971.11,880.3919717227793,90.7180282772207
1677.77,6116.737473827234,-4438.967473827233
1465.56,2265.3803979761105,-799.8203979761106
2022.51,2328.246928896927,-305.7369288969269
1516.59,1667.7331562936126,-151.14315629361272
3511.68,3244.1284062387,267.55159376129996
1070.63,2841.876893230159,-1771.246893230159
6098.16,7879.592947655843,-1781.4329476558432
3740.85,2549.1246004137956,1191.7253995862043
2243.63,3355.2163816665648,-1111.5863816665646
7632.18,2646.825824406366,4985.354175593635
3183.1,2827.100736220775,355.99926377922475
7188.44,6751.751719764707,436.68828023529295
338.01,1492.6851795471823,-1154.6751795471823
2206.56,1480.9635940035464,725.5964059964535
1752.57,2611.0758023226263,-858.5058023226263
663.18,1298.063953559875,-634.8839535598751
5496.71,2732.038892144285,2764.671107855715
6285.76,6188.564755317463,97.19524468253712
608.31,1116.2378415277897,-507.9278415277897
1865.32,2299.5829262350853,-434.2629262350854
1073.77,2877.1974591612566,-1803.4274591612566
815.77,1170.911603195186,-355.141603195186
1440.76,1986.2373186080927,-545.4773186080927
946.97,1787.3757467001392,-840.4057467001392
4511.23,3863.968027190415,647.2619728095847
1223.18,2662.1669859685935,-1438.9869859685934
1357.84,3738.271743816263,-2380.4317438162634
1693.04,3414.711825800194,-1721.6718258001943
973.22,1653.06956049446,-679.8495604944599
2603.24,2476.6652450772362,126.57475492276353
2558.33,1228.2001336807969,1330.129866319203
1532.14,1727.096723207355,-194.9567232073548
5665.32,4406.421984785627,1258.8980152143731
627.68,1072.0875320493549,-444.4075320493549
1223.14,2305.920371048707,-1082.7803710487067
1815.59,1872.8928692591478,-57.30286925914788
3663.22,3688.008639672274,-24.788639672274257
2377.96,1465.335373159728,912.624626840272
1545.35,2839.9331046710727,-1294.5831046710728
2403.47,1633.8290350255224,769.6409649744774
736.22,1233.5132638148348,-497.29326381483475
1342.3,2031.4122434670517,-689.1122434670517
1314.51,1573.8304121148335,-259.3204121148335
1873.63,3527.018224328701,-1653.3882243287007
2886.1,2301.405427641162,584.6945723588378
3356.0,4150.995349007189,-794.9953490071894
1627.78,1498.4774154027336,129.30258459726633
3994.18,3154.941559464646,839.2384405353537
901.54,1667.6807074451663,-766.1407074451663
9161.49,3609.8508221936263,5551.6391778063735
2804.02,3105.6350675490326,-301.6150675490326
3644.75,3761.364575874443,-116.61457587444283
1763.93,1207.7594672280077,556.1705327719924
5278.35,4076.411919052992,1201.9380809470085
1875.48,1557.4317301401024,318.0482698598976
6670.57,4549.871645074773,2120.6983549252263
3416.69,1767.132795054641,1649.557204945359
2370.0,2101.8600987860104,268.13990121398956
3782.99,2445.6492870093084,1337.3407129906914
7306.66,3825.304338538922,3481.355661461078
16365.89,14411.222178650798,1954.6678213492014
5621.93,4088.632584939896,1533.2974150601044
2403.82,3333.01449267287,-929.1944926728697
2720.22,2317.3698026606894,402.8501973393104
2877.53,1508.1243976197243,1369.405602380276
928.2,3848.304033754073,-2920.1040337540726
1893.19,3790.67592885545,-1897.4859288554499
1873.79,2164.954892157757,-291.1648921577571
1097.82,1470.7335986380976,-372.9135986380977
1074.33,7872.880517500001,-6798.550517500001
2682.87,2521.015862671921,161.8541373280791
1859.2,1157.7697216260199,701.4302783739802
757.78,1726.3047052438706,-968.5247052438706
1208.29,2373.652033262063,-1165.362033262063
449.17,1365.1188123076008,-915.9488123076007
1625.95,1144.5340946136303,481.4159053863698
1555.73,1745.0546249979525,-189.32462499795247
4094.13,3537.673474373417,556.4565256265832
439.8,2323.1095126149776,-1883.3095126149776
3683.99,4257.865777779761,-573.8757777797609
7168.88,2501.598074358686,4667.281925641314
908.72,1455.1923393458605,-546.4723393458605
2025.46,2239.865435527663,-214.40543552766303
946.48,1568.064689484827,-621.5846894848271
1228.39,1966.0859607803097,-737.6959607803096
3502.67,4641.791108618398,-1139.1211086183976
997.1,2707.945186605436,-1710.845186605436
3512.56,2813.0381454530598,699.5218545469402
4222.29,6348.674745158771,-2126.384745158771
512.65,1334.770442940491,-822.120442940491
721.8,2129.5926812762245,-1407.7926812762246
2292.57,1874.9253084196607,417.64469158033944
1635.68,1579.5923809080723,56.08761909192776
5882.17,4564.830784178328,1317.339215821672
950.74,1116.7918532323827,-166.05185323238265
1517.0,1929.6015963409288,-412.60159634092884
2184.45,2881.563728658009,-697.1137286580092
1241.72,2735.866325429294,-1494.1463254292942
1139.52,2022.065436064412,-882.5454360644121
497.58,1928.1855018875901,-1430.6055018875902
4068.75,3418.387575321369,650.3624246786312
1300.74,1872.145784968019,-571.4057849680189
4144.67,3507.5224970525846,637.1475029474154
3595.17,1609.9566544615961,1985.213345538404
1176.75,2723.334497209728,-1546.584497209728
1227.01,1699.8674021259128,-472.8574021259128
2408.93,6462.488552477731,-4053.558552477731
2580.08,4085.8842154450535,-1505.8042154450536
1872.23,2757.505109917903,-885.2751099179031
9214.65,2404.3482910781313,6810.301708921868
4710.53,3179.6882105510217,1530.841789448978
2366.25,1802.309101312357,563.9408986876431
1031.74,1158.5599645467069,-126.81996454670684
3939.57,4145.214848602839,-205.64484860283892
4907.18,6384.565899495122,-1477.3858994951215
3386.85,2759.6730406399934,627.1769593600065
2543.38,1555.5803019279192,987.7996980720809
2320.34,2042.7405321720819,277.59946782791826
1622.14,1167.9701787440315,454.1698212559686
5608.07,2807.0109770981294,2801.0590229018703
792.12,1614.0922467586383,-821.9722467586383
1307.65,1459.0749848261348,-151.42498482613473
1421.86,1952.3945079477778,-530.5345079477779
2385.6,2223.6125218373463,161.9874781626536
2624.95,4062.5205703663755,-1437.5705703663757
4122.22,1976.4909773973645,2145.7290226026357
819.18,1109.8468231411157,-290.66682314111574
1430.5,1565.483374128965,-134.9833741289649
2282.7,3475.0098187597246,-1192.3098187597247
3175.15,6067.0974276387415,-2891.9474276387414
1868.15,1751.0862966324535,117.06370336754662
1184.74,1427.8341102107424,-243.09411021074243
1016.91,2263.102209585687,-1246.1922095856871
9232.26,6175.651060267918,3056.608939732082
1755.18,4282.015551812149,-2526.835551812149
1895.28,2468.2554087452845,-572.9754087452845
1973.14,1530.6301655151467,442.5098344848534
1204.44,2218.6649466795543,-1014.2249466795543
4947.8,3601.2923375427326,1346.5076624572675
9833.63,8068.458404300532,1765.1715956994676
1576.35,2930.731631716304,-1354.3816317163041
917.11,1168.7957515744251,-251.68575157442513
5323.57,2235.011114805403,3088.5588851945968
3012.75,3458.0001563319156,-445.2501563319156
1245.24,2921.519637400446,-1676.2796374004458
940.77,1204.5502519519616,-263.78025195196165
2235.04,3488.3612248643835,-1253.3212248643836
1880.46,2386.899081423074,-506.4390814230742
2239.66,1509.0277325248128,730.6322674751871
593.21,1402.2886955158995,-809.0786955158994
4345.06,4944.134752520825,-599.0747525208244
4488.89,2427.998541200386,2060.891458799614
570.6,1689.7901401578956,-1119.1901401578957
2386.97,4733.170494006255,-2346.2004940062548
1754.19,1990.1221067139873,-235.9321067139872
7495.76,4297.556596127437,3198.2034038725633
2407.27,3233.7784136991886,-826.5084136991886
3025.06,2461.7694903248707,563.2905096751292
1816.72,2258.958024523524,-442.2380245235238
1540.08,1492.9636243047853,47.11637569521463
1255.24,1655.0236451987453,-399.78364519874526
1239.32,2075.4406800312872,-836.1206800312873
2572.81,4198.789188731713,-1625.9791887317128
613.32,1111.5343671511007,-498.21436715110065
1647.78,3841.1579405691136,-2193.377940569114
8110.23,1562.4070605400325,6547.8229394599675
2856.69,1184.7757586754483,1671.9142413245518
8890.35,9534.792130079368,-644.4421300793674
4156.14,2570.587163012835,1585.5528369871654
5969.42,5735.761168867881,233.6588311321193
15034.19,10801.526287063498,4232.663712936503
5545.51,2308.951032375825,3236.5589676241752
1849.41,2463.324959294924,-613.9149592949241
1105.45,2395.4530665904426,-1290.0030665904426
6517.32,9243.834455184793,-2726.5144551847934
3570.11,3262.6260686001133,307.48393139988684
1629.95,1389.0276747334265,240.92232526657358
904.3,844.6127213226043,59.687278677395625
912.98,1323.6195531406684,-410.63955314066834
2749.96,2430.968170250211,318.99182974978885
2456.45,4553.706292253139,-2097.256292253139
778.37,1718.721817194305,-940.351817194305
1505.1,1178.4923478637609,326.60765213623904
3285.81,3979.305652547044,-693.4956525470438
9639.67,3867.960715063922,5771.709284936078
1003.35,1335.14129467505,-331.7912946750499
1795.89,1687.0583726591315,108.83162734086864
895.51,1409.9095221574653,-514.3995221574653
2301.94,3960.5580472677957,-1658.6180472677956
22109.16,12782.41182131707,9326.74817868293
952.83,1304.465395947046,-351.63539594704605
916.25,1156.9555570283421,-240.70555702834213
829.65,1324.0923319940632,-494.44233199406324
2595.44,1965.6658057770005,629.7741942229995
4745.02,9109.356667456419,-4364.336667456419
1910.74,839.650552853929,1071.089447146071
5409.04,6059.903251199244,-650.8632511992437
1940.06,2093.4734519488434,-153.41345194884343
1738.81,3171.6441153361457,-1432.8341153361457
6667.73,3687.3215932525136,2980.408406747486
1867.72,1519.9299624307748,347.7900375692252
1729.35,2199.404470781716,-470.0544707817162
1163.45,2055.6789440768925,-892.2289440768925
2954.35,1751.4104466188467,1202.9395533811532
5667.08,3986.1201197369837,1680.9598802630162
5854.21,3794.0253063520195,2060.1846936479806
1551.65,3186.3297861964647,-1634.6797861964646
4540.33,5113.1399204247045,-572.8099204247046
1764.03,2371.9718346787995,-607.9418346787995
1175.53,1685.6910336696478,-510.16103366964785
3448.3,2460.9420344099485,987.3579655900517
1212.88,1105.5498883784744,107.3301116215257
3385.1,4121.08555053975,-735.9855505397504
1371.63,1590.1169953589247,-218.48699535892456
650.85,2306.833766781002,-1655.983766781002
18570.76,11986.00207441558,6584.7579255844175
611.84,1112.3009234361796,-500.46092343617954
1211.29,2496.678866405844,-1285.388866405844
3564.25,3102.6050231607333,461.64497683926675
3465.77,2831.771260754483,633.9987392455168
1342.8,1392.6888389806243,-49.888838980624314
5831.93,5971.016504904546,-139.08650490454602
7523.61,1962.7608454652416,5560.849154534758
2902.39,1871.7960557536128,1030.593944246387
979.21,1627.2921395224246,-648.0821395224245
4286.36,1822.8707055156783,2463.4892944843214
2549.11,3784.7290615222405,-1235.6190615222404
1442.53,1348.298191092337,94.23180890766298
1000.62,2521.1044465709115,-1520.4844465709116
1393.84,1584.8355412017836,-190.99554120178368
681.64,1096.4725024839543,-414.8325024839543
7422.0,3728.1741794588265,3693.8258205411735
5587.39,8601.528888658002,-3014.1388886580016
1385.28,1330.9134956071168,54.366504392883144
2911.24,4721.821397871776,-1810.581397871776
850.92,1750.4005304341197,-899.4805304341197
3906.75,4774.772746914416,-868.0227469144156
769.35,1850.5388383146405,-1081.1888383146406
1405.26,1497.5723858486338,-92.31238584863377
37724.85,13002.355415357144,24722.494584642853
1229.51,1324.3099715723772,-94.79997157237722
1584.72,870.2293180355512,714.4906819644489
3894.86,2404.5973676469384,1490.2626323530617
1935.03,2688.905182911256,-753.8751829112559
3065.18,3693.0420177408964,-627.8620177408966
1161.58,1324.1230523882757,-162.54305238827578
1194.38,2154.589865772807,-960.209865772807
1250.36,2018.9067557459973,-768.5467557459974
2641.7,2988.474426509495,-346.77442650949524
5503.36,3276.0464602968646,2227.313539703135
825.36,1230.1265772336533,-404.76657723365327
10145.3,5557.160725714602,4588.139274285397
3284.13,2763.015030650973,521.114969349027
2936.51,4420.916834587945,-1484.406834587945
1199.48,1358.474256579842,-158.99425657984193
5166.16,5172.959977782242,-6.799977782242422
1278.01,1392.6599672574275,-114.64996725742753
1220.9,1492.515667698336,-271.615667698336
2849.78,2161.364702513626,688.4152974863741
1212.62,1612.030938633178,-399.41093863317815
1887.6,5351.15722390429,-3463.55722390429
4711.02,2983.7575580055764,1727.262441994424
447.1,1523.8417857994818,-1076.741785799482
3091.16,1951.0310885020365,1140.1289114979634
2114.93,2873.808386199199,-758.8783861991992
1596.72,2100.5505397193906,-503.8305397193906
2519.9,3341.903825831425,-822.0038258314248
1048.72,1957.8858839027744,-909.1658839027743
6466.66,5363.391048901477,1103.2689510985228
3989.95,4991.436856245068,-1001.4868562450683
1387.38,1646.1064606396167,-258.72646063961656
918.89,2000.452168136868,-1081.562168136868
3718.87,3555.945077289956,162.92492271004403
1597.52,1792.0548684638736,-194.53486846387364
6224.52,4663.3564373349145,1561.163562665086
1342.93,2355.8844075658235,-1012.9544075658234
1672.89,1283.284822065088,389.60517793491204
2471.96,1900.510135593429,571.4498644065711
1662.44,1969.034691478263,-306.59469147826303
4998.38,4447.197580038679,551.1824199613211
1811.38,3128.8698160993167,-1317.4898160993166
4281.64,3912.528712804453,369.11128719554745
2057.38,2056.954319617695,0.4256803823050177
2789.74,2123.854396731749,665.8856032682506
3446.96,1350.351388285604,2096.608611714396
5675.63,6142.061280822643,-466.4312808226432
847.88,1529.4530826293726,-681.5730826293726
1466.0,2574.3688448056837,-1108.3688448056837
8956.88,4305.465846017602,4651.414153982397
1967.47,1992.7155469553036,-25.245546955303553
5365.45,2700.722202768564,2664.727797231436
788.44,1819.942332898218,-1031.502332898218
6741.4,4290.245126293701,2451.1548737062985
4800.4,5309.690187738094,-509.2901877380946
6577.87,2800.5579290293035,3777.3120709706964
4740.05,1861.132788229468,2878.917211770532
2513.07,1680.3636553339454,832.7063446660547
1619.42,2781.332096095339,-1161.9120960953387
2708.49,3396.394178436564,-687.904178436564
729.77,2566.04730624595,-1836.27730624595
1662.79,3091.502477906567,-1428.712477906567
2121.93,1261.326773374178,860.6032266258219
1353.61,1120.5446594514544,233.06534054854546
3565.48,5452.439504860167,-1886.9595048601673
5186.8,4744.774677753851,442.0253222461488
3119.36,4767.46783132895,-1648.1078313289495
7973.56,9630.040228835982,-1656.4802288359815
3127.36,3026.380844625097,100.97915537490326
8444.52,5274.727234703063,3169.7927652969374
3949.81,1700.4196713297476,2249.3903286702525
1705.79,2058.3797845352615,-352.5897845352615
1847.43,2536.695763075433,-689.2657630754331
2205.35,3769.3306800463756,-1563.9806800463757
8066.6,7652.900297624782,413.6997023752183
2250.34,2420.3364547547935,-169.99645475479338
776.99,1097.5918501629887,-320.60185016298874
3666.35,3399.333683180784,267.0163168192157
1096.45,1747.2601827775143,-650.8101827775142
1806.47,1764.8282431237155,41.64175687628449
880.85,4238.635025407638,-3357.785025407638
2653.63,1501.749927053182,1151.880072946818
9560.0,5824.177722827381,3735.8222771726187
2805.1,1101.7191609157003,1703.3808390842996
1420.28,1556.6743210173622,-136.39432101736224
987.64,1767.1500957302724,-779.5100957302724
2637.51,2867.7005288511527,-230.19052885115252
3849.77,2542.9766669832984,1306.7933330167016
1641.55,2530.009577171258,-888.4595771712582
3034.48,5950.51806263054,-2916.03806263054
2369.54,2346.4095694402668,23.130430559733213
3330.17,3955.0377229001047,-624.8677229001046
2370.85,2104.2887405945735,266.5612594054264
2725.36,1999.8469211965817,725.5130788034185
2787.68,2425.3173749133643,362.3626250866355
664.16,1779.4214311425485,-1115.2614311425486
7355.87,10516.34868595238,-3160.47868595238
2022.93,2450.56263580853,-427.63263580853004
428.84,1181.0725254690485,-752.2325254690486
1358.04,2037.7891556591524,-679.7491556591524
1363.03,2204.9710845234763,-841.9410845234763
1205.0,5548.488642205257,-4343.488642205257
1571.61,1505.8953449532542,65.71465504674575
1934.33,1893.3455225486791,40.9844774513208
3832.21,1900.187438253387,1932.022561746613
6422.54,3088.9316885601716,3333.6083114398284
2178.0,3063.996554882064,-885.9965548820642
3104.29,5605.216562741817,-2500.926562741817
776.15,3290.8110592557014,-2514.6610592557013
448.27,3854.984686167565,-3406.714686167565
701.0,1235.8906858581245,-534.8906858581245
1060.69,1486.409424627214,-425.71942462721404
1275.87,2823.4122077869442,-1547.5422077869443
1345.27,2262.6969680111793,-917.4269680111793
407.04,1295.9357452327222,-888.8957452327222
5755.77,4906.027636186853,849.7423638131477
1250.35,2177.6244385481623,-927.2744385481624
3089.24,3786.434752162743,-697.194752162743
786.81,1227.9803465705904,-441.1703465705905
2312.77,2177.189555572781,135.58044442721894
1526.97,1551.4090210787442,-24.43902107874419
3269.48,4425.424345892276,-1155.9443458922756
3888.51,3566.9659278577456,321.54407214225466
757.42,849.9573419214244,-92.5373419214244
1117.36,1713.7528126192674,-596.3928126192675
2408.0,1768.6288429884494,639.3711570115506
1948.57,4648.259957331066,-2699.6899573310666
1725.78,1781.6378040949285,-55.8578040949285
4166.92,1874.5406032627382,2292.379396737262
1042.09,2099.332042766555,-1057.242042766555
1024.08,1752.9111428653175,-728.8311428653176
2079.84,2531.976828316074,-452.13682831607366
5078.68,3674.462485279377,1404.2175147206235
3887.27,4096.718482291436,-209.448482291436
2863.72,3170.7192436214987,-306.99924362149886
2158.44,4330.911085723252,-2172.4710857232517
1176.52,3414.059693932249,-2237.539693932249
2707.18,2430.217662877281,276.96233712271896
8545.22,9823.225139542486,-1278.005139542487
1757.53,2323.111664409039,-565.5816644090389
6051.71,5886.503804745177,165.2061952548229
5929.41,2273.105089762995,3656.304910237005
3243.01,5451.236054951159,-2208.2260549511584
3017.11,3016.3285847528828,0.7814152471173657
2788.81,2593.9649185163385,194.8450814836615
3104.52,2788.685027854318,315.83497214568206
983.43,1903.2851776264317,-919.8551776264318
595.72,1953.246150903203,-1357.526150903203
1480.6,2993.6423884178407,-1513.0423884178408
1773.7,1560.4729458721208,213.22705412787923
1188.76,1248.137988478414,-59.377988478413954
1429.39,2546.0569252574887,-1116.6669252574886
8907.1,4410.2923130661575,4496.807686933843
5913.79,5593.62018633631,320.16981366368964
5816.96,3437.8081751372647,2379.1518248627353
896.29,3956.018726952324,-3059.728726952324
2342.56,1680.2912867605246,662.2687132394753
1489.14,1653.329460409694,-164.189460409694
1000.39,1195.5360902876894,-195.1460902876894
2071.21,2714.635761428332,-643.425761428332
2486.65,1838.833618014925,647.8163819850752
286.04,1155.5324194257653,-869.4924194257653
5969.07,3506.279604603734,2462.790395396266
1090.84,1074.7214059029689,16.118594097031064
3535.96,3311.8627240410406,224.09727595895947
3229.58,2755.847917847314,473.73208215268596
1268.04,1483.247477100502,-215.20747710050205
3652.29,2682.1539105928696,970.1360894071304
3763.53,3604.2209127470055,159.3090872529947
1134.98,1143.993704997152,-9.01370499715199
313.55,1066.8288062673928,-753.2788062673928
417.57,1150.1842495669339,-732.614249566934
2595.52,1879.6055175274691,715.9144824725308
1083.59,1514.0012711384684,-430.41127113846846
588.47,1119.8913695405502,-531.4213695405501
798.54,1855.1117980546949,-1056.571798054695
7747.11,6515.328360544864,1231.7816394551355
3327.71,3186.3499758216867,141.36002417831332
956.65,2175.2602443325914,-1218.6102443325913
1508.9,2297.217797251534,-788.3177972515341
15071.12,10906.34184107143,4164.778158928571
3005.38,2651.4188571379264,353.96114286207376
8060.83,5419.49178662847,2641.3382133715295
10141.67,4219.864671102567,5921.805328897433
3582.49,2748.6945975507506,833.7954024492492
2516.91,3756.7000906822477,-1239.7900906822479
1773.87,3539.8107171025017,-1765.9407171025018
695.82,1155.518945926401,-459.69894592640105
9208.83,7063.8215998333135,2145.0084001666864
1634.59,1751.0281071476563,-116.43810714765641
1618.58,1082.120851230571,536.459148769429
2561.96,2080.6744917155647,481.2855082844353
1222.69,1807.4388581310589,-584.7488581310588
8490.15,10378.842694625859,-1888.692694625859
4413.1,2087.547218934988,2325.5527810650124
1522.81,1639.672494877582,-116.8624948775821
1519.57,1925.4561880334577,-405.88618803345776
757.54,1500.1087106187158,-742.5687106187158
4243.64,2943.6552732635,1299.9847267365003
3292.89,5489.276301103034,-2196.386301103034
1135.64,2090.9501923720054,-955.3101923720053
790.65,921.3344334626833,-130.68443346268327
3148.52,3882.4558532301303,-733.9358532301303
3946.95,6586.726143173635,-2639.7761431736353
2897.28,1111.683958764487,1785.5960412355132
513.4,1200.959830148066,-687.559830148066
2454.57,2157.9945067992744,296.57549320072576
2434.97,3251.3734627449953,-816.4034627449955
2803.5,2197.676384270672,605.8236157293281
2651.58,5019.69799640052,-2368.1179964005205
1822.09,2772.519835983491,-950.4298359834909
2648.48,4162.4001116930785,-1513.9201116930785
2611.56,2764.8239453508368,-153.26394535083682
14670.82,5278.049143242745,9392.770856757255
7768.44,7410.408075228179,358.03192477182074
2525.48,3650.1917418907606,-1124.7117418907605
14528.19,5088.227685320512,9439.962314679487
4783.16,8113.408853531745,-3330.248853531745
1285.89,1228.3014358872922,57.5885641127079
3595.67,3880.659165930213,-284.98916593021295
660.45,1365.1862336621698,-704.7362336621698
2859.75,2666.796229878698,192.9537701213021
1322.62,1354.875036982879,-32.25503698287912
3928.64,6105.302550645296,-2176.662550645296
1454.26,2963.6999493868275,-1509.4399493868275
5833.18,4330.131806465203,1503.048193534797
6290.32,4985.949447305114,1304.370552694886
523.13,1684.2638400746955,-1161.1338400746954
5091.86,3321.6742594282514,1770.1857405717483
3382.87,3592.486637407295,-209.616637407295
10219.71,6396.986297658906,3822.7237023410935
3796.46,4176.094182993679,-379.63418299367913
2768.66,2502.1759261476977,266.4840738523021
1703.44,2077.9467317338726,-374.5067317338726
1291.01,1185.5343052559128,105.47569474408715
2644.14,2404.727957955088,239.4120420449117
2757.55,5479.817138192665,-2722.267138192665
1955.85,2702.829477939165,-746.979477939165
812.18,1264.862129015584,-452.6821290155841
2504.23,2643.6409045742744,-139.41090457427435
943.08,1295.3742699133786,-352.29426991337857
687.82,2152.9162326646356,-1465.0962326646354
2822.17,2165.5249234832327,656.6450765167674
1890.83,1653.098911551299,237.73108844870103
3617.49,6496.715609024081,-2879.2256090240808
2487.96,6787.082955780862,-4299.122955780862
1045.99,1091.7874210081436,-45.7974210081436
844.29,2512.6266203972164,-1668.3366203972164
1078.75,4373.7035795985985,-3294.9535795985985
643.97,1254.300281033424,-610.330281033424
822.15,1408.5478356103654,-586.3978356103654
1932.89,2636.0857634274885,-703.1957634274884
991.14,1125.2781816179431,-134.13818161794313
1094.04,1168.3880243759218,-74.3480243759218
2362.11,4585.966717654532,-2223.8567176545316
1688.03,1201.5523177307437,486.4776822692563
1388.25,1644.3941202140295,-256.1441202140295
582.78,1790.970089082778,-1208.190089082778
6691.53,6884.000636627573,-192.47063662757319
1833.26,2320.2301800152045,-486.9701800152045
2521.8,2035.8685673121706,485.93143268782956
2495.55,1373.5455076317999,1122.0044923682003
5135.26,3990.454680278247,1144.8053197217532
629.0,1061.88944840973,-432.88944840973
6277.89,5888.732997799332,389.1570022006681
4113.07,3447.938127729774,665.1318722702258
5795.7,2901.603340967471,2894.096659032529
2064.55,2156.9520243374263,-92.40202433742616
996.59,2508.2497801517497,-1511.6597801517496
1394.57,2139.44282355028,-744.8728235502801
2811.18,5626.3991490078415,-2815.2191490078417
3790.0,7121.601212477344,-3331.6012124773442
4080.7,4635.306588188334,-554.6065881883342
4317.53,4625.2705233232655,-307.74052332326573
4510.16,4918.896060298985,-408.73606029898474
2189.59,3590.0081704366276,-1400.4181704366274
1364.17,3389.3516502035427,-2025.1816502035426
4611.09,4718.5746964069085,-107.48469640690837
891.95,2135.6589511243437,-1243.7089511243437
1122.55,1293.544020463097,-170.99402046309706
1729.12,1824.4769392447806,-95.35693924478073
14899.89,4400.120421937961,10499.769578062038
778.81,4941.978959158035,-4163.168959158034
1309.09,1570.0326960497484,-260.9426960497485
1659.22,2760.9627358261846,-1101.7427358261846
4715.24,3546.0995380946224,1169.1404619053774
2055.53,3844.4183820295934,-1788.8883820295932
1810.12,1583.7410799061772,226.37892009382267
862.72,1405.229867224566,-542.509867224566
3051.11,2720.2801168277406,330.82988317225954
11047.3,6569.954008027696,4477.345991972304
8560.31,9670.178207162491,-1109.8682071624917
3893.56,1999.1843863924319,1894.375613607568
5689.84,3319.669165206143,2370.170834793857
1587.6,1228.1525666828345,359.4474333171654
4821.68,3558.908461629261,1262.771538370739
3852.31,2579.56501367453,1272.74498632547
3674.38,2781.422270377689,892.957729622311
1790.18,1518.9388747736489,271.2411252263512
1688.56,4141.96842108058,-2453.40842108058
1480.11,2003.7920244518743,-523.6820244518744
513.62,2594.469804415862,-2080.8498044158623
4469.62,1911.1897037752115,2558.4302962247884
1180.88,1949.2246426704378,-768.3446426704377
2959.87,3084.596594116817,-124.72659411681707
1040.33,1353.367726396149,-313.0377263961491
1598.25,3363.8810787061375,-1765.6310787061375
3144.61,1809.676346829958,1334.9336531700421
6003.34,3855.595343908121,2147.7446560918793
2428.61,2276.9378123620154,151.67218763798473
1270.98,2108.3659794482733,-837.3859794482732
557.68,1306.5564743595414,-748.8764743595415
2279.21,3401.6430774038467,-1122.4330774038467
6197.09,4260.363358358177,1936.7266416418233
1021.1,2022.1713837836733,-1001.0713837836732
2508.23,3091.64686510989,-583.4168651098898
2958.38,5330.524451789632,-2372.1444517896316
3605.74,1687.1884465428925,1918.5515534571073
1454.79,1513.9429912490166,-59.15299124901662
943.52,1632.7573316128692,-689.2373316128692
3214.4,1382.1947855492856,1832.2052144507145
9317.53,7266.671808993657,2050.858191006344
1381.36,2320.7708373929436,-939.4108373929437
5572.84,3521.530889855573,2051.309110144427
3316.87,3749.9010128424748,-433.03101284247487
550.09,2010.9195788730494,-1460.8295788730493
6195.78,1927.5808213142354,4268.199178685764
1725.46,2037.1362095570546,-311.67620955705456
531.09,1021.6449508649679,-490.55495086496785
812.67,1369.7098846266638,-557.0398846266638
1135.75,2161.200103745944,-1025.450103745944
2848.32,2184.7078353098436,663.6121646901565
1172.61,2700.7179542969907,-1528.1079542969908
1335.49,1328.4641216449368,7.0258783550632415
2984.49,2371.6934853448797,612.7965146551201
11284.21,11335.5108975,-51.300897500001156
1888.35,3468.2136394948966,-1579.8636394948967
651.83,840.5845587229036,-188.75455872290354
976.65,2375.2171826555546,-1398.5671826555545
906.37,1547.9707427409382,-641.6007427409382
2503.59,2856.0166474522016,-352.42664745220145
1530.42,1505.085347729467,25.33465227053307
2783.43,3385.074377145474,-601.6443771454742
1086.73,2332.116460588899,-1245.386460588899
1507.66,1818.264028123314,-310.6040281233138
1804.2,2839.9232426293856,-1035.7232426293856
1655.49,1275.548686217489,379.9413137825111
1014.64,1224.9169725377033,-210.27697253770327
5768.4,3389.9434032746026,2378.456596725397
2894.44,2854.262470984784,40.177529015215896
1314.07,2037.8133724749118,-723.7433724749119
4691.68,3539.979024334799,1151.7009756652014
7680.94,7069.539235459225,611.4007645407746
985.31,1900.4300399007718,-915.1200399007719
3901.26,2017.9768042752144,1883.2831957247859
1640.11,1557.4657300356362,82.64426996436373
4151.81,4657.437069880952,-505.62706988095124
722.74,1418.6798257633973,-695.9398257633973
1836.7,1979.3765933945504,-142.6765933945503
5157.06,2196.369972347464,2960.690027652536
1576.44,1305.9525401900387,270.48745980996136
7797.92,4696.391400230909,3101.5285997690908
691.15,976.4550005268582,-285.3050005268582
753.49,1894.134636730023,-1140.644636730023
5875.38,5935.828493468481,-60.44849346848059
2335.4,2466.534922551033,-131.13492255103301
1109.23,2966.809398444087,-1857.579398444087
499.2,2004.9994293426819,-1505.7994293426818
1624.71,1748.3453828681925,-123.63538286819244
4560.79,1658.790097276857,2901.999902723143
1542.51,2999.68478470241,-1457.17478470241
911.97,1826.4127764446614,-914.4427764446614
299.84,1278.7665132770046,-978.9265132770047
2633.0,1810.470205792824,822.5297942071761
5798.32,6561.618073527116,-763.2980735271167
3273.36,2575.2412264240197,698.1187735759804
4830.52,4098.997203459065,731.5227965409358
3232.24,2082.744209420772,1149.4957905792276
2876.77,2924.3187280722545,-47.54872807225456
10477.44,7808.05022568027,2669.3897743197303
21627.84,13123.213798293658,8504.626201706342
1620.42,1955.7700764478725,-335.3500764478724
1063.25,1748.395386297384,-685.145386297384
1620.55,1204.8306190500891,415.7193809499108
1232.4,1053.4104357197884,178.98956428021165
1382.87,1252.9694883048446,129.90051169515527
2068.22,1911.9177313737805,156.3022686262193
3937.57,2287.546411624845,1650.0235883751552
3991.87,2208.8011546797825,1783.0688453202174
1189.86,1601.824809789844,-411.96480978984414
6920.83,2235.8523951045536,4684.977604895446
2372.7,2285.413971891996,87.28602810800385
849.69,1594.8652814628426,-745.1752814628426
1751.53,2635.4568617351706,-883.9268617351706
1391.1,1676.2928297528767,-285.19282975287683
7271.26,6546.266633528677,724.9933664713235
747.19,869.0515473409054,-121.8615473409053
737.37,1296.8885362471028,-559.5185362471028
3208.41,2306.6121961265003,901.7978038734996
3320.72,6689.389142016262,-3368.669142016262
8946.07,3419.228974816313,5526.841025183687
2665.28,1725.4510163046978,939.8289836953024
3199.08,3169.8014000855237,29.278599914476217
1444.86,3672.4716863625677,-2227.6116863625675
994.8,3513.531093547549,-2518.731093547549
915.15,1402.5638649108278,-487.4138649108278
832.54,1791.4228008693767,-958.8828008693768
703.3,1327.638308593199,-624.3383085931991
1409.02,1113.33643341777,295.68356658223
5241.72,5745.228083323936,-503.50808332393535
2390.71,2226.354404952066,164.355595047934
2698.22,3499.691186225649,-801.471186225649
2664.49,4412.942924228525,-1748.4529242285253
3802.44,3446.243946423344,356.19605357665614
1438.88,1822.1985814976774,-383.3185814976773
557.7,1342.0762505546431,-784.3762505546431
1271.49,2560.107416481122,-1288.617416481122
875.78,817.5746949311574,58.20530506884256
4144.24,4175.237351318596,-30.997351318595975
2776.7,2441.712374032655,334.9876259673447
1085.67,2296.096300947345,-1210.4263009473448
2011.52,3361.5621577016636,-1350.0421577016637
5196.72,3709.2466869356726,1487.4733130643276
3526.43,2729.019837364634,797.4101626353659
2716.72,4379.574607457346,-1662.8546074573464
11743.19,9281.356782023811,2461.833217976189
6512.26,6097.189771350513,415.07022864948703
5565.91,3581.0109403864744,1984.8990596135254
1806.03,1486.3426744022179,319.6873255977821
3039.36,2716.6745543029665,322.68544569703363
1813.8,2665.9795742857136,-852.1795742857137
729.07,1238.8295343348132,-509.7595343348131
2704.99,3660.2661574668887,-955.2761574668889
2596.6,1436.804145915622,1159.7958540843779
2296.01,3012.773267205359,-716.7632672053587
5626.67,5599.34201075269,27.327989247310143
2174.18,1427.0683187191444,747.1116812808555
670.49,2213.718505051781,-1543.228505051781
1282.8,1230.274686587363,52.52531341263693
2477.77,1936.1528349771152,541.6171650228848
1846.3,1319.812552109609,526.487447890391
2116.98,1160.7604600597786,956.2195399402215
4559.31,5372.105542727206,-812.7955427272054
7829.25,11744.150057738096,-3914.9000577380957
1595.59,3120.6006938468727,-1525.0106938468728
1676.65,1613.8943167256639,62.75568327433621
2426.09,2705.336908851969,-279.2469088519688
1870.38,2197.783532103993,-327.4035321039928
3475.28,2426.5049057436477,1048.7750942563525
2100.89,2974.517608136483,-873.6276081364831
1405.04,3735.7941997379758,-2330.754199737976
644.95,1088.90275711508,-443.95275711508
1945.7,2373.6047924262043,-427.90479242620427
1516.41,2466.6696657679986,-950.2596657679985
1455.3,1773.7440955020488,-318.44409550204887
1298.89,1795.168329569375,-496.2783295693748
988.04,2830.622608428476,-1842.5826084284759
2963.28,4393.862761202421,-1430.582761202421
1787.29,5762.084229564981,-3974.794229564981
3173.86,2431.7257951753104,742.1342048246897
2086.07,2466.1020233676545,-380.03202336765435
2023.93,2751.927663140778,-727.9976631407778
702.91,2024.929434244644,-1322.019434244644
581.46,995.1200281533761,-413.66002815337606
539.82,1364.4919339972066,-824.6719339972066
1141.75,1857.6683747811112,-715.9183747811112
959.86,1809.6536266648313,-849.7936266648313
1726.86,1792.0612100495161,-65.20121004951625
1855.1,1859.4454426255315,-4.345442625531632
968.55,1910.649427738731,-942.099427738731
1748.24,1935.7666421164581,-187.5266421164581
7847.62,2919.5892451303866,4928.030754869613
3587.05,2964.6370493238546,622.4129506761456
6362.45,3944.835331449724,2417.614668550276
4178.52,3998.688298068564,179.83170193143633
3937.46,1670.4271940485678,2267.0328059514322
1609.28,1044.5465433785241,564.7334566214759
2429.96,3325.3535439199254,-895.3935439199254
2848.88,2973.728865801436,-124.84886580143575
1772.37,2590.7224048327644,-818.3524048327645
1032.51,972.6062466009253,59.90375339907473
1158.72,1109.0006310341735,49.71936896582656
928.9,1583.6235269607757,-654.7235269607758
2279.31,4434.528721810363,-2155.218721810363
9192.27,3868.6387001573275,5323.631299842673
1658.8,5265.295567209405,-3606.4955672094047
4441.91,3921.6198494949645,520.2901505050354
2368.31,2496.6713941134385,-128.36139411343856
1505.85,1867.0208047369492,-361.1708047369493
2422.71,2271.1074480076645,151.60255199233552
1535.4,1379.7516773560048,155.64832264399524
1155.16,1964.5243320390318,-809.3643320390318
1587.2,2532.8673324908127,-945.6673324908127
2149.49,3008.975768918818,-859.4857689188184
4023.15,5030.080040424387,-1006.9300404243872
1697.12,1551.6396575629726,145.48034243702728
5526.1,4913.53311289742,612.56688710258
1330.33,1279.5610401713632,50.76895982863675
524.72,1346.2905427218877,-821.5705427218877
790.13,1423.4438294155955,-633.3138294155955
1316.09,1650.7718620048645,-334.68186200486457
7772.8,5808.167146645337,1964.632853354663
1575.84,3378.7296826373054,-1802.8896826373054
6466.74,4381.772504297161,2084.967495702839
395.3,1904.5912592777906,-1509.2912592777907
2421.37,1624.674199067663,796.6958009323369
6083.73,4724.859437055661,1358.8705629443384
2962.16,2171.2659946725225,790.8940053274773
1791.94,2447.1283555373802,-655.1883555373802
2084.74,1813.2910271800304,271.4489728199694
1505.68,1554.0169732761397,-48.33697327613959
694.32,1278.2993485207498,-583.9793485207498
2427.36,1728.18070699038,699.1792930096201
708.29,1465.1595670463953,-756.8695670463953
1810.01,1680.6038641312805,129.4061358687195
8820.99,2198.899688092665,6622.090311907335
805.13,1472.137442321965,-667.007442321965
4227.83,4663.227353458165,-435.3973534581655
3766.8,2713.386156566781,1053.413843433219
3189.84,2224.8953899707512,964.9446100292489
3178.81,4164.701199109938,-985.891199109938
1168.68,2043.089725024103,-874.409725024103
1163.65,4129.571198635855,-2965.9211986358546
3224.29,3828.656352315163,-604.3663523151631
5103.98,8279.02074727741,-3175.0407472774095
795.66,1534.0455318094566,-738.3855318094567
5686.99,6403.273757172097,-716.2837571720975
1738.72,2059.3253183474053,-320.6053183474053
7612.23,6511.518756220784,1100.7112437792157
1726.57,2189.458666742779,-462.8886667427789
1831.54,1558.5796458301973,272.9603541698027
1047.36,3889.373902711731,-2842.013902711731
833.16,1518.9050049435539,-685.7450049435539
9625.21,3557.4809885407485,6067.729011459251
13857.5,7838.811577478791,6018.688422521209
7577.57,3445.8698700803366,4131.700129919664
3715.12,2441.2577228035316,1273.8622771964683
3061.6,2627.351227967303,434.2487720326967
1283.96,3273.980855249234,-1990.020855249234
5182.48,5211.714195695044,-29.234195695044036
1716.71,3751.2359103844524,-2034.5259103844523
2292.42,1492.1414419594373,800.2785580405628
3673.81,4994.699607098729,-1320.889607098729
798.46,982.0217606589147,-183.56176065891464
5771.87,2984.253447207098,2787.616552792902
3062.02,2530.9673006024796,531.0526993975204
1829.53,2279.618515229925,-450.08851522992495
1268.54,1478.297799802202,-209.75779980220204
1198.99,2602.3615284999037,-1403.3715284999037
1352.06,2116.234927453152,-764.1749274531521
2775.14,2169.4648785665117,605.6751214334881
2107.68,2089.815738162592,17.864261837407867
3728.48,2825.2555278142445,903.2244721857555
12447.96,4832.759836964466,7615.2001630355335
3240.22,4181.855786831915,-941.6357868319151
6405.95,1927.6973736989523,4478.252626301048
779.82,2050.8584993255517,-1271.0384993255516
1538.66,1975.1333289646882,-436.4733289646881
3086.6,3493.6713403133144,-407.0713403133145
5238.85,3091.038704063216,2147.8112959367845
668.93,1459.1160377881197,-790.1860377881197
2055.46,3249.4503332743234,-1193.9903332743233
2880.93,2897.34805916736,-16.418059167360298
744.54,1416.458334713402,-671.9183347134021
4014.65,7038.312926420855,-3023.6629264208545
1910.6,2427.0159899553473,-516.4159899553474
2265.68,3581.026499377601,-1315.346499377601
1582.02,3141.0171820060973,-1558.9971820060973
1138.42,2999.395022318627,-1860.975022318627
5388.08,3214.1005373068197,2173.9794626931803
5886.57,2479.0623126708074,3407.5076873291923
6095.07,4466.520506794064,1628.5494932059355
803.24,1140.0393428985697,-336.79934289856965
3821.96,9716.052623864573,-5894.0926238645725
2839.43,1977.402731294161,862.0272687058389
543.55,1510.3069999040242,-966.7569999040243
2740.37,4040.4548527421466,-1300.0848527421467
7562.49,3740.2987477579286,3822.191252242071
934.49,2065.4984008484216,-1131.0084008484216
7595.97,8463.1600958063,-867.1900958063006
6178.78,3995.1952155095328,2183.584784490467
13289.27,10217.993677810577,3071.276322189424
748.25,1361.3244873320373,-613.0744873320373
2027.47,2535.716505006075,-508.2465050060748
2415.46,1537.1457954365424,878.3142045634577
1419.02,1443.3537835406817,-24.33378354068168
5135.65,3972.6306332049444,1163.0193667950552
5783.2,4915.491043595336,867.7089564046637
877.76,2059.3561313876335,-1181.5961313876335
1224.34,1096.7078265427624,127.63217345723751
1317.56,2786.1105541054985,-1468.5505541054986
1617.24,1928.4494692702583,-311.2094692702583
356.92,951.4691046442709,-594.549104644271
2268.56,1508.8276525724932,759.7323474275067
782.46,1102.941921093397,-320.481921093397
4154.48,3598.4210056936245,556.0589943063751
3389.34,4032.856997819521,-643.5169978195208
6030.23,4607.809336334354,1422.4206636656454
2553.8,3008.8711917303567,-455.07119173035653
2607.29,2732.673037049465,-125.3830370494652
1903.92,1808.013363743088,95.90663625691218
1760.05,1993.9372293794647,-233.88722937946477
6819.44,1751.2975299230902,5068.142470076909
3311.84,2832.481542172488,479.3584578275122
901.52,1626.1018920608838,-724.5818920608838
9510.2,5276.635187026101,4233.564812973899
5705.98,3166.023569647175,2539.9564303528246
3998.21,3035.9441530735935,962.2658469264065
6714.99,7222.755170846836,-507.76517084683655
640.83,1731.428651777521,-1090.598651777521
1236.59,4715.546716918459,-3478.9567169184593
1562.52,1107.9205749776402,454.5994250223598
1304.27,1932.7230755513697,-628.4530755513697
1373.96,1257.7506135175704,116.20938648242964
737.54,1238.178127975659,-500.638127975659
860.38,909.01899008601,-48.63899008601004
1596.09,5118.361579339401,-3522.271579339401
4065.22,4124.333050383593,-59.11305038359342
3056.76,4541.668689186304,-1484.9086891863035
3921.41,1556.4109416150181,2364.9990583849817
6104.77,2539.3494748104804,3565.42052518952
5343.44,4479.51311781368,863.9268821863197
2271.72,4175.561885784087,-1903.8418857840875
1437.36,1285.1399594904128,152.22004050958708
1326.85,988.7224197749185,338.1275802250814
2242.31,1469.4391711131007,772.8708288868993
1191.37,1839.7711935542573,-648.4011935542574
5401.44,3117.521299754505,2283.9187002454946
5566.38,5945.970010283627,-379.5900102836267
2684.64,1896.6461203022222,787.9938796977776
6250.25,5596.091942512296,654.1580574877044
1528.43,2417.69450074442,-889.26450074442
2641.72,1871.0530663961702,770.6669336038296
531.11,1874.7651356075658,-1343.6551356075656
1942.97,2277.4860623523487,-334.5160623523486
2420.02,4019.5759782353603,-1599.5559782353603
2995.98,1560.1180909217264,1435.8619090782736
4123.97,3301.987955723735,821.9820442762652
586.35,2365.970188213874,-1779.620188213874
2436.47,1641.44048079128,795.0295192087199
538.27,2485.4495581743363,-1947.1795581743363
2047.05,3246.6776852310804,-1199.6276852310805
2848.31,2824.5211506487353,23.788849351264616
8441.7,8211.034376509944,230.66562349005653
2385.99,5934.513633831447,-3548.523633831447
5482.64,2834.2814095937747,2648.3585904062256
1565.98,3359.301580637254,-1793.321580637254
437.7,1725.0812560555607,-1287.3812560555607
3844.96,4379.453037437975,-534.4930374379746
1539.29,1222.5246341678428,316.76536583215716
2406.94,3837.220027361344,-1430.2800273613439
2087.92,2134.2182064999397,-46.298206499939624
2392.13,2060.6394528038713,331.4905471961288
4002.76,6436.779381847841,-2434.019381847841
3818.24,1755.6122149076784,2062.6277850923216
2872.21,4223.136754379052,-1350.926754379052
4245.87,3168.2306601873674,1077.6393398126324
1489.39,1397.8722303496365,91.51776965036356
6386.99,5589.308625982019,797.6813740179805
6109.49,6954.678762775031,-845.1887627750311
1563.11,2109.744470413512,-546.634470413512
1152.73,1315.6499141385543,-162.9199141385543
3598.98,4615.731755050673,-1016.7517550506732
3552.01,3790.211041334272,-238.20104133427185
2753.92,4778.647784003017,-2024.7277840030165
4233.79,3006.9920213715245,1226.7979786284754
6826.98,5871.909849032125,955.0701509678747
1163.09,1757.6600329032913,-594.5700329032913
7413.39,2658.7684388525536,4754.621561147447
3251.4,3089.8425146790664,161.55748532093367
688.58,1720.5646512192473,-1031.984651219247
1985.18,1859.0644493279856,126.11555067201448
2478.0,4020.9149950314236,-1542.9149950314236
1440.13,1916.8996221184573,-476.76962211845716
539.96,1140.98815587704,-601.02815587704
851.89,1475.2745247004582,-623.3845247004582
1434.23,2393.1237375130345,-958.8937375130345
828.69,1069.2223702409653,-240.5323702409653
2367.8,2572.765140059211,-204.96514005921063
2470.73,2626.8945425188776,-156.16454251887762
867.74,1333.1322950639474,-465.39229506394736
7849.17,5179.348050613625,2669.8219493863753
2741.82,2213.9019930864874,527.9180069135127
1531.69,1557.3369548134901,-25.646954813490083
3284.69,4728.067576790123,-1443.377576790123
3262.64,2442.69533341799,819.9446665820101
7161.82,4371.424695123472,2790.395304876528
2676.39,3911.94478924502,-1235.55478924502
1675.99,1286.4645058649542,389.52549413504585
1484.25,2655.1186698232464,-1170.8686698232464
1696.87,3958.4017449965377,-2261.531744996538
4284.94,3571.4433166545637,713.4966833454359
3163.36,3751.384036655125,-588.0240366551247
1660.2,1996.6661707323701,-336.4661707323701
1288.06,1510.2820308142702,-222.22203081427028
507.57,2394.138152015423,-1886.5681520154233
800.04,2840.154320531988,-2040.1143205319881
6588.19,4572.115297505101,2016.0747024948987
1366.6,1848.3273826997727,-481.72738269977276
155.51,1215.4062652603634,-1059.8962652603634
719.06,1485.440035488791,-766.380035488791
4339.19,4704.880488086079,-365.6904880860793
5912.94,6070.705083911726,-157.76508391172683
3044.21,4037.1625064002305,-992.9525064002305
4806.2,6305.4559450879715,-1499.2559450879717
5770.6,4826.621849056399,943.9781509436016
2747.75,1765.044888861677,982.705111138323
2581.36,3852.4341070895466,-1271.0741070895465
1054.42,3305.0318272020436,-2250.6118272020435
1812.59,2278.339750468393,-465.74975046839313
1163.11,1763.5640273500283,-600.4540273500284
1302.97,1696.236321216547,-393.2663212165469
7439.77,5797.302061403827,1642.4679385961736
1297.12,1777.7893135377699,-480.66931353777
2564.95,3410.9947447386803,-846.0447447386805
3766.09,2539.3500457936507,1226.7399542063495
1655.66,1978.9504366011513,-323.2904366011512
995.85,1515.1105323806248,-519.2605323806248
3634.36,4972.046069047121,-1337.6860690471208
8130.6,6185.090126233937,1945.5098737660637
2349.12,2280.7436961454373,68.3763038545626
2269.17,1596.6418549632153,672.5281450367847
5031.12,1608.0021863854574,3423.1178136145427
1470.0,2728.836873964615,-1258.8368739646148
2178.25,1680.5182290552978,497.73177094470225
1064.31,1263.5929487054755,-199.28294870547552
1088.74,1733.637642833798,-644.897642833798
1335.98,2479.656648168237,-1143.676648168237
3892.01,2106.2142511762167,1785.7957488237835
3158.72,3732.6141609885844,-573.8941609885846
1307.73,2875.0135734197415,-1567.2835734197415
650.65,1313.586599781766,-662.936599781766
1422.01,2496.4300569893094,-1074.4200569893094
2612.0,2210.5836038653765,401.4163961346235
10876.05,3423.758925759317,7452.291074240682
1806.62,2340.788299963303,-534.1682999633031
4196.24,3453.0265489140374,743.2134510859623
946.6,1413.11241915942,-466.5124191594199
1166.77,1961.7613596538476,-794.9913596538477
625.95,1514.6948453320429,-888.7448453320428
2784.2,1544.020530480086,1240.1794695199137
6598.14,8144.106796842201,-1545.966796842201
5093.53,4682.70470542962,410.8252945703798
907.53,2304.3668073316276,-1396.8368073316276
3146.01,4318.23073099983,-1172.2207309998294
2392.99,2472.494937573386,-79.50493757338609
1405.16,2436.3823431070696,-1031.2223431070695
3940.72,4201.7805736964165,-261.06057369641667
1273.42,1625.82158634124,-352.40158634123986
1670.21,2654.468783934885,-984.2587839348848
1953.52,1694.6527299826914,258.86727001730856
1048.81,1600.2967745991727,-551.4867745991728
2114.18,1167.1387792329326,947.0412207670672
1610.26,1523.0211824785647,87.2388175214353
4257.34,2647.8962311258674,1609.4437688741327
1011.42,2480.9201487705645,-1469.5001487705645
2152.93,1823.4064949912927,329.52350500870716
8041.99,3658.793252168104,4383.196747831896
689.61,1132.9493850078102,-443.33938500781017
1188.44,1864.6087669519711,-676.1687669519711
1988.65,2086.522531629367,-97.87253162936713
2513.69,1512.056603474088,1001.6333965259121
766.93,1472.8004155764074,-705.8704155764075
2931.36,7334.091058580325,-4402.731058580324
951.31,900.6589254835353,50.65107451646463
2438.13,1374.517867594616,1063.612132405384
2141.46,2389.496289474144,-248.0362894741438
390.56,1698.1380731490158,-1307.5780731490158
2400.58,2264.488034951866,136.09196504813372
2306.75,3522.2301403561037,-1215.4801403561037
623.61,1690.519693378889,-1066.9096933788892
511.55,1479.2366994213623,-967.6866994213624
1864.84,1841.512268486389,23.327731513610843
2264.95,4815.082653796106,-2550.132653796106
593.46,2746.391571431134,-2152.9315714311338
899.79,1402.6814471481696,-502.8914471481696
10880.82,3590.826194764653,7289.993805235346
3052.89,2949.4635937778035,103.42640622219642
2637.24,2407.7859746609533,229.45402533904644
2512.32,2181.70813218022,330.61186781977995
1491.84,1430.1865257549916,61.65347424500828
1959.23,1985.4602683392382,-26.230268339238137
5558.37,3770.8899515001076,1787.4800484998923
1893.75,1228.4333959398232,665.3166040601768
2529.53,2176.449329322347,353.0806706776534
4389.97,4802.77837232949,-412.80837232948943
2463.36,1855.7397484443084,607.6202515556918
4922.64,5636.574138861049,-713.9341388610483
2008.58,2070.2820219412943,-61.70202194129433
1192.83,2292.6612494113674,-1099.8312494113675
1997.94,1393.0190965777656,604.9209034222345
8222.45,7641.75987586397,580.690124136031
1754.97,2106.612694022838,-351.64269402283776
2073.42,2119.571251652047,-46.151251652046994
1054.79,1642.728220181717,-587.938220181717
597.32,1822.0584681805753,-1224.7384681805752
2140.09,3034.527185376031,-894.4371853760308
2018.71,3700.7314844199373,-1682.0214844199372
1273.7,2239.592686934839,-965.892686934839
709.62,2176.0894181796803,-1466.4694181796804
1772.71,2512.3253622803277,-739.6153622803276
3851.88,2033.154067332011,1818.7259326679891
2080.34,1130.6831946779564,949.6568053220437
1145.58,1557.0915857660116,-411.51158576601165
4608.25,2179.7491092485075,2428.5008907514925
1379.65,2845.0136278869545,-1465.3636278869544
3141.86,2630.100427291499,511.7595727085013
1126.77,1689.1298185571534,-562.3598185571534
1877.61,1821.1422992581104,56.46770074188953
855.42,3210.0761815143196,-2354.6561815143195
677.83,1123.2576955077732,-445.42769550777314
3472.73,3615.536904636731,-142.8069046367309
3970.45,3910.8346266904537,59.61537330954616
1367.23,1148.4248942183954,218.80510578160465
1339.2,2136.4987361267868,-797.2987361267867
1773.25,1817.4369494833854,-44.18694948338543
3566.45,1976.102648442109,1590.3473515578908
1085.52,3074.2367797918014,-1988.7167797918014
679.02,1511.584258663761,-832.5642586637609
4340.97,5110.754457117467,-769.7844571174664
4483.36,2376.5503844329996,2106.809615567
3036.4,2549.8811822124526,486.5188177875475
2661.18,3395.284771133107,-734.1047711331071
2422.37,1619.6145335050999,802.7554664949
1771.2,1409.891895112839,361.3081048871611
7655.72,4807.305269911317,2848.4147300886834
4453.9,4848.693626488582,-394.79362648858205
1474.12,2009.1687999071391,-535.0487999071393
759.06,1443.2494142722812,-684.1894142722813
6995.67,6803.29713039584,192.37286960415986
503.79,2420.6611830346574,-1916.8711830346574
688.64,1115.8882652694488,-427.2482652694488
2335.76,2357.8934471345533,-22.13344713455308
1543.8,1830.8014836323655,-287.00148363236553
3425.46,2380.064351214456,1045.395648785544
1050.06,1625.943963182082,-575.883963182082
7721.93,7102.2999238588,619.6300761412003
6320.51,3949.791583866615,2370.7184161333853
5089.35,5000.671539825325,88.67846017467491
872.91,1402.2939489287542,-529.3839489287542
3600.44,3524.8344808877055,75.60551911229459
7779.97,3082.175714925755,4697.794285074246
3270.45,2169.8581296624557,1100.5918703375442
4859.0,3222.204723756929,1636.795276243071
1183.62,1613.8194539197855,-430.1994539197856
5052.34,3098.8200807200174,1953.5199192799828
689.97,1692.8904627340705,-1002.9204627340705
1212.66,2495.818979670964,-1283.1589796709638
6573.58,4412.35088654762,2161.2291134523803
6025.51,1363.6423308371966,4661.867669162803
914.34,1243.7280312893338,-329.38803128933375
3175.03,3329.1589834567817,-154.1289834567815
6855.83,3433.7285380074636,3422.1014619925363
834.41,1435.9620782294683,-601.5520782294683
1319.14,1494.759691997792,-175.61969199779196
1596.13,2388.476977184222,-792.3469771842219
3949.15,1690.7679911160565,2258.382008883944
740.96,1439.4148132483722,-698.4548132483721
3741.01,3714.3483550119986,26.661644988001626
3928.11,2867.3208460537817,1060.7891539462184
2466.0,2125.4880747477623,340.5119252522377
2315.34,2969.7570226767184,-654.4170226767183
6663.53,1497.8311803098459,5165.698819690154
606.42,952.5924176557234,-346.1724176557234
6412.58,10732.761382619054,-4320.181382619054
1528.33,1733.5884201775737,-205.25842017757373
997.93,1428.542748245848,-430.61274824584814
1048.25,2195.2905555162174,-1147.0405555162174
3034.28,1933.4749474890789,1100.8050525109213
1785.06,1922.882412434703,-137.82241243470298
2778.14,1162.8081712207913,1615.3318287792085
6532.79,6242.376518968256,290.4134810317437
682.79,1101.5677106021328,-418.77771060213286
1024.91,1587.952492825582,-563.042492825582
1857.13,2602.199478128468,-745.0694781284678
5298.18,3425.30085211347,1872.8791478865305
2418.29,2447.145128560833,-28.855128560833236
4488.35,3278.116033257245,1210.2339667427555
1844.85,3586.253224596205,-1741.4032245962053
1753.51,1555.1156573152764,198.3943426847236
2837.84,8299.73297534263,-5461.892975342629
2196.27,1741.597720452389,454.67227954761097
585.14,1121.7914118102851,-536.6514118102851
4854.92,5077.73027059844,-222.81027059844018
14882.14,12766.95794916667,2115.1820508333294
14018.37,6222.601002105296,7795.768997894705
1056.29,2065.8535000755583,-1009.5635000755583
2754.58,2228.3380569088417,526.2419430911582
2967.44,2688.0904953418817,279.34950465811835
3166.87,5719.101553452381,-2552.2315534523814
971.25,3835.4882193277367,-2864.2382193277367
7992.43,7572.606771902056,419.8232280979446
1170.94,1884.2770288451761,-713.3370288451761
1131.84,864.7251679974283,267.1148320025716
2592.01,2396.2059622055335,195.8040377944667
2296.16,1430.1213073997503,866.0386926002495
2138.69,1852.4712726579216,286.2187273420784
670.95,1612.4167309982215,-941.4667309982215
503.78,868.2162011067361,-364.4362011067361
2147.4,3844.475572842236,-1697.075572842236
602.08,1199.970404326156,-597.890404326156
1760.17,2443.438186575756,-683.2681865757559
566.63,2401.7802926969866,-1835.1502926969865
878.69,1768.4450847437315,-889.7550847437315
2935.29,3800.5260919047623,-865.2360919047624
1997.07,2243.138116608831,-246.0681166088309
1368.25,3875.4031042951706,-2507.1531042951706
3492.8,2674.343520511981,818.4564794880193
4088.59,3836.0124982311595,252.57750176884065
1823.47,2425.7174290914704,-602.2474290914704
2173.06,1863.752337402483,309.30766259751704
962.5,1997.7514926060348,-1035.2514926060348
5384.71,7019.762759641392,-1635.0527596413922
1342.94,2253.388457904996,-910.4484579049958
729.02,1346.7635065226139,-617.7435065226139
4910.39,3151.5976747878262,1758.792325212174
4513.62,1609.61902905653,2904.00097094347
964.22,1569.9148303424151,-605.6948303424151
1365.84,1155.7506220662517,210.0893779337482
685.48,2050.7767977778785,-1365.2967977778785
2486.11,2892.6462709963853,-406.53627099638516
14402.79,11745.997414390753,2656.792585609248
1586.95,1714.2985386424125,-127.34853864241245
1438.05,1889.8509631903464,-451.80096319034647
1070.72,2044.816835166775,-974.096835166775
1507.68,2026.9788780424576,-519.2988780424575
636.95,1290.9034440462863,-653.9534440462862
6113.22,6240.978430871293,-127.75843087129306
428.47,1524.0440103659812,-1095.5740103659812
837.14,1102.453893867784,-265.31389386778403
3585.05,5884.004202159416,-2298.954202159416
5232.79,6608.069047429764,-1375.2790474297644
513.25,1115.4832239344787,-602.2332239344787
3425.83,1664.96773461438,1760.8622653856198
1049.98,2785.0391502399025,-1735.0591502399025
11061.95,8387.557910713243,2674.3920892867573
14829.43,9092.118472541344,5737.311527458656
8647.15,4123.371004543726,4523.778995456274
5406.73,3690.524657946246,1716.2053420537536
6030.7,5543.415834190119,487.2841658098805
1123.68,1847.030569864647,-723.350569864647
2587.17,1784.0394062154292,803.1305937845709
4226.4,8413.543903745847,-4187.143903745848
1803.34,2354.4783809003006,-551.1383809003007
956.5,2067.93518730637,-1111.4351873063702
724.1,1686.4909690756765,-962.3909690756765
736.7,2180.8206422911035,-1444.1206422911034
2248.19,2661.425800000376,-413.235800000376
1163.55,1669.8316880305472,-506.28168803054723
3203.57,2996.6728528571443,206.89714714285583
1398.55,1489.8290657365264,-91.27906573652649
2889.12,1729.320753562685,1159.7992464373149
1270.36,1287.9486605614643,-17.588660561464394
685.25,1316.4366466498582,-631.1866466498582
2622.1,2071.2829697534685,550.8170302465314
1364.36,1497.1883465780268,-132.82834657802687
2337.45,1766.833164966599,570.6168350334008
7666.79,10590.47919285714,-2923.6891928571395
2449.33,1323.486939598285,1125.8430604017149
2365.01,1805.5799935349744,559.4300064650258
2143.09,3626.1036872943737,-1483.0136872943735
1890.69,3887.5717850247474,-1996.8817850247474
1663.43,2311.2359888332785,-647.8059888332784
5411.88,3114.1993622653595,2297.6806377346406
1241.4,1627.8511581245382,-386.4511581245381
3313.88,1443.0929000139129,1870.7870999860872
2622.28,1850.4207703531692,771.859229646831
1960.3,1577.702475215639,382.597524784361
1485.38,2138.9559702930683,-653.5759702930682
1032.02,1222.0475291923906,-190.0275291923906
1781.63,1258.8939246714385,522.7360753285616
291.41,2794.430201905825,-2503.020201905825
11598.57,9832.335150714287,1766.2348492857127
3104.45,10985.226990873016,-7880.776990873016
3200.55,3335.541055427507,-134.99105542750704
9469.91,4639.218116347408,4830.691883652592
3822.76,3658.9062477330244,163.8537522669758
1171.73,1699.2606643644197,-527.5306643644196
2929.76,3312.3448260896303,-382.58482608963004
4270.91,5158.317204851713,-887.4072048517128
1375.0,3878.6383899164393,-2503.6383899164393
2187.62,3314.7778659855044,-1127.1578659855045
2842.45,2370.1030586396546,472.3469413603452
1865.9,1782.7411541086515,83.15884589134862
5264.73,7380.574022371287,-2115.844022371288
2505.74,2859.6101730582614,-353.87017305826157
2817.18,1784.7722128236442,1032.4077871763557
2043.75,2393.4353101215033,-349.68531012150333
5412.5,2844.075449746876,2568.424550253124
5820.32,11504.137278492062,-5683.8172784920625
2838.08,1902.1828863136207,935.8971136863793
1182.83,1038.1940246150198,144.63597538498016
2037.09,1836.087452777405,201.002547222595
788.38,1251.464805981823,-463.084805981823
1340.9,2940.914928457729,-1600.0149284577287
1417.16,2947.918707599494,-1530.758707599494
632.03,926.7598376280254,-294.7298376280254
1083.05,2054.246864364266,-971.196864364266
1166.5,2620.7105626665684,-1454.2105626665684
732.53,3000.274492142859,-2267.7444921428587
889.09,2094.6075428236036,-1205.5175428236034
5408.08,2566.3314452857467,2841.7485547142533
1696.74,1989.6236924651394,-292.88369246513935
7113.41,5013.516497908348,2099.8935020916515
688.23,1295.3635350159816,-607.1335350159816
1968.75,1749.9184501470663,218.83154985293368
1912.62,2894.8457135047543,-982.2257135047544
4129.44,1881.3294971296068,2248.110502870393
863.49,903.063940195351,-39.57394019535104
1104.41,1421.5564535234798,-317.14645352347975
1798.95,935.5145705123989,863.4354294876011
6225.31,2398.598010649224,3826.7119893507765
4332.98,2264.8076426111434,2068.172357388856
3303.79,2549.9206100747633,753.8693899252366
2836.59,1455.9317700890526,1380.6582299109475
3878.82,1636.7322037347994,2242.0877962652007
1842.84,1272.223563589113,570.616436410887
11613.2,6164.658261987587,5448.541738012414
818.4,1223.6207562157795,-405.2207562157795
4186.2,6863.05956762343,-2676.85956762343
5172.16,6700.9552111335415,-1528.7952111335417
1302.74,2025.6375871762314,-722.8975871762314
1074.5,950.518917536605,123.98108246339496
2233.67,2317.607503718152,-83.93750371815213
2517.2,1576.8334039935448,940.366596006455
604.01,1281.0727012490242,-677.0627012490243
4113.35,5559.234426481551,-1445.8844264815507
16596.56,9162.109317605864,7434.450682394137
8715.92,4995.892747671506,3720.027252328494
878.74,996.8859544165425,-118.14595441654251
3670.43,3709.863716854403,-39.433716854402974
3936.74,4724.396650340003,-787.6566503400036
3284.02,3104.227494179337,179.79250582066288
2347.96,3801.7188353715737,-1453.7588353715737
4902.59,7924.400454419781,-3021.8104544197813
1934.48,3666.317501067891,-1731.837501067891
925.36,1424.35974033486,-498.9997403348599
3815.87,1868.0722683872532,1947.7977316127467
688.61,1529.917704190615,-841.307704190615
1162.79,1598.8744382303623,-436.08443823036237
1250.92,3787.1775160326733,-2536.2575160326733
1689.04,2332.441939896969,-643.401939896969
737.44,2066.803113240638,-1329.363113240638
6817.68,3351.2714714205504,3466.40852857945
857.78,1552.641897348748,-694.861897348748
763.29,1828.4999282804433,-1065.2099282804434
2646.89,2145.401339744659,501.4886602553411
1630.61,1848.270166676034,-217.66016667603412
677.1,1508.1328695255788,-831.0328695255788
1747.27,1922.239397627178,-174.96939762717807
15005.94,11355.978421904765,3649.9615780952354
552.91,1177.8088765818948,-624.8988765818948
1233.16,2028.4565720283094,-795.2965720283094
3038.8,3718.3326899200897,-679.5326899200895
1575.61,1725.9207021251696,-150.31070212516966
2156.08,3056.448178436927,-900.3681784369269
1987.31,1892.7165781911476,94.59342180885233
2499.6,3124.9052034945576,-625.3052034945576
694.52,1433.347377810171,-738.8273778101711
2303.2,3873.891692205705,-1570.6916922057053
3308.8,6317.051592469723,-3008.2515924697227
1401.84,1786.8810056795874,-385.04100567958744
1656.83,1839.8619638682585,-183.03196386825857
1064.41,1270.3250961198858,-205.91509611988567
532.88,1300.3981941432778,-767.5181941432778
799.41,1595.802717460121,-796.3927174601209
4162.97,5354.691358489788,-1191.7213584897881
2796.19,1591.5264701030494,1204.6635298969506
296.4,1507.2237115770893,-1210.8237115770894
4315.02,3704.5175196458467,610.5024803541537
4938.68,4663.106113488405,275.57388651159545
1341.86,3322.1111145300756,-1980.2511145300757
4043.13,4500.557613198067,-457.42761319806687
10441.13,9346.933184060254,1094.1968159397456
1524.63,1633.8449061292704,-109.21490612927028
906.15,4801.097731329753,-3894.9477313297525
1988.14,2805.351592934952,-817.2115929349518
10977.31,5425.762688901645,5551.547311098355
3123.27,2657.9277366100937,465.3422633899063
4129.06,2932.6364738569164,1196.423526143084
1782.87,1413.2335537701144,369.63644622988545
7655.76,4451.372566964371,3204.3874330356293
1155.97,1602.354679422972,-446.3846794229719
16014.48,8400.337324120585,7614.142675879415
2258.87,2866.5074140831944,-607.6374140831945
5401.58,5426.858835303683,-25.27883530368308
411.0,1558.0528419593963,-1147.0528419593963
1182.94,1542.7010652067695,-359.76106520676944
10.0,3832.969565929197,-3822.969565929197
853.22,1630.1155026598283,-776.8955026598283
903.21,2949.5594211520097,-2046.3494211520097
805.42,1267.1439869733244,-461.7239869733245
4009.24,3861.4170571004865,147.82294289951324
702.52,1561.386069370594,-858.866069370594
3251.23,2609.0694299764473,642.1605700235527
1222.04,1721.7847204208288,-499.7447204208288
4566.69,4722.023674469835,-155.3336744698354
3094.86,3318.024259338025,-223.16425933802475
938.57,1625.1809496754845,-686.6109496754844
842.32,1830.4043946759318,-988.0843946759318
1787.89,2089.935417709961,-302.0454177099607
1413.34,1661.4223182235503,-248.08231822355037
4981.55,6113.748759377586,-1132.1987593775857
9644.46,4554.419972776258,5090.040027223741
1091.13,2573.73561042437,-1482.6056104243698
2636.46,2510.2234303553087,126.23656964469137
1511.79,1709.8713721885383,-198.08137218853835
8308.63,12548.021905714286,-4239.391905714287
6968.77,7177.487482043259,-208.71748204325831
520.43,1204.5212953194864,-684.0912953194864
11811.97,7123.835478933586,4688.134521066413
8322.99,4825.518849486643,3497.4711505133564
2323.38,1835.9279902913884,487.45200970861174
3098.16,6280.206270460121,-3182.0462704601214
2537.97,2712.680616846074,-174.71061684607412
2848.58,4078.9317199320567,-1230.3517199320568
6766.97,7893.359267183122,-1126.3892671831218
621.36,1602.9314355356296,-981.5714355356296
10969.5,3409.956341468642,7559.543658531358
2358.72,1250.4460995080776,1108.2739004919222
888.31,1821.589654013058,-933.279654013058
1461.55,2398.1260470874436,-936.5760470874436
710.09,1080.0842248595102,-369.99422485951015
6613.28,4044.363006507938,2568.916993492062
1284.53,2154.582247839028,-870.0522478390278
1347.36,1363.788186501569,-16.428186501569144
5579.3,3934.7952190463084,1644.5047809536918
1703.33,2588.0697266298052,-884.7397266298053
696.7,1161.7404507434626,-465.04045074346254
1273.8,1236.7975746455504,37.00242535444954
3006.49,3074.47787999899,-67.98787999899014
4983.4,3348.7507985242096,1634.64920147579
4046.24,3884.44610229466,161.79389770534
1445.83,1729.6429052924148,-283.8129052924148
5512.62,3226.7690373782343,2285.8509626217656
2240.86,2160.273004363528,80.58699563647224
1331.42,2514.7614397331477,-1183.3414397331476
2289.39,2648.0468254638354,-358.6568254638355
5286.99,4348.668928675201,938.321071324799
1451.12,1624.7219624965423,-173.60196249654246
637.31,1220.3564413551474,-583.0464413551474
1090.66,1624.5913664495654,-533.9313664495653
8335.32,3309.040395803275,5026.279604196725
1021.26,2596.137247355129,-1574.8772473551292
1990.99,1625.012904734184,365.97709526581593
1418.21,2744.2994672584277,-1326.0894672584277
1847.63,6076.269571858953,-4228.639571858953
5812.81,3299.191159968787,2513.6188400312135
3354.85,5751.995401427078,-2397.145401427078
8906.73,9106.319886945195,-199.58988694519576
1300.74,2830.6587949021546,-1529.9187949021546
1668.78,2116.360355738489,-447.58035573848906
1809.1,2064.587029902428,-255.48702990242828
3701.23,3479.765497937473,221.46450206252712
2719.42,3477.2064230873143,-757.7864230873142
812.11,1169.1665393671176,-357.0565393671176
1682.04,1853.024139064356,-170.984139064356
1684.61,2782.9699098938545,-1098.3599098938546
4113.69,2046.530519047611,2067.1594809523885
626.15,1943.9692777461064,-1317.8192777461063
634.11,2031.5024020728702,-1397.39240207287
3262.46,2215.354289898991,1047.1057101010092
1825.93,1415.8467328472223,410.0832671527778
1447.44,4155.571150797092,-2708.131150797092
3281.5,6034.279002428571,-2752.7790024285714
2502.7,2572.3346657167554,-69.63466571675553
1512.98,2356.331802534316,-843.351802534316
6729.12,7464.965047723737,-735.8450477237375
1400.0,3103.199119668498,-1703.199119668498
2111.79,1871.485756540347,240.30424345965298
732.3,1460.538858412903,-728.238858412903
2380.39,2177.8298157856975,202.56018421430235
4855.36,1572.8990966547963,3282.4609033452034
1370.87,3529.7794258522736,-2158.9094258522737
938.44,1573.4607789287722,-635.0207789287722
6325.69,5705.044854047617,620.6451459523823
3292.32,2934.260982533357,358.0590174666431
579.62,1136.7099921712024,-557.0899921712024
7650.85,5936.387152436837,1714.4628475631635
1266.73,2459.5231277782714,-1192.7931277782714
3093.0,2546.3422428554245,546.6577571445755
1479.1,2425.8346328235775,-946.7346328235776
3977.39,1139.3148847698403,2838.0751152301596
8207.08,12605.257368971312,-4398.177368971312
1290.6,1262.3519017656772,28.248098234322697
3215.48,2031.0597062178683,1184.4202937821317
1378.68,1807.1711309076509,-428.4911309076508
1057.74,2020.4220235085988,-962.6820235085988
11100.39,6213.084507856721,4887.305492143279
2617.06,2407.4014464607208,209.65855353927918
3843.72,2837.040275915342,1006.6797240846577
3003.75,2039.836191782997,963.913808217003
1673.41,3866.223472214867,-2192.813472214867
891.14,1326.2679912915753,-435.1279912915753
3518.16,3300.2692234102246,217.89077658977521
6758.05,7757.660304807013,-999.6103048070127
934.98,1331.0387942601928,-396.0587942601928
2381.82,1342.9291857797455,1038.8908142202547
1693.42,1971.627870596037,-278.20787059603686
1187.92,1387.8665282051124,-199.94652820511237
2116.88,1997.6856267156836,119.1943732843165
1200.4,2023.1076908985942,-822.7076908985941
1655.3,2480.0993289341595,-824.7993289341596
2439.95,2953.835250749899,-513.8852507498991
2459.13,2278.975684467604,180.15431553239614
8178.07,7394.497013624117,783.5729863758825
3859.13,5458.269247515134,-1599.1392475151342
5069.7,2882.78855382948,2186.91144617052
1957.05,1942.2734094328573,14.776590567142648
557.62,1152.8214952277772,-595.2014952277772
4295.43,3504.5232067857146,790.9067932142857
764.6,1622.257949213158,-857.6579492131581
1089.25,1789.0267473220433,-699.7767473220433
3313.56,3723.9656847789784,-410.4056847789784
625.57,1616.5836965166864,-991.0136965166863
1256.37,1800.482576891024,-544.1125768910242
1836.68,2955.335663792663,-1118.655663792663
3304.82,4200.972705648814,-896.1527056488135
3604.13,4072.375924523809,-468.24592452380875
1728.9,2229.7063953311613,-500.8063953311612
2208.28,2040.8129562472316,167.46704375276863
4471.33,3950.5717648905324,520.7582351094675
2622.18,4612.523867140984,-1990.3438671409845
3172.09,5852.766652910169,-2680.6766529101687
731.24,3280.629331901281,-2549.3893319012814
2115.61,3357.656027741491,-1242.046027741491
6324.22,7504.249699364559,-1180.0296993645588
2585.97,4071.435637948094,-1485.4656379480944
7069.58,6398.893631626985,670.6863683730153
1354.34,2077.580810031745,-723.240810031745
3640.04,2247.7143169298406,1392.3256830701594
771.89,1444.5724836142224,-672.6824836142224
2395.13,2229.682210661155,165.44778933884527
6028.49,3313.3266164875267,2715.163383512473
751.7,6328.828711583168,-5577.128711583168
7881.43,1563.159977112766,6318.2700228872345
1539.4,1768.6247502493686,-229.22475024936853
1443.25,1808.7964746174505,-365.5464746174505
7716.1,3587.5458900471253,4128.554109952875
650.2,1356.8544399933328,-706.6544399933327
1810.72,3298.6197587364954,-1487.8997587364954
1392.63,2265.4868522717315,-872.8568522717314
541.7,4342.71090974109,-3801.0109097410905
896.03,1654.5747915242955,-758.5447915242955
1862.89,3758.859635357807,-1895.9696353578067
752.81,1834.2030735438584,-1081.3930735438585
1728.39,1493.9182424739524,234.47175752604767
1218.61,1834.6626198137674,-616.0526198137675
3105.75,1741.6956269898062,1364.0543730101938
6169.66,6062.471026607032,107.18897339296745
12160.11,13596.780224523813,-1436.670224523812
5647.52,2852.432629941242,2795.0873700587586
769.55,2189.646319047913,-1420.096319047913
1147.65,1883.9899870885656,-736.3399870885655
3033.27,5793.615723688308,-2760.345723688308
6657.84,7599.663491582411,-941.8234915824105
2537.57,2281.52034991305,256.04965008695035
2922.08,1715.7056404622954,1206.3743595377045
1571.02,1877.4704027004918,-306.45040270049185
1311.03,4027.4510077264276,-2716.421007726428
2173.49,2574.131738850198,-400.6417388501982
652.85,2646.0437127985524,-1993.1937127985525
8408.09,4880.775112525272,3527.3148874747285
2469.95,3640.476571340108,-1170.5265713401081
2936.89,4228.384548431922,-1291.4945484319219
2069.44,2228.0353381761847,-158.59533817618467
4634.44,3947.276860645893,687.1631393541065
2479.7,3820.0286441907992,-1340.3286441907994
3313.81,1616.0295054422763,1697.7804945577236
11221.56,8733.793398690474,2487.766601309526
1471.49,1876.7870801460167,-405.2970801460167
3050.15,6223.916643895281,-3173.7666438952806
2752.17,2804.52138797431,-52.35138797431
1406.92,5988.2112000077495,-4581.2912000077495
3750.83,1349.2969931122989,2401.533006887701
4196.78,2394.226714351236,1802.553285648764
2261.53,3039.712430161856,-778.1824301618558
2077.01,2134.3641939285926,-57.354193928592395
5073.58,6336.185801647902,-1262.605801647902
3841.14,4275.106134703284,-433.96613470328384
3247.09,2267.8984868339826,979.1915131660176
9420.0,2777.3923274991294,6642.607672500871
1901.57,3264.0554428529085,-1362.4854428529086
3905.29,1972.8805818896255,1932.4094181103744
3118.53,4752.994396521274,-1634.464396521274
3350.37,2754.49505219872,595.8749478012801
417.35,1340.3059042166576,-922.9559042166576
2410.76,2318.0250146003145,92.73498539968568
1378.34,3574.4491301572616,-2196.1091301572615
898.46,1885.4412844193894,-986.9812844193893
1783.18,1626.3211662291994,156.85883377080063
1435.54,1191.6423085177935,243.89769148220648
2987.03,2305.677672510363,681.352327489637
970.84,1618.7660606034565,-647.9260606034564
2750.82,4320.90233901269,-1570.0823390126902
739.84,1138.7650782472838,-398.92507824728375
1384.65,1839.834911427118,-455.18491142711787
1764.27,1639.0967467543687,125.17325324563126
1511.75,1681.6992028946804,-169.9492028946804
1504.11,1656.1116093189898,-152.00160931898995
1850.88,1742.7951339166964,108.08486608330372
9840.85,4978.321043863441,4862.528956136559
1537.01,2298.761884309022,-761.7518843090222
1601.13,1226.080480782285,375.0495192177152
3480.66,5119.428411792287,-1638.7684117922872
1433.47,2249.89862314554,-816.4286231455401
1226.32,806.356727704212,419.963272295788
1970.02,2907.203361684481,-937.183361684481
2980.03,4250.732557630714,-1270.7025576307137
4162.87,3304.361238742245,858.5087612577549
915.2,1166.8525920225,-251.6525920224999
4142.51,3425.928946587301,716.581053412699
8059.07,5368.027955681185,2691.042044318815
3565.81,2089.543280167205,1476.266719832795
1590.42,4200.629098525386,-2610.2090985253863
2606.42,2865.2630635037913,-258.8430635037912
1057.0,1234.8408675636315,-177.8408675636315
937.37,1006.8507155308945,-69.48071553089449
2880.96,4083.399727974497,-1202.4397279744971
2164.95,2735.4403686815263,-570.4903686815264
15002.89,5825.859810315942,9177.030189684057
838.19,1095.1559834972556,-256.9659834972556
816.21,1220.1824405360012,-403.97244053600116
1064.6,1711.6645783991817,-647.0645783991818
2964.92,2561.847385509827,403.07261449017324
1668.41,3487.421746583181,-1819.011746583181
805.89,1957.655614912982,-1151.765614912982
3030.37,2881.6228623063175,148.74713769368236
4131.89,3725.0756164563663,406.814383543634
917.64,1517.7868934888068,-600.1468934888068
2089.26,2014.9261656639815,74.33383433601875
881.49,1518.7746904728247,-637.2846904728246
1174.64,1834.8415827231106,-660.2015827231105
1605.8,1542.4179383826402,63.382061617359795
1031.57,1551.7567155516895,-520.1867155516895
10010.0,8067.206665220854,1942.7933347791459
837.2,1139.4259727804304,-302.2259727804303
954.83,1784.673491699881,-829.8434916998809
5264.84,3018.4405618585524,2246.3994381414477
1284.67,1606.0351037559012,-321.36510375590115
847.98,1110.316622908673,-262.336622908673
7830.21,4485.232341788536,3344.9776582114637
8054.92,6572.630628239535,1482.2893717604647
4013.41,3344.461718676949,668.9482813230507
4283.25,2235.604244047619,2047.645755952381
782.7,1461.6113807342847,-678.9113807342846
3017.92,2708.65268410071,309.2673158992902
755.78,961.008338657922,-205.228338657922
1426.96,2096.673316065342,-669.713316065342
2717.54,1607.571928154166,1109.968071845834
2066.85,1656.8530715091213,409.99692849087864
1795.03,1443.044901025857,351.98509897414306
223.49,1205.3863501009987,-981.8963501009987
5764.42,9718.65703719027,-3954.2370371902707
2096.85,2121.6642663505663,-24.814266350566413
3436.55,5079.094369614194,-1642.5443696141938
2787.64,2239.7877455765574,547.8522544234424
2438.3,2185.515301594741,252.7846984052594
441.04,904.8837645549012,-463.84376455490116
3802.45,3291.2521620118678,511.19783798813205
7968.22,4775.549850894384,3192.6701491056165
1080.0,7905.217793320534,-6825.217793320534
757.78,1309.449867754016,-551.669867754016
2116.81,3307.023789786034,-1190.2137897860339
1217.4,2085.566371684175,-868.1663716841749
534.27,2173.6363197161645,-1639.3663197161645
5331.9,2480.180717438488,2851.7192825615116
1676.71,2362.991036803033,-686.2810368030327
944.9,853.6709465265064,91.22905347349354
2950.07,2858.595068933745,91.47493106625507
808.6,1452.2919808009349,-643.6919808009349
1784.18,2853.2427859595973,-1069.0627859595972
1229.0,4379.802103871468,-3150.802103871468
721.92,1462.1544566299592,-740.2344566299593
646.0,1393.2829554097602,-747.2829554097602
1828.82,3385.557821377317,-1556.737821377317
1875.42,2714.641713631182,-839.221713631182
2236.53,1549.1974109995472,687.332589000453
963.36,2284.0070016942786,-1320.6470016942785
16832.12,8741.831875198413,8090.288124801586
2314.84,3092.502640378787,-777.6626403787868
2241.95,2419.254716729495,-177.30471672949534
4368.4,3929.3937713003015,439.0062286996981
1456.56,1442.933548109771,13.626451890228964
4777.88,4918.027966764145,-140.14796676414517
1600.52,5177.444368365934,-3576.924368365934
1686.59,1464.5063121929256,222.08368780707428
773.73,1123.0982318808753,-349.3682318808753
2635.47,4813.211422242301,-2177.741422242301
908.71,1711.9870474922045,-803.2770474922045
7874.39,3737.6602598801483,4136.729740119852
1211.12,2259.7984012676206,-1048.6784012676208
2943.73,3104.5677494526153,-160.8377494526153
2105.52,1530.1585831410312,575.3614168589688
445.93,938.9837386057999,-493.0537386057999
2514.84,3346.6964361763717,-831.8564361763715
1006.35,3187.303406747518,-2180.953406747518
1628.5,1891.6761843290226,-263.1761843290226
3025.52,2221.163500705228,804.3564992947718
1439.77,1907.9493061879339,-468.1793061879339
2074.88,5281.059211311047,-3206.179211311047
8456.09,3018.511293975239,5437.578706024761
676.15,925.7608021884612,-249.6108021884612
4852.27,8198.992902469572,-3346.7229024695716
293.66,1150.0459564217474,-856.3859564217473
1345.52,1452.7869059921006,-107.26690599210065
2475.41,2285.422467510787,189.98753248921275
794.28,2545.469175714285,-1751.189175714285
1651.91,1806.7238913384158,-154.81389133841571
2855.24,2015.0206650150271,840.2193349849726
2935.55,2285.6858483226265,649.8641516773737
5121.4,6840.506252295741,-1719.1062522957418
4857.98,3905.6104284164094,952.3695715835902
1250.93,1169.367889227456,81.56211077254397
841.43,1890.6640556093384,-1049.2340556093386
1217.81,1969.9923744028717,-752.1823744028718
2049.88,3229.197319083047,-1179.317319083047
2227.73,2763.0617939786853,-535.3317939786853
3224.63,2415.2146587395155,809.4153412604846
7806.11,5904.363779147313,1901.7462208526867
1480.52,3680.855959040951,-2200.335959040951
1270.32,1781.5970435552404,-511.2770435552404
2245.81,2591.4171220646026,-345.60712206460266
10691.88,7774.727048985412,2917.1529510145874
1104.16,930.6505834460914,173.50941655390864
2632.6,1640.7720557273722,991.8279442726277
3951.65,1829.376453688941,2122.2735463110594
4324.75,5058.174721615794,-733.4247216157937
1157.46,2448.684487851839,-1291.224487851839
5845.08,10869.646758771305,-5024.566758771305
2428.33,1635.3864552058292,792.9435447941707
1183.22,1114.1250806215858,69.09491937841426
1518.89,2368.48489131457,-849.5948913145701
3000.27,3419.577853032101,-419.30785303210087
690.97,1528.2658405477089,-837.2958405477088
589.85,1470.7052442142822,-880.8552442142822
11599.45,6821.114186984124,4778.335813015877
2235.55,1823.6619154638684,411.8880845361318
2671.48,2651.6965429891,19.783457010899838
5331.94,8911.66244481855,-3579.7224448185507
2040.35,2644.059087429193,-603.709087429193
2378.94,2893.915274360649,-514.9752743606491
3482.82,5084.685599232183,-1601.8655992321833
3288.63,4492.345495958327,-1203.7154959583268
2728.86,2414.370295390103,314.4897046098972
3316.46,3529.465495824167,-213.00549582416716
1765.99,2352.112499924831,-586.1224999248309
1122.09,2565.8492917934245,-1443.7592917934246
2679.95,3636.1434302962152,-956.1934302962154
2107.85,2669.5667482466747,-561.7167482466748
4049.02,4184.32543273779,-135.30543273778994
9913.63,6011.201145852134,3902.4288541478654
1758.42,1760.5043439156384,-2.0843439156383283
2058.0,1404.0484211145629,653.9515788854371
3015.13,2247.0189485583296,768.1110514416705
5169.65,3811.8273728234317,1357.822627176568
1780.21,1906.6871937395624,-126.47719373956238
2576.48,1569.6924113569423,1006.7875886430577
1506.36,3868.1815405716347,-2361.8215405716346
6971.98,4357.549949741469,2614.43005025853
6302.71,4807.2284040241575,1495.4815959758425
996.63,1308.5078320108346,-311.8778320108346
573.75,1488.8254112155641,-915.0754112155641
3413.7,2896.2409881407443,517.4590118592555
1312.14,2591.603018571429,-1279.4630185714288
1244.61,1498.9539971373604,-254.34399713736047
1699.01,981.1893470075697,717.8206529924303
3097.59,4773.438511517498,-1675.848511517498
7944.5,5061.848960663669,2882.6510393363315
6957.23,9594.83456,-2637.6045599999998
701.96,1732.085374247233,-1030.125374247233
1981.64,1234.3460365932704,747.2939634067297
1588.46,2247.0387164237873,-658.5787164237872
5262.95,4739.528451252696,523.4215487473039
208.28,1034.6032240473398,-826.3232240473399
2463.93,2191.67405084298,272.25594915702004
1362.95,1942.272359430686,-579.322359430686
5206.81,3335.3075315901156,1871.5024684098848
1829.49,1486.573340109191,342.9166598908091
2936.69,2538.1744957482892,398.5155042517108
1766.88,2040.967958297242,-274.0879582972418
5027.09,3391.574475022569,1635.5155249774311
1236.74,2116.8884553364396,-880.1484553364396
2706.99,2627.8443054208515,79.14569457914831
865.2,2727.6484874508874,-1862.4484874508873
2758.88,2478.2727368403603,280.60726315963984
569.89,2474.810728547505,-1904.920728547505
4439.03,2486.5927044436235,1952.4372955563763
521.7,1229.0885062178997,-707.3885062178997
3437.9,1478.163477204262,1959.736522795738
1074.74,2676.2442429400994,-1601.5042429400994
1023.71,1367.0135904349147,-343.30359043491467
2217.47,3594.8084184525383,-1377.3384184525385
2380.29,2233.397952445395,146.89204755460514
1018.06,1259.4521993211995,-241.39219932119954
656.99,1494.7852165558156,-837.7952165558156
1713.28,3654.420367002809,-1941.1403670028092
832.38,1594.9857349207625,-762.6057349207625
784.31,2843.540229534223,-2059.230229534223
2261.5,4867.538197295606,-2606.0381972956056
3268.75,4235.772002700269,-967.0220027002688
3962.11,2984.338830977626,977.7711690223741
2328.68,4587.927031765461,-2259.247031765461
3594.76,4232.898426435026,-638.1384264350254
4590.84,3617.8966757406147,972.9433242593855
2080.91,2702.362051465571,-621.452051465571
2717.1,1359.0093102031105,1358.0906897968894
1929.79,2615.7315961216964,-685.9415961216964
6758.16,4911.097798363429,1847.0622016365705
1563.45,1900.3821247605797,-336.93212476057965
2356.68,4561.649266748142,-2204.9692667481418
914.08,2067.281417130587,-1153.2014171305873
794.26,1301.8277118259098,-507.5677118259098
1168.65,1887.181534415439,-718.531534415439
2468.08,2072.157483377631,395.92251662236913
824.28,2003.0208379262144,-1178.7408379262145
4134.21,5002.215702249383,-868.0057022493829
1306.51,1769.9468736745757,-463.43687367457574
1073.38,1444.2771437905,-370.89714379049997
1574.82,2086.163553548952,-511.3435535489523
1855.82,2411.1291996031755,-555.3091996031756
5693.52,3701.0754097869963,1992.4445902130042
1039.05,1727.015785292057,-687.965785292057
1790.65,2720.3473544512194,-929.6973544512193
570.39,1366.3691103286694,-795.9791103286694
621.2,1922.8879269124027,-1301.6879269124026
992.23,3277.952826715573,-2285.722826715573
2278.82,2543.542396894009,-264.72239689400885
4200.26,2308.67775665112,1891.5822433488802
5058.96,3979.743590434104,1079.216409565896
1238.67,1975.9396474351117,-737.2696474351117
3222.75,1396.1671098824236,1826.5828901175764
1536.62,3742.5165170106366,-2205.8965170106367
810.6,1109.973363887837,-299.37336388783694
3287.67,1700.9509929157516,1586.7190070842485
2805.94,2903.7282142679715,-97.7882142679714
3472.6,3906.641411052121,-434.041411052121
2228.83,1734.14974453102,494.68025546898
1458.94,2955.397837366003,-1496.4578373660029
2431.22,2067.433815581229,363.786184418771
1274.98,1733.6448011393843,-458.6648011393843
4794.58,6184.831528597678,-1390.2515285976779
1394.86,1780.8811666033396,-386.0211666033397
1114.1,1326.4400806776216,-212.3400806776217
3544.57,2254.084220553186,1290.4857794468144
3024.85,1883.3160513759526,1141.5339486240473
3783.99,5971.004443857943,-2187.0144438579437
2235.25,3789.2505530064836,-1554.0005530064836
2058.66,4610.790412420358,-2552.130412420358
1552.33,2111.42425574632,-559.09425574632
1586.11,1764.692812906829,-178.58281290682908
3402.95,2706.959666719996,695.9903332800036
1760.42,1642.0529295845906,118.36707041540944
3524.18,3470.3109384097147,53.86906159028513
771.3,1411.4431202254966,-640.1431202254967
7956.2,6073.4140756534525,1882.7859243465473
2721.4,2131.376960345493,590.0230396545071
4661.22,7989.926208963585,-3328.7062089635847
5281.01,3463.2793481600525,1817.7306518399478
829.36,1881.8743024214991,-1052.514302421499
1411.84,3491.328354445866,-2079.488354445866
2514.84,2538.037695836467,-23.197695836466664
3287.17,1805.6023407313298,1481.5676592686702
1397.25,2119.088587201706,-721.8385872017061
555.67,1788.078155157692,-1232.408155157692
9705.96,8075.367599768819,1630.5924002311804
1106.99,2046.9191804426655,-939.9291804426655
2600.1,4343.724229866462,-1743.6242298664624
464.19,1307.5288743710119,-843.3388743710118
2440.61,3181.2122904495777,-740.6022904495776
3805.29,4613.659318429317,-808.369318429317
4939.49,2941.0401980840275,1998.4498019159723
12013.76,8532.02267388889,3481.7373261111097
2165.08,3188.5488606503636,-1023.4688606503637
1237.18,1333.034404984698,-95.85440498469802
1077.65,2621.483064976919,-1543.833064976919
4476.74,3373.998390779472,1102.7416092205276
2366.5,2769.08150200756,-402.5815020075602
410.98,1062.0891173986906,-651.1091173986906
1577.38,4715.192470935176,-3137.812470935176
2988.9,2033.439642226862,955.4603577731382
1034.69,1856.9438058354665,-822.2538058354664
1328.55,1947.3216597219796,-618.7716597219796
212.88,1473.9150728968184,-1261.0350728968183
2266.86,1670.1146567086355,596.7453432913646
654.98,1679.525306138771,-1024.545306138771
2318.64,3071.980835831736,-753.3408358317361
1160.91,1360.9866044682753,-200.07660446827526
1578.25,3600.1754206520277,-2021.9254206520277
9978.98,7441.611888611111,2537.368111388889
2310.18,4633.162510384733,-2322.982510384733
1894.7,1678.720659970068,215.97934002993202
5597.48,3691.557957844573,1905.9220421554264
954.01,3066.9943413945944,-2112.9843413945946
2389.75,4036.928036487031,-1647.178036487031
6278.2,3364.0536577963376,2914.1463422036622
1985.99,1536.9742159640891,449.0157840359109
2413.58,2326.4377042848932,87.14229571510668
1878.14,3791.8978509306967,-1913.7578509306966
1809.96,4707.3704314754,-2897.4104314754004
1504.05,2639.81856370474,-1135.76856370474
1184.54,1188.7946950970152,-4.254695097015201
2835.96,5225.753080484909,-2389.7930804849093
4568.53,4990.128626958115,-421.59862695811535
2498.29,1933.65834282353,564.6316571764701
6329.23,5364.49997336326,964.7300266367392
956.38,1180.8875750143989,-224.50757501439887
2196.44,2088.6797858979558,107.7602141020443
3366.01,3306.489341814811,59.520658185189404
1274.94,1771.2205872745512,-496.2805872745512
1297.3,3648.7246304290284,-2351.424630429028
1927.14,3878.1379208268877,-1950.9979208268876
1560.54,1666.4246465382776,-105.8846465382776
1709.85,1878.5250916231025,-168.67509162310262
1853.36,2728.211153159356,-874.851153159356
5728.43,1572.5496949463516,4155.880305053649
893.61,1571.9050487846575,-678.2950487846575
6031.43,2891.3601612829893,3140.069838717011
3043.02,1997.1896891570668,1045.8303108429332
264.29,1070.002337427011,-805.7123374270111
2819.56,2734.3266042484006,85.23339575159935
2205.68,1837.69847102381,367.9815289761898
2894.97,3594.0350823405706,-699.0650823405708
4083.26,6392.295476033453,-2309.035476033453
5725.54,4872.285279678122,853.2547203218783
9374.62,4810.634560802605,4563.985439197396
971.03,1894.2687494580598,-923.2387494580598
2153.59,2628.114993639675,-474.5249936396749
2386.98,1916.6714896689646,470.30851033103545
1735.89,1870.6067801927327,-134.71678019273259
1898.76,1662.519239472055,236.24076052794499
6255.93,3785.7276455072283,2470.202354492772
1250.4,1756.307661289021,-505.907661289021
13079.75,8297.173300140785,4782.576699859215
1679.53,2002.379577730666,-322.84957773066594
1460.13,1255.7503559749211,204.37964402507896
918.74,1799.311219894102,-880.5712198941019
3321.99,2004.525647333758,1317.464352666242
8829.13,2037.1128635714015,6792.017136428598
958.09,1033.00709938677,-74.91709938677002
2847.24,2581.860654644946,265.37934535505383
1132.56,2082.076449869115,-949.5164498691151
2120.07,3928.4638124807116,-1808.3938124807114
1896.36,1990.525640051902,-94.16564005190207
1596.43,4651.9020209855125,-3055.4720209855122
1200.15,1724.264956319161,-524.1149563191609
745.71,1527.9358621606495,-782.2258621606495
9096.22,5467.131852790148,3629.0881472098517
334.1,1121.248794806626,-787.1487948066259
1713.49,2765.370957348116,-1051.880957348116
1287.19,1805.4683420382303,-518.2783420382302
931.73,1573.1631747134836,-641.4331747134836
2869.0,2787.0155857132218,81.98441428677825
3744.07,3266.34615313165,477.72384686834994
1231.65,1784.1663796603043,-552.5163796603042
3920.29,3452.4247475784373,467.8652524215627
1820.36,2315.2213488294656,-494.86134882946567
2565.14,2084.492522835781,480.6474771642188
3151.74,2392.0519787686126,759.6880212313872
1094.72,2196.984958740895,-1102.2649587408948
1647.64,2122.7519867234523,-475.1119867234522
1962.72,1283.565980755706,679.154019244294
7444.68,7504.299891110189,-59.61989111018829
1597.65,1542.3544891570398,55.29551084296031
682.63,863.753284008004,-181.12328400800402
2142.76,2786.0141528498357,-643.2541528498355
778.53,1426.1859121474454,-647.6559121474454
3084.52,4219.942488460505,-1135.422488460505
1762.24,2569.9631401092543,-807.7231401092542
4191.27,3462.0421365311113,729.2278634688892
1280.08,1697.34318949923,-417.26318949923007
616.82,1558.083296165153,-941.2632961651528
923.84,1394.5895110143924,-470.7495110143924
2220.56,1187.8966917392024,1032.6633082607975
1800.28,1400.6684459970043,399.6115540029957
706.38,1549.3372922031351,-842.9572922031351
512.3,1787.2670405028712,-1274.9670405028712
1543.32,1509.2315481185287,34.0884518814712
1880.97,3223.7346769244973,-1342.7646769244973
3899.53,4261.993785648431,-362.463785648431
3418.19,1439.534231248345,1978.6557687516552
612.71,1305.5146538600613,-692.8046538600613
5656.28,7307.510122949036,-1651.2301229490358
7528.31,6182.600095575936,1345.709904424064
1615.81,3033.7029298313764,-1417.8929298313765
1412.71,2840.629033055556,-1427.9190330555562
3642.95,1882.8951993183553,1760.0548006816446
2529.86,2005.9124347629302,523.94756523707
616.25,1475.8634279180053,-859.6134279180053
19535.36,9182.841324460345,10352.518675539655
1798.49,1258.0758164532656,540.4141835467344
947.86,1628.9073285357674,-681.0473285357674
3071.5,4158.613091690778,-1087.1130916907778
4644.86,5772.049864909787,-1127.1898649097875
1962.7,2271.8451046458417,-309.1451046458417
2564.09,3237.160703499848,-673.0707034998477
7201.92,5374.1984137724585,1827.7215862275416
1739.78,1530.0883216617858,209.69167833821416
2386.87,2938.5526841269852,-551.6826841269854
2457.45,2166.229755876283,291.22024412371684
2005.6,2024.6895428795863,-19.08954287958636
623.71,2616.4338361095256,-1992.7238361095256
869.72,1058.2126989541682,-188.4926989541682
2653.01,2919.5710549106666,-266.56105491066637
1962.77,2814.7636436537987,-851.9936436537987
1796.02,2312.8822311666613,-516.8622311666613
1601.24,1892.2335357977686,-290.9935357977686
1533.77,2537.4018577617408,-1003.6318577617408
3812.25,3527.5897366983827,284.6602633016173
5383.37,4258.14717250328,1125.2228274967201
1255.22,2220.2909835949454,-965.0709835949453
2416.53,1876.0427466975414,540.4872533024588
9189.62,3802.081088253796,5387.538911746205
9746.75,5109.009580235659,4637.740419764341
11069.73,10159.4801051221,910.2498948778994
1134.61,1852.3404539281316,-717.7304539281317
14839.35,9234.907311530817,5604.442688469184
3130.3,4449.242894467093,-1318.9428944670926
1240.55,1324.2422118844647,-83.69221188446477
1200.04,2347.7223457958185,-1147.6823457958185
2576.04,2235.661990047305,340.3780099526948
5142.87,4534.008340048868,608.8616599511315
2496.84,1806.3199447412035,690.5200552587967
2072.56,1245.5924128409592,826.9675871590407
2635.39,2811.853365678245,-176.46336567824528
1300.09,4657.565470668999,-3357.475470668999
1688.33,2894.5368642454323,-1206.2068642454324
777.56,1119.0180250008038,-341.4580250008039
506.01,2407.453606933652,-1901.4436069336518
691.35,1804.3922432688644,-1113.0422432688642
3242.75,4910.6727682431465,-1667.9227682431465
5810.09,3855.6070539196544,1954.4829460803458
3017.61,2567.239560739538,450.37043926046226
1255.39,1436.5043654667004,-181.1143654667003
6139.05,4210.755206237747,1928.294793762253
3314.44,2592.7035748594353,721.7364251405647
1996.19,3577.975243806824,-1581.785243806824
7035.23,5433.9816848600285,1601.248315139971
4457.09,1666.8906079771853,2790.199392022815
2301.54,2687.9872816089,-386.4472816089001
2205.51,2622.0527157789847,-416.54271577898453
1737.52,2680.0308889509483,-942.5108889509484
3314.59,3050.5221230063644,264.06787699363576
6422.32,9737.78488284271,-3315.4648828427107
1940.39,1969.6761976022792,-29.286197602279117
2786.73,1718.3954811060923,1068.3345188939077
911.76,1920.9854066265862,-1009.2254066265862
1300.58,1759.7673972265557,-459.18739722655573
1501.56,1960.9916887578577,-459.4316887578577
1752.67,1789.3795454877286,-36.70954548772852
881.83,2399.4456771073346,-1517.6156771073347
3684.74,3563.1746761308987,121.56532386910112
486.19,1244.2014801227056,-758.0114801227055
714.59,1090.6212115435105,-376.0312115435105
1730.49,1675.2942800451676,55.195719954832384
1622.81,1377.6596308749433,245.1503691250566
2023.16,1735.797350519372,287.3626494806281
1462.13,1604.8103674755905,-142.6803674755904
2893.48,3544.982065089429,-651.5020650894289
1691.95,2130.923467488546,-438.973467488546
7587.78,3452.041518427935,4135.738481572065
4052.74,3264.3482919067783,788.3917080932215
557.25,1294.739150502003,-737.489150502003
935.03,1254.207413934909,-319.17741393490905
638.13,1763.7655319573491,-1125.635531957349
764.53,1587.914117748325,-823.384117748325
1732.53,1561.0680368670055,171.46196313299447
6930.48,4557.752816650136,2372.7271833498635
2946.97,2635.556736879849,311.413263120151
4301.12,5945.130151764067,-1644.010151764067
2951.5,2356.4244440105235,595.0755559894765
3544.22,5857.4913592398625,-2313.2713592398627
1576.54,1742.8757095063283,-166.33570950632839
7340.22,5654.56346175352,1685.6565382464805
956.83,1447.9099024214086,-491.0799024214085
1057.8,1049.5638990024795,8.236100997520452
2035.9,5811.9449691514355,-3776.0449691514355
2001.35,2116.650640959634,-115.30064095963417
1703.35,2279.8902273889,-576.5402273888999
18689.59,14616.17568130952,4073.4143186904803
840.5,1356.439034128473,-515.9390341284729
5717.97,4780.705109313026,937.2648906869745
578.59,1765.5893754382112,-1186.9993754382112
771.54,1617.0396970863524,-845.4996970863524
683.83,2614.5262739488685,-1930.6962739488686
11524.11,5110.236952178936,6413.873047821065
1350.0,4273.387645751932,-2923.387645751932
4309.82,2789.042093273314,1520.7779067266856
1977.31,2951.894375863952,-974.5843758639521
1166.62,1861.0991361353726,-694.4791361353728
5454.65,4268.336578366028,1186.3134216339713
2154.64,1561.1656458563523,593.4743541436476
633.95,1258.4028214391908,-624.4528214391908
3876.1,7452.072266141731,-3575.9722661417313
3618.3,5051.5347924032485,-1433.2347924032483
772.54,1566.2597451833947,-793.7197451833947
2929.66,6368.771115410319,-3439.111115410319
8750.1,5086.954041823655,3663.1459581763456
1610.38,1402.701986305972,207.6780136940281
2536.87,1577.8095207411634,959.0604792588365
778.95,1701.2655228039384,-922.3155228039384
3344.63,2034.929183607701,1309.7008163922992
2546.52,3176.045307889894,-629.5253078898941
1620.44,1549.4154542539652,71.02454574603485
6269.6,2703.688470930073,3565.9115290699274
1528.85,3161.8080315349343,-1632.9580315349344
1236.07,1333.8666363133632,-97.79663631336325
1694.51,1561.6941332592564,132.81586674074356
680.16,3791.863515134826,-3111.703515134826
2655.3,10942.31996154762,-8287.01996154762
1704.98,1766.3669050332712,-61.386905033271205
1584.27,2691.5640386596647,-1107.2940386596647
862.77,2774.3532468756152,-1911.5832468756153
1261.78,2324.851817892173,-1063.0718178921732
5145.5,3765.3466835846284,1380.1533164153716
6544.95,3792.1999313963897,2752.75006860361
4103.38,5234.895565237425,-1131.515565237425
2883.62,4380.06471806977,-1496.4447180697698
11389.57,10400.993454430345,988.5765455696546
399.67,1120.9508244456733,-721.2808244456733
538.51,1084.028861476369,-545.518861476369
1657.32,2676.1754915236397,-1018.8554915236398
5254.28,2910.243478976893,2344.0365210231066
1152.68,1032.96443651341,119.7155634865901
2826.69,2591.1207718253972,235.5692281746028
1773.92,1645.3316511002806,128.58834889971945
2998.9,3497.8330568771753,-498.9330568771752
997.5,1349.685257577007,-352.18525757700695
1084.14,1538.4188969970244,-454.2788969970243
1373.95,2626.809494941352,-1252.859494941352
1521.49,2425.5409597040184,-904.0509597040184
2931.21,1748.2773540652968,1182.9326459347033
1695.0,2367.785697891201,-672.7856978912009
5022.71,6417.019516134398,-1394.309516134398
1347.66,1808.1668892384484,-460.50688923844837
850.68,1157.313527145626,-306.6335271456261
5907.17,7064.280656008754,-1157.1106560087537
5956.99,4977.043402918258,979.9465970817419
2047.92,1553.90564068593,494.01435931407013
7120.71,4728.044239338011,2392.665760661989
2124.03,1299.9425936399623,824.0874063600379
5611.56,6760.567710810494,-1149.0077108104933
1527.28,2196.4958985541143,-669.2158985541143
8982.33,7150.106860524445,1832.2231394755545
7726.78,6827.107694229348,899.6723057706513
4821.1,1680.0267368678656,3141.073263132135
647.56,1767.5289830771844,-1119.9689830771845
3255.9,5540.887559963283,-2284.987559963283
863.93,2119.1019137317035,-1255.1719137317036
3089.03,4442.290765663197,-1353.2607656631967
2184.37,3369.3672537712537,-1184.9972537712538
2080.85,1621.4889426415969,459.36105735840306
951.65,1297.7909757781886,-346.1409757781886
8091.51,12555.831533690476,-4464.321533690476
989.82,1642.6634377552557,-652.8434377552556
3767.67,5386.14136274625,-1618.4713627462497
2661.34,1388.7670174234431,1272.572982576557
566.9,1945.2012929263105,-1378.3012929263105
7939.91,5840.658848412698,2099.251151587302
8266.66,4856.56555717403,3410.09444282597
4641.17,4656.800598227929,-15.630598227929113
1006.15,1613.513846150301,-607.3638461503011
4782.79,3486.5973167258558,1296.1926832741442
2249.41,6054.6340262996,-3805.2240262996
8735.58,5506.450602814113,3229.129397185887
2501.02,2937.2427689782153,-436.2227689782153
1305.27,4835.687737776996,-3530.417737776996
925.07,2379.2897227800327,-1454.2197227800325
2048.53,1936.8615192469028,111.66848075309736
1320.39,1105.9859705866238,214.4040294133763
1621.9,2289.360847464197,-667.4608474641968
5367.47,4383.609379393714,983.8606206062859
901.1,2300.3777884234205,-1399.2777884234206
3187.34,3535.0686961325946,-347.72869613259445
2761.62,4941.060280800902,-2179.4402808009017
6999.29,7602.175035085272,-602.8850350852717
1193.02,2410.7182335642246,-1217.6982335642247
3323.13,2455.6571407166234,867.4728592833767
3578.3,3340.010488314665,238.28951168533513
3507.32,2911.174313875133,596.1456861248671
347.64,1253.8261044268634,-906.1861044268634
2145.86,2101.177287439792,44.682712560208074
3939.35,4594.944340581478,-655.5943405814783
2409.54,1829.2866904194975,580.2533095805024
1912.83,1844.0924396048897,68.73756039511022
5771.6,4567.700254374064,1203.8997456259367
2065.95,3327.9820063285356,-1262.0320063285358
11802.14,8163.349715110072,3638.7902848899275
4893.62,6389.012423451164,-1495.3924234511642
934.1,1472.4635938907427,-538.3635938907427
949.09,1046.80272373872,-97.71272373872
5074.22,5563.2462788563,-489.02627885629954
3505.1,5873.209989928288,-2368.1099899282885
1208.36,1865.6667326364573,-657.3067326364574
1271.9,1869.0571763890987,-597.1571763890986
2051.73,2283.9772557760098,-232.24725577600975
491.15,1115.042606963745,-623.8926069637449
961.46,1581.115606997506,-619.6556069975059
2777.34,2487.5235698173715,289.81643018262866
3538.24,4901.324724944924,-1363.0847249449243
1787.22,2464.4357262143444,-677.2157262143444
11257.77,7701.801195645209,3555.9688043547912
6378.04,2122.2818691424,4255.7581308576
8450.87,5675.004853830214,2775.8651461697864
2497.53,1862.833610128966,634.6963898710342
1681.56,5602.677544823056,-3921.1175448230565
2087.67,2006.783571513408,80.88642848659197
2182.11,3020.825382916835,-838.7153829168351
8438.73,9140.29209733372,-701.5620973337209
2575.16,1635.3293980527787,939.8306019472211
1702.73,1598.9589615602986,103.77103843970144
5774.26,4630.135988818887,1144.124011181113
2768.11,2795.968378744128,-27.858378744128004
3012.46,2242.366501983871,770.0934980161292
867.69,1145.6352305983316,-277.9452305983316
940.55,1900.2190648930225,-959.6690648930226
2265.83,4483.652555552117,-2217.8225555521167
5627.53,7599.983726567831,-1972.453726567831
2586.49,3487.287678541325,-900.7976785413252
2508.42,1670.101481918346,838.318518081654
12608.78,6050.423893648118,6558.356106351883
1913.72,1179.5991628146076,734.1208371853925
4271.3,2969.149070508495,1302.1509294915054
3407.57,4461.2429971424,-1053.6729971423997
1201.45,2139.5751512554643,-938.1251512554643
5003.12,4642.691896000689,360.42810399931113
1256.17,2100.877150102912,-844.7071501029118
4504.52,3328.855379582667,1175.6646204173335
2143.64,3576.0848857422966,-1432.4448857422967
7539.64,5803.693972491244,1735.9460275087567
698.29,1829.3916806081722,-1131.1016806081723
3127.17,4231.0008325657955,-1103.8308325657954
1165.86,1490.4462660857878,-324.5862660857879
1419.22,1326.136592506266,93.08340749373406
1631.8,2444.9212581335382,-813.1212581335383
722.87,1617.6867533913578,-894.8167533913578
893.79,1434.7017874524815,-540.9117874524816
1086.85,2168.045238351005,-1081.1952383510052
1821.65,6140.318486631794,-4318.668486631794
6687.21,1495.5691290508755,5191.640870949124
4680.64,1768.787894501823,2911.8521054981775
840.93,1218.3342840233684,-377.4042840233684
1604.6,1282.1286888564575,322.4713111435424
3986.87,1761.2749429739797,2225.59505702602
1806.6,1586.4795256250773,220.12047437492265
1723.14,2517.3930043487567,-794.2530043487566
4990.71,9145.2845002381,-4154.5745002381
1453.22,1534.4082591486326,-81.1882591486326
1302.09,2345.5085175054924,-1043.4185175054924
1753.45,1317.123829984762,436.32617001523795
1812.14,1556.687682908657,255.45231709134305
2255.21,2205.3131009353733,49.89689906462672
2138.76,3024.592759448888,-885.8327594488878
1075.36,1299.4232434092266,-224.06324340922674
1537.76,1732.0721751784938,-194.31217517849382
1352.03,1602.8584196331424,-250.8284196331424
1594.3,1800.9651284863983,-206.66512848639832
5683.37,9260.719187572273,-3577.349187572273
3660.09,3728.5900825468534,-68.50008254685326
20695.69,7785.809212420636,12909.880787579363
347.87,1164.575759921445,-816.7057599214451
6890.98,5887.464298099667,1003.5157019003327
2347.19,1962.080879949916,385.10912005008413
5056.39,6183.822512556856,-1127.4325125568557
970.83,1362.2729205857077,-391.4429205857076
1722.44,1665.2888989923354,57.15110100766469
2125.07,2755.7064673456684,-630.6364673456683
2664.28,5467.354582836542,-2803.074582836542
793.57,1628.6278306803601,-835.0578306803601
969.59,1610.2957623181644,-640.7057623181644
3357.37,3438.276405250955,-80.90640525095523
7043.01,1972.740061726976,5070.269938273024
2450.47,1460.247282235249,990.2227177647508
1662.8,1678.4259762968254,-15.625976296825456
3633.92,3467.4728176803687,166.44718231963134
689.86,1863.2160351992147,-1173.3560351992146
2369.55,3991.578456890343,-1622.028456890343
1656.96,2219.1009422009656,-562.1409422009656
2447.72,1762.436814703868,685.2831852961317
2418.58,4304.818441094783,-1886.2384410947834
1829.54,2083.353759231114,-253.8137592311141
437.54,1571.1287766742566,-1133.5887766742567
9381.96,8833.164313095238,548.7956869047612
1630.66,2061.5454121120015,-430.8854121120014
1315.89,1613.876906381648,-297.98690638164794
7617.7,3665.766174691091,3951.933825308909
8077.11,6510.467603686622,1566.6423963133775
8770.28,5178.690886798069,3591.5891132019315
2486.65,1312.6530537420551,1173.996946257945
4346.75,5997.289887261903,-1650.5398872619025
2448.93,1316.1902667450993,1132.7397332549006
2167.49,2276.48860704014,-108.99860704014009
6001.97,4627.928184525184,1374.0418154748158
1120.19,1260.7269807226855,-140.53698072268548
6365.29,4843.537455427557,1521.7525445724432
802.89,4013.1637414134816,-3210.2737414134817
3708.57,4416.788332279874,-708.2183322798742
2946.17,3500.7340491219493,-554.5640491219492
4840.87,5336.502380030875,-495.63238003087554
1730.57,1560.8888693554625,169.68113064453746
753.12,1853.2417629764473,-1100.1217629764474
948.05,1747.8531083783764,-799.8031083783765
2228.91,3283.1137372331555,-1054.2037372331556
7256.96,2583.5046969450555,4673.455303054945
2150.89,2778.6418887155583,-627.7518887155584
1713.86,2126.944572690726,-413.0845726907262
580.0,2971.1486918395735,-2391.1486918395735
2611.22,1805.8063652749524,805.4136347250474
1329.16,1754.0990921761334,-424.9390921761333
4387.91,3647.687871679491,740.222128320509
1012.23,1492.4825683945687,-480.2525683945687
4328.86,3142.56327226267,1186.2967277373295
4702.15,1483.0820590634157,3219.067940936584
765.76,1178.2433984017232,-412.4833984017232
6416.6,2904.422148861069,3512.177851138931
2042.49,2901.24395374307,-858.75395374307
3817.36,3894.920741343601,-77.56074134360097
5708.77,5820.227404228259,-111.45740422825838
715.46,1141.3324668860676,-425.8724668860675
2992.15,2559.2472848794914,432.9027151205087
1284.89,1604.068781798356,-319.1787817983559
6083.74,3141.2259305820785,2942.5140694179213
4354.97,5511.5999024106,-1156.6299024106002
8067.17,6035.889340093505,2031.2806599064952
584.7,1228.8932511473108,-644.1932511473108
10476.0,7523.864230183029,2952.1357698169713
4258.88,3493.8226785613624,765.0573214386377
2202.09,2896.1917706708564,-694.1017706708562
2876.8,2588.877792035819,287.9222079641813
1823.15,1512.8184027249645,310.3315972750356
699.93,1946.7785281072368,-1246.8485281072367
4222.91,4803.288666559141,-580.3786665591415
1681.36,1578.681305078509,102.67869492149089
4486.12,2613.6654082439163,1872.4545917560836
1562.06,1295.5123507644403,266.5476492355597
2398.5,2209.6295772837075,188.87042271629252
1248.37,1896.2355480806134,-647.8655480806135
3670.25,3079.4388008041647,590.8111991958353
3716.73,2947.032873848516,769.6971261514841
2954.87,4081.77418057823,-1126.90418057823
9230.39,4964.79967737607,4265.59032262393
1263.47,1230.8178036315956,32.652196368404475
903.21,2792.907636795499,-1889.697636795499
1492.41,1729.736593847154,-237.32659384715384
4800.49,2579.7172123842784,2220.7727876157214
2438.18,3014.357101356266,-576.1771013562661
3269.77,4052.19787556402,-782.4278755640198
2647.18,2514.219164254473,132.96083574552677
998.27,1715.5399023812868,-717.2699023812868
7528.4,8065.12045868742,-536.7204586874204
533.0,2858.345875553747,-2325.345875553747
2185.49,2104.112932881146,81.37706711885357
1083.0,2069.9744285638044,-986.9744285638044
3879.15,2412.1388826043503,1467.0111173956498
942.69,1374.3359164384858,-431.64591643848576
1724.78,2533.3290531067773,-808.5490531067774
9654.41,3694.049377496219,5960.36062250378
7601.97,4441.390046173866,3160.5799538261344
1902.31,2096.065221057765,-193.75522105776508
2437.13,2234.6059120097802,202.52408799021987
543.6,999.9979023925531,-456.3979023925531
2324.2,1705.4907020196529,618.709297980347
738.16,2218.259686930959,-1480.0996869309593
1754.69,1474.6556878949157,280.0343121050844
1029.01,1524.3327812944353,-495.32278129443534
639.34,1345.9065579634894,-706.5665579634893
1652.84,1725.9218908607684,-73.08189086076845
3686.1,4065.303288193256,-379.20328819325596
7774.71,8036.308904845262,-261.59890484526204
1298.83,1606.1468315806515,-307.3168315806515
851.77,1587.1346836585142,-735.3646836585142
903.92,2331.22867374201,-1427.30867374201
4561.88,3469.119517208056,1092.760482791944
1100.38,1134.5673397726794,-34.18733977267925
947.32,1271.4517189659252,-324.1317189659252
3659.81,7410.442414630408,-3750.632414630408
3892.39,3072.1435120645724,820.2464879354275
1142.78,3033.299943584911,-1890.519943584911
4400.55,5607.046721679895,-1206.496721679895
1015.99,1323.9107247656218,-307.9207247656218
6093.34,4123.544271408096,1969.7957285919038
3739.07,6026.425715975789,-2287.355715975789
2134.75,3478.4204334561723,-1343.6704334561723
7268.87,7655.478525654815,-386.6085256548149
844.29,1247.5279942873565,-403.2379942873565
3884.4,6203.075514176375,-2318.6755141763747
1812.14,2306.0761910119427,-493.9361910119426
1113.13,2613.210596636068,-1500.080596636068
4409.8,4421.116759774455,-11.316759774455022
5053.46,2881.254391428432,2172.205608571568
655.4,835.7832243873414,-180.38322438734144
2532.11,4477.309084910688,-1945.1990849106883
2173.28,2443.9943976656314,-270.71439766563117
1483.48,1370.8677703550316,112.61222964496847
660.66,1593.152882322382,-932.4928823223821
2704.88,1728.2862236981925,976.5937763018076
584.86,1314.5558583714678,-729.6958583714678
7154.84,6767.849633858639,386.99036614136094
3670.47,3241.497020337929,428.9729796620709
7126.38,3729.095434581681,3397.2845654183193
6341.8,2627.9102565670146,3713.8897434329856
1829.98,2025.3162144404816,-195.33621444048163
1974.14,1632.4042896856436,341.73571031435654
1068.62,1710.33286462018,-641.7128646201802
4078.29,5459.020958133652,-1380.7309581336522
3212.54,3353.195977709954,-140.6559777099542
1864.19,1271.5990697125214,592.5909302874786
1437.24,2088.430491449677,-651.190491449677
1024.8,1596.4156403707268,-571.6156403707269
2048.92,1996.4432274845558,52.47677251544428
791.77,1314.4065223954674,-522.6365223954674
889.92,2885.161533095271,-1995.2415330952708
724.17,1632.5739092988879,-908.4039092988879
922.77,2034.3150744689735,-1111.5450744689736
2996.46,3723.579894886824,-727.1198948868241
1961.49,3447.6362866454497,-1486.1462866454497
4680.24,8374.102589738293,-3693.8625897382935
810.59,2210.905579413759,-1400.3155794137588
2161.31,1551.8338913977693,609.4761086022306
1516.69,1665.291141470807,-148.60114147080685
3727.08,5526.890299489589,-1799.810299489589
6883.0,8497.920785331948,-1614.9207853319476
1301.12,1464.64285289225,-163.52285289225006
3085.77,2459.03338477083,626.7366152291702
5497.11,4148.973137481703,1348.1368625182968
1125.45,1876.254436224598,-750.804436224598
2387.19,2071.2011814097864,315.98881859021367
3500.05,4322.833103701361,-822.7831037013611
1693.04,2190.653910118246,-497.61391011824617
3367.19,5013.661510009729,-1646.4715100097287
1307.98,2082.971725237703,-774.9917252377031
2152.19,1377.0636680823436,775.1263319176564
2195.81,2680.490128222993,-484.68012822299306
1110.44,2402.6688915598656,-1292.2288915598656
535.62,1468.0282124658415,-932.4082124658415
3403.54,2957.274719794608,446.2652802053922
1891.81,1749.1707070108105,142.63929298918947
4559.71,2558.489824070046,2001.2201759299542
2335.68,2751.0521753006033,-415.37217530060343
583.35,6153.395632973851,-5570.045632973851
1150.28,2248.651542641761,-1098.371542641761
1295.16,2054.931183444794,-759.7711834447939
2154.45,1531.5399488936052,622.9100511063946
4979.15,3242.674655833448,1736.4753441665516
1130.8,1467.138982323171,-336.33898232317097
816.8,1237.0243932205597,-420.2243932205597
890.58,2123.4560766965474,-1232.8760766965474
1614.88,1604.559132881902,10.320867118098022
4169.3,5947.288197248954,-1777.9881972489538
3467.73,4759.645733975933,-1291.9157339759327
5430.3,6249.744740399587,-819.4447403995864
2608.02,2624.0117513596883,-15.991751359688351
7496.38,5045.838930476191,2450.541069523809
5377.32,5264.228109387668,113.09189061233155
21688.63,6663.005583556231,15025.62441644377
6768.82,5558.327653870081,1210.4923461299186
1576.57,1764.336643381888,-187.76664338188812
4704.3,2970.4285756252693,1733.8714243747309
1608.69,3730.068719085057,-2121.378719085057
1860.27,1210.433493152607,649.8365068473929
4051.87,2994.032354405767,1057.837645594233
2602.56,4650.855757174366,-2048.295757174366
1629.8,4469.203508140488,-2839.403508140488
950.77,1743.7136684195304,-792.9436684195305
1856.11,2500.998140822894,-644.8881408228942
5489.78,5026.183072152652,463.5969278473476
1495.05,1805.0087766501583,-309.95877665015837
2057.21,2850.5203785074364,-793.3103785074363
2229.35,1976.2373948011757,253.1126051988242
1099.82,1999.763100345353,-899.9431003453531
3368.01,5666.6734889673035,-2298.6634889673032
3257.42,2058.663924819957,1198.756075180043
2941.11,2175.7384556840857,765.3715443159144
5511.24,6605.958627134831,-1094.718627134831
702.34,1540.8488021565527,-838.5088021565526
2493.71,2848.7738206809668,-355.0638206809667
2899.07,2115.313846198532,783.7561538014684
4960.16,3483.283042867535,1476.8769571324647
6113.52,6227.515823868996,-113.99582386899601
2560.34,5144.255627717411,-2583.9156277174106
2906.84,2430.313053708858,476.52694629114194
1016.52,3079.1482514177874,-2062.6282514177874
1966.0,1747.7796930879235,218.22030691207647
3646.41,2364.6082961730917,1281.8017038269081
2653.99,2032.6265318099404,621.3634681900594
735.21,1139.9046195997541,-404.6946195997541
6286.43,5069.696498465975,1216.733501534025
2140.75,1845.5009989473008,295.2490010526992
2660.7,3136.196378263138,-475.496378263138
2668.94,2337.1418338397502,331.7981661602498
1644.99,943.8921115882746,701.0978884117254
3437.26,3846.090779227396,-408.83077922739585
6058.44,5818.1439067964175,240.29609320358213
786.81,1237.969880583341,-451.15988058334096
8648.04,5370.263124908627,3277.7768750913738
2307.3,1832.358641721167,474.94135827883315
3922.61,3355.2045779599457,567.4054220400544
538.85,5420.990943026049,-4882.140943026048
4228.94,1586.8364664475093,2642.1035335524903
714.55,1829.6889907587333,-1115.1389907587334
2381.74,2906.0016743036012,-524.2616743036015
1647.63,2645.5952813328936,-997.9652813328935
2932.73,3274.6156715241286,-341.8856715241286
772.9,1463.0895303566133,-690.1895303566133
5497.0,4624.109569163273,872.8904308367273
839.48,1580.24898122021,-740.76898122021
750.4,1266.6302533657033,-516.2302533657033
1297.57,1237.9455787182376,59.62442128176235
1373.28,1786.034853571483,-412.75485357148295
8039.82,5630.445284441426,2409.3747155585734
835.0,3132.808357326723,-2297.808357326723
3065.49,2077.839378977046,987.6506210229536
8590.69,9622.568923874462,-1031.8789238744612
3951.35,2997.831990280648,953.518009719352
3202.37,2492.711879267289,709.6581207327108
272.23,1396.3209738176624,-1124.0909738176624
2391.11,1665.40415622129,725.7058437787102
5525.55,6812.891600443191,-1287.341600443191
2941.65,3349.973393240782,-408.323393240782
687.86,1321.222347439331,-633.3623474393311
2797.9,3113.7081764502586,-315.80817645025854
1253.59,2565.2217159107554,-1311.6317159107555
3930.29,2047.8769990185365,1882.4130009814635
1517.08,2485.158229139342,-968.078229139342
2195.96,2720.9974702787904,-525.0374702787904
2621.15,3096.7728825290005,-475.62288252900044
8174.69,5760.398579476329,2414.2914205236702
9911.79,7579.124993318795,2332.6650066812063
1226.27,1929.386075545439,-703.1160755454391
1649.35,2856.852057268469,-1207.502057268469
1500.64,4178.759842328225,-2678.119842328225
1108.47,1040.7606954659032,67.70930453409687
6776.4,7065.031681978654,-288.63168197865434
1964.95,2623.2079131989794,-658.2579131989794
941.06,1635.5806484198447,-694.5206484198447
436.76,1018.7285115518498,-581.9685115518498
6675.92,5817.128847835497,858.7911521645028
3034.9,3467.231723350991,-432.33172335099107
953.38,1838.9404061854282,-885.5604061854282
4166.73,2161.6800899076347,2005.0499100923648
1900.74,2099.3489313209157,-198.60893132091564
1961.41,3489.5031714758616,-1528.0931714758615
405.85,1101.6966621130036,-695.8466621130036
1740.66,3474.5932649588335,-1733.9332649588334
2074.03,2413.8191763462,-339.78917634619984
2654.6,1502.8568728773869,1151.743127122613
2160.1,2712.2312105984292,-552.1312105984293
3045.93,1948.5592222548348,1097.370777745165
4716.07,4898.008589565278,-181.93858956527856
1400.7,1202.2047168633442,198.49528313665587
1616.82,1756.353829712652,-139.53382971265205
6012.6,4241.139812852747,1771.4601871472532
3235.84,3493.3723396771297,-257.5323396771296
3596.02,2908.7333301447416,687.2866698552584
590.11,1187.9333426959245,-597.8233426959245
1935.58,2304.4957581499043,-368.9157581499044
7625.06,6918.977731745399,706.0822682546013
4992.68,5082.694375763969,-90.01437576396893
1963.59,1802.6742313917982,160.9157686082017
1565.2,2517.6556195539824,-952.4556195539824
1628.32,3169.1422413495325,-1540.8222413495325
413.91,1573.2557095429086,-1159.3457095429085
3695.71,3568.0643468216963,127.64565317830375
1135.98,1523.6323537910707,-387.6523537910707
1060.02,1534.4316487719736,-474.41164877197366
1526.74,1699.222466200633,-172.4824662006331
5280.31,10015.420348956546,-4735.110348956546
1079.07,1208.8419785595609,-129.77197855956092
1531.81,1594.9720546792835,-63.16205467928353
805.3,972.1313371094116,-166.8313371094116
3379.84,2065.2705947997883,1314.5694052002118
445.84,1655.2840834539759,-1209.444083453976
2810.84,2236.678924801869,574.1610751981311
1177.08,1108.0808350823713,68.9991649176286
15527.36,8125.3823155627515,7401.977684437249
502.17,1096.0933251806086,-593.9233251806086
1615.9,1398.4456715172344,217.45432848276573
890.88,3084.3097531459575,-2193.4297531459574
1658.18,1732.2678473185304,-74.0878473185303
4220.48,3769.3949988474305,451.085001152569
1030.79,1616.3664704815797,-585.5764704815797
2601.76,3018.355856879144,-416.59585687914387
3678.95,2702.7814418696444,976.1685581303554
1018.27,1336.6556267361902,-318.38562673619026
5644.53,8129.76327010265,-2485.23327010265
970.14,2004.2340286495505,-1034.0940286495506
6835.63,1717.2478982911264,5118.382101708874
4022.41,7188.918905217607,-3166.508905217607
4184.5,5148.842793865893,-964.3427938658933
380.75,1936.5880575708734,-1555.8380575708734
465.8,1613.2110714545422,-1147.4110714545423
1809.69,2626.9225589701327,-817.2325589701327
5620.02,3131.0769978611584,2488.943002138842
3220.21,1171.435500898329,2048.7744991016707
3890.72,1368.8040787097634,2521.9159212902364
5072.79,3137.460153011561,1935.329846988439
9863.93,5596.019068598881,4267.910931401119
9675.88,9910.639525598965,-234.7595255989654
6059.41,4263.827892359305,1795.5821076406946
1804.39,3095.1990392705907,-1290.8090392705906
830.45,1603.1551249817949,-772.7051249817948
1193.6,1000.6344771365652,192.96552286343467
4088.63,2952.961651193797,1135.668348806203
2743.94,4227.881605182868,-1483.941605182868
2192.42,1921.0999009147595,271.3200990852406
6117.4,4036.4497742935496,2080.95022570645
295.46,1214.3068604419582,-918.8468604419581
4052.41,2805.181826342044,1247.2281736579557
5238.48,5325.485919010538,-87.00591901053849
778.58,973.3336572856294,-194.7536572856294
825.26,2020.2435167139442,-1194.9835167139443
4710.25,3528.427192640166,1181.8228073598339
3992.97,3786.74164886847,206.22835113152996
1691.26,2420.310932455683,-729.0509324556831
2613.75,2780.2545200452573,-166.50452004525732
1145.01,1184.5698536548662,-39.559853654866174
2090.56,2102.906861537662,-12.34686153766188
1879.36,4206.8897778507135,-2327.529777850714
623.5,1862.8772130631637,-1239.3772130631637
1976.98,1825.1978600793661,151.78213992063388
1349.48,1474.4176558467675,-124.93765584676748
2047.35,4937.349890479126,-2889.999890479126
715.28,1152.4875428257542,-437.2075428257542
7225.54,11453.852312976187,-4228.312312976187
1058.22,2389.593199422978,-1331.3731994229781
8109.78,7211.963927597402,897.8160724025975
1235.1,2137.222820740077,-902.1228207400773
4286.83,8068.580557092671,-3781.7505570926714
2899.16,2046.8842732306161,852.2757267693837
2384.79,2398.954437969111,-14.164437969111077
11418.97,6502.659261399708,4916.310738600291
1807.43,5856.041916693961,-4048.6119166939607
5364.13,2155.5465502908396,3208.5834497091605
1190.0,7933.278755204533,-6743.278755204533
2970.65,5334.982585498111,-2364.332585498111
2116.53,2844.3494121068625,-727.8194121068623
2583.19,4164.1093707100135,-1580.9193707100135
3735.74,2633.581645796944,1102.1583542030558
815.95,1642.5990879498893,-826.6490879498892
729.74,1081.6323824582623,-351.8923824582623
2777.94,1908.291783239026,869.648216760974
3143.22,4005.3956477855136,-862.1756477855138
12998.52,10081.666575199773,2916.853424800227
726.35,3482.1279915086775,-2755.7779915086776
1395.38,1130.113526733539,265.26647326646116
2274.09,1868.2208443272254,405.8691556727747
773.52,3427.253058563574,-2653.733058563574
2663.25,3187.9900400033225,-524.7400400033225
1739.02,1846.0700048997394,-107.0500048997394
6498.35,5468.984180940219,1029.3658190597816
1742.23,1394.3002845081799,347.92971549182016
2025.49,3152.6728682551898,-1127.1828682551898
733.76,858.7291849229302,-124.96918492293025
2023.09,3138.2713984981037,-1115.1813984981038
7666.62,9171.012285600274,-1504.3922856002746
6304.74,5893.289790010379,411.4502099896208
5825.19,5129.3019819839365,695.8880180160631
654.23,1147.759494755447,-493.5294947554469
3467.2,2365.532397808982,1101.667602191018
1245.55,1859.5583075399502,-614.0083075399502
1170.2,1070.7075054880324,99.4924945119676
5638.4,4146.943904669754,1491.4560953302453
6823.98,6303.7525683006015,520.227431699398
6233.45,4126.087679245256,2107.3623207547435
4203.77,2951.1826888689957,1252.5873111310048
2221.5,2794.391600178915,-572.8916001789148
3911.96,3051.4314272674064,860.5285727325936
2868.78,1360.2116955303939,1508.5683044696063
974.63,1521.2190713858283,-546.5890713858283
737.91,1510.012922797309,-772.1029227973091
3252.41,5460.934189876856,-2208.5241898768563
3738.0,1522.2830702122885,2215.7169297877117
1463.43,2420.3708438573112,-956.9408438573112
1935.66,2126.345101834799,-190.68510183479907
1631.1,1754.8561872164269,-123.75618721642695
794.23,1862.912008858163,-1068.682008858163
3114.86,1891.126498010259,1223.7335019897412
5222.89,4479.795445893491,743.0945541065093
1962.35,1786.2690360744987,176.08096392550124
2784.1,1754.2380627896594,1029.8619372103406
4769.94,2341.873107727261,2428.0668922727386
1919.08,5148.6545363445375,-3229.5745363445376
9193.77,4274.052128346263,4919.717871653737
4736.71,2575.932829502118,2160.7771704978823
338.62,1427.132716439408,-1088.512716439408
933.33,1472.1534232462159,-538.8234232462158
709.96,867.5604272743325,-157.60042727433245
544.88,1093.6660309104184,-548.7860309104184
4010.4,4205.802272999421,-195.4022729994208
1421.5,1456.3097568319279,-34.80975683192787
1454.45,1149.0387834728635,305.4112165271365
2930.16,2004.6194188760526,925.5405811239473
2464.0,2124.119654343429,339.8803456565711
3162.25,3315.0484981832296,-152.79849818322964
4973.87,3634.769351165128,1339.1006488348721
1266.99,1507.9964476826979,-241.00644768269785
1575.97,4836.005329946348,-3260.0353299463477
3620.58,4514.78774952409,-894.2077495240901
10026.1,8938.782141666667,1087.3178583333338
3496.95,2512.069277335043,984.8807226649569
7472.18,4734.402719226977,2737.7772807730234
911.54,1543.0820605429863,-631.5420605429863
3894.3,1742.085806749543,2152.2141932504574
1132.81,1602.6373376637553,-469.8273376637553
11453.51,8228.385297023808,3225.1247029761926
1582.97,2366.528748423382,-783.5587484233818
3738.56,3725.7454279577278,12.814572042272175
7455.82,4237.430229186731,3218.389770813269
725.3,1972.6634387078022,-1247.3634387078023
1276.02,1554.762851752549,-278.7428517525491
1463.65,1899.3195476359542,-435.66954763595413
1246.86,1066.0967023430662,180.76329765693367
1915.47,2245.246950481093,-329.77695048109285
1820.58,2065.6586701694905,-245.07867016949058
567.1,1495.1801810567174,-928.0801810567174
3875.67,2335.26261847557,1540.40738152443
4913.68,3153.131160943596,1760.5488390564042
6319.97,5181.288821136861,1138.6811788631394
4268.44,3663.222340854515,605.2176591454845
1273.11,1323.1324872750922,-50.02248727509232
915.11,1345.933788378886,-430.823788378886
2250.96,1780.9671361679812,469.9928638320189
2617.65,3013.616463647028,-395.9664636470279
1462.12,1688.6125116352682,-226.49251163526833
8332.53,3109.7546178514294,5222.775382148571
3651.33,2979.140556993007,672.1894430069929
2929.31,1302.599324247124,1626.7106757528759
6523.21,7700.182912074224,-1176.972912074224
2322.64,2074.9940804980597,247.64591950194017
17518.38,8195.165248733852,9323.214751266149
776.2,1673.9437255585126,-897.7437255585126
581.69,1544.5411965332264,-962.8511965332264
2620.33,3966.1914296653267,-1345.8614296653268
3279.66,4610.127230819027,-1330.4672308190275
1432.34,1936.8517722766594,-504.5117722766595
1927.54,3522.4468815154537,-1594.9068815154537
3159.05,2440.153888655221,718.896111344779
1506.78,3490.3078108168793,-1983.5278108168793
1453.46,2390.002987971451,-936.5429879714511
5237.38,5364.917764289896,-127.53776428989568
365.3,2556.682148749091,-2191.382148749091
6047.82,5546.4435148482735,501.37648515172623
2313.11,2159.63337029086,153.47662970914007
1747.36,1737.6384449998122,9.721555000187664
6832.66,2347.2998248953218,4485.360175104678
4368.53,2865.94198703664,1502.5880129633597
2815.35,2811.22308242077,4.126917579229939
757.74,1244.1159621957677,-486.37596219576767
1453.67,3030.4632849340505,-1576.7932849340505
581.46,976.2260562049867,-394.7660562049866
2117.62,2607.7280602074093,-490.1080602074094
1920.98,3352.4392822721406,-1431.4592822721406
1826.76,1166.721680595823,660.038319404177
1034.36,1276.1282149747954,-241.76821497479546
584.17,2764.1990299059007,-2180.0290299059006
1295.65,2225.4170082762034,-929.7670082762033
7745.21,7888.708028306379,-143.49802830637873
4925.05,3651.562743619017,1273.4872563809831
2201.95,2859.115094895936,-657.1650948959364
7178.23,4370.820207121887,2807.409792878113
1303.36,1142.7888064451363,160.5711935548636
1257.21,2947.4226065971416,-1690.2126065971415
3455.0,2127.9939818124108,1327.0060181875892
3894.21,2959.7396855984935,934.4703144015066
6296.6,6170.960293034424,125.6397069655768
2989.42,2054.251120352405,935.1688796475951
5457.66,5777.746108938226,-320.08610893822606
2623.26,3211.985834790041,-588.7258347900406
3148.57,1746.85944624038,1401.71055375962
2121.25,2662.6645112165133,-541.4145112165133
2310.55,1440.0868389830953,870.4631610169049
9716.37,11933.350646587298,-2216.980646587297
5191.85,7602.094224761902,-2410.244224761902
1688.54,1621.6706633344347,66.86933666556524
2090.02,1636.8915465005161,453.12845349948384
1455.46,1520.7245537891906,-65.26455378919059
997.05,2200.9430196783533,-1203.8930196783533
1202.1,1026.9230459906612,175.17695400933871
3936.57,3016.2600336241885,920.3099663758117
1820.18,1372.2983808289014,447.8816191710987
1496.93,1158.0367935118093,338.8932064881908
9009.57,3859.316227353035,5150.2537726469645
997.6,1746.8941979076449,-749.2941979076448
5708.29,9529.605841851962,-3821.3158418519624
8447.92,6981.13970240641,1466.7802975935901
1139.98,990.5874978094482,149.3925021905518
2159.04,1718.2296830363453,440.8103169636547
4880.69,2111.174073056445,2769.5159269435544
4844.23,5325.8028583764735,-481.57285837647396
893.91,2654.2313731736863,-1760.3213731736864
3773.67,1549.3273967306343,2224.342603269366
6389.2,5833.581470915524,555.618529084476
509.97,1848.716851844103,-1338.746851844103
896.42,1371.312071663739,-474.8920716637391
831.9,1118.4713257360638,-286.57132573606384
677.21,1915.0500734513175,-1237.8400734513175
509.34,885.3612364396415,-376.02123643964154
629.95,970.6841091648424,-340.7341091648424
1424.13,1211.9183126952296,212.21168730477052
1462.44,2167.173101839778,-704.7331018397781
5192.88,4160.588537826082,1032.2914621739183
1578.18,2023.4657782574336,-445.28577825743355
1949.56,3217.8347227399236,-1268.2747227399236
721.95,1928.997068875283,-1207.047068875283
1072.31,1158.994079698431,-86.6840796984311
1806.0,2140.1299382537495,-334.1299382537495
1097.94,3264.50077779837,-2166.56077779837
2187.0,5047.253377915409,-2860.253377915409
1219.89,1845.587504455415,-625.6975044554149
2968.69,2501.6986592718004,466.9913407281997
1553.78,1486.8895511531916,66.89044884680834
717.2,3585.952689629583,-2868.752689629583
5443.89,3843.039017199223,1600.8509828007773
2151.69,1637.506358441475,514.1836415585251
3840.69,3669.384759029498,171.30524097050193
3926.72,2476.91926122643,1449.8007387735697
1319.71,2552.022801595414,-1232.312801595414
17216.61,7006.929111745574,10209.680888254426
1239.17,1970.1864770773964,-731.0164770773963
4912.92,2903.2547093269827,2009.6652906730174
3512.34,3002.1701861137776,510.1698138862225
3877.16,6465.221497961478,-2588.0614979614784
3630.77,3653.3979832985115,-22.62798329851148
4777.24,4400.041724456965,377.19827554303447
7246.44,2272.75519256431,4973.684807435689
3968.87,4964.687233648414,-995.817233648414
2150.53,6065.250638461509,-3914.7206384615088
3094.82,2351.102047689007,743.717952310993
4527.05,5247.956514643029,-720.9065146430285
5874.21,2529.9294207966873,3344.2805792033128
3547.4,2328.0654067857154,1219.3345932142847
3099.34,2733.822070741087,365.5179292589132
831.55,1298.0660480736371,-466.5160480736372
4150.65,2725.1735296500965,1425.4764703499031
2775.72,2057.1503072568858,718.569692743114
882.47,1104.412558344538,-221.94255834453793
2500.86,5727.9914367951915,-3227.1314367951913
3799.04,4975.4460215055715,-1176.4060215055715
1667.38,1842.3334484150869,-174.95344841508677
3740.27,4114.321831327568,-374.0518313275684
901.06,5595.638610619233,-4694.578610619234
1012.98,2382.0206683156875,-1369.0406683156875
1038.27,1049.8356751852493,-11.565675185249347
3424.22,2191.8656900854753,1232.3543099145245
6301.75,4310.546513231865,1991.203486768135
1494.14,1752.9370861367133,-258.79708613671323
1352.0,2495.3604088514953,-1143.3604088514953
11669.11,9622.252439047617,2046.8575609523832
1454.23,2763.2396939723117,-1309.0096939723117
903.55,1238.7784368065625,-335.2284368065625
769.64,1467.6763757287342,-698.0363757287342
1160.94,1620.2526845701964,-459.3126845701963
482.39,1394.7250887345845,-912.3350887345845
3407.55,5035.855754613013,-1628.305754613013
570.12,977.8784429030836,-407.7584429030836
1586.04,2480.449164321804,-894.4091643218039
2831.47,1683.6798187490965,1147.7901812509033
4192.21,4919.426364121685,-727.2163641216848
759.92,1549.2578342934492,-789.3378342934492
2206.27,1558.1498913657958,648.1201086342041
1832.51,3774.891458689611,-1942.3814586896112
3049.25,2890.859376993642,158.39062300635806
615.5,2811.426664258573,-2195.926664258573
2330.2,1377.4748579591924,952.7251420408074
4324.27,2505.8214743949457,1818.4485256050548
1106.85,2237.9136077023372,-1131.0636077023373
6809.3,5406.393482964989,1402.9065170350113
2067.88,3128.0004665737306,-1060.1204665737305
2563.4,3137.2138237355784,-573.8138237355784
926.72,1756.1391433105184,-829.4191433105184
1750.98,2490.2306926906986,-739.2506926906985
1325.15,2113.573731723742,-788.4237317237421
5215.34,4446.766678983546,768.5733210164544
997.45,1165.9213303147392,-168.47133031473913
1019.97,1442.894894360067,-422.9248943600669
1131.66,1776.5046598288377,-644.8446598288376
5387.13,6124.624325891563,-737.4943258915628
60.8,1136.8516960610511,-1076.0516960610512
10786.79,6315.989721955317,4470.800278044684
3530.97,3740.3192259519524,-209.34922595195258
2258.38,2613.7385839005287,-355.35858390052863
3071.1,6242.551092691111,-3171.451092691111
1446.61,1931.421372984673,-484.8113729846732
5195.19,1834.980699939985,3360.2093000600144
4054.25,2727.345049462191,1326.9049505378089
1225.16,2333.2874993722144,-1108.1274993722143
555.5,1106.5401571882978,-551.0401571882978
1366.87,1624.7272382593842,-257.8572382593843
1646.0,2063.951771104474,-417.9517711044741
682.15,1340.4266044529077,-658.2766044529077
635.89,1139.985283605209,-504.0952836052089
1577.35,1329.0752346668392,248.27476533316076
2024.03,3861.060964453076,-1837.030964453076
992.1,1530.3432952124065,-538.2432952124065
1235.09,2071.1101195268075,-836.0201195268075
873.01,1523.7168337687503,-650.7068337687504
3945.56,1651.2682654533571,2294.291734546643
549.93,1287.912480209733,-737.9824802097331
1239.98,2217.137403620439,-977.1574036204388
2079.74,1514.8096426422544,564.9303573577454
3077.4,2734.9083199556458,342.4916800443543
579.97,1787.5939214185285,-1207.6239214185284
1252.5,1737.5919906422373,-485.0919906422373
7541.77,2661.0600914861443,4880.709908513856
6934.83,4506.724180904584,2428.1058190954163
989.81,1266.2878741822285,-276.47787418222856
923.89,1533.861484793818,-609.9714847938179
562.7,1498.862985759787,-936.162985759787
2831.09,3200.999015339711,-369.909015339711
2430.1,3822.379238915081,-1392.279238915081
7559.95,7505.079301260894,54.87069873910605
4990.86,4890.450431488094,100.40956851190549
2115.86,1484.4756174951826,631.3843825048175
3590.32,3745.7816471484657,-155.46164714846554
719.3,1184.5252878045517,-465.2252878045517
2481.13,2671.3464414704335,-190.21644147043344
3448.33,2537.3524922399624,910.9775077600375
1574.34,2379.754033740697,-805.4140337406973
2296.09,3750.356934962075,-1454.2669349620746
1185.23,1094.405614791538,90.82438520846199
2871.81,1592.413481264999,1279.3965187350009
6352.24,3442.6039736839734,2909.6360263160263
9200.5,9134.497068838404,66.00293116159628
368.87,2604.972453120254,-2236.1024531202543
1745.71,2434.115871023257,-688.4058710232571
3293.4,2630.974505100697,662.425494899303
1596.43,1556.120426244221,40.309573755778956
1121.86,1226.877263447,-105.017263447
1022.27,3800.002231120138,-2777.732231120138
1505.87,1701.5131175825798,-195.64311758257986
1227.31,2182.1645167058055,-954.8545167058055
1327.5,2965.442792800401,-1637.942792800401
1417.88,1678.6619844274082,-260.78198442740813
954.73,2150.51377687194,-1195.78377687194
1470.91,1109.7591648243172,361.1508351756829
12620.13,5585.5317493362345,7034.598250663765
828.3,1518.764409270222,-690.464409270222
576.46,1752.5405242684003,-1176.0805242684003
588.34,1579.9623930816763,-991.6223930816763
1302.13,2078.06406927625,-775.9340692762498
1352.35,1616.0774342129992,-263.72743421299924
10076.2,9288.947051428573,787.2529485714276
1723.96,2003.8522144816438,-279.8922144816438
702.12,1059.130296043317,-357.010296043317
4267.2,4000.596945022436,266.6030549775637
1879.69,1724.037691505097,155.65230849490308
1607.19,2706.8658848620976,-1099.6758848620975
6615.28,6402.863452748677,212.4165472513223
1055.99,2474.6218404693773,-1418.6318404693773
2504.94,1464.915551328666,1040.024448671334
649.93,1164.0188922465627,-514.0888922465628
801.84,2067.2374883276534,-1265.3974883276533
1943.99,1530.2605138765946,413.7294861234054
1925.94,2120.198658168877,-194.258658168877
253.01,1259.024380628901,-1006.0143806289011
747.63,1423.1366492803343,-675.5066492803343
1352.59,1675.1828559721077,-322.5928559721078
1156.03,2082.2935088925788,-926.2635088925788
9726.36,6976.34001729548,2750.0199827045208
1819.54,1564.468267549035,255.07173245096487
866.46,1084.1277673434395,-217.66776734343944
1365.65,858.7629593572431,506.88704064275703
2392.12,1915.053825091377,477.066174908623
3731.03,2326.6638841206823,1404.366115879318
4686.88,5972.224383261691,-1285.3443832616913
947.54,1016.7746794949686,-69.23467949496865
970.33,1218.8011247172692,-248.47112471726916
1940.17,2568.439448255452,-628.2694482554521
2249.7,2860.1347100326325,-610.4347100326327
1813.36,1671.5900366686299,141.76996333137004
983.48,2424.2869914122934,-1440.8069914122934
2754.17,1678.2020055340292,1075.9679944659708
1898.49,2813.4321354182202,-914.9421354182202
1291.78,1385.0126075858113,-93.23260758581137
626.35,1698.3582577861441,-1072.008257786144
1517.58,1179.2875405962475,338.29245940375245
1227.26,1247.9764254565544,-20.71642545655436
3134.51,1104.4444765040525,2030.0655234959477
610.52,1590.7068292212593,-980.1868292212594
1250.28,1822.0493675845078,-571.7693675845078
1654.46,6269.098176099469,-4614.638176099469
2826.74,3405.071631389027,-578.3316313890273
681.72,1200.2717636652285,-518.5517636652285
1224.46,1573.1307787549981,-348.6707787549981
3429.46,3637.5424249109765,-208.08242491097644
1226.55,3533.1147033909033,-2306.5647033909036
1216.08,1984.0942853445356,-768.0142853445357
1135.93,1418.8947634458093,-282.96476344580924
1108.63,1318.7754582144744,-210.14545821447427
3545.96,1974.284502253536,1571.675497746464
1599.25,2029.4266266528032,-430.1766266528032
5202.86,5783.948183225184,-581.0881832251844
7534.91,2369.3762584655337,5165.533741534466
1118.12,1379.6516180412434,-261.5316180412435
902.6,3110.1922011897045,-2207.5922011897046
1790.94,2064.819190447877,-273.87919044787714
1255.46,1282.3593974313935,-26.89939743139348
2015.41,2837.9165732605297,-822.5065732605296
1984.55,2971.4999076378936,-986.9499076378936
1142.7,1955.0077913428804,-812.3077913428804
4192.53,5708.404529034288,-1515.8745290342886
779.31,836.8018344555795,-57.49183445557958
10161.07,8005.196733171708,2155.873266828292
939.19,1830.8544109527795,-891.6644109527795
1391.49,1305.4622917166882,86.02770828331177
780.43,1326.9594869725531,-546.5294869725532
631.75,2025.7319500523552,-1393.9819500523552
965.41,2391.813105759824,-1426.403105759824
1012.81,2065.4991967910855,-1052.6891967910856
1835.81,1789.4500426711916,46.35995732880838
744.83,1367.0535331765102,-622.2235331765102
908.27,1203.206696717686,-294.9366967176861
2367.01,5072.902698802675,-2705.892698802675
3304.41,4345.905711638709,-1041.4957116387095
1146.48,1980.773634304071,-834.293634304071
1467.38,1540.0066804672635,-72.62668046726344
8263.74,6031.102640602229,2232.6373593977705
1780.37,2682.5449044841253,-902.1749044841254
2283.3,2128.35478826865,154.94521173135035
1423.17,2063.72272614613,-640.5527261461298
1131.0,2330.1523567627505,-1199.1523567627505
1635.22,1114.682143083216,520.537856916784
1293.05,2145.0464463324006,-851.9964463324006
2561.1,2131.2233406866158,429.87665931338415
2376.16,2249.466053479414,126.693946520586
1306.35,1525.137412399635,-218.78741239963506
16223.55,5418.051776376823,10805.498223623177
3249.73,3461.281682473743,-211.55168247374286
761.45,1763.3015395435477,-1001.8515395435477
7878.64,5048.478820961043,2830.161179038957
1362.55,2698.405298280493,-1335.855298280493
1725.15,1701.0345922514443,24.115407748555754
3181.63,2265.0817166795464,916.5482833204537
2079.84,1229.1712159105796,850.6687840894206
5885.77,2881.14313110646,3004.6268688935406
888.83,1396.2093343167905,-507.3793343167905
2369.07,3455.7019184066758,-1086.6319184066756
10338.98,8089.229346702007,2249.7506532979924
1779.42,2169.8954227858585,-390.4754227858584
2695.6,6920.528505459851,-4224.928505459851
650.01,1619.5821837236267,-969.5721837236267
1432.59,2743.2741386507946,-1310.6841386507947
1639.35,2200.42735484523,-561.0773548452303
3908.43,3079.5417582332007,828.8882417667992
2766.77,6941.74668815056,-4174.97668815056
1010.96,1229.599497711297,-218.63949771129705
2638.74,5397.916802915445,-2759.1768029154455
3126.23,2613.8893645348267,512.3406354651734
2815.32,4964.734993883181,-2149.414993883181
518.56,1186.2187073801897,-667.6587073801898
2547.1,2093.668665724144,453.431334275856
2148.47,1870.1068178608866,278.3631821391132
1113.56,1164.7074392321929,-51.14743923219294
1341.59,2036.3758095601565,-694.7858095601566
1239.7,1733.1936523906222,-493.4936523906222
943.38,1317.2975886781787,-373.91758867817873
7639.62,4338.086528651824,3301.533471348176
2100.38,3696.5387279359447,-1596.1587279359446
997.09,2448.1423611619234,-1451.0523611619233
3014.01,3194.3998418506467,-180.38984185064646
2582.04,1347.712252013968,1234.327747986032
950.75,1845.0932494159251,-894.3432494159251
899.62,2642.4788678202244,-1742.8588678202245
1206.31,1174.574412794404,31.735587205595948
3812.72,4569.797752547263,-757.0777525472636
468.66,2062.100846998238,-1593.440846998238
965.34,2171.4459461966567,-1206.1059461966565
283.66,1774.5882959766175,-1490.9282959766174
1071.64,1148.3849434369672,-76.7449434369671
712.97,1724.0497103531493,-1011.0797103531493
2369.51,2144.57708838426,224.93291161574007
7402.8,2845.440156357219,4557.359843642781
1886.94,3365.9252084363693,-1478.9852084363692
11892.22,7029.467112750389,4862.7528872496105
4510.86,1756.6892843961562,2754.1707156038437
1130.3,1580.8249254080893,-450.5249254080893
2541.57,1965.5437341832296,576.0262658167705
6293.32,8168.921044075298,-1875.601044075298
2060.23,2551.89461377651,-491.6646137765101
1783.08,3202.016940446585,-1418.9369404465851
17519.14,9448.13818014205,8071.001819857949
2741.47,1920.2438799975616,821.2261200024382
2788.99,1927.0268373389556,861.9631626610442
4228.68,3682.5667268370953,546.113273162905
11850.88,4404.914927690114,7445.965072309885
718.69,1362.3535309562578,-643.6635309562578
902.34,1255.3208212324048,-352.98082123240476
2593.71,2122.0241862597777,471.68581374022233
656.81,1408.350510739228,-751.540510739228
9327.73,8128.5706436238615,1199.159356376138
872.8,1641.3042770792902,-768.5042770792902
1451.25,2065.8926975891486,-614.6426975891486
766.19,2028.2291678545819,-1262.0391678545818
600.25,1085.0854069438763,-484.83540694387625
4762.7,4820.123193578153,-57.42319357815359
1977.84,1973.6030968468413,4.236903153158664
2750.53,2287.2611758197354,463.2688241802648
2147.27,1431.6959204583382,715.5740795416618
1342.84,1958.2392944600454,-615.3992944600454
1829.67,2563.7680533498087,-734.0980533498087
1961.55,1343.1691406990235,618.3808593009765
1075.77,3445.5040908034066,-2369.7340908034066
1797.74,2388.8769208627177,-591.1369208627177
3535.7,3720.6257033220727,-184.92570332207288
1274.38,2230.7995814909523,-956.4195814909522
920.21,1118.1274294028533,-197.91742940285326
2559.2,3768.4981636808375,-1209.2981636808377
869.95,4629.1832646810235,-3759.2332646810237
748.39,1531.2303969944578,-782.8403969944578
982.79,1811.8103308491438,-829.0203308491439
365.2,1612.5422602627739,-1247.3422602627738
5777.7,3990.7790306095453,1786.9209693904545
3127.27,1761.8244053411743,1365.4455946588257
6533.91,2266.088093336067,4267.821906663933
7212.43,4161.7156920241205,3050.71430797588
1507.72,1520.7148970813762,-12.994897081376166
10192.0,21373.510027619042,-11181.510027619042
4993.8,4511.577245119048,482.2227548809524
1286.9,1815.568053285262,-528.668053285262
3559.02,3077.7114886548743,481.3085113451257
1380.47,2081.5267047645148,-701.0567047645147
2680.56,2699.0098617214157,-18.4498617214158
882.67,2187.4058773875895,-1304.7358773875894
835.47,1183.2312420336948,-347.76124203369477
2175.89,2055.643996445189,120.24600355481107
966.75,1804.3288603255523,-837.5788603255523
1353.3,1990.421102009933,-637.1211020099331
6929.75,4222.787717868113,2706.962282131887
3066.42,4681.5484287171475,-1615.1284287171475
2858.37,4010.03453913743,-1151.66453913743
1442.14,3418.953387863882,-1976.813387863882
1988.75,2220.840849109601,-232.0908491096011
1236.3,2745.392445289186,-1509.0924452891861
554.78,1335.7367042414305,-780.9567042414305
1712.12,1382.4491432505188,329.6708567494811
11759.6,11352.384302976192,407.2156970238084
3248.11,3842.055586342789,-593.9455863427888
1806.6,1328.9540430569382,477.6459569430617
2830.28,3903.2438724359076,-1072.9638724359074
2863.08,1648.8820096974016,1214.1979903025983
9561.2,5415.964805120941,4145.23519487906
3144.35,1825.1358434199929,1319.214156580007
5059.29,2560.6468568184423,2498.6431431815577
4460.07,4695.504891175605,-235.43489117560512
5154.05,2936.435025975854,2217.6149740241462
2431.57,3890.315921602405,-1458.745921602405
3179.23,4020.518536013589,-841.2885360135888
937.59,971.2373254939821,-33.647325493982066
1775.77,3303.308426904761,-1527.5384269047609
5158.33,4401.24061208546,757.0893879145397
1458.51,1921.0166475554843,-462.5066475554843
12227.37,6267.0222748649985,5960.347725135002
1378.3,1270.4052425265256,107.89475747347433
1241.57,1637.013000826481,-395.443000826481
4241.84,1191.6016941127107,3050.2383058872892
21468.43,9453.081783630285,12015.348216369715
6868.93,10104.522313968635,-3235.5923139686347
10682.34,4767.783216814372,5914.556783185628
794.0,10710.658533611111,-9916.658533611111
3756.17,2165.597574360224,1590.5724256397762
7786.93,5712.806367074299,2074.1236329257017
415.51,1374.9578124754598,-959.4478124754598
16784.14,14749.04469174603,2035.095308253969
987.62,1306.4008085268863,-318.7808085268863
1804.4,2665.8506519862194,-861.4506519862193
1450.76,2269.3768636522277,-818.6168636522277
829.86,1655.084557019617,-825.224557019617
2811.01,7198.079972988268,-4387.069972988268
6104.8,7338.480853793706,-1233.6808537937059
15004.87,7127.379586662401,7877.490413337599
8485.63,5907.564314683308,2578.065685316691
4570.91,4769.87364165494,-198.96364165494015
1039.75,1882.9473830549803,-843.1973830549803
4600.91,3063.9426755738714,1536.9673244261285
212.46,3823.8327886218844,-3611.3727886218844
1231.08,3169.9326274520527,-1938.8526274520527
2037.82,2279.4930372729436,-241.6730372729437
2028.31,1794.0337448674838,234.2762551325161
2203.72,1050.3594884870517,1153.360511512948
866.57,1495.675282581433,-629.105282581433
1589.33,1154.4020631372252,434.9279368627747
3667.95,3456.486627328808,211.4633726711918
2526.61,2930.042466463317,-403.4324664633168
3031.46,3150.9859952682586,-119.52599526825861
3143.75,1758.869251659303,1384.880748340697
8743.62,15030.820365873018,-6287.200365873017
6820.61,4325.4944855001195,2495.11551449988
3668.86,2181.6677313082632,1487.192268691737
744.62,1572.1267594140847,-827.5067594140847
767.09,1706.0637401559597,-938.9737401559597
1451.05,1700.1947391955398,-249.14473919553984
2026.02,963.9978848286753,1062.0221151713247
1848.2,1316.9695150793912,531.2304849206089
4148.61,6166.329650534844,-2017.7196505348447
1087.54,2607.5803636594774,-1520.0403636594774
3321.69,4354.32219920595,-1032.6321992059497
1201.32,2253.140566112044,-1051.820566112044
2329.36,2963.3891132793883,-634.0291132793882
1636.57,2174.663398539356,-538.093398539356
6261.72,3905.378582973137,2356.3414170268634
2352.75,2548.1708707092944,-195.42087070929438
3369.7,2336.409624202508,1033.2903757974918
1086.04,1791.1003883901008,-705.0603883901008
2340.65,3477.71301663272,-1137.06301663272
1018.37,2135.391166626215,-1117.0211666262153
3591.98,1758.3667105110922,1833.6132894889079
8677.65,8556.270459912801,121.37954008719862
2483.04,3290.001445358634,-806.9614453586341
950.03,2489.3273008943543,-1539.2973008943543
1587.06,1928.3250376588703,-341.26503765887037
2080.58,2114.8398475711265,-34.259847571126556
4276.69,2991.480742421511,1285.2092575784886
995.13,892.4281913024647,102.70180869753528
3298.92,3120.9492195136345,177.97078048636558
11755.54,6992.148064277115,4763.391935722886
9853.42,6715.0220827318935,3138.3979172681065
2955.46,2166.0161853492637,789.4438146507364
2414.98,2176.933078022405,238.04692197759505
621.34,1213.276845198894,-591.936845198894
2750.69,4450.458385653015,-1699.7683856530152
1129.95,1833.341848852871,-703.3918488528709
1186.39,1583.9689686484833,-397.57896864848317
1639.64,2202.582314066053,-562.9423140660531
7650.06,7163.3239715873,486.73602841270076
4040.24,3851.8934545904576,188.34654540954216
3120.59,2172.6109917521153,947.9790082478848
1896.38,1615.646331320567,280.7336686794331
1505.39,2135.6452324748475,-630.2552324748474
927.59,1609.027643589206,-681.437643589206
1639.96,2908.0260363535826,-1268.0660363535826
2049.44,2974.8520688926587,-925.4120688926587
4217.24,2436.461404670013,1780.7785953299867
6489.88,5529.298987603147,960.5810123968531
5240.33,4660.019675254347,580.3103247456529
3436.13,3684.0620824039243,-247.93208240392414
678.29,2493.974115839545,-1815.684115839545
1543.2,2384.398657537474,-841.1986575374738
5647.82,4531.470961170268,1116.3490388297314
1483.08,2104.823090480296,-621.7430904802959
3428.21,3481.4899685214627,-53.279968521462706
1015.16,3632.6856242903,-2617.5256242903
925.56,1455.382864502769,-529.8228645027691
8686.41,7316.331319340327,1370.0786806596725
5394.09,4400.512851636365,993.5771483636354
10570.38,7239.106721580977,3331.273278419022
6086.21,3139.140953377702,2947.069046622298
1236.23,1310.4443950080934,-74.21439500809333
952.52,3862.7021703275905,-2910.1821703275905
644.6,2185.3681228013447,-1540.7681228013448
1736.68,1466.7538093790392,269.9261906209608
2163.13,1660.777102980033,502.35289701996703
744.56,2546.260916106859,-1801.700916106859
708.74,1334.3290733063457,-625.5890733063457
9564.6,8870.414826161701,694.1851738382993
2008.18,2909.6232354277918,-901.4432354277917
2150.35,2420.3051618596683,-269.95516185966835
7386.44,7912.642249290503,-526.2022492905035
816.56,1322.8935605942706,-506.3335605942707
5246.67,4253.108521782931,993.5614782170687
2090.07,1733.7199091901202,356.35009080987993
2462.76,1745.29815885949,717.4618411405102
2931.11,5161.158958431795,-2230.048958431795
5906.43,3515.6805746110967,2390.7494253889035
2124.53,1941.845219432195,182.6847805678051
2879.51,2520.728359780664,358.78164021933617
1817.53,1785.0301778426788,32.499822157321205
1361.25,1446.2324020258343,-84.98240202583429
6674.52,3644.1646658682935,3030.355334131707
2825.41,2916.8998836498145,-91.4898836498146
3405.85,2443.4240962726985,962.4259037273014
2416.86,1757.6338599178976,659.2261400821026
3695.2,3353.96876651257,341.23123348743
1253.88,2299.832197553255,-1045.9521975532548
2724.76,1907.960979415164,816.7990205848362
3596.38,2008.3641344083142,1588.015865591686
801.42,1377.5446957073073,-576.1246957073073
766.59,1268.710296709635,-502.120296709635
1031.62,1852.2508434711608,-820.6308434711609
1413.43,1759.8727568635431,-346.4427568635431
4789.44,2645.8296677638264,2143.6103322361732
728.79,1490.464091513372,-761.6740915133721
2151.82,3460.1585779406823,-1308.3385779406822
2502.29,2456.9433864292705,45.34661357072946
1205.35,2251.5785747877335,-1046.2285747877336
607.96,981.8808635677777,-373.9208635677777
4050.24,2830.0450050934705,1220.1949949065292
4520.87,2177.181223232901,2343.6887767670987
2908.89,1484.9256903564842,1423.9643096435157
2925.15,3147.1578152528436,-222.00781525284356
4570.03,2899.3932980932404,1670.6367019067593
798.72,1725.7071886488689,-926.9871886488688
1894.02,3334.8288895444844,-1440.8088895444844
1871.06,2556.4507495034245,-685.3907495034246
1266.78,2751.0490784994554,-1484.2690784994554
1855.22,2230.451328814617,-375.2313288146172
12110.8,13242.52277361047,-1131.7227736104705
2219.14,3500.0335951684438,-1280.8935951684439
2655.35,5815.346086360628,-3159.996086360628
1299.83,2301.303561886212,-1001.4735618862119
812.98,2070.6180866084133,-1257.6380866084132
518.72,1432.8283017985166,-914.1083017985165
533.78,2486.487603977345,-1952.707603977345
1907.9,1866.7431409599878,41.15685904001225
795.93,1414.3965363368088,-618.4665363368089
7211.89,4135.314481846393,3076.575518153607
1279.55,2188.404983136487,-908.8549831364869
837.85,1515.6551004596624,-677.8051004596624
4791.76,2629.5726024488836,2162.1873975511166
3274.5,2512.427581263769,762.0724187362312
2552.89,3708.9760043513156,-1156.0860043513158
1769.37,2093.619172070707,-324.2491720707071
3337.76,4397.727725638501,-1059.9677256385012
1058.7,1098.379218861686,-39.67921886168597
6440.81,5975.620776578675,465.18922342132555
2530.95,3879.9684048671916,-1349.0184048671917
7249.49,6527.36429896251,722.1257010374902
834.39,1673.1516200210033,-838.7616200210033
2066.96,3914.456422097162,-1847.496422097162
1504.09,1320.3011162062623,183.78888379373757
4604.45,6250.904416014819,-1646.454416014819
1988.2,1483.83082077514,504.3691792248601
569.95,1884.750825781529,-1314.800825781529
757.92,1856.9991736033771,-1099.079173603377
8982.54,6940.992011399329,2041.5479886006715
2748.18,4441.262913333334,-1693.082913333334
9055.05,10668.505402619043,-1613.4554026190435
1584.15,1626.3075173932552,-42.15751739325515
2944.16,1592.6341120745017,1351.5258879254982
5794.93,6619.70593869289,-824.7759386928901
5694.86,3760.972552704783,1933.8874472952166
3383.37,8513.6010037236,-5130.231003723599
1455.7,2784.623705699954,-1328.9237056999539
4442.84,4915.861869367463,-473.0218693674633
6893.51,4102.443785006106,2791.0662149938944
1298.01,2305.0327047608776,-1007.0227047608776
579.48,1115.3509530195468,-535.8709530195467
3254.75,3242.722070142053,12.027929857947129
3002.83,2909.9321624502813,92.89783754971859
1990.91,2178.6407320692715,-187.73073206927143
6268.55,4817.355028468364,1451.194971531636
4874.66,2249.919538340397,2624.7404616596027
1869.95,2080.4223932571763,-210.47239325717624
1182.77,2784.1460519046236,-1601.3760519046236
3001.42,4360.163340527548,-1358.7433405275478
1205.41,1740.6830877375824,-535.2730877375823
7822.47,7376.14452047619,446.3254795238099
589.36,4152.5256288319915,-3563.1656288319914
5554.86,4683.300661172466,871.5593388275338
693.3,1528.1789498822172,-834.8789498822173
3182.37,3433.1853669771253,-250.81536697712545
2134.26,1850.156925901668,284.1030740983322
1818.17,2544.8557825013654,-726.6857825013653
6170.42,1562.5767456054018,4607.843254394598
2445.43,1247.003154446832,1198.4268455531678
1525.03,1739.1409109128383,-214.11091091283834
1604.59,1929.4036895640843,-324.81368956408437
7891.27,4765.618360023103,3125.651639976897
6727.05,2828.995034550115,3898.054965449885
3961.31,1466.5625964338042,2494.7474035661958
5501.88,3965.5007671428575,1536.3792328571426
2390.47,2989.9467173681296,-599.4767173681298
728.49,1277.8900622664225,-549.4000622664225
1609.34,2507.7631184622096,-898.4231184622097
2468.87,2942.104506866984,-473.23450686698425
1071.9,2743.054232489041,-1671.154232489041
1509.51,3564.8845947385107,-2055.3745947385105
4131.49,2091.218214685343,2040.2717853146569
4208.58,3668.414140916949,540.1658590830511
3001.36,3602.7342178184517,-601.3742178184516
1331.52,1171.7964605740217,159.7235394259783
2895.42,2823.6269812765922,71.79301872340784
968.63,1333.088286668612,-364.458286668612
716.26,1604.5162283647242,-888.2562283647242
5587.26,2412.9901063015122,3174.269893698488
1512.25,1770.2821839811231,-258.0321839811231
1562.48,2053.0120516743896,-490.53205167438955
9965.2,8705.385696603698,1259.8143033963024
1918.81,2055.5423079413517,-136.7323079413518
2300.28,2561.6553338388226,-261.37533383882237
4118.29,2379.338670147681,1738.9513298523188
2668.42,3129.5985118055432,-461.17851180554317
6629.0,5807.016491933604,821.9835080663961
1043.78,1584.11492217879,-540.3349221787901
2011.24,1549.8174210791406,461.42257892085945
5547.29,11339.292438096132,-5792.002438096132
2458.74,2295.760964106034,162.97903589396583
3140.33,2313.6783947338395,826.6516052661605
16759.47,13113.787915238088,3645.682084761913
1826.7,2123.0638213775856,-296.3638213775855
1641.69,1628.6044319786888,13.085568021311246
2587.25,1417.6962239405445,1169.5537760594555
3589.36,3161.898857759447,427.4611422405533
1067.12,1105.0962968127992,-37.97629681279932
3486.32,3055.8858434419567,430.43415655804347
1498.81,913.5270963426316,585.2829036573684
1808.15,1381.8628671450454,426.28713285495473
6322.07,2325.2842376222393,3996.7857623777604
775.88,1541.2361291785066,-765.3561291785066
3632.81,4217.231923891279,-584.4219238912788
1572.16,2752.370959689053,-1180.210959689053
717.2,1557.1741265392404,-839.9741265392404
630.39,1968.0197892414853,-1337.6297892414855
4508.11,1981.1113260162083,2526.9986739837914
1233.87,2683.867431889912,-1449.9974318899121
1500.54,1568.1216064359623,-67.58160643596239
5838.86,6111.828220907627,-272.96822090762726
1585.94,3952.830142360608,-2366.890142360608
7229.57,5828.402699982498,1401.1673000175015
1520.48,3243.327725303896,-1722.847725303896
1393.35,1998.939184732604,-605.589184732604
3141.48,5772.28708978763,-2630.80708978763
3321.42,4294.1315259976345,-972.7115259976345
6348.02,4856.723613954113,1491.2963860458876
4741.25,6035.868150670999,-1294.618150670999
1497.14,2509.9336056901425,-1012.7936056901424
1532.39,1632.618912628416,-100.22891262841586
2755.95,2623.179290482521,132.77070951747874
654.82,1159.7103141974947,-504.8903141974946
3999.3,5103.591390889248,-1104.2913908892479
2218.6,2890.328644359199,-671.7286443591993
3758.69,3924.4327179007373,-165.74271790073726
1375.34,2663.126142279501,-1287.786142279501
9523.22,8590.351661368288,932.8683386317116
601.91,1368.834968740333,-766.9249687403329
7095.41,5253.332835017142,1842.0771649828575
4542.84,3241.356522069336,1301.4834779306643
889.98,2358.246621457704,-1468.2666214577039
709.73,3043.7276559043285,-2333.9976559043284
2035.96,1449.911553344478,586.048446655522
3138.2,2405.3447734031306,732.8552265968692
1782.56,2263.863610874419,-481.30361087441906
656.97,2254.64948533945,-1597.6794853394501
4270.4,3394.907384772991,875.4926152270086
6649.57,3716.309420780993,2933.2605792190066
675.57,1032.749619054714,-357.17961905471395
8588.82,6245.862277238659,2342.957722761341
6050.31,6036.7697498351745,13.54025016482592
1478.99,2062.641355909015,-583.6513559090151
6262.15,5688.822174139563,573.3278258604369
2232.11,1697.6226976508956,534.4873023491045
985.47,1559.5533273503088,-574.0833273503088
4153.89,2595.1108556066147,1558.7791443933856
10801.72,4759.555247194286,6042.164752805714
1264.44,1282.825430924558,-18.385430924558023
9015.27,5979.189459249195,3036.080540750805
6311.63,5736.87832564125,574.7516743587503
1038.19,1741.1223626671317,-702.9323626671317
780.85,2061.4236806726335,-1280.5736806726336
2098.4,2847.0016020805842,-748.6016020805841
3305.5,4523.138604769638,-1217.6386047696378
2841.0,2587.604279275653,253.39572072434703
752.12,1709.908580782347,-957.7885807823469
1997.18,1607.6122501999596,389.5677498000405
1112.78,3368.4182555683865,-2255.6382555683867
233.33,2785.1740351235226,-2551.8440351235226
1068.48,1568.2413686283646,-499.7613686283646
4754.8,3801.6786332046922,953.121366795308
903.33,1279.7210796911206,-376.3910796911206
668.96,985.5856374850647,-316.62563748506466
3170.44,3444.6160217635606,-274.1760217635606
2161.37,1665.2658886300053,496.1041113699946
9819.92,5955.10643534679,3864.81356465321
784.34,834.1168883583163,-49.77688835831623
3274.01,3060.377432701619,213.63256729838122
4384.35,6050.8381292948725,-1666.4881292948721
2005.35,1805.319424205242,200.03057579475785
1092.06,2539.2567370858073,-1447.1967370858074
690.73,2446.2762396850444,-1755.5462396850444
6999.9,9584.332041984126,-2584.432041984126
4146.32,1882.822377574631,2263.4976224253687
1232.13,2643.863858994504,-1411.7338589945039
2717.3,3165.589920720157,-448.2899207201567
2907.97,1740.49184039,1167.4781596099997
2058.09,2467.0830847272446,-408.9930847272444
2081.73,1780.160115302168,301.5698846978321
2418.88,3185.981747468173,-767.101747468173
399.93,2312.652096503025,-1912.7220965030249
3755.86,4767.781694416254,-1011.921694416254
4456.38,3755.8378687326262,700.5421312673739
2998.13,2204.3082700543155,793.8217299456846
1522.73,2562.197778445119,-1039.4677784451192
3107.71,3940.222123578495,-832.512123578495
551.28,1264.568802768489,-713.288802768489
732.66,1351.6145393469249,-618.9545393469249
1452.07,1887.953546286458,-435.8835462864581
4965.05,2108.968049734622,2856.081950265378
3131.19,2447.443232397522,683.746767602478
2756.5,2477.083027663151,279.4169723368491
2030.17,3531.245209284229,-1501.075209284229
2635.79,2774.0387198266694,-138.24871982666946
4276.33,3086.4196661904753,1189.9103338095247
1509.78,3096.5421230672746,-1586.7621230672746
4477.63,3271.946396552131,1205.6836034478692
6345.89,3662.9198372135183,2682.970162786482
2929.35,3127.4075271031734,-198.05752710317347
2605.14,2466.760137558245,138.379862441755
3015.55,3170.2494850793632,-154.69948507936306
841.2,2928.0337827858834,-2086.833782785883
6463.33,9054.417181017461,-2591.0871810174613
580.0,6128.51562535414,-5548.51562535414
1080.6,1276.5349666421912,-195.93496664219128
4543.94,3608.784443354008,935.1555566459915
6254.35,4545.890165978229,1708.4598340217717
860.91,1554.545695804515,-693.635695804515
2540.11,3380.2136018540687,-840.1036018540685
1409.18,1621.0617655372575,-211.88176553725748
1544.58,2451.330282962548,-906.7502829625482
1611.09,4209.097423720426,-2598.0074237204262
3310.62,1838.574834717364,1472.045165282636
1943.81,3522.461628574238,-1578.6516285742382
801.2,1718.6933971096703,-917.4933971096702
2089.34,1711.3534535732351,377.986546426765
3914.19,2103.1027709978616,1811.0872290021384
1589.56,1304.2720456915076,285.2879543084923
2168.42,1348.8362408584478,819.5837591415523
1292.2,1574.6073164609347,-282.4073164609347
2477.15,3098.381534265863,-621.231534265863
7731.65,5906.825665045817,1824.8243349541826
3482.48,2005.5567646684315,1476.9232353315685
2975.6,3256.240003659759,-280.64000365975926
447.82,1448.5383413829738,-1000.7183413829739
1692.82,1424.5716407352118,268.2483592647882
2608.51,2373.031833948907,235.478166051093
1452.85,5026.698533658884,-3573.848533658884
1399.76,2440.3046926329885,-1040.5446926329885
2422.52,1770.0052962418056,652.5147037581944
292.99,865.9484607842376,-572.9584607842376
799.91,2223.0264231248752,-1423.1164231248754
2217.51,2484.194309975647,-266.68430997564656
4491.79,4068.1734995833526,423.61650041664734
1000.48,1585.644063017617,-585.1640630176171
749.79,1812.7323938965396,-1062.9423938965397
3264.65,2029.4755140374969,1235.1744859625032
4217.46,3385.7235665526946,831.7364334473054
999.11,1480.912738578051,-481.80273857805093
957.16,1842.96163492822,-885.8016349282201
1199.06,2389.553788677372,-1190.4937886773719
7758.4,8787.020246984132,-1028.6202469841319
11967.36,5165.761839527982,6801.598160472018
2599.02,1493.7835831453747,1105.2364168546253
4638.59,3410.0222061281197,1228.5677938718804
2472.74,2038.461664160071,434.2783358399288
1487.93,2581.6824233706598,-1093.7524233706597
6397.73,3882.463222301884,2515.2667776981157
2277.44,5328.847027948409,-3051.407027948409
1823.49,2907.847634454777,-1084.357634454777
2710.85,1697.5513605292813,1013.2986394707186
2531.19,1850.2832223740888,680.9067776259112
6297.88,7036.407866592483,-738.5278665924825
16352.5,11070.475396904762,5282.0246030952385
2696.71,1799.0822807897616,897.6277192102384
1508.16,3490.5298644752306,-1982.3698644752305
751.65,1705.3946562007422,-953.7446562007423
12110.34,9138.58192866395,2971.7580713360494
816.48,910.1696826403142,-93.68968264031423
1175.61,3970.937432755565,-2795.3274327555655
2255.17,1873.1288712092698,382.0411287907302
14618.33,8522.974397200685,6095.3556027993145
2284.87,3010.522949389268,-725.6529493892681
707.45,1471.6772554677943,-764.2272554677943
1472.77,1686.1000375401384,-213.3300375401384
2270.94,2848.259055483356,-577.3190554833559
5807.81,2582.1680747663286,3225.641925233672
5076.61,5874.11877959444,-797.50877959444
2380.84,2046.5072353298874,334.33276467011274
1603.23,2451.7045569309494,-848.4745569309493
5187.87,4365.2337267955245,822.6362732044754
1824.39,1710.7789424916662,113.61105750833394
1224.76,1871.2014355206002,-646.4414355206002
2556.96,3403.7047047938895,-846.7447047938895
1578.16,3348.2880892293465,-1770.1280892293464
2760.87,3079.5006192901583,-318.6306192901584
4240.81,3921.196671059466,319.6133289405343
10946.24,2086.452936350299,8859.787063649701
2063.48,1670.4768298426402,393.0031701573598
1443.26,3011.531989995106,-1568.271989995106
506.62,1626.9982767295573,-1120.3782767295575
4823.55,3609.5582905437186,1213.9917094562816
5271.33,3366.4073004857405,1904.9226995142594
2827.72,4320.73154064642,-1493.0115406464206
4825.14,1559.7931678262494,3265.346832173751
5160.43,4938.508537923462,221.92146207653786
5458.22,6979.900625429148,-1521.6806254291478
2692.31,3252.66230592616,-560.3523059261602
4842.2,4059.0266987570644,783.1733012429354
888.6,1195.68535775362,-307.0853577536201
1075.46,1909.6795950905548,-834.2195950905548
1160.7,2991.4471604519745,-1830.7471604519744
1439.54,5828.69749364979,-4389.15749364979
596.44,1402.68456189031,-806.24456189031
4098.73,4800.862310652723,-702.1323106527234
5146.56,5665.906248890943,-519.3462488909427
3616.59,3272.905314948368,343.6846850516322
2694.18,2229.124506444322,465.0554935556779
1148.74,1440.5352905333298,-291.79529053332976
4190.79,2092.8963328399054,2097.8936671600945
4130.97,2137.078013171666,1993.8919868283342
1665.1,2036.7545555294523,-371.6545555294524
5473.76,6766.900019537973,-1293.1400195379729
2977.43,3226.0633727380955,-248.63337273809566
7033.83,4108.465316878257,2925.364683121743
3377.53,1604.180819271119,1773.3491807288813
2502.87,2898.3552664708595,-395.48526647085964
2908.46,9298.95161888122,-6390.491618881219
3581.49,2669.07897868735,912.4110213126496
1977.72,1566.7102661681063,411.00973383189375
6731.63,7511.482803009567,-779.8528030095667
1907.15,4286.015082501144,-2378.865082501144
662.19,1354.7044726489685,-692.5144726489684
4551.12,11887.815931808722,-7336.695931808722
4655.7,1744.387367366228,2911.3126326337715
1930.58,2099.817396819006,-169.23739681900588
6024.25,6225.465371985769,-201.2153719857688
3280.76,2533.005775081736,747.7542249182643
3895.79,2910.673285314782,985.1167146852181
2308.86,3149.9255483679076,-841.0655483679075
833.47,1295.7691991991016,-462.2991991991016
1555.25,1901.8934521844683,-346.6434521844683
660.02,1009.3044985465094,-349.28449854650944
1424.54,1996.4215489907906,-571.8815489907906
1550.07,2532.0155730540487,-981.9455730540487
5543.08,2986.5801307020506,2556.4998692979493
1586.36,1277.7667470955273,308.5932529044726
2333.99,1997.5364276564342,336.4535723435656
2445.21,4760.606143196944,-2315.3961431969437
826.99,1502.9338660220913,-675.9438660220912
14395.73,10568.517942896826,3827.2120571031737
2726.8,1461.7854922954848,1265.0145077045154
9190.75,6813.298406381518,2377.4515936184816
1460.7,2039.2049203332167,-578.5049203332167
3594.16,1939.4215074750316,1654.7384925249683
9380.26,7828.315028348764,1551.9449716512363
2324.04,2765.4917976492493,-441.45179764924933
2086.56,3414.620502624742,-1328.0605026247422
5948.65,6465.31628935515,-516.6662893551502
1130.56,1242.7755665794834,-112.2155665794835
2932.34,2238.049778742952,694.290221257048
3901.74,2401.159073640493,1500.580926359507
3237.86,5271.043388878374,-2033.1833888783735
5418.97,4967.765178116186,451.2048218838145
4863.98,3293.3876239633078,1570.5923760366918
492.94,1293.8068831748524,-800.8668831748523
3017.91,2356.841939944543,661.068060055457
1167.98,1693.1577425527244,-525.1777425527243
1730.99,1713.7120433498767,17.277956650123315
9203.54,6067.925512071347,3135.614487928654
4362.31,1397.3130717149613,2964.996928285039
5039.77,3466.834760161957,1572.9352398380433
1450.66,1981.305676380528,-530.6456763805279
2924.95,3015.1318556227266,-90.18185562272674
1474.06,1761.155757332776,-287.095757332776
2443.1,1949.1337956179307,493.96620438206924
1369.3,1542.3583014850706,-173.05830148507061
792.98,1512.201715397183,-719.2217153971831
3744.45,5471.4227136471845,-1726.9727136471847
9385.31,7137.073694304269,2248.23630569573
847.84,1980.7244342168563,-1132.8844342168563
2802.6,3484.9618920541025,-682.3618920541026
6011.02,8851.95319040186,-2840.93319040186
623.86,1372.0536896383408,-748.1936896383407
2098.65,2042.0800196608916,56.5699803391085
3335.67,3434.853483974841,-99.18348397484078
2656.89,2191.1295879864338,465.7604120135661
4774.86,7319.099523589108,-2544.239523589108
3490.99,2532.2175769950445,958.7724230049553
687.0,1944.4056393066871,-1257.4056393066871
1610.3,1896.3746940058431,-286.0746940058432
611.83,1279.8100286681415,-667.9800286681415
2369.17,3276.023484919509,-906.8534849195089
647.47,1125.423617831655,-477.95361783165504
756.09,1552.0472749418507,-795.9572749418506
1122.02,2020.2485564990163,-898.2285564990163
1950.88,1709.2270329461257,241.65296705387436
1012.05,1630.2053627984826,-618.1553627984827
3623.71,3971.7789216679007,-348.06892166790067
1057.56,2064.883724126985,-1007.3237241269849
445.08,2500.6382592171185,-2055.5582592171186
14421.77,2918.406205823246,11503.363794176754
2486.26,4529.783532322417,-2043.523532322417
1842.62,3112.0847609138473,-1269.4647609138474
4698.64,4001.5940990429626,697.0459009570377
3648.84,1784.9170751177141,1863.922924882286
941.33,1210.6983439360117,-269.3683439360117
2591.36,4585.671705566678,-1994.3117055666776
7794.91,5618.024070477465,2176.8859295225348
1139.53,1356.1525053427758,-216.62250534277587
10476.73,6702.193021333869,3774.5369786661304
6661.02,2371.8989001472564,4289.121099852744
1075.81,1312.6734353325064,-236.86343533250647
6752.51,10658.996087898415,-3906.4860878984146
3475.82,2405.8530919105306,1069.9669080894696
1979.9,1340.444147258327,639.4558527416732
4267.45,1754.2972530964735,2513.1527469035263
4161.84,3758.5700234068913,403.2699765931088
4598.01,2065.4040637037006,2532.6059362962997
2602.99,3557.944990476151,-954.9549904761511
3885.02,2943.5386178544495,941.4813821455505
886.07,2363.453171002678,-1477.383171002678
892.31,1187.5714152450735,-295.2614152450735
2967.48,1965.1141253383123,1002.3658746616877
1924.29,2162.117449655777,-237.82744965577695
3976.65,5962.670824862967,-1986.0208248629665
5228.94,4071.5198868705043,1157.4201131294953
1923.5,2390.2785869704494,-466.7785869704494
3008.86,5080.289562158616,-2071.4295621586157
789.47,1696.7249950167547,-907.2549950167547
906.93,1409.3285254257403,-502.39852542574033
2062.93,1232.9926369539492,829.9373630460507
5000.27,5018.0678409835855,-17.797840983585047
9382.66,8307.931245353078,1074.7287546469215
3761.4,3727.0339162072473,34.36608379275276
1865.41,1596.6709992461804,268.7390007538197
6474.83,6903.642771453078,-428.8127714530783
4572.39,2673.306933497956,1899.0830665020444
2118.69,2107.7455953496074,10.944404650392698
1834.13,3062.8207829811413,-1228.6907829811412
1817.84,2518.6669887411867,-700.8269887411868
1965.31,3592.99572432341,-1627.6857243234099
338.71,1842.2262849902174,-1503.5162849902174
5365.55,4056.9477930367534,1308.6022069632468
1311.68,2179.2965602371887,-867.6165602371887
1110.04,1482.4114559736677,-372.3714559736677
5354.68,5147.384288692635,207.2957113073653
663.29,3733.567850163086,-3070.277850163086
7656.82,4409.608184161932,3247.211815838068
2802.23,4043.0147975726895,-1240.7847975726895
2273.01,1962.0298805752486,310.9801194247516
1052.69,1220.130458079841,-167.44045807984094
1107.78,1077.1064372844442,30.673562715555818
623.81,1003.2798111572347,-379.46981115723474
6423.27,2623.5744550550376,3799.695544944963
11750.32,8988.409077658574,2761.9109223414252
875.67,1678.7974020366826,-803.1274020366826
2344.87,1795.4381452582975,549.4318547417024
597.98,1690.967218349404,-1092.987218349404
4772.94,2848.6838392442396,1924.25616075576
1075.19,2562.490703342812,-1487.300703342812
1139.43,1570.8362015010525,-431.40620150105246
6703.32,3968.053211757733,2735.2667882422666
2511.4,1951.740997361443,559.659002638557
4500.83,1768.2204153185032,2732.609584681497
7118.87,2824.489965605394,4294.380034394606
2373.25,3564.775301672788,-1191.525301672788
1539.46,1919.3656489665127,-379.9056489665127
1326.48,2841.1700792388006,-1514.6900792388005
881.42,1438.9744078937347,-557.5544078937347
199.83,1301.8488507188908,-1102.018850718891
735.22,1310.4218921040845,-575.2018921040844
2236.93,9030.501495162334,-6793.571495162334
2696.74,1937.6051331064023,759.1348668935975
1576.75,2255.353413606168,-678.603413606168
1532.6,3186.776541063709,-1654.176541063709
1425.97,2177.7293925432236,-751.7593925432236
2002.35,1833.2408004285242,169.10919957147576
6791.73,3903.4507370562105,2888.279262943789
11319.87,6846.874935646446,4472.995064353555
2132.94,3175.781901617434,-1042.841901617434
620.18,1176.717748152395,-556.537748152395
828.53,1414.3542121264898,-585.8242121264898
2534.95,1803.3706809076373,731.5793190923625
2432.24,2799.8626597171533,-367.6226597171535
1719.95,3736.587540297912,-2016.6375402979118
1963.21,1593.315262169864,369.89473783013614
2536.04,2131.357720766796,404.6822792332041
1588.16,2823.3348936607817,-1235.1748936607817
1776.19,1427.6030926328108,348.58690736718927
3784.37,5139.853082257257,-1355.4830822572567
3604.61,2736.5548670239777,868.0551329760224
1156.95,1726.5339615718178,-569.5839615718178
1355.06,1712.8303613458793,-357.77036134587934
5889.4,4717.122354460705,1172.277645539295
2634.88,1177.2509738660708,1457.6290261339293
1032.12,1163.7279873372377,-131.60798733723777
1001.07,1156.1417154573571,-155.07171545735707
2856.63,2823.524185610364,33.10581438963618
1665.2,2389.482006915037,-724.2820069150368
4361.23,4649.805520983194,-288.5755209831941
1146.92,1702.114079799268,-555.1940797992679
138.45,1510.772261015109,-1372.322261015109
4277.12,5028.060562094389,-750.940562094389
2228.91,2260.0903232059404,-31.180323205940567
2175.22,2562.6932687350254,-387.4732687350256
2702.66,2112.197309580958,590.4626904190418
2913.64,1654.1754512442753,1259.4645487557245
1666.33,3940.272984628025,-2273.942984628025
3613.73,4076.902703562444,-463.172703562444
1332.83,1008.9250048599615,323.9049951400384
1035.8,1362.0012298280096,-326.2012298280097
750.0,1773.8173466838641,-1023.8173466838641
8339.55,5499.413819523575,2840.1361804764247
2651.03,3587.7036813255063,-936.6736813255061
10954.2,5702.533534742618,5251.666465257383
2680.97,3896.9261888335195,-1215.9561888335197
3567.01,2438.88738218833,1128.1226178116704
1757.27,2913.6026325476537,-1156.3326325476537
4444.89,3283.986409025974,1160.9035909740264
2297.87,4201.667352284559,-1903.7973522845587
1316.22,2590.783005355366,-1274.5630053553662
603.0,3781.7662744880495,-3178.7662744880495
9017.68,5693.979709325686,3323.7002906743146
2285.1,1110.7206578134037,1174.3793421865962
1124.53,1276.864427843303,-152.33442784330305
3300.84,3052.470255515873,248.3697444841273
1143.66,1841.7377749242444,-698.0777749242443
1431.82,1171.2091971764385,260.61080282356147
6230.88,8404.07764608185,-2173.1976460818505
711.8,2055.918770764459,-1344.1187707644592
2251.37,4362.6598391712105,-2111.2898391712106
1685.07,1485.9980732256568,199.07192677434318
1869.6,1427.6856379023704,441.91436209762946
873.72,843.938058709704,29.781941290296004
5585.38,3409.683856933132,2175.696143066868
371.52,1376.36625863839,-1004.84625863839
8943.56,8790.14369883839,153.41630116160923
10336.39,5296.853592590097,5039.5364074099025
1224.75,1700.034438671414,-475.2844386714139
1790.0,1399.2425808585604,390.75741914143964
1977.76,2696.5980715201063,-718.8380715201063
3786.7,6048.337048054094,-2261.6370480540945
8975.4,6507.817954846183,2467.5820451538166
4584.19,3636.3763063684023,947.8136936315973
857.45,1742.246397037682,-884.796397037682
2936.9,2073.5648012588294,863.3351987411706
3989.44,3548.4190091068735,441.0209908931265
8403.99,6368.909658224825,2035.080341775175
13055.04,8909.07473467175,4145.96526532825
2229.26,2857.3633151587383,-628.103315158738
2093.32,1703.5641934358268,389.7558065641733
1392.34,1627.737340244318,-235.397340244318
2200.43,2107.1079380782585,93.32206192174135
870.54,857.9617124731626,12.578287526837357
2277.63,2307.8061549464614,-30.176154946461338
2200.56,2047.780994118727,152.77900588127295
870.65,1702.6237088008668,-831.9737088008668
353.58,910.5429722656451,-556.962972265645
5918.0,3414.103689710903,2503.896310289097
987.7,1234.1992851057066,-246.49928510570658
3160.13,1930.922126957704,1229.2078730422961
8116.15,6367.8092381705565,1748.3407618294432
3118.12,2016.728592168943,1101.391407831057
1627.1,1450.9919910610977,176.10800893890223
4048.41,7125.801729264807,-3077.3917292648075
6397.55,2781.96291575956,3615.58708424044
1306.42,1937.3225319044652,-630.9025319044651
3535.47,4872.833950872162,-1337.3639508721621
2303.92,4156.561601581742,-1852.6416015817422
3947.76,3273.515449592245,674.244550407755
1008.15,1266.354337443866,-258.20433744386594
1260.64,2142.7019409944915,-882.0619409944914
4235.98,2272.0984310277186,1963.881568972281
974.81,1608.0051936407874,-633.1951936407875
2183.48,1857.4397631465422,326.0402368534578
4019.19,8862.109832468266,-4842.919832468266
3562.59,2539.199970704534,1023.3900292954663
6285.32,3610.3901274963882,2674.9298725036115
1649.63,1595.4807765776509,54.14922342234922
11373.49,8315.503202023807,3057.986797976193
462.97,1571.3264749224215,-1108.3564749224215
1681.75,2645.050254487771,-963.3002544877709
7171.79,4359.567075390583,2812.2229246094166
1533.17,2733.007329771327,-1199.837329771327
1991.24,2698.2553827527054,-707.0153827527054
1540.85,1912.8020438739602,-371.9520438739603
4947.25,3101.0583404670206,1846.1916595329794
905.51,2830.8255210643897,-1925.3155210643897
1557.92,3830.488093836456,-2272.568093836456
1545.52,2520.331490994015,-974.811490994015
691.69,3270.860723416732,-2579.170723416732
2113.73,2161.4487080379026,-47.718708037902616
22828.41,4302.05367000867,18526.35632999133
2668.27,1663.7066297382291,1004.5633702617708
446.04,1109.1723818974597,-663.1323818974597
1906.89,1758.9004288781123,147.98957112188782
2722.26,1866.1361791179816,856.1238208820187
2881.2,2029.4744072153499,851.72559278465
4096.25,2156.1307345269092,1940.1192654730908
5622.83,2885.2798631106916,2737.5501368893083
1028.47,1484.288779417919,-455.8187794179189
3753.47,2272.6284856713232,1480.8415143286766
815.52,1929.772642508101,-1114.252642508101
1913.81,1492.0742538120103,421.73574618798966
8903.79,5936.642393710057,2967.1476062899437
2458.02,3573.6092711457977,-1115.5892711457977
2500.44,1928.069863104837,572.3701368951631
1396.75,1815.158443187774,-418.4084431877741
2269.6,1760.0347319846835,509.5652680153164
2016.69,1728.970648745334,287.719351254666
1932.72,3076.652772789764,-1143.9327727897642
2515.47,3086.0067602887325,-570.5367602887327
3882.54,3092.3185929890155,790.2214070109844
11679.55,4009.784185632215,7669.765814367784
3212.4,1581.690582856009,1630.709417143991
1547.51,3180.81733531846,-1633.3073353184602
8558.79,9374.33788190476,-815.5478819047585
2759.61,2720.5574314888972,39.05256851110289
2294.12,5613.7733926186975,-3319.6533926186976
3685.76,6429.405327687827,-2743.6453276878265
4599.72,4289.628857805534,310.09114219446656
670.68,1073.4931428640807,-402.81314286408076
631.01,2129.2953866621633,-1498.2853866621633
595.0,1256.6237108903367,-661.6237108903367
3950.9,4278.896445733345,-327.9964457333449
984.78,1513.0367187222173,-528.2567187222173
726.12,1088.0431941427917,-361.92319414279166
922.65,1761.8044447059342,-839.1544447059342
920.16,1397.6742449904987,-477.5142449904987
6558.81,7276.313891810426,-717.5038918104256
1746.02,938.463115649581,807.556884350419
5964.58,5570.1746289930215,394.4053710069784
1424.2,1447.1493720527524,-22.949372052752324
1671.33,1166.522537126571,504.8074628734289
1932.1,1581.0932316363212,351.0067683636787
2042.41,1937.4394717447933,104.97052825520677
2449.51,3770.9877433536017,-1321.4777433536015
803.24,1595.762764037092,-792.522764037092
3788.79,3216.8367831907153,571.9532168092846
4055.41,3848.324477688923,207.08552231107706
300.12,2351.1766229053037,-2051.056622905304
1686.2,1669.2107349787423,16.98926502125778
6712.68,5134.347927791339,1578.332072208661
1237.94,2230.9025018477937,-992.9625018477936
3371.89,3146.159614832346,225.73038516765382
1520.05,1517.6619942931222,2.3880057068777205
6422.37,6284.219047082186,138.1509529178138
463.16,883.685062294208,-420.525062294208
1485.39,1871.9669727490736,-386.57697274907355
2455.7,3099.147031433398,-643.447031433398
1798.62,1760.089527207792,38.530472792208
1482.61,2135.7663138502426,-653.1563138502427
1559.12,1957.1817479512802,-398.06174795128027
4270.46,2367.4444702574665,1903.0155297425335
2982.81,1619.1745832509616,1363.6354167490383
856.1,1880.764901483028,-1024.6649014830282
4002.73,3600.9044013374823,401.8255986625177
2686.32,2661.6734698127775,24.646530187222652
4776.09,1909.7559223995881,2866.334077600412
4589.93,5783.362799028817,-1193.4327990288166
2022.36,1296.1612008384386,726.1987991615613
2731.45,2725.1906171338896,6.2593828661101725
2388.65,2098.8799071105423,289.7700928894578
762.34,1523.6649465425987,-761.3249465425987
446.34,1494.119520070074,-1047.779520070074
3001.34,2972.0893629630114,29.250637036988792
4869.12,1930.9849541226627,2938.1350458773372
1070.86,1766.2246124842693,-695.3646124842694
1564.68,3676.2768368614725,-2111.596836861472
5445.3,4349.27454167706,1096.0254583229398
4809.43,5362.191963118498,-552.761963118498
2057.96,3299.6140504545247,-1241.6540504545246
3306.47,6259.274063264943,-2952.804063264943
5958.17,2716.714480598257,3241.455519401743
1142.0,2988.2996926897445,-1846.2996926897445
1563.52,1803.268400606028,-239.7484006060281
5954.6,6533.642660370304,-579.0426603703036
4024.68,2465.029251496864,1559.6507485031357
1413.57,1739.1779321502822,-325.6079321502823
2136.48,2928.06623574586,-791.58623574586
970.44,1842.0647890325881,-871.6247890325881
5209.66,1781.4515769469915,3428.208423053008
667.96,1882.934593042938,-1214.974593042938
2560.47,1594.7879099612744,965.6820900387254
4935.54,1762.5367726456361,3173.003227354364
4812.92,4747.7481688074095,65.17183119259062
901.18,1827.385093435446,-926.205093435446
736.65,1268.7272860761925,-532.0772860761925
3652.02,2834.7659903211934,817.2540096788066
2425.03,1516.2593990652824,908.7706009347178
1246.64,1029.2265437644464,217.41345623555367
610.87,1889.9906027532113,-1279.1206027532112
621.29,1542.4029708254416,-921.1129708254416
766.98,1145.0009046999487,-378.0209046999487
1009.29,1118.4440174938627,-109.15401749386274
6197.2,7236.419528952535,-1039.2195289525353
1731.96,2342.1657437119693,-610.2057437119693
991.83,1110.087018752526,-118.25701875252605
3136.43,2262.6741832411367,873.7558167588631
1128.5,3223.4722724782287,-2094.9722724782287
2442.77,2192.012597046434,250.75740295356582
6467.26,4141.455191883118,2325.8048081168827
2373.79,2125.7355106207388,248.0544893792612
8116.39,4016.0836446487433,4100.306355351257
2748.05,4321.528524972495,-1573.4785249724946
1738.15,1891.8830992696305,-153.73309926963043
2116.88,2527.997920248208,-411.11792024820807
5469.22,3726.050621418437,1743.1693785815633
11063.68,4134.897505079102,6928.782494920898
2346.65,2324.287957780886,22.3620422191143
15275.4,8477.629061011903,6797.7709389880965
1619.74,3102.8860286228173,-1483.1460286228173
1370.6,2668.959804555252,-1298.3598045552521
1907.8,1392.5437062221445,515.2562937778555
2046.82,2277.359640439228,-230.53964043922792
6315.26,2575.9169246295996,3739.3430753704006
2357.79,2402.7036630465946,-44.91366304659459
2082.41,4854.7636870127,-2772.3536870127
9329.48,8668.811524007937,660.6684759920627
1213.63,1306.2362981958336,-92.60629819583346
13661.13,4347.653873346131,9313.476126653868
5377.16,6977.8846471975085,-1600.7246471975086
3980.87,8677.971963789683,-4697.101963789683
2411.23,1739.6077390030287,671.6222609969714
768.41,1276.2335648832768,-507.82356488327684
2683.19,2530.1172553179963,153.07274468200376
840.55,3258.681112263953,-2418.1311122639527
1141.56,1607.8183709820912,-466.25837098209126
2716.61,1839.25005362909,877.3599463709102
1994.88,1327.5616945926754,667.3183054073247
5738.18,3689.3092636485567,2048.8707363514436
1779.13,1778.9668437697078,0.16315623029231574
6865.4,5250.542825171836,1614.8571748281638
1763.66,2502.0759275332703,-738.4159275332702
1171.8,1398.7550404806152,-226.95504048061525
666.53,3143.8127390421437,-2477.2827390421435
1966.41,3314.4849624971607,-1348.0749624971606
3078.36,2521.1444292750643,557.2155707249358
1345.32,1846.3526147887137,-501.0326147887138
2132.91,1438.1025307081293,694.8074692918706
8496.17,7125.868102176564,1370.3018978234359
1556.51,1522.6051993606386,33.90480063936138
9393.58,4248.144522250242,5145.435477749758
3379.08,7812.808611442153,-4433.728611442153
8446.75,2574.0141044471766,5872.735895552823
2610.05,3199.3001398057827,-589.2501398057825
611.4,1407.6682803832541,-796.2682803832541
1034.33,1899.556256626248,-865.226256626248
1933.47,2251.6863285746413,-318.21632857464124
1391.79,1270.9897089542005,120.80029104579944
2779.43,1152.765431717398,1626.6645682826017
1737.02,2294.76292552608,-557.74292552608
2570.23,1682.3385687479313,887.8914312520687
11537.43,6655.690689126983,4881.7393108730175
3032.99,2942.7788215169976,90.21117848300219
3176.41,3502.857221334384,-326.44722133438427
3104.55,2280.613252773437,823.936747226563
8610.93,7193.842204551868,1417.087795448132
2136.95,2502.855325966283,-365.90532596628327
1248.72,1176.801768005636,71.91823199436408
3855.45,2946.20129729893,909.2487027010698
2622.03,3589.2384030136363,-967.2084030136361
3924.11,2445.5065411407254,1478.6034588592747
1994.76,2884.1544903007803,-889.3944903007803
5924.68,4588.659255468714,1336.0207445312863
748.42,1042.22299749369,-293.80299749369
13469.9,4968.6906626590335,8501.209337340966
8713.41,6554.173012252744,2159.2369877472556
1877.8,3417.481090333805,-1539.6810903338048
587.26,1442.7203230396162,-855.4603230396162
1003.44,1777.56606452617,-774.12606452617
4748.97,2245.3739937696973,2503.596006230303
1115.51,1291.5125923020964,-176.00259230209645
2934.56,6155.84253948107,-3221.28253948107
6739.17,4418.527628355436,2320.6423716445643
2746.01,4210.8643855644195,-1464.8543855644193
2210.4,3120.50698727519,-910.10698727519
1417.73,1189.4478895773357,228.28211042266435
1085.38,2574.957265236555,-1489.577265236555
4368.2,4717.636134954245,-349.43613495424506
4904.68,3201.2157732140213,1703.464226785979
884.7,1067.062456927025,-182.36245692702505
1568.34,1511.5006378218966,56.83936217810333
3865.0,4727.713199134796,-862.713199134796
8597.52,3794.002433256047,4803.5175667439535
10466.52,11721.890731414569,-1255.3707314145686
1713.87,1243.0972946786612,470.77270532133866
4150.03,7044.838148272508,-2894.8081482725083
6123.73,6252.35089363835,-128.62089363835003
702.04,1222.0419378141971,-520.0019378141972
3557.21,5060.512770443889,-1503.3027704438891
3169.95,1763.2711105662167,1406.678889433783
4455.84,9148.298472313363,-4692.458472313363
12681.44,8499.211131429207,4182.228868570794
1258.65,3239.330088357443,-1980.6800883574429
945.61,2044.551121411338,-1098.941121411338
4149.82,1999.1729122583981,2150.6470877416014
1985.7,2726.555899937412,-740.855899937412
2538.97,3776.3439002638256,-1237.3739002638258
1708.5,1912.120925264183,-203.62092526418292
2415.7,1813.675402200337,602.0245977996628
867.23,1343.2752822344482,-476.0452822344482
2129.97,2043.974788229865,85.9952117701348
1489.24,1486.3325960468228,2.9074039531772087
4942.91,4093.990885039112,848.9191149608878
2376.98,2588.7908190623953,-211.81081906239524
4386.81,2642.925379092516,1743.8846209074845
2072.12,2014.1680972284428,57.951902771557116
1933.2,1934.8589203012334,-1.6589203012333655
3969.66,2400.5812840202993,1569.0787159797005
1067.19,2043.5763508483046,-976.3863508483046
3571.07,3027.296452677027,543.7735473229732
3806.47,6869.474217832971,-3063.004217832971
4785.5,3018.0788540816097,1767.4211459183903
2239.18,1329.647110783917,909.5328892160828
6189.89,6004.7447270868615,185.1452729131388
2423.76,2151.5942583938945,272.1657416061057
2982.58,1227.1532531954344,1755.4267468045655
2005.08,2887.7698732698436,-882.6898732698437
4863.8,5004.398250316846,-140.59825031684613
1571.98,6082.1482595270845,-4510.168259527085
5083.09,4011.6298489186192,1071.460151081381
616.91,1645.2042407922056,-1028.2942407922055
1687.64,1661.8321093520215,25.80789064797864
3814.11,6743.218461144113,-2929.1084611441124
6583.56,5284.392771826829,1299.1672281731717
2402.93,2562.937034466674,-160.0070344666742
2323.09,2642.3318453469124,-319.2418453469122
5002.43,3840.207066331216,1162.2229336687842
1303.43,1642.7498641017548,-339.3198641017548
7284.95,5206.868840714287,2078.0811592857126
1796.6,1759.085893496953,37.51410650304683
1835.88,2529.686005900658,-693.806005900658
1043.07,3105.6139701060983,-2062.5439701060986
5307.92,4585.280547248538,722.6394527514622
1404.71,1659.45033504722,-254.74033504722001
2301.38,2173.1077023623247,128.27229763767536
980.67,1008.5759745172196,-27.905974517219647
15792.69,10561.094279957675,5231.595720042325
1538.53,2114.773637015616,-576.2436370156158
4983.33,3732.518157364348,1250.8118426356518
4438.04,2860.8321245224543,1577.2078754775457
3060.63,2662.45875740849,398.17124259151024
6294.57,7832.714085772936,-1538.1440857729367
913.36,1485.7232194590383,-572.3632194590383
3307.34,2528.808922399423,778.5310776005772
1402.71,3717.552296901051,-2314.8422969010508
6611.71,3345.378419723667,3266.331580276333
3925.23,4819.653832050206,-894.4238320502059
840.36,1788.7710929196683,-948.4110929196682
1269.85,1957.2858243160567,-687.4358243160568
3826.04,3029.1251284512996,796.9148715487004
7835.17,8743.761582976189,-908.5915829761889
2347.67,1816.8499578611006,530.8200421388995
12687.04,11192.846060039685,1494.1939399603161
3442.42,2443.4505321026363,998.9694678973638
1213.36,1615.088817360209,-401.7288173602092
1732.05,1994.4424571902978,-262.3924571902978
892.62,1282.5509441429647,-389.9309441429647
2285.56,1932.6942414431524,352.8657585568476
997.03,2562.7810047699404,-1565.7510047699404
2648.64,4511.5178177155485,-1862.8778177155486
6196.63,2314.4914799653143,3882.138520034686
1456.25,1790.8878379722578,-334.6378379722578
5241.63,4671.214074309582,570.4159256904177
2037.83,2072.71828071929,-34.888280719289924
2311.8,2938.861206821733,-627.0612068217329
1312.59,1256.1086479739752,56.48135202602475
1455.85,1806.9998335537548,-351.1498335537549
1198.32,1949.852652617852,-751.5326526178521
1287.16,1514.6853367621172,-227.52533676211715
3258.36,2591.5225852220838,666.8374147779164
915.6,3072.819906073022,-2157.2199060730222
4029.39,6992.664799467888,-2963.274799467888
280.76,1560.0878654123733,-1279.3278654123733
1912.99,3693.079186524489,-1780.0891865244892
1910.6,1701.7070135402673,208.89298645973258
1849.77,2869.7467854930437,-1019.9767854930437
2542.54,2303.638406747655,238.9015932523448
672.33,1321.3112987970503,-648.9812987970503
2306.46,2089.393883883091,217.06611611690914
1483.77,2065.840608091091,-582.0706080910909
1926.84,1828.1129481198568,98.72705188014311
1508.8,2903.3339592415637,-1394.5339592415637
1530.93,1751.6123460143394,-220.68234601433937
11231.39,5319.78776669777,5911.602233302229
3393.4,7493.341557136412,-4099.941557136412
2559.53,5504.196658419829,-2944.6666584198288
1164.92,1162.4324047296025,2.4875952703976054
1074.93,3003.345249994329,-1928.415249994329
2980.57,2216.099299710647,764.4707002893533
1352.35,2884.814581225035,-1532.464581225035
8296.71,8394.10960609731,-97.39960609731133
3388.34,2115.7390109824178,1272.6009890175824
317.41,2223.894236707556,-1906.484236707556
1081.92,2147.440065448526,-1065.520065448526
1522.55,1878.3533504163527,-355.8033504163527
652.56,888.9083443012698,-236.3483443012699
2231.03,4740.256208945403,-2509.226208945403
784.84,1589.2550688131205,-804.4150688131205
1012.13,1436.0250192402577,-423.89501924025774
695.0,1653.8685629304186,-958.8685629304186
4374.48,5196.127215829508,-821.6472158295082
977.17,2172.942985675206,-1195.7729856752057
1485.58,1532.3578396363266,-46.77783963632669
575.99,2091.7190279341903,-1515.7290279341903
4035.2,2330.315405690117,1704.8845943098827
1297.06,1425.1580761664147,-128.09807616641478
3743.3,4382.826208383939,-639.5262083839389
2663.71,2251.176336262497,412.53366373750305
6424.03,5257.130767060455,1166.899232939545
474.22,1302.2387438896874,-828.0187438896874
5158.54,4279.168727645449,879.3712723545514
1297.77,2077.5063956583776,-779.7363956583777
2845.65,2370.3733740787893,475.2766259212108
568.61,1637.22279654363,-1068.6127965436299
1154.6,3996.402707521068,-2841.802707521068
3228.58,1244.0265022063454,1984.5534977936545
1569.21,2778.308528028102,-1209.098528028102
1867.57,1738.139918735114,129.43008126488598
4637.35,4412.6463207757015,224.70367922429887
888.92,2157.5487673443104,-1268.6287673443103
2437.06,5875.895423885238,-3438.8354238852385
8437.75,5243.9665411858805,3193.7834588141195
1926.24,1910.8751365234025,15.36486347659752
3417.54,2336.301228677403,1081.2387713225971
1173.59,1489.400190665368,-315.81019066536805
6047.8,2673.5289807875915,3374.2710192124086
2350.35,1641.3418243740132,709.0081756259867
2183.94,1269.418383447304,914.5216165526961
4708.22,3785.2435277512686,922.9764722487316
2253.6,2508.781684744945,-255.18168474494496
1078.84,1504.0712122173668,-425.2312122173669
1237.16,1145.8390232838406,91.32097671615952
9938.88,4554.287450713158,5384.592549286841
2211.0,1489.1477828622194,721.8522171377806
1636.79,1562.6328015288684,74.15719847113155
6978.04,2278.997685157812,4699.042314842188
1328.41,1561.8748005371422,-233.46480053714208
2581.04,2734.266915527773,-153.22691552777314
5970.79,7340.629773273279,-1369.8397732732792
1931.36,3480.579120238093,-1549.219120238093
1552.38,1321.5566187628249,230.82338123717523
3873.86,5453.621486249766,-1579.7614862497662
1169.32,2078.2504577305795,-908.9304577305795
2776.08,2777.062633899197,-0.982633899197026
949.53,1243.7481083908622,-294.2181083908622
424.36,1725.9671678971104,-1301.6071678971102
1365.4,1201.1983960372852,164.2016039627149
3283.96,5662.906851165753,-2378.9468511657533
4651.49,5844.586271672819,-1193.096271672819
1595.63,1310.6058186574505,285.0241813425496
1601.01,2437.4505718997507,-836.4405718997507
1750.51,2332.5464628175755,-582.0364628175755
3797.27,2243.781330402198,1553.488669597802
740.22,3700.5983890417347,-2960.3783890417344
3205.45,3845.4654759886757,-640.0154759886759
1120.82,2003.3083587573199,-882.4883587573199
7360.31,6441.004938608978,919.3050613910227
701.69,1760.0289782894604,-1058.3389782894603
5131.64,7556.3458896576285,-2424.705889657628
1672.69,1676.0688978756577,-3.3788978756576853
4026.09,3917.677591682901,108.4124083170991
2486.84,2401.0946357975304,85.74536420246977
7293.8,6121.547731893864,1172.2522681061364
4153.27,2565.5588745406258,1587.7111254593747
5393.6,2548.4640404131014,2845.135959586899
1947.09,2293.335758661877,-346.2457586618773
1764.95,5266.12324340994,-3501.1732434099404
8813.06,7054.190970039681,1758.8690299603186
1255.36,2864.907468149218,-1609.547468149218
1241.88,2939.8705665190523,-1697.9905665190522
3372.23,3298.8085724059874,73.42142759401258
822.69,1678.4916491168856,-855.8016491168855
1303.9,2117.1026761402613,-813.2026761402612
1330.93,1720.738976476047,-389.80897647604684
4986.17,4496.526284857149,489.64371514285085
2101.05,3740.56610905156,-1639.5161090515599
1410.87,1659.0767907411253,-248.20679074112536
3814.21,1519.3362426346048,2294.8737573653952
2506.14,1344.1123536944401,1162.0276463055598
216.83,1112.3924238947384,-895.5624238947383
7456.29,3927.623769157234,3528.666230842766
7635.07,6102.625708849817,1532.4442911501828
1432.03,3593.472499216167,-2161.4424992161667
1677.74,1240.2968161445392,437.4431838554608
4192.91,2600.112823670299,1592.797176329701
1461.9,1514.8256977756557,-52.925697775655635
1488.19,1912.2951351066981,-424.10513510669807
7890.87,4971.601222620981,2919.2687773790185
601.55,1887.6022860869443,-1286.0522860869444
1520.17,1818.7738193568146,-298.6038193568145
2288.38,1422.4557335444185,865.9242664555816
6906.02,4235.1970902688145,2670.822909731186
2427.8,2221.467824562429,206.3321754375711
1811.93,1409.321715666259,402.60828433374104
6184.74,8320.95214207599,-2136.2121420759904
3143.33,2580.3288037900957,563.0011962099043
851.43,1113.5064536416785,-262.07645364167854
7823.27,5871.973209047618,1951.2967909523823
1228.93,2304.8881922640544,-1075.9581922640543
699.21,1506.1353846551547,-806.9253846551546
1063.6,1027.2911828830236,36.30881711697634
10813.59,3675.1122467214363,7138.477753278564
1565.29,3448.969458651613,-1883.679458651613
517.8,1267.1380492119124,-749.3380492119124
2465.37,1751.9071625242793,713.4628374757206
4551.71,3693.7187046952113,857.9912953047888
3254.08,2349.4025798958523,904.6774201041476
2588.68,3583.186742726456,-994.5067427264562
5094.23,4282.450217838765,811.7797821612348
943.64,1699.4275704606846,-755.7875704606846
2279.8,2435.332247087199,-155.5322470871988
988.65,1608.8915413388565,-620.2415413388566
1808.04,1833.7491313606743,-25.70913136067429
8647.34,6638.9356884389135,2008.4043115610866
1648.21,1391.3054058330404,256.90459416695967
2743.09,2457.2302696150527,285.8597303849474
1372.85,4628.595357178496,-3255.745357178496
4293.5,6629.961369325395,-2336.461369325395
336.4,1596.5586190499037,-1260.1586190499038
9949.55,5610.806330614344,4338.743669385655
7657.41,5588.443794901787,2068.9662050982124
157.18,2413.092154634353,-2255.912154634353
2879.14,2197.3925468746866,681.7474531253133
4394.78,3091.033280245679,1303.7467197543206
2016.37,2195.320397194882,-178.95039719488204
1294.73,1958.6247965427249,-663.8947965427249
3178.38,1558.7334350157391,1619.646564984261
2488.4,1637.723650978823,850.6763490211772
6273.74,2262.92063767784,4010.8193623221596
2600.83,2112.8787149445347,487.9512850554652
841.63,2515.633376712869,-1674.0033767128689
2073.53,3129.8605430131083,-1056.3305430131081
3095.34,2570.419370771828,524.920629228172
518.64,2544.5884488690713,-2025.9484488690714
4333.46,4769.007067687398,-435.54706768739834
1617.88,1835.9268865976464,-218.04688659764633
1427.65,1065.166628332386,362.48337166761416
8941.06,4571.692695384243,4369.367304615756
1822.96,1669.3221745112576,153.63782548874246
5156.14,3298.6889312916155,1857.4510687083848
1696.04,2207.3077664189427,-511.26776641894276
1573.82,2901.6691110596016,-1327.8491110596017
1873.36,1631.3223988420227,242.03760115797718
836.4,2070.038434730019,-1233.638434730019
1669.0,1204.8792398374198,464.12076016258015
7724.12,2294.4137591734993,5429.706240826501
2976.53,2992.1821029102666,-15.652102910266422
804.75,1887.0280064732463,-1082.2780064732463
2202.23,2659.4642312507203,-457.2342312507203
872.29,3248.617743101709,-2376.327743101709
2837.53,3270.529420952379,-432.99942095237884
2014.6,2193.7900935470966,-179.1900935470967
3751.23,3301.249747838376,449.98025216162387
3347.67,2191.10117770498,1156.5688222950203
1460.43,2472.3244911673064,-1011.8944911673063
474.85,1006.2756166028837,-531.4256166028837
1592.35,2050.2953988229697,-457.94539882296976
2586.84,1212.103195188531,1374.7368048114693
1489.05,1359.3267429864927,129.72325701350724
828.55,1430.6343971079154,-602.0843971079155
5107.0,1327.5571211836484,3779.4428788163514
5041.82,8565.187495140695,-3523.3674951406956
2285.97,3091.9123050732433,-805.9423050732435
1636.65,2561.7125807287925,-925.0625807287925
1361.48,3832.5173185089416,-2471.0373185089416
688.05,1420.2586892362149,-732.2086892362149
1323.86,1296.0914820507853,27.768517949214583
1757.81,1112.221515486561,645.588484513439
987.55,2802.6652760366437,-1815.1152760366438
650.05,7266.1308555316355,-6616.080855531635
1983.81,1610.1088048431093,373.70119515689066
4208.15,2884.702668507787,1323.4473314922125
839.7,1385.7518506745876,-546.0518506745875
2582.61,1843.5407223384589,739.0692776615413
881.33,856.0307874550289,25.29921254497117
1081.6,1593.638262446495,-512.0382624464951
6921.56,7797.778301666668,-876.2183016666677
3444.7,4605.436497872269,-1160.736497872269
3019.29,2388.2191555873214,631.0708444126785
701.55,3867.544059993331,-3165.9940599933307
1095.52,1312.1526772745244,-216.63267727452444
2149.09,3219.0950686470624,-1070.0050686470622
826.28,1283.3192193906962,-457.0392193906962
1421.79,1663.415705788677,-241.62570578867712
1009.03,1325.2994532117527,-316.26945321175276
1065.56,2113.455775305102,-1047.8957753051022
744.88,1916.0967187239085,-1171.2167187239083
3577.93,1132.2304197363385,2445.699580263661
7207.08,3256.5052733471302,3950.5747266528697
5372.25,5058.105018827984,314.14498117201583
1558.82,1897.5613182579625,-338.7413182579626
638.37,1467.362725772921,-828.9927257729211
1813.03,1135.6275071811947,677.4024928188053
2209.62,1290.4423910465398,919.1776089534601
904.3,1377.8715801312487,-473.57158013124877
2090.31,2191.3633670616227,-101.0533670616228
1239.97,1245.6701776052134,-5.700177605213412
3589.12,4245.178713841696,-656.0587138416959
3050.5,1693.7774396908424,1356.7225603091576
2531.44,1722.3104456524752,809.1295543475248
4066.4,3289.6180577899227,776.7819422100774
530.49,1407.7349767659682,-877.2449767659682
1380.14,1319.3216818391288,60.818318160871286
3744.77,3980.9499513492046,-236.17995134920466
1053.35,2226.268869380088,-1172.918869380088
3533.98,4317.435975979765,-783.4559759797653
2667.01,2466.099948922449,200.9100510775511
3206.74,2463.056373112591,743.683626887409
3303.16,5547.9345679764465,-2244.7745679764466
1209.82,1259.857378957684,-50.03737895768404
431.76,1507.3216289929178,-1075.5616289929178
838.48,1189.4035070704524,-350.9235070704524
4523.68,4836.427549326066,-312.7475493260654
1976.97,2345.0888768326504,-368.11887683265036
3573.93,3318.117944593025,255.81205540697465
5447.55,2401.1690603932675,3046.3809396067327
841.13,1282.7145880149913,-441.58458801499125
1920.32,2492.553695285221,-572.2336952852208
4845.45,1949.2702985420087,2896.179701457991
1875.82,2774.0995879685156,-898.2795879685157
465.81,1189.1030653945643,-723.2930653945643
3402.42,2887.731119255257,514.6888807447431
5851.81,4595.0670410154835,1256.742958984517
1373.46,1600.1680439532179,-226.70804395321784
4642.22,1801.4756855515268,2840.7443144484732
2433.85,1973.0089095486221,460.8410904513778
1845.67,1906.5497822112895,-60.879782211289466
871.59,1696.815225125759,-825.225225125759
11314.26,8084.977172680262,3229.2828273197383
2662.3,2026.1329299091876,636.1670700908126
3383.89,1956.0941393267258,1427.795860673274
1817.56,1028.8508213502798,788.7091786497201
1288.22,1360.294726745639,-72.07472674563905
7916.01,4701.315711863151,3214.6942881368495
715.36,1095.6420029165772,-380.2820029165772
2484.53,4140.312023012213,-1655.782023012213
1408.12,3439.8290577954986,-2031.7090577954987
6720.75,8020.481642742355,-1299.7316427423548
1060.88,1737.9466791115372,-677.066679111537
2337.62,3952.5062374866275,-1614.8862374866276
1629.33,2105.174275992759,-475.84427599275887
1250.35,3132.3185303733203,-1881.9685303733204
4110.21,3275.2351495322823,834.9748504677177
2774.21,6168.450270528133,-3394.240270528133
837.86,1272.0669342030683,-434.2069342030683
5905.3,5453.456330638981,451.84366936101924
835.86,1255.4060868445952,-419.54608684459515
16197.37,13024.998612619042,3172.3713873809593
1376.34,3068.978032438209,-1692.6380324382092
2063.35,2779.5804324483265,-716.2304324483266
8105.65,6186.10527647442,1919.5447235255797
1652.68,2207.1169883494413,-554.4369883494412
3287.55,2356.8611774290202,930.6888225709799
3496.69,3409.992257780589,86.69774221941088
1634.13,1467.4807421170742,166.6492578829259
449.44,1354.9109876024959,-905.4709876024958
331.08,1348.3360476598602,-1017.2560476598603
7366.2,2378.2757042341495,4987.92429576585
869.71,1771.305788068083,-901.595788068083
1414.56,2133.885948904517,-719.3259489045172
584.51,1601.2056233569037,-1016.6956233569038
576.9,1645.0153642270075,-1068.1153642270074
1732.25,1347.9272178059452,384.32278219405475
1786.95,1538.9336866281974,248.01631337180265
5816.97,2265.2993858522973,3551.670614147703
898.02,1455.4203377172234,-557.4003377172235
4345.68,4885.75165664502,-540.0716566450201
6960.51,6677.165521505123,283.34447849487697
862.7,1018.3381165916282,-155.6381165916282
2001.32,2049.530301982373,-48.21030198237327
1939.59,1412.6291592127934,526.9608407872065
3365.37,2427.822555521295,937.5474444787051
1289.1,3842.6935602517897,-2553.5935602517898
1045.4,2504.2230520353546,-1458.8230520353545
2390.46,3031.4878448275294,-641.0278448275294
1617.72,2223.9189384867796,-606.1989384867795
1236.73,1071.5737785369718,165.15622146302826
8573.37,5033.612727919172,3539.7572720808284
1441.91,1651.6230456035928,-209.71304560359272
981.34,1664.334530919088,-682.9945309190879
4138.85,4862.843158836997,-723.9931588369964
677.15,1684.8728592094997,-1007.7228592094997
2699.78,3436.5922271964146,-736.8122271964144
787.58,886.0727891462443,-98.49278914624426
617.87,1552.1061948082718,-934.2361948082718
6467.05,5267.866336632388,1199.183663367612
3207.04,2503.872187800426,703.1678121995737
1594.56,1399.3209534494586,195.2390465505414
2052.2,2195.1079581056542,-142.90795810565442
2680.42,2318.358559252135,362.06144074786516
2334.32,2505.42087326632,-171.10087326631992
1357.23,1286.3641323651227,70.8658676348773
1435.0,4285.726748752083,-2850.726748752083
3027.9,1803.3401588676102,1224.55984113239
942.08,2038.403329698511,-1096.3233296985109
1611.02,1727.3051489004831,-116.28514890048314
1146.77,4417.025688551407,-3270.2556885514073
977.31,1373.5787892463238,-396.2687892463239
1901.95,2308.1667014895493,-406.2167014895492
407.38,1581.0997584154313,-1173.7197584154314
4975.24,2716.8496262138187,2258.390373786181
2984.58,2385.416112526123,599.1638874738769
2368.28,2172.49326740199,195.78673259801008
630.9,1275.564110242059,-644.6641102420591
5115.72,2661.404715910881,2454.3152840891194
4267.62,5521.782039043337,-1254.1620390433372
1931.64,2971.0369162430998,-1039.3969162430997
4297.62,2921.8963595039695,1375.7236404960304
2280.98,1828.0168258841086,452.96317411589143
825.62,1511.2319370273515,-685.6119370273515
1037.27,2658.766845661276,-1621.496845661276
4506.71,3499.0144577871774,1007.6955422128226
3455.1,3469.3314363058757,-14.231436305875832
4086.3,4093.796401097662,-7.496401097661874
1337.8,2612.868954218165,-1275.0689542181651
5107.98,7906.479180905387,-2798.499180905387
1984.93,2197.6925688928004,-212.76256889280035
2509.7,3167.5282204894943,-657.8282204894945
2924.18,2750.7802672275484,173.39973277245144
2661.58,3867.378625241635,-1205.798625241635
2433.26,2721.7228689482376,-288.4628689482374
2879.04,3031.300996941922,-152.26099694192226
3299.87,13693.392590952388,-10393.522590952387
2244.13,2136.026964029847,108.10303597015309
1101.46,1973.7117036910859,-872.2517036910858
2311.1,1799.2229356684788,511.87706433152107
1458.68,1808.3062254828938,-349.6262254828937
1304.27,1268.0604412824932,36.20955871750675
1344.08,2168.1707092300912,-824.0907092300913
1388.16,1423.8781286513376,-35.718128651337565
824.54,1651.8294998877461,-827.2894998877462
3918.29,3972.788463527742,-54.49846352774193
8169.51,6700.641557609462,1468.868442390538
3261.7,2483.7425515611017,777.9574484388982
352.35,1048.2245787591457,-695.8745787591457
1261.04,4745.249437739116,-3484.209437739116
10382.0,6122.967918429069,4259.032081570931
1178.63,2195.924332598991,-1017.2943325989909
26660.3,8012.637965714285,18647.662034285713
2288.44,3252.713290801642,-964.2732908016419
853.6,1468.476660225343,-614.876660225343
4257.41,2496.7526080573543,1760.6573919426455
10964.5,12780.606152261906,-1816.1061522619057
1224.96,1346.018143575984,-121.05814357598388
11685.09,7455.041272062551,4230.048727937449
4081.32,4188.413337643785,-107.09333764378471
2044.43,3046.1103297599707,-1001.6803297599706
2205.68,5202.775058478681,-2997.095058478681
4951.0,6154.230214237756,-1203.2302142377557
2368.92,1958.1625425430102,410.75745745698987
2102.31,2636.6368662882405,-534.3268662882406
1490.53,857.1391637177956,633.3908362822044
6040.78,2653.423960095555,3387.356039904445
1574.11,1888.3863129070655,-314.27631290706563
1831.13,3605.996736607211,-1774.866736607211
8166.7,7987.656401759554,179.04359824044604
1338.87,2460.4991631902058,-1121.6291631902059
846.18,1620.9282618268658,-774.7482618268658
9952.63,7633.535767261907,2319.0942327380926
4790.42,3282.0295705482085,1508.3904294517915
5110.58,4977.308506785715,133.27149321428533
2656.47,3860.5714404834057,-1204.101440483406
753.93,1298.3197581098495,-544.3897581098496
4210.87,5557.005619365079,-1346.135619365079
1256.0,1619.1281676623853,-363.1281676623853
1445.81,1203.0809848639183,242.72901513608167
950.38,1844.6771507308868,-894.2971507308868
5243.16,3194.8547432783157,2048.305256721684
2710.85,1793.7051816387593,917.1448183612406
2538.51,4450.839675866573,-1912.3296758665729
2605.48,2011.2952079629622,594.1847920370378
2184.78,2815.697648605186,-630.9176486051856
1726.55,3654.3748162825977,-1927.8248162825978
4547.0,2248.9419161772557,2298.0580838227443
6682.14,2685.1900492778573,3996.949950722143
2901.02,3830.8936700203117,-929.8736700203117
3195.24,4120.506852768806,-925.2668527688065
1475.81,2103.9599840719316,-628.1499840719316
882.76,953.9355066494562,-71.17550664945622
1704.6,1514.8286401672344,189.77135983276548
5580.02,5417.893563623212,162.12643637678866
770.6,2564.301275443284,-1793.701275443284
1470.68,1751.5427725338618,-280.86277253386174
3204.52,3925.3718365692016,-720.8518365692016
2267.49,4151.3081053004125,-1883.8181053004128
927.44,2133.103277943292,-1205.663277943292
3126.73,3530.273132938651,-403.54313293865107
1495.07,1296.3559562512712,198.71404374872873
1120.61,2764.5340090829873,-1643.9240090829874
2292.98,2468.2711826064806,-175.29118260648056
3451.82,2293.0635216002256,1158.7564783997746
13654.95,9359.683115569054,4295.266884430946
6233.06,5006.921511629439,1226.1384883705614
8473.77,7503.784761632916,969.9852383670841
1388.45,2497.405586675419,-1108.9555866754188
2676.76,2566.9766518800143,109.78334811998593
807.44,1757.094409391549,-949.654409391549
5638.16,5829.058475779249,-190.89847577924957
1554.06,2822.376698358146,-1268.316698358146
10880.74,8813.664490656887,2067.0755093431126
4548.46,4636.673458195455,-88.21345819545513
4110.66,3794.265080419887,316.39491958011286
735.63,1433.5908627093384,-697.9608627093384
1650.5,2683.8772219234797,-1033.3772219234797
1727.58,2601.0883044655134,-873.5083044655134
4021.77,2837.662306312837,1184.1076936871632
1652.9,4749.194187865691,-3096.2941878656907
3807.49,2843.384432092239,964.1055679077608
1600.75,2011.1778941589953,-410.4278941589953
3983.75,1680.979085697913,2302.770914302087
4379.12,1432.548393832999,2946.571606167001
1741.43,2344.7449558064704,-603.3149558064704
4219.41,4160.869612409628,58.54038759037212
1127.46,2461.683956020354,-1334.2239560203539
3610.56,2299.450874843025,1311.109125156975
563.85,1211.1185053797717,-647.2685053797717
764.19,1397.9432201987192,-633.7532201987192
2992.98,2130.6556756305026,862.3243243694974
1073.31,1367.536625103494,-294.22662510349414
1852.08,1353.8594861535169,498.2205138464831
6369.53,5565.394921510793,804.1350784892065
4005.39,5288.467953595462,-1283.077953595462
663.81,1914.7283245115534,-1250.9183245115535
4199.76,2062.7145461116666,2137.0454538883337
710.69,1129.0748550737292,-418.3848550737291
529.16,1309.2936887658711,-780.1336887658712
1388.18,2677.0282602564057,-1288.8482602564056
7169.03,9293.659890833333,-2124.629890833333
2168.21,2339.523309766728,-171.3133097667278
1828.98,2282.9860602034714,-454.0060602034714
6441.2,6019.471211049836,421.728788950164
405.8,1280.5302598002665,-874.7302598002666
3657.92,2580.1755997373575,1077.7444002626426
2245.15,2064.9658506134288,180.18414938657133
2244.89,1745.8075502461697,499.08244975383013
7711.61,3878.4985287238082,3833.1114712761914
6958.03,6639.324757896081,318.70524210391886
1542.24,3151.097985871152,-1608.857985871152
2513.05,2291.0631336495867,221.9868663504135
6966.49,5578.13119626407,1388.3588037359295
943.27,940.9347496871447,2.335250312855237
2438.97,4071.889708597785,-1632.9197085977853
1050.01,2355.030478028032,-1305.0204780280321
5114.81,5127.844977266346,-13.034977266345777
1347.35,2138.7618816916274,-791.4118816916275
3056.8,2022.0007465272804,1034.7992534727198
3619.67,1351.2350345510176,2268.4349654489824
2427.37,2926.036923965321,-498.6669239653211
1909.43,2341.9366854214795,-432.50668542147946
1397.06,1932.960738122686,-535.9007381226861
908.08,2487.8226544259633,-1579.7426544259633
787.12,1531.4442127599063,-744.3242127599063
2985.38,5584.4825422887725,-2599.1025422887724
531.45,1186.7432254339503,-655.2932254339503
2844.47,3220.3875358828523,-375.91753588285246
632.12,1408.1083562610322,-775.9883562610322
2705.28,3191.9037916458187,-486.6237916458185
1600.99,1985.4023621112128,-384.4123621112128
745.76,1143.8233111324519,-398.0633111324519
761.41,1233.3485842329815,-471.9385842329815
2646.85,4108.341378630252,-1461.4913786302518
4555.81,4621.553474605766,-65.74347460576519
2798.0,1363.8798929551829,1434.1201070448171
3690.28,2646.1480996507144,1044.1319003492858
2100.84,2963.014387336222,-862.174387336222
1285.67,1422.107982331305,-136.43798233130497
1202.58,1930.605967601271,-728.0259676012711
2780.89,2754.5356016487976,26.354398351202235
886.44,5145.392728403245,-4258.952728403245
1990.36,2090.866188271105,-100.50618827110497
1976.15,4475.238717051706,-2499.0887170517058
2041.11,2018.763590126716,22.346409873283847
5039.38,3427.6150627612847,1611.7649372387154
2761.41,4198.507808490489,-1437.0978084904891
1087.65,1332.0295992092092,-244.37959920920912
953.26,1100.8125189055634,-147.55251890556337
810.4,1764.9163465255083,-954.5163465255083
1308.57,3358.714757189795,-2050.144757189795
8830.35,4510.1451976064445,4320.204802393556
799.25,1231.4942138489016,-432.2442138489016
1136.27,1935.4805577057268,-799.2105577057268
720.29,1070.224423731204,-349.9344237312041
3155.72,2497.790656106661,657.9293438933387
566.05,1170.4162402292552,-604.3662402292553
600.6,2347.737407651023,-1747.1374076510233
1785.87,1262.0985937578107,523.7714062421892
6903.31,4837.059779435549,2066.2502205644514
2622.17,1784.9883978328594,837.1816021671407
1504.24,3179.3769666341063,-1675.1369666341063
3450.45,1648.105106482722,1802.3448935172778
1133.99,1553.4333591702366,-419.4433591702366
9692.89,5687.531666601177,4005.3583333988227
460.8,1542.954840848577,-1082.1548408485771
1554.59,2433.4601290339624,-878.8701290339625
1267.38,2132.076940657943,-864.6969406579428
2270.53,3123.6549163503723,-853.1249163503721
1915.36,2132.132401096292,-216.77240109629224
2945.39,6549.269773147776,-3603.8797731477757
1932.09,2111.8586084793965,-179.76860847939656
6258.79,4399.545733749416,1859.2442662505837
2033.28,2649.2470690150485,-615.9670690150485
606.45,1584.8659294929605,-978.4159294929605
2557.32,3620.5571466374836,-1063.2371466374834
857.22,1259.757031995469,-402.5370319954691
3178.96,5109.5257260889475,-1930.5657260889475
4501.23,4673.360884115099,-172.13088411509943
1588.95,1660.1239740057354,-71.17397400573532
860.4,1788.345103806535,-927.945103806535
1754.69,1225.7328683068117,528.9571316931883
829.84,1541.4261998443972,-711.5861998443971
1632.99,4653.797562491117,-3020.807562491117
2810.2,1889.4328510971113,920.7671489028885
3926.3,3046.8230904125467,879.4769095874535
1306.49,3012.2734840707762,-1705.7834840707762
2539.13,3830.25090345092,-1291.1209034509197
856.53,1057.300913368845,-200.77091336884496
1050.61,2802.469777865579,-1751.8597778655792
4067.99,3942.545327448307,125.44467255169275
355.74,2312.7489110961164,-1957.0089110961164
2431.43,1556.605957141618,874.8240428583817
2636.61,3954.981120458865,-1318.3711204588649
1934.18,4725.006438937158,-2790.826438937158
1342.83,2794.3477065601055,-1451.5177065601056
1259.82,1851.8667662933065,-592.0467662933065
3272.25,2126.1191927707064,1146.1308072292936
976.61,1996.7863402903574,-1020.1763402903574
5975.82,5101.402677527199,874.4173224728011
1040.41,2427.7978543767163,-1387.3878543767162
3410.46,3622.566700336754,-212.10670033675387
13570.6,9383.16453867515,4187.435461324851
4189.85,3992.003868324138,197.84613167586258
680.36,1832.8898333981801,-1152.52983339818
1595.4,1521.5836510323343,73.81634896766582
1981.08,2821.05020001955,-839.9702000195502
1037.02,3569.895600184507,-2532.875600184507
611.52,1720.4741413148413,-1108.9541413148413
1717.42,2219.547530377444,-502.12753037744415
1763.5,1989.2454786464434,-225.74547864644342
1443.64,2400.613630101405,-956.9736301014048
1004.08,4319.64665758913,-3315.56665758913
1495.71,2611.963184369666,-1116.253184369666
776.38,2048.2941785222797,-1271.9141785222796
3695.98,3720.616591297651,-24.636591297651194
12331.45,16126.331072597408,-3794.881072597407
1905.01,1547.5283805975384,357.48161940246155
949.15,1761.3549932748917,-812.2049932748918
1471.02,2562.1341222687397,-1091.1141222687397
2055.31,3292.402669198661,-1237.092669198661
784.6,1430.7328560220162,-646.1328560220162
678.92,2785.4771125539805,-2106.5571125539805
3602.7,1901.236020908443,1701.463979091557
1844.51,3453.611780529742,-1609.1017805297422
1591.03,5761.152274913883,-4170.122274913883
5964.19,3459.0811214407145,2505.108878559285
1120.07,1325.5432677682647,-205.4732677682648
1111.09,1244.0426350345729,-132.95263503457295
7036.75,1751.773316399258,5284.976683600742
1563.0,2129.4531675632747,-566.4531675632747
906.04,1846.426601047741,-940.3866010477411
2166.15,2814.808123226648,-648.6581232266481
5626.51,3276.5834324958996,2349.9265675041006
8461.37,8852.635864047617,-391.26586404761656
5905.19,2015.0846725874853,3890.1053274125143
1583.11,2196.915430387628,-613.8054303876281
7378.71,2486.8619810448918,4891.848018955108
4699.49,3626.161279936931,1073.3287200630689
1768.42,1609.1492012922122,159.2707987077879
2098.38,1704.9799431321082,393.40005686789186
6643.38,3086.8820668829803,3556.49793311702
2560.03,2606.4715692942495,-46.44156929424935
1106.57,1812.9073421640255,-706.3373421640256
1160.47,2148.0789685616132,-987.6089685616132
233.15,1633.5567462711936,-1400.4067462711935
2370.52,3110.709007912659,-740.1890079126592
4188.97,4265.376335232972,-76.4063352329722
6304.7,2148.101764292216,4156.598235707784
6036.35,2200.0425592138276,3836.3074407861727
3445.83,4207.610821595439,-761.7808215954392
1325.02,1825.8155528558107,-500.7955528558107
2183.38,4045.969457048755,-1862.5894570487549
624.94,1948.342811898248,-1323.402811898248
770.15,965.3217976018085,-195.17179760180852
1538.57,1683.2897383925344,-144.7197383925345
1384.71,2044.2959947465883,-659.5859947465883
7079.41,6347.487635725167,731.922364274833
886.41,5591.951991514552,-4705.541991514552
1643.97,2361.9651209845306,-717.9951209845306
3183.28,3085.125438539893,98.15456146010729
5818.29,2834.9741564815336,2983.3158435184664
1163.84,1215.0573740738623,-51.2173740738624
1444.97,3677.644660478323,-2232.674660478323
2517.53,3027.8208142298095,-510.29081422980926
1966.48,1961.0725814299349,5.407418570065147
3450.78,2064.721335443921,1386.0586645560793
3383.41,2808.691509281538,574.7184907184619
5089.85,3395.5329714171253,1694.317028582875
1275.55,1550.1999062118086,-274.6499062118087
1036.33,2048.6524614844825,-1012.3224614844826
3035.67,1687.198498261598,1348.4715017384021
2065.27,2947.569324248976,-882.2993242489761
1236.76,1842.3982829886656,-605.6382829886657
2085.47,1735.022137159954,350.4478628400459
3748.63,4468.277032257468,-719.6470322574678
1166.58,1755.5897095839882,-589.0097095839883
813.95,2677.5126280400605,-1863.5626280400604
6065.13,6207.266702809478,-142.13670280947827
15116.85,8070.031838571429,7046.818161428571
1690.56,1499.576135065357,190.98386493464295
647.89,1098.499698277873,-450.609698277873
7329.04,6047.641865007272,1281.398134992728
813.64,1177.6443712461278,-364.0043712461278
595.78,1331.2159678736612,-735.4359678736612
1027.68,2410.3378330564256,-1382.6578330564255
1649.12,2448.367860536871,-799.247860536871
1584.64,1665.6492559818764,-81.00925598187632
2017.67,2115.8686293636324,-98.19862936363234
748.56,1293.6101887374932,-545.0501887374933
6980.84,6566.644604922808,414.1953950771922
7375.91,12132.446522380947,-4756.536522380948
1186.07,2526.772807654297,-1340.7028076542972
895.92,1796.1213607474385,-900.2013607474386
1323.61,1952.9722858948014,-629.3622858948015
2756.39,5006.184646593708,-2249.794646593708
4398.3,6979.863195757702,-2581.5631957577016
849.67,1735.484491757368,-885.814491757368
2261.7,1465.5637875243908,796.136212475609
3178.22,1516.2793982316825,1661.9406017683173
955.6,2550.4783467422217,-1594.8783467422218
7972.47,9002.707940546075,-1030.2379405460752
9599.64,6980.640075332895,2618.999924667104
913.13,2380.857311124253,-1467.727311124253
1113.44,4537.009304994363,-3423.5693049943634
1417.18,3685.1482901027007,-2267.968290102701
1492.98,2191.047798340484,-698.0677983404839
3166.63,2089.155407897601,1077.4745921023991
4312.86,5144.83791534626,-831.9779153462605
6763.17,6504.495147788477,258.6748522115231
3626.51,4346.929311510736,-720.4193115107355
914.18,2201.908259462501,-1287.7282594625012
1233.64,2446.825749297843,-1213.1857492978427
1379.07,1487.0491749230741,-107.9791749230742
801.25,2038.0068227412467,-1236.7568227412467
3511.08,6082.124624887731,-2571.0446248877315
1348.03,2313.5963884909206,-965.5663884909206
568.03,2324.8766179293607,-1756.8466179293607
3773.33,5059.614901773419,-1286.2849017734188
2236.06,2685.555114394457,-449.49511439445723
6257.58,3080.000014678875,3177.579985321125
612.77,1291.4591058712049,-678.6891058712049
2125.58,1665.3697451095347,460.2102548904652
4737.09,4484.192504239306,252.89749576069426
1511.48,1575.2727488013036,-63.79274880130356
6439.63,6792.790330378596,-353.160330378596
834.36,1693.3611721804964,-859.0011721804964
2585.5,2163.5217258286384,421.9782741713616
2826.29,1381.098961119218,1445.191038880782
2662.95,1930.5588125188692,732.3911874811306
1379.7,1692.2117630326036,-312.51176303260354
3268.2,3608.351299223921,-340.15129922392134
4764.42,5251.913785265566,-487.49378526556575
8351.07,8233.861466027503,117.2085339724963
2646.42,2253.6545275604967,392.76547243950336
3583.8,2243.0193280835247,1340.7806719164755
14267.91,3454.0986135631883,10813.811386436812
2388.31,2085.018438279296,303.29156172070407
1218.54,1639.1644011493686,-420.6244011493686
1573.35,1411.5785854512924,161.77141454870753
575.48,996.9218079870011,-421.4418079870011
8954.31,9519.750922395817,-565.4409223958173
2968.2,3276.1975683549495,-307.99756835494964
1574.57,2497.4280357210628,-922.8580357210628
6654.87,3049.9255637528536,3604.9444362471463
686.4,996.4073026936691,-310.0073026936691
1724.14,3691.768542375791,-1967.628542375791
801.36,3833.177942121088,-3031.817942121088
686.82,1192.8280385202768,-506.0080385202767
2077.9,2107.634157907901,-29.734157907901135
1203.55,1224.7898898698822,-21.23988986988229
750.0,1853.710952617488,-1103.710952617488
8454.41,5600.3947549375225,2854.0152450624773
1088.85,2251.473711622685,-1162.6237116226853
2390.59,3164.969394103504,-774.3793941035037
8139.87,4579.035267664061,3560.8347323359385
2192.59,1905.6849555562353,286.90504444376484
2401.37,1585.8632200310997,815.5067799689002
1092.16,2380.1168458710927,-1287.9568458710926
1514.05,1505.5796469123106,8.470353087689318
17647.79,8829.231840476194,8818.558159523807
6975.35,6667.381251913006,307.9687480869943
6021.69,3879.2190143372577,2142.470985662742
3085.79,3160.8146603787895,-75.02466037878958
833.87,1947.5238579891188,-1113.653857989119
1497.28,3263.4434842819296,-1766.1634842819296
1045.86,1486.7269917614478,-440.86699176144793
6449.39,5220.630470799057,1228.7595292009437
986.34,1548.5191899889116,-562.1791899889116
1208.18,1603.5666127096424,-395.38661270964235
1365.8,3806.039091243103,-2440.239091243103
2264.63,2994.1100059659175,-729.4800059659174
1803.74,1646.5402767409198,157.1997232590802
3841.29,3837.5284946095157,3.761505390484217
9583.07,7032.66940317109,2550.4005968289093
2471.83,4084.057595106838,-1612.2275951068382
609.65,1348.241648604995,-738.5916486049949
905.22,873.5770035025146,31.642996497485456
2005.08,1953.5884610798319,51.49153892016807
1461.56,1524.8089852016235,-63.248985201623555
1966.67,4316.964726165944,-2350.2947261659438
2184.78,1765.8213656941732,418.958634305827
421.36,1995.6264850558418,-1574.2664850558417
1175.59,1224.739446164174,-49.14944616417415
1780.13,2308.5882961500447,-528.4582961500446
1031.78,1805.3675029053652,-773.5875029053652
2731.15,3217.7227075755286,-486.5727075755285
9448.79,7531.905898368434,1916.8841016315673
5740.76,3158.925307008346,2581.8346929916543
2727.93,2503.338673639551,224.59132636044887
2548.05,1706.9896936579198,841.0603063420804
9612.96,6591.80184444317,3021.158155556829
941.95,2812.9796209177966,-1871.0296209177966
6064.14,3292.4777673722956,2771.6622326277047
2650.77,2327.406213156726,323.36378684327383
849.31,1130.489340027431,-281.17934002743095
858.31,1847.9169194368849,-989.6069194368849
2808.68,2307.328511158841,501.3514888411587
1114.59,1680.0505450586131,-565.4605450586132
864.33,1912.6650780300743,-1048.3350780300743
749.31,1206.8855496259055,-457.5755496259055
2285.94,2305.935743019958,-19.9957430199579
1529.06,2434.4007057375306,-905.3407057375307
3378.28,5700.894869051637,-2322.614869051637
7082.48,4757.033224701617,2325.446775298383
1600.78,2729.0958157808504,-1128.3158157808505
385.04,1076.2369206348144,-691.1969206348144
1621.44,1260.52621072381,360.9137892761901
1738.22,4086.114023080756,-2347.8940230807557
5110.59,3806.5916680115943,1303.9983319884059
3015.93,3065.151439008638,-49.2214390086383
2605.5,1966.0090845177733,639.4909154822267
2406.11,1922.9438963922394,483.16610360776076
1660.23,1303.4547813278612,356.77521867213886
2233.23,1785.1649739093577,448.0650260906423
1080.0,1268.9485533552797,-188.94855335527973
1271.8,1749.1935483959605,-477.3935483959606
643.82,2155.3313968849716,-1511.5113968849714
676.0,1116.194359295985,-440.1943592959849
1941.27,1515.1099208044209,426.1600791955791
1573.87,3080.7650579132815,-1506.8950579132816
928.48,1311.011142670916,-382.53114267091587
3074.59,1579.2601547064323,1495.3298452935678
563.76,816.1896418815572,-252.42964188155725
8188.11,7295.633008938923,892.4769910610767
2411.32,2155.0113372511537,256.3086627488465
1200.07,1392.6028161837137,-192.53281618371375
3144.18,3041.5588822281197,102.62111777188011
776.02,1237.9238879331215,-461.9038879331215
1916.18,2836.182957860423,-920.0029578604228
1167.28,1466.3460253197582,-299.0660253197582
4110.13,2307.7382337010185,1802.3917662989816
1510.95,2668.508868000961,-1157.5588680009607
1220.13,1896.1096897352895,-675.9796897352894
4423.87,1618.249994159171,2805.620005840829
2994.4,1618.9368177407543,1375.4631822592457
9573.66,3058.0158071215224,6515.644192878477
509.94,1189.8470351781593,-679.9070351781593
7535.43,4966.397766366335,2569.032233633665
604.01,1450.5752610542688,-846.5652610542688
1212.48,2078.9573451865062,-866.4773451865062
5697.79,7522.856638478373,-1825.0666384783726
2720.71,4436.250683095238,-1715.540683095238
6360.02,6293.3068572161055,66.71314278389491
913.25,1776.0102126586892,-862.7602126586892
2527.79,3082.0165919018855,-554.2265919018855
1259.8,983.8688166878361,275.93118331216385
6160.33,5025.346858452381,1134.9831415476192
1290.02,5921.877761462706,-4631.857761462707
1465.91,2379.3586096109893,-913.4486096109893
727.13,1258.532135228938,-531.4021352289379
6675.0,7106.31184599213,-431.31184599212975
1808.13,2088.0034303629714,-279.87343036297125
1781.17,1686.4528866688963,94.71711333110375
3469.34,5512.7115745436495,-2043.3715745436493
1016.1,1004.2329991453695,11.867000854630533
2948.32,2071.1775200914017,877.1424799085985
2606.62,4049.1148020198616,-1442.4948020198617
17312.88,10517.30338833333,6795.576611666671
3649.23,1819.5630072696244,1829.6669927303756
1009.47,1165.7111482963394,-156.24114829633936
2663.73,2155.910596427099,507.81940357290114
4638.06,5988.239932468715,-1350.1799324687145
1128.68,923.69072548674,204.98927451326006
966.09,10103.388608203824,-9137.298608203824
5789.58,2949.9254019444834,2839.6545980555165
1036.61,2399.6870950751745,-1363.0770950751746
915.82,1214.0726079383626,-298.25260793836253
1836.31,2021.5143003755513,-185.20430037555138
1336.72,2163.70366209619,-826.9836620961898
1531.83,3379.005939022989,-1847.175939022989
874.4,2510.5620415981234,-1636.1620415981233
4015.57,4002.9131875857656,12.656812414234537
8355.06,4581.8415256214,3773.2184743785992
3178.97,2996.8684138799536,182.10158612004625
5139.57,2493.151216284661,2646.4187837153386
1299.33,810.3554434929316,488.9745565070683
864.57,1605.9010054569098,-741.3310054569098
6156.97,5579.830185693347,577.1398143066535
3305.59,1526.996492873917,1778.593507126083
1003.98,1459.4907799693176,-455.5107799693176
1282.96,1535.3826964416003,-252.42269644160024
12162.78,5363.5285789572235,6799.251421042777
5579.06,2153.296058131688,3425.7639418683125
2732.27,8342.765539471478,-5610.495539471478
563.76,1283.4521764804156,-719.6921764804156
3365.55,2959.3477784050488,406.2022215949514
1225.46,1661.2016863188633,-435.74168631886323
2606.56,2350.497534727997,256.062465272003
1076.85,1115.4122435657569,-38.562243565756944
2238.46,1778.4981133716074,459.9618866283927
970.29,1718.6513784786346,-748.3613784786346
5165.0,1094.1870022180553,4070.8129977819444
1082.51,1108.573974807422,-26.063974807422028
588.1,2592.0296476528733,-2003.9296476528734
4240.72,3870.943998496026,369.7760015039744
5703.83,6944.31098674044,-1240.4809867404401
1851.63,1996.29246078216,-144.66246078216
2862.05,5476.49333556663,-2614.4433355666297
4708.41,3161.131535526498,1547.278464473502
1108.78,2542.6983469970182,-1433.9183469970183
1356.57,2330.861825585458,-974.2918255854581
2246.91,2433.2252996702105,-186.3152996702106
993.33,1602.1858070316957,-608.8558070316957
3094.42,1447.9929472667582,1646.427052733242
3353.88,5066.412090464376,-1712.5320904643759
1133.77,1784.185446789428,-650.415446789428
2795.56,3636.3188638365473,-840.7588638365473
686.64,1828.0199461627333,-1141.3799461627332
8466.14,6595.993929307754,1870.1460706922453
1302.54,3130.9285006162736,-1828.3885006162736
1144.18,1764.3234206019085,-620.1434206019085
2554.41,1120.9385268616124,1433.4714731383874
2181.67,2756.2875870838247,-574.6175870838247
990.16,1590.6372778600312,-600.4772778600312
1437.07,2498.8960622182817,-1061.8260622182818
5566.47,4522.50633690381,1043.9636630961904
1388.11,3708.2336329135787,-2320.123632913579
902.91,1429.9493165222095,-527.0393165222096
2482.38,2218.470103921218,263.9098960787819
2087.23,2186.0730274767234,-98.84302747672336
6548.79,7701.515084466667,-1152.7250844666669
3577.5,2311.486642985877,1266.013357014123
4540.11,1946.0153133071178,2594.0946866928816
2934.18,3076.463248373353,-142.28324837335322
5389.66,3017.7185029943917,2371.941497005608
408.91,1272.051645783733,-863.1416457837329
2988.95,3142.128824756882,-153.17882475688202
3454.03,2769.7200339156657,684.3099660843345
8283.74,6231.814666787819,2051.9253332121807
1446.07,1913.2177472839132,-467.1477472839133
1330.16,1296.2878062285954,33.87219377140468
860.2,3882.4587928502137,-3022.2587928502135
3006.64,8507.93101686566,-5501.29101686566
545.57,2761.1347601393936,-2215.5647601393935
2499.15,2419.9211094054945,79.22889059450563
3122.79,2109.489295900018,1013.3007040999819
11155.69,10968.294798571433,187.39520142856782
931.48,999.1488358005145,-67.66883580051444
2811.33,3171.357838392599,-360.0278383925993
3793.76,5334.896989935586,-1541.136989935586
1521.33,2070.7175949308826,-549.3875949308826
4640.16,1465.6863734260944,3174.4736265739057
2104.79,1838.200966546883,266.58903345311705
7052.05,4781.492707498185,2270.557292501815
697.0,2744.3604897351233,-2047.3604897351233
23075.22,12086.968566547625,10988.251433452377
851.86,1131.0484522681613,-279.1884522681613
3283.29,1793.319462928343,1489.970537071657
1178.1,2060.0979491947915,-881.9979491947915
9064.81,7202.616908928575,1862.1930910714245
3465.22,4641.458673251234,-1176.2386732512346
2404.37,4385.226160341309,-1980.856160341309
2506.05,3846.1623579273264,-1340.1123579273262
3044.08,3097.5366807075097,-53.456680707509804
3527.91,2607.971414831529,919.938585168471
2576.97,3045.3111050019534,-468.34110500195357
4359.41,4035.625007637543,323.7849923624567
4704.79,1865.3529566795187,2839.4370433204813
16336.82,7967.483427946974,8369.336572053026
719.78,1015.1496834004724,-295.36968340047247
663.38,1845.5584242806171,-1182.178424280617
1657.08,1075.3215195352286,581.7584804647713
2074.27,3078.367548005549,-1004.097548005549
280.08,2564.7420646302453,-2284.6620646302454
1315.14,1092.5339326717683,222.6060673282318
1617.12,832.6087455852555,784.5112544147444
3377.64,2749.3923641619244,628.2476358380754
2881.33,2236.010222426018,645.3197775739818
6492.05,6993.26217399483,-501.21217399482975
5727.15,2199.701099804379,3527.448900195621
685.42,1783.1897396425782,-1097.7697396425783
2764.35,3096.027456398664,-331.67745639866416
11793.05,6093.273445474077,5699.776554525923
937.33,1186.9853308493882,-249.65533084938818
3805.09,2572.8852737816883,1232.2047262183119
5436.48,2416.9100209463145,3019.569979053685
2261.27,1627.9584772810822,633.3115227189178
2499.25,1694.2157675067938,805.0342324932062
7077.89,2657.917176560193,4419.972823439807
669.42,1640.954213830668,-971.5342138306681
1627.46,1207.2356009659422,420.2243990340578
1603.01,2611.433731112273,-1008.4237311122731
724.67,1781.0202925103533,-1056.3502925103535
4754.13,5977.305182172938,-1223.1751821729376
6053.69,3144.201884994327,2909.4881150056726
609.0,1105.9289780194822,-496.9289780194822
3070.07,2015.2543523388185,1054.8156476611816
2623.3,2437.282770527113,186.01722947288727
2797.06,4246.093384679056,-1449.0333846790559
6845.48,5978.116308639154,867.3636913608452
1762.31,3312.6925263482017,-1550.3825263482017
1192.27,1553.8722002118243,-361.6022002118243
1302.28,2997.6431894366474,-1695.3631894366474
929.55,1892.301698191569,-962.751698191569
2594.69,1249.3121254334196,1345.3778745665804
3068.06,2527.855340478439,540.2046595215611
2678.75,2706.768268155216,-28.018268155215992
3711.06,1864.5881135167551,1846.4718864832448
2746.77,1893.4275250786488,853.3424749213511
4354.33,5470.717362566781,-1116.3873625667811
1711.74,1996.7658902179592,-285.02589021795916
3096.24,3847.468408476663,-751.2284084766634
1788.15,3126.353496068053,-1338.203496068053
1858.54,2347.7714692116024,-489.2314692116024
8506.13,5949.348945209611,2556.781054790388
8538.99,4078.781653717455,4460.208346282545
611.37,4099.9298609507705,-3488.5598609507706
1030.35,1664.8773050483862,-634.5273050483863
849.14,1253.5528854863435,-404.4128854863435
7916.83,4152.208959376801,3764.6210406231985
5134.12,5531.577934003477,-397.457934003477
1979.32,2177.5162014596253,-198.1962014596254
703.1,1152.655891926825,-449.555891926825
2851.23,1491.8115426707745,1359.4184573292255
3778.67,2755.785539604456,1022.884460395544
2399.21,1657.1137255008175,742.0962744991825
7103.17,3000.032510885335,4103.137489114665
1042.94,1678.82911712037,-635.88911712037
976.97,1683.2857822171854,-706.3157822171854
4123.19,1998.4036217080409,2124.7863782919585
3235.4,1925.490672693253,1309.9093273067472
1181.16,2011.8937183716187,-830.7337183716186
3217.13,2708.16003315033,508.9699668496701
1054.8,1656.9562012763483,-602.1562012763484
1474.07,2302.0461674750713,-827.9761674750714
691.58,1533.0786189952257,-841.4986189952257
879.14,1533.283802818235,-654.143802818235
8193.14,3492.3035404567986,4700.836459543201
684.52,1206.200192326801,-521.680192326801
13632.0,8097.447124849149,5534.552875150851
2710.89,1583.9008268164084,1126.9891731835914
600.83,1665.020474925998,-1064.190474925998
3148.9,5027.0501985451065,-1878.1501985451064
2698.68,4301.31262460249,-1602.6326246024905
677.7,2173.510315505753,-1495.8103155057531
8208.67,7539.883976731649,668.7860232683506
563.76,1763.248199101233,-1199.488199101233
5135.65,4976.210315019289,159.4396849807108
3030.39,1857.571410267515,1172.818589732485
8598.3,7205.172315244695,1393.1276847553045
2752.44,2752.908897181885,-0.4688971818850405
3802.3,2073.9602367751772,1728.339763224823
14530.86,11861.826625158728,2669.0333748412722
1816.69,2893.322662725067,-1076.632662725067
1005.89,1954.1365746210085,-948.2465746210086
3879.81,2536.6639138591677,1343.1460861408323
3767.73,4766.279908932376,-998.5499089323762
6954.14,6786.065663527692,168.07433647230846
1065.2,1163.9307717521128,-98.73077175211279
1184.33,1684.6191277463324,-500.2891277463325
2638.55,2162.6731278937978,475.8768721062024
1511.51,1702.4302927993122,-190.92029279931216
1642.2,3896.5238656684032,-2254.3238656684034
1485.33,3033.212094779793,-1547.882094779793
1413.3,1607.6753983192975,-194.37539831929757
4669.14,4323.970178141288,345.16982185871257
808.26,1315.1947745263708,-506.9347745263708
5885.91,3952.72345311304,1933.18654688696
3553.07,4071.6739248430226,-518.6039248430225
2307.53,2844.8096538555696,-537.2796538555694
1585.0,1111.3542520835008,473.6457479164992
785.31,1449.8279739306129,-664.5179739306129
1491.93,2873.5043992647406,-1381.5743992647406
1073.2,1137.0850309303705,-63.885030930370476
5517.84,5062.000354689642,455.8396453103578
960.73,1829.453780132463,-868.7237801324629
3485.53,2196.1903518916765,1289.3396481083237
715.13,1290.0528656833674,-574.9228656833674
3470.06,3024.77407398505,445.28592601494984
6164.98,3101.814337634483,3063.1656623655167
965.2,1691.323038449333,-726.1230384493329
891.5,1325.5195524038174,-434.01955240381744
5277.33,5056.715630437347,220.61436956265334
6392.67,3735.52610866035,2657.14389133965
2356.51,1916.5765560390143,439.93344396098587
5000.52,2237.9095303894355,2762.610469610565
801.86,1120.035567461607,-318.1755674616069
2041.51,2611.710314197464,-570.200314197464
1768.42,1124.174965644164,644.245034355836
997.15,2182.1236041430743,-1184.9736041430742
867.74,1774.369327653135,-906.6293276531351
7517.04,4113.359533385399,3403.680466614601
3577.45,2648.0901833184353,929.3598166815646
687.83,1445.3000663254916,-757.4700663254915
3710.12,2193.340146544598,1516.7798534554017
6978.69,7560.459645085634,-581.7696450856347
10239.88,5719.340448267567,4520.539551732432
2489.58,3721.84865249339,-1232.2686524933902
781.83,2003.840860454711,-1222.0108604547108
1476.35,1645.5310342494524,-169.18103424945252
5609.37,4221.5840524450405,1387.7859475549594
1442.44,2535.1078971123793,-1092.6678971123793
1817.87,2388.483339517542,-570.613339517542
593.46,1233.0699144130208,-639.6099144130208
7620.23,6897.689492722392,722.5405072776075
3432.0,2386.1969515094606,1045.8030484905394
2764.3,3098.295286851769,-333.9952868517689
825.79,1228.4635570662113,-402.6735570662113
1110.71,1451.3402505453205,-340.63025054532045
2839.38,5335.163460015523,-2495.783460015523
1343.36,3304.9770353792906,-1961.6170353792907
2570.8,2107.2626561602174,463.5373438397828
1019.36,2675.999175488647,-1656.6391754886467
1421.02,3217.399584699009,-1796.3795846990092
2333.65,1565.8838345126337,767.7661654873664
2067.81,2857.611784481582,-789.8017844815822
4313.72,3035.389487086187,1278.3305129138134
1096.17,1559.229896332162,-463.059896332162
2485.97,1917.3396954398218,568.630304560178
2885.62,1993.1223197203656,892.4976802796343
3234.84,3433.9752077218886,-199.1352077218885
3315.84,2793.642032511287,522.197967488713
3799.21,7310.2128100557575,-3511.0028100557574
879.25,1639.0487983896728,-759.7987983896728
1527.7,2519.890015710959,-992.1900157109587
847.91,1075.6614100408667,-227.75141004086674
2437.29,2316.7863159523813,120.50368404761866
1691.4,3112.371677069004,-1420.9716770690038
2743.35,2806.3937839661176,-63.043783966117644
1443.93,2708.6964131416144,-1264.7664131416143
1162.48,2231.6792786718693,-1069.1992786718693
1708.25,2544.1017745587333,-835.8517745587333
1343.28,1704.5935496835266,-361.3135496835266
1934.45,2580.4908476746527,-646.0408476746527
3398.35,1865.8004975803603,1532.5495024196396
5041.26,2862.5597834302725,2178.7002165697277
9431.57,6168.342075187401,3263.2279248125988
7781.33,4874.1798996065845,2907.1501003934154
2065.84,1691.4930130603407,374.3469869396595
1021.55,1063.934539660181,-42.38453966018096
1434.19,1955.2715724004258,-521.0815724004258
5286.88,2883.105484037629,2403.774515962371
6006.25,2578.482977729913,3427.767022270087
1536.49,1438.3797604766896,98.11023952331038
1966.39,1618.4406899206028,347.94931007939726
1765.16,2173.456211969359,-408.2962119693591
2421.53,3416.0653169876473,-994.5353169876471
5814.71,3228.3153957224467,2586.3946042775533
2859.95,2232.4577740964396,627.4922259035602
2069.48,1982.0911755689533,87.38882443104671
666.8,1097.7591435071834,-430.9591435071834
1331.53,1931.3373714265538,-599.8073714265538
2013.48,1718.958983419073,294.5210165809269
2928.65,3153.262075593727,-224.6120755937268
9223.81,6360.243837770431,2863.5661622295684
1186.84,1457.0151605162725,-270.1751605162726
3727.15,4144.221869001421,-417.0718690014205
2125.18,5063.803445268433,-2938.6234452684334
5176.93,2685.4232800036534,2491.506719996347
822.74,1534.6027935270572,-711.8627935270572
4531.01,4215.8463533011645,315.1636466988357
2166.63,3599.993253756573,-1433.3632537565727
4150.08,3167.886429665943,982.1935703340569
2293.88,2297.729212758557,-3.8492127585568596
5884.07,8250.946435259742,-2366.8764352597427
2743.2,4793.6543795789585,-2050.4543795789587
1739.26,5428.034374311655,-3688.7743743116544
3983.13,2298.424819967642,1684.705180032358
1771.43,4364.28203834411,-2592.85203834411
897.15,1796.0900596306074,-898.9400596306074
5800.04,4156.435006163853,1643.6049938361466
3517.37,3902.5496660173,-385.17966601729995
7378.29,6438.9852011760495,939.3047988239505
3958.8,2290.918842829399,1667.881157170601
2713.67,2184.3375721744187,529.3324278255814
3629.6,4439.658768339104,-810.0587683391045
2573.05,4180.162203154324,-1607.1122031543237
2324.22,1472.084977398027,852.1350226019729
4412.44,5381.411915709926,-968.9719157099262
1040.14,816.5635387938081,223.576461206192
11132.43,9980.485402936505,1151.9445970634952
2882.62,7624.117136695555,-4741.497136695555
2305.68,1732.6278600892617,573.0521399107381
3467.85,2105.43872836323,1362.41127163677
1628.72,1365.1508460677217,263.56915393227837
439.53,925.3987221820732,-485.86872218207327
1917.0,3276.5926735407884,-1359.5926735407884
1262.65,1740.8434687960541,-478.19346879605405
3738.52,5249.138806697979,-1510.618806697979
1666.88,1330.4509750961392,336.42902490386086
2574.77,1527.5272349008162,1047.2427650991838
5016.46,5077.328698571431,-60.868698571431196
3233.75,4304.8247727170865,-1071.0747727170865
926.71,1338.0003206609033,-411.29032066090326
5295.9,3387.424318399018,1908.4756816009817
1639.98,1777.499148435048,-137.519148435048
2842.8,4669.32970055647,-1826.5297005564698
1525.92,1510.6283601404032,15.291639859596899
3629.9,2495.014733152948,1134.8852668470522
547.25,913.6555022438012,-366.40550224380115
3482.17,2800.8932562943046,681.2767437056955
3219.2,4828.23013298662,-1609.0301329866206
2074.83,2535.217799062579,-460.38779906257923
1319.22,1941.7892820080535,-622.5692820080535
6801.14,3638.2845714199557,3162.8554285800446
702.03,1226.9290365824652,-524.8990365824652
4264.57,2035.4468963086797,2229.12310369132
3183.64,2205.3908397623263,978.2491602376736
19811.44,15463.682454166674,4347.757545833325
905.82,1307.4208529337502,-401.60085293375016
593.85,1572.788977659319,-978.938977659319
3702.84,5192.006797305193,-1489.1667973051926
2715.19,2322.4390814540234,392.7509185459767
2176.5,2242.1890770083596,-65.68907700835962
1089.1,1342.2102426497693,-253.11024264976936
512.01,1780.5216819731254,-1268.5116819731254
1302.97,1667.826345186632,-364.85634518663187
8854.17,25737.697345909077,-16883.527345909075
4248.81,3788.8832594336936,459.92674056630676
3940.82,2586.553446085512,1354.2665539144882
4470.55,1974.264317870818,2496.285682129182
5201.75,4883.6310729801535,318.1189270198465
4872.29,1878.9747749170017,2993.315225082998
961.76,1365.5565109784332,-403.79651097843316
7167.97,3248.841337460495,3919.128662539505
2370.79,2047.2496498150658,323.54035018493414
3258.79,3120.5686392584466,138.22136074155333
1994.91,3877.3611915253773,-1882.4511915253772
2218.58,2937.9207869088928,-719.3407869088928
867.89,1093.690580971872,-225.8005809718719
1739.42,4051.577865696947,-2312.157865696947
723.94,1847.9751700525908,-1124.0351700525907
8216.86,3435.8200165994353,4781.039983400566
2709.1,1834.7041507722417,874.3958492277582
1844.52,1504.0189030856016,340.50109691439843
2093.7,2413.648686374789,-319.9486863747893
9132.81,7073.048635,2059.7613649999994
2110.39,1863.678437394905,246.71156260509497
624.73,1708.3381613015829,-1083.6081613015829
1103.58,1681.9142570711251,-578.3342570711252
1275.16,2369.0442984928904,-1093.8842984928904
4482.2,5256.764434061154,-774.5644340611543
1728.91,2183.067491726362,-454.15749172636174
7910.67,4476.858083135158,3433.811916864842
4403.7,4036.467682955404,367.2323170445957
4929.32,3689.683186110863,1239.6368138891366
2721.2,2980.14212936853,-258.94212936853
875.0,2008.0900804915773,-1133.0900804915773
4568.68,4870.505553618042,-301.82555361804134
1673.4,3315.6346674570977,-1642.2346674570977
4187.88,3404.9659469683315,782.9140530316686
2660.63,2880.4894988361084,-219.8594988361083
943.72,2078.267771541817,-1134.5477715418172
4771.64,3451.4830701592477,1320.1569298407526
3004.73,3199.0683940718272,-194.33839407182722
1696.72,1744.0635079881988,-47.34350798819878
5999.19,5918.098964786227,81.09103521377256
1526.27,3370.676353280144,-1844.4063532801442
4626.12,3274.1263431593597,1351.9936568406401
526.87,1453.5596489147604,-926.6896489147604
10340.38,11421.504740595241,-1081.1247405952417
2462.52,3476.5445963081106,-1014.0245963081106
1106.7,2433.8770233259193,-1327.1770233259192
4113.43,3995.144934253401,118.28506574659923
1763.41,2590.503945142896,-827.093945142896
1674.87,1404.2083777047023,270.66162229529755
1594.02,1635.6804185394546,-41.66041853945467
2489.93,2285.5781182498235,204.3518817501763
2750.98,2910.270976973309,-159.29097697330917
2040.48,2402.559018296453,-362.0790182964529
2097.97,2180.6482252569704,-82.67822525697056
3369.9,3549.0301979964966,-179.13019799649646
413.31,1500.121581606526,-1086.811581606526
2262.9,1865.4082853729217,397.4917146270784
2777.47,1660.0223535188034,1117.4476464811964
602.84,1699.3048163490207,-1096.4648163490206
6267.97,6053.805255200367,214.1647447996329
2117.85,2477.0353787004565,-359.18537870045657
1311.23,1737.819579701958,-426.589579701958
1069.33,2679.489852034632,-1610.159852034632
1326.37,1618.1254909066708,-291.75549090667096
713.71,1334.1519343111797,-620.4419343111797
1553.45,1686.6960402837608,-133.24604028376075
461.49,1276.0173404581471,-814.5273404581471
2926.55,1949.4626819362913,977.0873180637088
1988.12,2150.7512096882456,-162.6312096882457
4289.0,3400.651984890288,888.3480151097119
2482.67,2056.3654074104047,426.30459258959536
3106.21,1797.123274434388,1309.0867255656121
1101.2,2342.278926365042,-1241.078926365042
2909.01,2487.9309071498965,421.07909285010373
1806.62,2008.334958101302,-201.71495810130205
4744.38,4296.939928983269,447.44007101673105
4834.75,1715.0888427207194,3119.661157279281
1435.14,2678.77443245803,-1243.6344324580298
5394.32,2821.5920178115175,2572.727982188482
2512.71,5928.042638430439,-3415.332638430439
721.91,1305.2987472480775,-583.3887472480775
516.79,917.1536861991034,-400.3636861991034
6807.79,4536.705790052917,2271.084209947083
1298.84,2278.0428419271134,-979.2028419271135
3131.25,3509.2837741059197,-378.03377410591975
6252.63,6259.333139170273,-6.703139170273062
8787.79,6201.224132824968,2586.5658671750325
1210.14,2614.332843461453,-1404.192843461453
10965.17,11960.319973167218,-995.1499731672175
4491.27,5312.61213030652,-821.3421303065197
1158.57,1445.290449506843,-286.7204495068431
3045.6,1397.5639451627953,1648.0360548372046
5159.54,3995.62371399702,1163.91628600298
1676.45,1953.355276138185,-276.90527613818495
3167.41,2274.575188178999,892.834811821001
1114.79,1678.868018936158,-564.0780189361581
2738.17,3273.978209560779,-535.8082095607788
1434.54,2136.5670319565515,-702.0270319565516
5417.5,3843.5028176401433,1573.9971823598567
4037.72,5443.389581181967,-1405.6695811819668
3578.47,2195.084685422426,1383.3853145775738
2566.21,1499.128792134496,1067.081207865504
1299.3,3827.458640272487,-2528.158640272487
719.14,1367.9960643099816,-648.8560643099817
2645.94,1941.8355629940647,704.1044370059353
4689.92,3352.4782600114813,1337.4417399885187
1341.73,1903.3432048444997,-561.6132048444997
1574.53,2939.384143158513,-1364.854143158513
2085.28,1754.614843969987,330.6651560300131
2933.51,1808.450431162726,1125.0595688372741
4051.89,5056.694435271911,-1004.8044352719112
3565.41,4283.218453247222,-717.8084532472221
1379.49,1423.7848187681477,-44.29481876814771
1698.81,1864.376683238139,-165.56668323813915
943.25,1026.6947324815717,-83.44473248157169
2692.32,1850.338353194552,841.9816468054482
3852.79,2379.1536901240756,1473.6363098759243
2696.58,4313.686243737627,-1617.1062437376268
1157.45,1767.4007268958103,-609.9507268958102
5890.9,4873.2846959355265,1017.6153040644731
2877.4,1737.137632378209,1140.262367621791
2476.8,1898.747369052411,578.0526309475893
4959.39,6112.436865181037,-1153.046865181037
1563.56,3605.7211828614613,-2042.1611828614614
6404.09,3650.8861285293347,2753.2038714706655
1422.75,2339.5596916089376,-916.8096916089376
1255.92,1149.7231975927002,106.19680240729986
2372.06,2710.18106795287,-338.1210679528699
483.24,912.0582870604624,-428.81828706046235
783.96,1692.0933451729309,-908.1333451729308
411.42,840.5890437460308,-429.1690437460308
1226.43,1798.559511402485,-572.1295114024849
1746.54,2546.510435643084,-799.9704356430839
5116.83,1173.5814376876676,3943.248562312332
5736.39,5541.252521103315,195.13747889668502
685.69,1359.4790040411806,-673.7890040411805
549.0,1189.538104755183,-640.538104755183
244.82,1189.8142647936231,-944.9942647936232
4259.52,5496.543478007228,-1237.0234780072278
6159.16,5188.082808298357,971.0771917016427
6143.89,3045.7184912277244,3098.171508772276
612.69,1637.9786601559456,-1025.2886601559455
4360.82,4430.706863161486,-69.88686316148596
3905.84,4696.3650943101375,-790.5250943101373
4012.73,2249.9145542247825,1762.8154457752175
6033.64,4742.265453013783,1291.374546986217
3723.78,5814.118997958026,-2090.3389979580256
1932.75,3517.434265413829,-1584.684265413829
2600.09,4317.971641881431,-1717.8816418814313
1428.46,1660.4034622170468,-231.94346221704677
6057.73,6013.595110017435,44.134889982564346
1866.16,3808.4832614279735,-1942.3232614279734
3211.0,2455.608736678605,755.391263321395
1394.23,2568.5255993630135,-1174.2955993630135
9093.79,5309.523697785103,3784.266302214898
859.61,1082.6010618383239,-222.99106183832384
2185.28,4555.955557345064,-2370.675557345064
5134.7,2368.7285587955216,2765.971441204478
2532.33,2469.920706144945,62.409293855054784
626.29,851.7909510853628,-225.50095108536289
1853.9,2421.2370022801992,-567.3370022801992
694.0,1076.1206196289072,-382.1206196289072
1540.53,2774.422247997024,-1233.892247997024
3184.69,7593.573771349207,-4408.883771349207
3985.56,2036.9833179364477,1948.5766820635522
649.41,1765.1822370021164,-1115.7722370021165
6792.78,3001.6680804249772,3791.1119195750225
938.62,1966.3797303807714,-1027.7597303807715
2752.6,1459.3984535011214,1293.2015464988785
1569.7,1766.886515926447,-197.18651592644687
6615.34,6539.948525911853,75.39147408814733
1385.16,995.4243389098534,389.73566109014666
527.88,2140.392693708896,-1612.5126937088958
4067.17,7223.692784737034,-3156.5227847370343
851.07,1586.861591057069,-735.791591057069
2137.71,2353.4543575001885,-215.74435750018847
2160.35,2652.8609731723527,-492.5109731723528
1613.17,1144.2754820357682,468.8945179642319
1724.94,1682.7155287616727,42.224471238327396
2893.42,2253.5497730927295,639.8702269072705
540.2,1044.890683488553,-504.69068348855285
1823.58,2447.5431353235576,-623.9631353235577
1224.89,5769.646304827495,-4544.756304827495
843.66,1928.7230020390934,-1085.0630020390936
441.55,1212.8992992385743,-771.3492992385743
984.95,1788.5614197726097,-803.6114197726097
7493.57,6619.575498007235,873.9945019927645
2946.13,1966.532410607327,979.5975893926732
2085.64,2519.727747774551,-434.0877477745512
836.01,879.3822307028864,-43.37223070288644
2029.82,3116.517782392394,-1086.6977823923942
2247.67,1847.187951730814,400.4820482691862
1296.88,2909.855949365079,-1612.975949365079
807.02,1843.8857246308335,-1036.8657246308335
2005.96,2282.4357779724874,-276.4757779724873
527.53,2143.653320008918,-1616.123320008918
344.93,1588.646872153892,-1243.716872153892
904.15,1051.5794346148693,-147.42943461486936
865.43,2734.303967223106,-1868.8739672231063
8838.57,2755.3230820556037,6083.246917944396
12019.28,6695.391363581063,5323.8886364189375
927.35,2747.9031407917555,-1820.5531407917556
1526.54,1885.3748951403788,-358.8348951403789
4219.19,5050.401373722373,-831.2113737223735
1011.42,2286.9243742929143,-1275.5043742929142
610.19,4170.245075480078,-3560.0550754800784
3119.58,1717.3276971791975,1402.2523028208025
2317.38,2785.0558138484876,-467.67581384848745
4865.84,2812.2021992193145,2053.6378007806857
812.71,3410.5909317198652,-2597.880931719865
827.72,1715.5498876274644,-887.8298876274644
531.58,1075.2970507673276,-543.7170507673276
6361.17,4698.375567893102,1662.794432106898
2743.58,1702.2514962648024,1041.3285037351975
2133.7,3406.392639682164,-1272.692639682164
824.7,1655.677744901158,-830.9777449011578
2161.73,1542.963299263306,618.766700736694
2046.68,1161.6609789065099,885.0190210934902
3887.69,3460.100798006073,427.58920199392696
3440.95,1500.9931066674742,1939.9568933325256
11976.85,8928.81548986391,3048.034510136091
815.1,1687.9773230210503,-872.8773230210503
575.19,2227.713898653139,-1652.523898653139
2327.23,4325.740016197735,-1998.5100161977348
2287.04,3849.014818706436,-1561.974818706436
823.89,1181.6178086527248,-357.7278086527248
3740.67,2945.9503848573054,794.7196151426947
2211.47,3043.1935897406215,-831.7235897406217
741.29,1326.0420791985111,-584.7520791985112
3881.03,6200.109019251836,-2319.0790192518357
1337.66,2634.9612879694755,-1297.3012879694754
3982.05,3577.7977133972813,404.25228660271887
677.64,1332.6139550241503,-654.9739550241503
2159.99,3128.647214989379,-968.6572149893791
1069.73,1757.501008648441,-687.771008648441
3644.64,2548.7614095120666,1095.8785904879333
566.28,898.6939988496608,-332.41399884966086
1386.79,1984.2408991157897,-597.4508991157898
3313.45,1710.3809273523566,1603.0690726476432
2535.08,2261.81684698708,273.2631530129197
369.44,1064.4515555894716,-695.0115555894715
2204.58,1347.0223882859336,857.5576117140663
2741.29,2743.0938499462313,-1.8038499462313666
1042.49,1641.4300654970625,-598.9400654970625
1535.05,1429.9534906382175,105.09650936178241
3041.95,2108.477996960286,933.4720030397139
1686.97,3889.7220541963306,-2202.7520541963304
1620.49,3131.7167664013896,-1511.2267664013896
3823.7,2928.623290291906,895.0767097080939
4063.61,2935.2819953303597,1128.3280046696404
2049.67,3887.0716061278445,-1837.4016061278444
2688.52,4987.265599680241,-2298.7455996802414
928.54,1352.184172912393,-423.64417291239306
13769.15,4085.095478581028,9684.054521418971
1091.69,1406.7155034440093,-315.02550344400925
3184.56,2038.5570175388837,1146.0029824611163
2211.27,1163.421897933574,1047.848102066426
4586.58,6566.706057770563,-1980.1260577705634
2681.51,2086.107177979171,595.4028220208293
980.11,1254.3193460133195,-274.20934601331953
3373.7,2842.100823912819,531.5991760871807
1282.69,2298.5717395750994,-1015.8817395750993
5210.45,2558.8139933450684,2651.6360066549314
885.03,1625.259819219504,-740.229819219504
2271.82,2502.216298698782,-230.39629869878172
1077.92,2541.3418365736184,-1463.4218365736183
2810.54,2637.3507822590664,173.1892177409336
3455.26,2525.953563799069,929.3064362009313
3285.42,3513.640452234833,-228.22045223483292
2491.99,3424.415109009469,-932.425109009469
5169.54,4189.499138473848,980.0408615261522
2963.55,4029.885439387676,-1066.3354393876757
557.7,1038.8816034338154,-481.1816034338153
8524.39,4611.938456764071,3912.4515432359285
3605.41,2122.797822936629,1482.6121770633708
3842.45,6625.669171576537,-2783.2191715765375
15523.43,10580.676610396826,4942.753389603175
11170.31,4949.444685549321,6220.865314450679
2602.97,4508.942842923926,-1905.9728429239262
3681.96,1290.611334578046,2391.348665421954
2700.53,1517.7618586867638,1182.7681413132364
1430.06,2309.055292231217,-878.9952922312173
1943.92,1457.641771229297,486.278228770703
6135.53,4892.56489312469,1242.96510687531
3596.66,3857.091583495399,-260.4315834953991
2299.58,3069.2563571749024,-769.6763571749025
378.25,1566.5764446369533,-1188.3264446369533
2081.48,2141.7984848530477,-60.31848485304772
2504.3,1639.177084809088,865.1229151909122
545.44,1167.6535093800317,-622.2135093800316
2070.57,5237.217523261982,-3166.647523261982
1919.37,3104.7882686801045,-1185.4182686801046
1734.13,2010.1772549942193,-276.0472549942192
2015.97,1538.5514622064902,477.4185377935098
1609.77,1571.1564089845183,38.61359101548169
1663.08,1538.4875342811229,124.59246571887707
1554.99,1494.242146731015,60.747853268984954
14186.65,10121.471710000003,4065.178289999996
797.45,1351.4586587458887,-554.0086587458886
577.16,1077.815360357519,-500.65536035751904
2252.51,2800.3777491682854,-547.8677491682852
7509.75,3345.4310461436166,4164.318953856384
1476.96,3539.5230619459217,-2062.5630619459216
3190.75,3903.6620325528183,-712.9120325528183
2392.7,2057.8770169065997,334.8229830934001
2835.09,2762.021092538375,73.06890746162526
915.19,2501.340717718007,-1586.150717718007
931.88,1339.571637918647,-407.69163791864696
6738.9,4205.365401286866,2533.534598713134
4421.13,3621.4254221671144,799.7045778328857
965.49,1266.1198250114016,-300.62982501140164
2832.78,5033.939248053973,-2201.1592480539725
923.61,2218.744264933134,-1295.134264933134
3364.5,1196.3506624349354,2168.1493375650643
3424.87,3617.1634886953047,-192.29348869530486
1927.62,1437.4588294204068,490.1611705795931
986.11,1721.2418416254773,-735.1318416254773
3023.04,2756.903196330899,266.136803669101
4284.88,1951.5887790092281,2333.2912209907718
558.54,1099.1679340307412,-540.6279340307412
2231.02,1603.3427831941297,627.6772168058703
3072.4,1906.2105382998384,1166.1894617001617
556.26,2285.961407379977,-1729.7014073799771
1331.93,1652.0170200428151,-320.0870200428151
2744.75,2070.2307475219263,674.5192524780737
863.61,2013.6147704383634,-1150.0047704383633
4064.61,2918.270617831486,1146.339382168514
1700.14,3123.5458919136495,-1423.4058919136494
1655.92,2438.3175394913105,-782.3975394913105
359.76,1137.216719086214,-777.456719086214
2238.02,3969.7426303165166,-1731.7226303165166
1172.35,2757.7938745056576,-1585.4438745056577
1349.67,1653.955329394142,-304.28532939414185
1016.91,2422.0997567661375,-1405.1897567661376
14995.06,13352.56227452381,1642.4977254761889
1156.57,2987.8179119819383,-1831.2479119819384
3231.0,1996.9072405469963,1234.0927594530037
13941.61,10262.76363623737,3678.84636376263
609.66,883.9957771869359,-274.33577718693596
762.48,1397.3888217908118,-634.9088217908118
544.35,1296.3830183213029,-752.0330183213028
936.36,1787.5360406089978,-851.1760406089978
2381.03,3341.185113287867,-960.1551132878667
509.84,2307.181212073391,-1797.3412120733913
861.17,1547.829473599652,-686.659473599652
5696.69,5782.726056073687,-86.03605607368718
1200.15,1751.2629483557812,-551.1129483557811
4657.82,5463.633005282492,-805.8130052824927
1401.62,1864.8096154225104,-463.18961542251054
1409.55,1585.966142493171,-176.41614249317104
10746.79,5163.8224545839885,5582.967545416012
497.8,1130.066063019357,-632.266063019357
1940.38,1750.3356368090747,190.04436319092542
1279.52,1970.376308788937,-690.856308788937
1116.54,3274.2224410463577,-2157.682441046358
721.9,1423.924753395277,-702.0247533952771
1570.8,2269.435889405815,-698.6358894058151
1318.34,2850.5606250237806,-1532.2206250237807
3183.43,1632.2824252131495,1551.1475747868503
1302.41,2462.068080976891,-1159.658080976891
2649.2,2737.222606364588,-88.02260636458823
980.49,1692.4704296998818,-711.9804296998818
1412.06,2310.1598580923996,-898.0998580923997
1737.68,1549.1233864320366,188.5566135679635
1629.69,1707.2426768383573,-77.55267683835723
5418.2,4470.136487704536,948.0635122954636
6010.74,5643.748002063134,366.991997936866
11410.65,10915.962171071431,494.6878289285687
4228.52,6246.53481511925,-2018.0148151192498
1052.27,2066.2621281686697,-1013.9921281686698
920.19,1296.893325662412,-376.703325662412
1079.03,2397.373969437808,-1318.3439694378078
5278.2,3890.8504650905093,1387.3495349094906
7106.8,4077.694092902449,3029.105907097551
3214.5,3550.5493384481197,-336.04933844811967
3996.93,3727.9946257115366,268.9353742884632
3912.23,2016.815490082417,1895.414509917583
1834.51,3596.6156803531594,-1762.1056803531594
3195.32,4259.41881241294,-1064.0988124129394
2620.64,1410.7134655718055,1209.9265344281944
1278.13,4742.327522233231,-3464.197522233231
2040.48,4506.6012583195225,-2466.1212583195224
2631.69,2387.082468705449,244.60753129455088
1950.76,2100.8606819798074,-150.1006819798074
3877.23,5819.3901992643605,-1942.1601992643605
5372.55,4346.79123443304,1025.7587655669604
8798.36,4617.863902417946,4180.496097582055
2071.96,3709.903134569501,-1637.9431345695011
1585.31,1480.3943275752013,104.91567242479869
1971.81,1983.8071264384607,-11.997126438460782
1616.27,1067.026561694343,549.243438305657
552.1,1898.4338660854596,-1346.3338660854597
1523.55,1896.3381116704297,-372.78811167042977
339.81,1423.6019549139485,-1083.7919549139485
173.13,1328.86013485827,-1155.73013485827
8443.54,6773.92284369353,1669.6171563064709
739.3,1200.7547788656384,-461.45477886563845
8513.68,5846.803748762734,2666.876251237266
5931.8,4289.917822573444,1641.8821774265562
980.53,3661.226386875061,-2680.696386875061
1881.75,2797.28023856686,-915.5302385668601
1453.12,1176.8256567327182,276.29434326728165
15957.15,5275.278498603933,10681.871501396066
1707.5,1644.1725135938123,63.327486406187745
1250.93,2159.6427466476343,-908.7127466476343
5965.33,3939.5892974847548,2025.7407025152452
879.23,3993.761209178798,-3114.531209178798
1625.87,1497.6766195867008,128.1933804132991
1247.13,2358.771324596345,-1111.641324596345
7811.16,4583.641117262428,3227.5188827375714
3300.84,2248.5602108137773,1052.2797891862228
1132.43,1323.81689723747,-191.38689723746984
7676.73,4503.203612333518,3173.5263876664812
4140.33,2402.5842102007027,1737.7457897992972
2753.37,3427.211936590087,-673.8419365900872
7465.82,2696.3668164472497,4769.4531835527505
8574.3,6743.067882828025,1831.232117171974
1121.68,1770.9434731328572,-649.2634731328571
2714.41,4852.012224961943,-2137.6022249619427
1107.44,1429.639300621236,-322.19930062123603
1691.37,1671.2541034574647,20.11589654253521
1523.93,1701.9450082560852,-178.01500825608514
3519.23,4547.9941836904745,-1028.7641836904745
2469.6,2674.15883361528,-204.55883361528004
4304.3,5757.2815055454985,-1452.9815055454983
1625.26,3936.3263192714894,-2311.066319271489
1861.99,3195.671601956726,-1333.6816019567261
2262.02,1622.6640313605444,639.3559686394556
951.54,1761.0028237077227,-809.4628237077227
453.2,1262.2037103124903,-809.0037103124903
3380.91,2476.46498592157,904.4450140784297
610.78,920.7859835780288,-310.0059835780288
3891.84,2528.488916939422,1363.3510830605783
2228.12,3188.419799978811,-960.2997999788113
1472.02,2106.956002843199,-634.9360028431988
1670.26,2194.9787292743763,-524.7187292743763
6591.15,4752.528080272743,1838.6219197272567
5067.05,6359.684266284295,-1292.6342662842944
620.89,1190.6074245612676,-569.7174245612676
798.97,1415.2584339863265,-616.2884339863265
5324.98,6965.11280129923,-1640.1328012992308
6627.77,9997.515028809528,-3369.745028809528
806.57,1226.3797750994252,-419.8097750994251
343.35,1256.0921056988245,-912.7421056988245
5634.57,4568.233444945105,1066.3365550548951
1958.66,3355.7820528915577,-1397.1220528915576
1339.38,2673.028183733643,-1333.6481837336428
6213.63,2977.457470905052,3236.172529094948
2443.24,2174.6299895937777,268.61001040622205
5333.0,2301.5739365257787,3031.4260634742213
1218.05,1978.839618199219,-760.7896181992191
195.18,2087.5835837665304,-1892.4035837665303
8568.7,2683.0357489039843,5885.664251096016
693.52,1951.6989489464606,-1258.1789489464607
1037.64,1221.2886194050088,-183.64861940500873
1906.57,2380.5028818733267,-473.9328818733268
5568.78,6676.250066382449,-1107.4700663824497
3718.55,7793.96526660014,-4075.41526660014
821.28,1601.3339629262846,-780.0539629262846
1965.86,1701.0902870259004,264.76971297409955
1791.7,1131.2987056126226,660.4012943873774
535.54,1768.9300583382667,-1233.3900583382667
1030.11,2087.9558130041014,-1057.8458130041015
2288.1,3337.7034570335004,-1049.6034570335005
14752.78,8487.38673580056,6265.393264199442
1454.54,2955.612404799948,-1501.072404799948
2262.49,4667.213752385816,-2404.7237523858166
779.49,1454.0344253518797,-674.5444253518797
913.31,1341.9584912570954,-428.64849125709543
3943.95,4238.3902490515065,-294.4402490515067
8367.25,12454.751363333333,-4087.501363333333
472.19,1309.9110170423653,-837.7210170423652
3871.88,3940.7149156134874,-68.83491561348728
2152.23,3027.442968356573,-875.2129683565731
1685.15,1507.2618659562327,177.88813404376742
2878.27,6459.459181947703,-3581.1891819477028
9818.86,3071.309142661158,6747.550857338842
6714.52,6556.226525703027,158.29347429697373
1532.02,3525.640144758267,-1993.620144758267
1837.35,1572.9104743211617,264.4395256788382
5227.85,7508.211009643343,-2280.361009643342
2085.36,2978.8033951726516,-893.4433951726514
811.1,3946.6070633787776,-3135.5070633787777
1220.98,2303.4392471751025,-1082.4592471751025
5405.49,6872.033054137207,-1466.543054137207
1347.6,1341.744322595707,5.855677404292919
2655.01,1929.2275695232906,725.7824304767096
2075.26,1594.9561139664843,480.30388603351594
15013.38,11198.506959007935,3814.8730409920645
1658.93,2723.7188635525254,-1064.7888635525253
1462.64,2056.5129317433984,-593.8729317433983
2322.58,4230.194863536735,-1907.6148635367354
1011.4,1107.507033244246,-96.10703324424605
4556.91,4514.607698384017,42.3023016159832
2374.05,1865.4010089281019,508.6489910718983
2520.34,1875.8533753332508,644.4866246667493
1657.13,1314.0023262716454,343.1276737283547
3706.35,3119.9188750666654,586.4311249333346
1502.91,2157.6981229095363,-654.7881229095362
1574.52,1676.995596122077,-102.47559612207692
5706.77,4686.180658197427,1020.5893418025735
4322.78,4488.415403923323,-165.63540392332288
1045.93,1484.8721032762485,-438.9421032762484
2102.32,2388.933455992269,-286.6134559922689
1324.84,1156.4311092217204,168.40889077827956
2455.09,2125.9666391168894,329.12336088311076
2830.9,1697.003865756823,1133.8961342431771
1095.89,2794.7981507214777,-1698.9081507214776
1378.27,2280.9084831393934,-902.6384831393934
1556.75,1429.2362295465855,127.51377045341451
1883.23,3361.8499122047842,-1478.6199122047842
1114.83,4791.92956978206,-3677.09956978206
378.76,1564.168934513583,-1185.408934513583
2954.62,4429.69442445432,-1475.0744244543203
197.07,1831.7460226048863,-1634.6760226048864
7829.13,6885.30756828993,943.8224317100703
2335.75,2182.9219837156197,152.82801628438028
2894.9,2429.7772873609133,465.1227126390868
4952.3,2577.7602584686106,2374.5397415313896
1567.46,1150.1688481397202,417.2911518602798
3643.81,1559.6831837556542,2084.1268162443457
2616.63,4299.828505519588,-1683.1985055195883
4289.98,2646.8992832193367,1643.080716780663
1099.04,1426.6448936538682,-327.6048936538682
5885.68,8965.572861376928,-3079.8928613769276
1650.75,2672.7893655774305,-1022.0393655774305
5056.38,5595.016351115916,-538.6363511159161
2147.2,4008.233078233187,-1861.033078233187
1069.97,1403.6980250965257,-333.7280250965257
989.26,1167.5923131005525,-178.33231310055248
1761.73,1856.3158669041122,-94.58586690411221
3374.81,3137.4763601371733,237.33363986282666
3748.98,2622.217868085539,1126.762131914461
2680.0,4779.101800608312,-2099.1018006083123
3486.69,2996.4775657266564,490.21243427334366
7256.32,5363.447020409919,1892.8729795900808
8646.52,4648.474486443623,3998.045513556377
1890.46,2033.7135422006693,-143.25354220066924
3095.13,6760.493263105048,-3665.3632631050477
6482.37,2726.1909073175048,3756.179092682495
11428.89,9108.11301230017,2320.77698769983
1512.04,2775.564154459829,-1263.5241544598289
898.55,2375.864686931364,-1477.314686931364
3055.15,1848.6108245040793,1206.5391754959207
958.04,953.4800047477663,4.559995252233648
1626.55,3024.7181543406577,-1398.1681543406578
6537.98,7154.947916443163,-616.9679164431636
2842.53,2629.5860439704043,212.94395602959594
1442.7,1742.8952284340537,-300.19522843405366
960.13,2576.8333381921,-1616.7033381921
5138.76,5077.185635792203,61.57436420779686
2307.17,2603.9920920182662,-296.8220920182662
1023.46,1074.9882583891401,-51.52825838914009
5202.59,4690.815714836974,511.77428516302643
4035.33,6054.024692545716,-2018.694692545716
2838.17,2129.9228417925765,708.2471582074236
4592.39,2852.893976538266,1739.4960234617342
1187.54,1750.3993077712878,-562.8593077712878
588.2,1730.698170300216,-1142.4981703002159
550.74,865.2554270248679,-314.5154270248679
2535.04,3195.0142188217155,-659.9742188217156
7599.04,2132.330201778235,5466.709798221766
975.82,1389.5988567950592,-413.77885679505914
6234.55,4498.20372553113,1736.3462744688704
1502.58,1785.386244580998,-282.80624458099805
1026.29,2348.059161204127,-1321.7691612041272
2837.93,2458.0684664342684,379.8615335657314
1753.02,1515.9855961229637,237.0344038770363
1114.16,1035.073633413902,79.08636658609817
3355.44,2839.581087386573,515.858912613427
2643.38,2043.9793991777199,599.4006008222802
3761.55,3047.8083101974266,713.7416898025735
1073.9,1883.7533746233562,-809.8533746233561
3052.8,2217.9463059861887,834.8536940138115
875.37,2005.238421718332,-1129.8684217183318
4929.93,5429.454060422586,-499.52406042258553
2663.54,3358.8881110442676,-695.3481110442676
761.95,1773.9127674903202,-1011.9627674903202
790.25,1861.1811203879624,-1070.9311203879624
1875.11,1661.3554695922826,213.7545304077173
335.99,2230.9934486044103,-1895.0034486044103
693.18,2657.0831662481237,-1963.9031662481239
717.11,1793.5765604896108,-1076.4665604896109
1824.33,1552.867273786627,271.4627262133729
3984.34,1891.517147162416,2092.822852837584
523.54,1710.2871491614826,-1186.7471491614826
2445.99,1349.948461862941,1096.0415381370588
3701.91,3356.53404466531,345.37595533468993
740.2,1550.1643665288557,-809.9643665288556
3702.53,2248.2653697423807,1454.2646302576195
580.31,1065.4977746260943,-485.1877746260943
4805.15,2832.5049239151535,1972.645076084846
1509.41,1794.484324000834,-285.07432400083394
8769.83,6610.079285952383,2159.7507140476173
2642.72,2974.6899580082927,-331.9699580082929
524.33,1355.0930535229604,-830.7630535229604
7850.82,6268.9779909026665,1581.8420090973332
11092.23,2730.5569250945227,8361.673074905477
2780.44,5193.535226635653,-2413.095226635653
1929.09,2175.826539783549,-246.736539783549
1957.49,2382.8835848023114,-425.39358480231135
6584.68,5592.528136263588,992.1518637364125
1412.06,2679.648308248976,-1267.5883082489759
5388.35,4185.512895809524,1202.8371041904766
3173.72,3673.4224208478477,-499.70242084784786
5225.7,4823.891718359394,401.80828164060586
1332.98,2185.3992055380427,-852.4192055380427
16044.14,13255.478737976187,2788.661262023812
1353.6,1976.826500873939,-623.2265008739391
254.54,1684.2370814231501,-1429.6970814231502
1584.05,3708.188583900015,-2124.138583900015
2119.07,1716.9547400740007,402.11525992599945
1488.6,2616.2512835717234,-1127.6512835717235
5906.68,3402.4900906079356,2504.1899093920647
1022.11,2375.8686210151122,-1353.758621015112
1596.17,1870.086810488176,-273.916810488176
875.59,1285.3695179158733,-409.77951791587327
1244.03,3660.776820339465,-2416.7468203394646
2436.61,1486.7453299867623,949.8646700132379
1280.53,2510.8919365368233,-1230.3619365368234
2588.77,2155.4110976768334,433.3589023231666
5321.49,3343.0098133419997,1978.480186658
3603.72,2200.256288193178,1403.4637118068217
1497.51,1635.9410221620028,-138.43102216200282
591.58,1151.2191515509462,-559.6391515509462
1820.38,1412.4586719548192,407.92132804518087
2829.12,2271.2347183544402,557.8852816455596
649.01,3496.377604307874,-2847.367604307874
3794.67,4457.176728047725,-662.5067280477251
2314.33,4954.735783792108,-2640.405783792108
4086.24,2553.1287438354,1533.1112561645996
619.56,1474.384300024498,-854.8243000244981
1221.58,2166.652353706368,-945.0723537063682
3457.98,2953.7366729776113,504.2433270223887
624.98,852.7486304002721,-227.76863040027206
888.25,1537.0130382565405,-648.7630382565405
5275.27,2387.2797683029085,2887.990231697092
11670.31,7965.680522276568,3704.6294777234316
4300.62,5851.374364236441,-1550.7543642364408
2181.93,6402.829685068404,-4220.899685068403
915.05,1160.0078115586389,-244.95781155863892
4608.26,5092.473802520783,-484.21380252078234
971.78,2666.241766778997,-1694.461766778997
2232.13,2151.1517012904496,80.97829870955047
6992.25,3913.523462527849,3078.726537472151
4453.05,2199.054512368017,2253.995487631983
3423.57,4347.661975049953,-924.0919750499529
628.76,884.0382722878676,-255.2782722878676
2719.93,3880.816671756677,-1160.886671756677
5304.63,6028.420495298522,-723.7904952985218
19841.53,14092.757562499994,5748.772437500005
6175.24,4611.239759524133,1564.000240475867
8017.88,6708.111064841271,1309.7689351587287
5858.01,3391.6814227255427,2466.3285772744575
12381.91,6937.518695238094,5444.391304761906
545.45,1613.5332725414246,-1068.0832725414245
3956.06,3401.817945084557,554.2420549154431
1270.8,2142.5602437969837,-871.7602437969838
964.13,1459.3922148166562,-495.2622148166562
2090.32,2518.559341619115,-428.23934161911484
962.06,1204.9580672948662,-242.89806729486622
2859.39,1808.5677308726176,1050.8222691273822
668.25,1527.7988816102186,-859.5488816102186
996.02,5268.84398209184,-4272.823982091841
844.36,2068.1936260484736,-1223.8336260484734
1653.03,1706.115991483251,-53.085991483251064
1268.59,1173.8376871152373,94.75231288476266
1239.7,2426.7577147797238,-1187.0577147797237
8339.46,6894.644064437797,1444.815935562202
4208.22,3530.6433383231474,677.5766616768528
870.61,1431.5172851574764,-560.9072851574764
4786.29,3178.551694911694,1607.7383050883059
818.5,1578.3009842175024,-759.8009842175024
1216.66,1519.3177559611752,-302.6577559611751
909.03,2874.569585899632,-1965.539585899632
594.18,891.8081601082864,-297.62816010828647
6103.07,3819.5058250411903,2283.5641749588094
4018.77,1638.4816470350809,2380.288352964919
859.78,1770.9313091159531,-911.1513091159532
3521.69,3256.3848337313957,265.30516626860435
2369.11,2148.053854198134,221.05614580186602
1564.65,1504.2364914463576,60.41350855364249
1815.42,3377.5131711715726,-1562.0931711715725
4023.36,4644.039946790863,-620.6799467908627
6654.57,7290.516858826411,-635.9468588264117
1278.24,1940.5828190441462,-662.3428190441462
3792.72,4121.69931453344,-328.9793145334402
485.97,1159.137739561724,-673.1677395617239
1959.86,2441.8876101318906,-482.0276101318907
1218.24,1637.9711594733524,-419.73115947335236
2163.77,2938.6786410131344,-774.9086410131345
3546.24,3552.7036273948183,-6.463627394818559
5855.52,2814.2718206197464,3041.248179380254
1251.62,921.5039028325856,330.1160971674143
1976.03,2018.6738690286684,-42.643869028668405
5220.38,2249.764970075793,2970.615029924207
2633.19,1280.000736194029,1353.189263805971
866.83,1105.7843895081296,-238.95438950812957
673.15,1691.8888801733392,-1018.7388801733392
5437.01,5925.092866750998,-488.0828667509977
942.21,1532.064749185481,-589.8547491854811
4059.61,1814.2118303629593,2245.398169637041
1162.06,1924.683718602099,-762.623718602099
577.47,3214.0320144091133,-2636.5620144091135
2086.56,3454.0362777313276,-1367.4762777313276
1085.11,1712.2472186297214,-627.1372186297215
803.35,1452.1397356593836,-648.7897356593836
12145.5,7031.802475591243,5113.697524408757
12432.48,7428.210648558865,5004.269351441135
3151.96,4507.713431386554,-1355.7534313865535
4309.29,4403.995234501425,-94.70523450142537
2641.59,2835.8775594298854,-194.28755942988528
1473.87,2843.4338058760127,-1369.5638058760128
352.18,2085.7386152847644,-1733.5586152847643
3104.74,4648.945992775331,-1544.2059927753317
765.3,4746.8029523018595,-3981.5029523018593
1547.03,2971.697069424302,-1424.6670694243019
4913.96,1979.5478098394797,2934.4121901605204
594.11,1250.6428428123334,-656.5328428123333
1528.29,1891.8340590860112,-363.5440590860112
4433.84,6413.918972366181,-1980.078972366181
1774.77,1656.778885311741,117.9911146882589
1933.27,1355.7849327636723,577.4850672363277
2017.37,4567.514549368757,-2550.144549368757
4891.47,3500.5146231295726,1390.9553768704277
3183.0,1744.4187533416011,1438.5812466583989
1794.53,2129.8200203172614,-335.29002031726145
1334.91,3622.7669286367363,-2287.8569286367365
2519.71,2178.875287280827,340.83471271917324
2601.86,1800.3062263529168,801.5537736470833
1847.96,2861.296691803291,-1013.3366918032912
1236.0,2246.503475714483,-1010.5034757144831
1188.0,1833.8064807231638,-645.8064807231638
2192.8,3447.5423088381563,-1254.742308838156
3771.67,2989.1088556876666,782.5611443123335
536.06,860.5699152015106,-324.5099152015107
6167.16,2417.1438151764905,3750.0161848235093
2814.99,2223.488167722384,591.5018322776159
5421.67,3281.705502687057,2139.964497312943
561.01,1778.3667435954778,-1217.3567435954778
6612.46,6261.651747996611,350.8082520033886
3379.56,1998.25858584116,1381.3014141588399
3073.84,2452.044807263339,621.7951927366612
6228.31,2566.972541188787,3661.3374588112133
2103.99,1769.8442889586256,334.14571104137417
3445.44,2135.512156754693,1309.927843245307
4911.95,6993.890641905622,-2081.940641905622
2136.89,1877.800870384062,259.08912961593796
513.51,1631.6125003629793,-1118.1025003629793
4346.14,4792.0649002820455,-445.9249002820452
2692.57,2597.077646795674,95.49235320432626
1883.15,1183.469563017877,699.6804369821232
1661.44,2289.4179592663713,-627.9779592663713
1774.72,2303.84301121066,-529.1230112106598
1057.54,1185.6156762871346,-128.07567628713468
881.93,1832.9315439663144,-951.0015439663144
1799.82,2203.58091386401,-403.76091386401026
1332.16,3982.971640227429,-2650.811640227429
1386.13,2362.9556026848154,-976.8256026848153
10038.53,5629.491086646773,4409.038913353228
2799.36,3139.8337445370357,-340.4737445370356
967.44,1531.7727754888574,-564.3327754888574
1165.92,3231.104852996181,-2065.184852996181
1832.27,1323.6667743443988,508.60322565560114
1840.35,2296.154391415875,-455.8043914158752
1696.62,1804.7522910889154,-108.13229108891551
871.73,3693.3597555528495,-2821.6297555528495
4611.23,5842.603584787466,-1231.3735847874668
9383.8,4538.6065850319255,4845.193414968074
827.32,1733.148439609842,-905.8284396098419
6093.34,4816.554579730083,1276.7854202699173
2132.7,2154.0544395408374,-21.354439540837575
1564.12,1203.7555718335932,360.3644281664067
1347.15,1578.7768589829104,-231.62685898291033
580.94,2300.508482985726,-1719.568482985726
3946.34,2724.5064453160567,1221.8335546839435
4414.66,3487.8918158501947,926.7681841498052
7844.58,5737.308166338271,2107.271833661729
2495.87,2734.7809817527504,-238.91098175275056
1282.3,1626.3946932155002,-344.09469321550023
1244.41,1738.3274453418019,-493.9174453418018
2296.39,2548.728721017722,-252.33872101772204
516.22,1603.642717162694,-1087.422717162694
1704.39,2462.048146549093,-757.6581465490929
9746.69,8152.410267848614,1594.2797321513863
3371.63,2471.789540371457,899.8404596285432
1105.21,2416.6922619097213,-1311.4822619097213
5802.39,6114.130894773183,-311.74089477318284
2956.44,2076.4831137948286,879.9568862051715
1468.75,8314.098650707358,-6845.348650707358
880.12,1498.704663942234,-618.584663942234
1341.15,2062.5480539953596,-721.3980539953595
2246.3,1757.3178838987276,488.9821161012726
3735.38,3679.869099894877,55.510900105123255
1238.58,1938.549335267246,-699.9693352672462
4472.62,3900.805587183522,571.8144128164777
12970.28,3806.9847390826653,9163.295260917335
508.87,1676.946494609429,-1168.0764946094291
1361.63,1475.7127107849522,-114.08271078495204
605.12,1023.0196040078065,-417.8996040078065
2982.45,4187.499007936507,-1205.0490079365072
1870.25,2214.0909250075933,-343.84092500759334
5216.54,4398.5393259848315,818.0006740151684
8303.04,5012.453727893713,3290.5862721062877
3806.95,3894.3610111162666,-87.41101111626676
10030.36,5868.926994901349,4161.433005098652
1876.68,4508.064180485459,-2631.3841804854583
1190.01,2706.7293804749374,-1516.7193804749375
1441.93,1436.2554887765966,5.674511223403442
3006.71,1824.8294939557925,1181.8805060442076
987.84,1157.66540403997,-169.82540403997007
1351.87,1802.7643436560977,-450.8943436560978
5986.48,2118.6548125993595,3867.82518740064
1499.33,1812.1831665286977,-312.8531665286978
955.39,2597.9334711576485,-1642.5434711576486
814.48,1867.8793469197208,-1053.3993469197208
2812.66,2093.3584304139004,719.3015695860995
1314.33,1030.8682663069726,283.4617336930273
12020.29,6473.363050438141,5546.92694956186
1001.44,1127.0342392569087,-125.59423925690862
1975.71,2946.2383931472227,-970.5283931472227
837.73,1774.7696886567935,-937.0396886567935
3458.44,4726.82013784357,-1268.3801378435696
3870.21,3953.065615326565,-82.85561532656493
1026.26,1756.1002152887836,-729.8402152887836
745.51,1972.756746942107,-1227.246746942107
5196.22,2972.53258301764,2223.6874169823604
644.5,1212.9827078112396,-568.4827078112396
10664.23,9258.649805327932,1405.5801946720676
1933.02,1802.3789562120066,130.64104378799334
3558.53,2157.5979463979984,1400.9320536020018
10656.23,9584.44270313492,1071.787296865079
6197.85,3086.7876774866877,3111.0623225133127
2346.82,3537.423151853949,-1190.603151853949
9612.72,6126.849565199323,3485.870434800677
842.63,1379.0096635281498,-536.3796635281498
874.9,1551.6633633846006,-676.7633633846007
816.94,869.9248010981008,-52.984801098100775
334.42,823.8572652158914,-489.4372652158914
1821.49,2522.3834777223165,-700.8934777223164
5762.73,2245.491539852765,3517.2384601472345
3935.61,3556.7985306432147,378.81146935678544
961.83,1171.879276660696,-210.0492766606959
1902.03,3647.7809601481526,-1745.7509601481527
2807.66,2773.370906408307,34.28909359169302
885.85,2545.9272889580043,-1660.0772889580044
5127.19,4973.167644789637,154.02235521036255
2086.69,4532.313858120124,-2445.6238581201237
970.24,1483.646038843961,-513.4060388439609
2273.48,1888.0892788850804,385.39072111491964
3534.87,1721.8321503394677,1813.0378496605322
873.47,1375.3434037365723,-501.8734037365723
4939.82,2708.5152027837257,2231.304797216274
2549.92,2702.864969708334,-152.9449697083337
1170.97,2444.646325950901,-1273.676325950901
20492.01,10258.84862496975,10233.161375030248
3670.49,2044.7985874797846,1625.6914125202152
672.37,1551.698862044104,-879.3288620441041
3037.03,1826.7995627969178,1210.2304372030824
2562.16,2572.5969069841267,-10.436906984126836
2402.75,2048.260001353235,354.4899986467649
1271.05,1437.2085209723157,-166.15852097231573
1832.06,1446.536872778361,385.523127221639
717.22,1793.3777648031669,-1076.1577648031669
1039.74,2509.5042325819695,-1469.7642325819695
3388.16,2990.52811839787,397.63188160212985
918.27,1267.3671343723177,-349.09713437231767
926.47,1612.1668786309806,-685.6968786309806
3966.25,2316.759753471129,1649.490246528871
836.02,1164.45069377501,-328.43069377501
3377.95,2342.806566210096,1035.1434337899036
6865.5,3702.2006275396807,3163.2993724603193
2109.98,5012.714089906094,-2902.734089906094
2891.46,2402.6117903064282,488.8482096935718
4821.21,2544.7514516973133,2276.4585483026867
3337.34,2299.9523695656053,1037.3876304343949
13324.34,4963.235167170869,8361.10483282913
2509.51,3232.2539184816205,-722.7439184816203
1168.14,1787.302697397173,-619.1626973971729
5409.39,3173.9289910340103,2235.46100896599
615.66,1449.8879634588418,-834.2279634588418
684.52,1388.0297111437355,-703.5097111437356
3963.12,3250.7934545362646,712.3265454637353
3247.8,4143.0491603743,-895.2491603743001
6164.25,3245.0001716784936,2919.2498283215064
3128.07,2839.1519429870423,288.9180570129579
2993.2,2260.5714878447125,732.6285121552874
4211.02,3739.371426594998,471.6485734050025
2394.18,2614.3776866759827,-220.19768667598282
4328.45,7035.18545085498,-2706.7354508549806
4041.89,1950.159133336856,2091.730866663144
7238.38,3516.9903941855755,3721.3896058144246
2027.52,3256.845319965973,-1229.325319965973
1305.2,2390.0189539768257,-1084.8189539768257
1043.71,1449.4546190143496,-405.7446190143496
847.0,7350.862466031456,-6503.862466031456
2077.81,5135.538879078115,-3057.7288790781154
4733.51,3874.0331979543935,859.4768020456067
2960.93,2225.548147550839,735.3818524491608
856.29,2167.6655932070325,-1311.3755932070326
1420.43,1711.5462484086001,-291.1162484086001
1779.12,3411.618903518012,-1632.498903518012
3429.27,7704.200152319128,-4274.930152319128
6455.68,6129.147695656563,326.5323043434373
4299.22,1580.8760198475243,2718.343980152476
2705.16,2601.540803559011,103.61919644098907
1455.41,2783.7846756194817,-1328.3746756194816
1910.25,4257.31821739818,-2347.0682173981804
970.55,1269.8555821540267,-299.30558215402675
3686.55,4035.4086946448865,-348.8586946448863
971.8,1836.146926753934,-864.346926753934
3038.74,3935.8681078161894,-897.1281078161896
4874.0,3915.674551626564,958.3254483734358
2654.29,3053.4821488242205,-399.19214882422057
2794.2,6058.5334544715215,-3264.3334544715217
3445.91,3006.0011624138187,439.9088375861811
18865.8,6984.667525107972,11881.132474892027
8178.4,6129.305493891055,2049.094506108944
2681.42,1212.701964470369,1468.7180355296312
1893.1,1704.516535271864,188.58346472813582
4478.61,6026.811008471231,-1548.201008471231
2312.87,4875.355635620792,-2562.485635620792
5402.18,3087.3041006752096,2314.8758993247907
1989.7,2069.4897339912313,-79.78973399123129
1165.32,2247.8627446832716,-1082.5427446832716
2671.17,3181.4964638193005,-510.32646381930044
1309.1,4386.089348831321,-3076.9893488313214
4930.04,5524.811399802754,-594.7713998027539
2197.08,2407.6909271262966,-210.6109271262967
2485.36,3827.131278611956,-1341.771278611956
2488.79,1969.8093347395072,518.9806652604927
1837.66,1374.0304779845399,463.6295220154602
2188.8,3730.7549107688706,-1541.9549107688704
1383.49,1592.580642704461,-209.09064270446106
3350.08,4331.342830281059,-981.262830281059
4101.18,3506.159918085248,595.0200819147522
1469.82,3796.156183903255,-2326.336183903255
2992.39,1977.8223824231218,1014.5676175768781
842.94,2460.921158880601,-1617.981158880601
4727.87,6303.840409642855,-1575.970409642855
4516.16,1698.1944958858594,2817.9655041141405
1199.28,2118.9211878362157,-919.6411878362157
1251.56,1867.800178012898,-616.240178012898
2368.76,1949.2353255323978,419.5246744676024
6495.92,4730.654939597078,1765.2650604029222
7225.31,9499.437448710563,-2274.127448710563
1628.55,2345.4525159017985,-716.9025159017986
1498.01,1681.2611783268837,-183.25117832688375
1255.52,1624.0709676378674,-368.5509676378674
518.93,1522.6735872900704,-1003.7435872900704
1087.8,1084.3480156764583,3.4519843235416374
3425.58,2753.9683066483476,671.6116933516523
5392.25,7312.042406865079,-1919.792406865079
888.47,2027.2138728622897,-1138.7438728622897
2736.47,2856.0477345855343,-119.57773458553447
4476.02,2187.1487336639384,2288.871266336062
1652.88,1439.4301718184472,213.4498281815529
892.38,1959.2570293111785,-1066.8770293111784
391.36,1387.4579243956289,-996.0979243956289
2596.37,2762.912144236676,-166.542144236676
544.1,1983.3142107691701,-1439.2142107691702
3519.53,2052.5665406741928,1466.9634593258074
1973.78,1586.347717017788,387.432282982212
3053.83,4412.692974728655,-1358.862974728655
1644.75,8662.949775316425,-7018.199775316425
7843.58,2713.840025264027,5129.739974735972
2060.48,1671.016522154544,389.46347784545605
1239.17,1278.839492695065,-39.669492695064946
3868.09,5360.5610323245455,-1492.4710323245454
2375.92,2468.0749810915845,-92.15498109158443
1132.44,3787.639306971799,-2655.199306971799
733.48,1223.5594536636686,-490.0794536636686
777.12,2351.4693325304324,-1574.3493325304325
366.92,1871.1656499521005,-1504.2456499521004
4569.8,2204.6060124821292,2365.193987517871
5824.75,5301.530478482313,523.2195215176871
2359.13,2844.0711278909444,-484.94112789094424
542.01,1465.608738375935,-923.598738375935
7241.85,7210.933730728296,30.91626927170455
752.08,1631.9025894999088,-879.8225894999088
1139.54,4680.127719613889,-3540.587719613889
130.0,1842.2258858945374,-1712.2258858945374
4222.99,4414.66280719257,-191.67280719256996
1448.7,3037.8762198912805,-1589.1762198912804
4995.25,3629.86370840932,1365.3862915906798
755.53,1005.704555390296,-250.17455539029606
3090.28,3312.360582916123,-222.0805829161227
1449.88,2651.6463982423197,-1201.7663982423196
1875.19,3714.2266816526612,-1839.0366816526612
3286.68,3885.459086878888,-598.7790868788879
5053.88,4837.980464478952,215.89953552104816
759.28,1888.558148461125,-1129.278148461125
9109.19,7210.681213368882,1898.5087866311187
1783.27,3009.684123289066,-1226.414123289066
818.96,1289.5465673325393,-470.5865673325393
731.56,1769.2696674737751,-1037.7096674737752
3670.28,3810.1345423482207,-139.85454234822055
1447.75,1800.7616980420569,-353.0116980420569
1319.38,1625.8962717955135,-306.5162717955134
3096.31,3637.602250598523,-541.292250598523
741.49,1402.4305588813083,-660.9405588813083
10128.09,2967.714879659265,7160.3751203407355
2144.24,2282.291342452973,-138.05134245297313
3581.06,5572.38249043289,-1991.3224904328904
2840.56,6039.508221267753,-3198.9482212677526
910.65,1422.8778622143955,-512.2278622143955
4438.48,4750.241947659291,-311.76194765929176
1695.32,2571.9084454838326,-876.5884454838326
2884.02,5012.924936525906,-2128.9049365259057
1678.23,1981.6750932886862,-303.44509328868617
1603.15,8238.906970238093,-6635.756970238093
8947.84,9438.324672943627,-490.4846729436267
1624.41,2084.6667271689907,-460.25672716899066
601.45,3468.7608388895337,-2867.3108388895334
1080.0,2902.9190015469653,-1822.9190015469653
1400.04,2877.1523044158366,-1477.1123044158367
1380.2,1776.7336194589745,-396.5336194589745
3672.4,4772.034024454005,-1099.6340244540047
5651.35,3831.8178737698413,1819.532126230159
1106.74,1109.8677340903114,-3.127734090311378
1212.28,1788.3043838289093,-576.0243838289093
6077.86,1562.4947399113935,4515.365260088606
3789.03,2360.30162957244,1428.72837042756
518.41,1103.0381617463388,-584.6281617463388
2696.88,4311.538799960642,-1614.6587999606418
1837.42,2833.9236224891774,-996.5036224891774
699.58,1206.9566555748258,-507.3766555748258
4663.51,7348.908181534474,-2685.398181534474
14768.03,8547.421913998965,6220.608086001035
3762.3,2507.032729827746,1255.267270172254
1042.18,4810.54220789767,-3768.3622078976696
1000.06,1157.4257586577646,-157.36575865776467
397.04,1657.6844948396363,-1260.6444948396363
5890.93,8476.403025860804,-2585.4730258608033
5809.77,4905.212146670674,904.5578533293265
3460.48,2762.7928887130865,697.6871112869135
3639.94,3247.264582470968,392.6754175290321
4315.7,4078.446670783154,237.25332921684594
3680.55,3530.0573876901826,150.49261230981756
1541.06,2833.95203717525,-1292.8920371752502
1914.64,1510.8813241219523,403.7586758780478
833.68,2190.4068613227296,-1356.7268613227297
866.4,835.3569356288125,31.043064371187484
876.42,1357.4164041740178,-480.9964041740178
3089.16,1723.3487619548066,1365.8112380451932
1767.92,4445.674942424736,-2677.7549424247363
2648.85,2035.7625886896355,613.0874113103644
3297.19,2149.181312954542,1148.008687045458
1704.91,2189.9253168963587,-485.0153168963586
5237.72,4651.610838413128,586.1091615868727
4756.61,5008.008483033964,-251.3984830339641
2809.57,2340.6713194821223,468.8986805178779
1213.56,1648.9481717050385,-435.38817170503853
1038.88,1523.1330042999987,-484.25300429999857
5883.15,3506.3802994401603,2376.7697005598393
971.25,1626.6162080302013,-655.3662080302013
12223.56,6875.296341583643,5348.2636584163565
1999.47,3644.5830227088177,-1645.1130227088177
1663.06,3460.431756365973,-1797.371756365973
1372.44,1425.106248027505,-52.666248027504935
2074.4,1575.1114718190202,499.28852818097994
4312.47,1739.5422959058874,2572.927704094113
1541.76,2572.4032678148883,-1030.6432678148883
1111.41,1226.7359416825425,-115.3259416825424
1169.19,1506.5345452156437,-337.3445452156436
1364.18,1864.3520197231755,-500.1720197231755
4223.76,3993.1770142852793,230.58298571472096
2137.37,2074.7845161608257,62.58548383917423
1430.29,1682.0209962246654,-251.73099622466543
4008.52,7647.627431033139,-3639.107431033139
639.01,2254.029142600489,-1615.0191426004892
5751.09,4728.520146623478,1022.5698533765226
2902.63,3421.771795134428,-519.1417951344279
1936.86,3406.7651349492044,-1469.9051349492045
7111.69,9008.651254166665,-1896.9612541666656
1474.47,1320.6993121158005,153.77068788419956
9098.16,4964.693966858448,4133.466033141552
1689.37,1571.7911676006863,117.57883239931357
1036.91,1667.0088089567423,-630.0988089567422
526.3,1151.973901820576,-625.673901820576
16453.31,2379.1918982752495,14074.11810172475
1152.73,2156.052125707448,-1003.3221257074479
7247.33,4647.117670540044,2600.212329459956
560.3,1572.0929970050272,-1011.7929970050272
1841.15,3516.8037670238095,-1675.6537670238095
22302.6,4554.197422651747,17748.40257734825
870.14,1450.4170482551408,-580.2770482551408
1798.54,1687.7379244157898,110.80207558421012
1663.91,2435.9296039112105,-772.0196039112104
3475.41,2601.6090498711246,873.8009501288752
2311.72,1920.4444767742657,391.2755232257341
3528.52,2239.712691824367,1288.807308175633
16373.95,9016.822375027024,7357.127624972976
9140.96,9319.123762857145,-178.16376285714614
1292.66,4412.74053480702,-3120.08053480702
1940.12,5258.569065746634,-3318.449065746634
1273.26,3604.8412130083634,-2331.581213008363
850.92,1787.9402211926226,-937.0202211926227
2838.05,1861.4453726884383,976.6046273115619
2678.55,1700.9293786343387,977.6206213656615
1339.09,2914.3689230304335,-1575.2789230304336
557.66,2372.2625973347526,-1814.6025973347528
775.53,1342.0130969792472,-566.4830969792472
952.32,1211.3764086416306,-259.0564086416306
5590.09,3934.914703199578,1655.175296800422
4599.52,5522.2130506047615,-922.6930506047611
3256.19,3450.5899491567716,-194.39994915677153
1872.95,1661.7228585439966,211.22714145600344
2895.7,2715.464537432316,180.23546256768395
890.09,1761.2175723045373,-871.1275723045372
9846.04,3454.470486308689,6391.569513691312
3422.93,2211.8706590854104,1211.0593409145895
1692.4,2195.0788233187636,-502.67882331876353
2188.3,4174.57205137479,-1986.27205137479
1611.66,2191.046574346608,-579.3865743466079
3645.91,2319.243394261247,1326.6666057387529
3936.57,3785.2554607111033,151.31453928889687
1400.88,1621.6485278870105,-220.76852788701035
4894.06,4193.549137270018,700.5108627299824
3931.77,4300.667749198531,-368.8977491985311
1586.02,2893.5148754999695,-1307.4948754999696
2015.91,1548.970915976505,466.93908402349507
741.13,1117.3639784120335,-376.2339784120335
1641.19,2252.689293368763,-611.4992933687631
3913.23,3772.306564280872,140.92343571912807
11618.12,9007.351313124655,2610.7686868753462
6488.8,6409.966908609269,78.83309139073117
5914.69,4882.788516450679,1031.9014835493208
2312.53,2235.571449382361,76.95855061763905
850.87,1578.9585449218953,-728.0885449218953
728.63,1050.6985924080486,-322.06859240804863
1893.39,1372.5591094137644,520.8308905862357
2002.29,2958.7346731176303,-956.4446731176304
1414.47,3738.104218327006,-2323.6342183270062
683.21,1505.191711967594,-821.981711967594
918.91,1462.7229034479574,-543.8129034479574
1072.93,2159.981697544675,-1087.051697544675
6747.27,1609.956787891784,5137.313212108216
10311.03,6237.757288145163,4073.2727118548373
1710.18,1322.387576061576,387.792423938424
5427.31,6316.814925067259,-889.5049250672582
7253.61,6448.23383142188,805.3761685781201
5999.66,3674.7954719017243,2324.8645280982755
3940.34,5043.434748854612,-1103.0947488546117
2651.52,4299.076062716535,-1647.5560627165346
390.0,2749.9412952663174,-2359.9412952663174
1657.25,3868.071555407762,-2210.821555407762
2855.39,2519.4154025716207,335.9745974283792
5857.21,3890.145519572959,1967.064480427041
2737.27,2531.5705761883014,205.69942381169858
1504.57,1813.1281174221522,-308.55811742215224
2229.76,2440.6829541737143,-210.92295417371406
1034.01,2849.010491428571,-1815.0004914285712
732.91,1597.8618084019283,-864.9518084019284
4989.16,4239.162942638057,749.997057361943
4245.9,3151.4663810574384,1094.4336189425612
534.93,1644.7359669759494,-1109.8059669759496
5891.87,1646.8129801531334,4245.057019846867
5166.79,6055.0591436588065,-888.2691436588066
2497.62,2653.7560198723954,-156.13601987239554
353.23,1047.3134045037189,-694.0834045037188
4742.53,1665.5119603295088,3077.018039670491
4262.81,3762.261133089708,500.5488669102924
795.33,2566.7071008811813,-1771.3771008811814
1612.48,1228.9270824118046,383.55291758819544
811.75,2246.937412672105,-1435.187412672105
3108.47,3364.568313550849,-256.09831355084907
2048.07,6359.20106089724,-4311.13106089724
6763.8,3091.2804712872153,3672.519528712785
1329.84,1745.4287475141484,-415.5887475141485
1562.32,1565.3497244963792,-3.029724496379231
2370.83,2370.7862138329738,0.043786167026155454
798.98,1752.3594335922742,-953.3794335922742
3010.22,2350.8113439418057,659.4086560581941
1508.7,3396.268587089011,-1887.5685870890109
1761.63,4077.1276845156854,-2315.4976845156853
752.54,1618.3969758786598,-865.8569758786598
1713.69,1193.9677553738577,519.7222446261424
791.71,4105.9012290240835,-3314.1912290240834
5989.01,3291.156301207034,2697.853698792966
5565.82,2663.89359951592,2901.9264004840797
1822.99,1722.2271140066398,100.76288599336021
6086.48,5856.462239481588,230.0177605184117
16946.2,6308.685472144558,10637.514527855443
3030.07,1976.2858142307089,1053.7841857692913
1373.69,1510.088964937081,-136.39896493708102
2813.93,2984.308121361889,-170.37812136188904
2694.81,6941.620419620291,-4246.810419620291
3122.09,2335.7538266527113,786.3361733472889
3523.03,2964.3590748549964,558.6709251450038
2409.34,3630.7522149056645,-1221.4122149056643
1478.28,1391.2132101793045,87.06678982069548
594.39,4689.6531367013695,-4095.2631367013696
6866.22,5199.068809608517,1667.1511903914834
13376.8,6812.551188160175,6564.248811839824
607.19,1238.8759210371688,-631.6859210371688
2684.95,2157.849507943047,527.100492056953
1738.94,1674.269581549064,64.67041845093604
1657.67,3756.7651174429975,-2099.0951174429974
1039.33,1290.1740831189215,-250.84408311892162
956.5,889.7085216644748,66.7914783355252
10402.27,10511.245760714284,-108.97576071428375
808.67,1184.4712907936075,-375.80129079360756
337.9,1089.6353647114604,-751.7353647114604
3659.92,4975.554012555676,-1315.6340125556762
2307.49,2535.2944892679793,-227.80448926797953
8039.67,4946.773469521358,3092.8965304786425
2341.13,2323.51436740493,17.61563259507011
2159.08,1775.181274834329,383.89872516567084
5779.84,2509.23363331346,3270.6063666865402
8514.6,8262.8450921359,251.75490786410046
3056.4,2158.997397547502,897.4026024524983
1168.58,2358.3045050913956,-1189.7245050913957
2034.05,3553.626599235988,-1519.5765992359882
2202.77,2284.0705880253972,-81.30058802539725
2289.63,1991.376783080717,298.2532169192832
995.42,1595.2459957813098,-599.8259957813099
4665.17,6578.343037496516,-1913.1730374965164
2122.92,1839.716455518025,283.2035444819751
1244.73,1267.681685107766,-22.951685107766025
8150.4,5158.569064749694,2991.8309352503056
2204.61,4170.716622847908,-1966.106622847908
2926.04,2224.6289778524174,701.4110221475826
660.0,1300.1529416421774,-640.1529416421774
846.73,1198.9109252097028,-352.18092520970276
805.81,1357.4053927735606,-551.5953927735607
2324.92,1571.013387765206,753.906612234794
3839.66,3684.7420312536638,154.9179687463361
11210.94,4140.771550639469,7070.168449360532
4077.65,1926.7219285272556,2150.9280714727447
7556.44,3081.628728832864,4474.811271167136
1349.06,2220.824459151514,-871.7644591515141
3096.65,2623.8333713133434,472.8166286866567
2529.66,1776.0506688259743,753.6093311740256
1343.46,3134.407758993741,-1790.947758993741
2272.11,2830.2876212527894,-558.1776212527893
2742.56,2038.2541078833733,704.3058921166266
871.81,2276.821438092923,-1405.011438092923
996.72,4075.587737783546,-3078.8677377835456
2337.35,2775.8789913028822,-438.52899130288233
1151.23,3985.2237792251,-2833.9937792251
442.57,1980.3843671355362,-1537.8143671355363
1924.72,2416.005739435398,-491.285739435398
6298.3,5935.237293390104,363.06270660989594
997.87,1381.4445653368114,-383.57456533681136
2119.97,2474.2762289446737,-354.3062289446739
9811.18,4128.400748448026,5682.779251551974
4833.79,4557.567201123645,276.2227988763552
1695.54,1864.1553519144766,-168.6153519144766
3922.48,2386.7245226531154,1535.7554773468846
4100.48,3417.5588985533714,682.9211014466282
1534.74,3923.8034684367526,-2389.0634684367524
1879.22,1187.15972859541,692.0602714045901
1435.16,1583.979631125394,-148.81963112539393
3277.37,2359.1287605047023,918.2412394952976
4074.1,4606.460727530574,-532.3607275305744
954.64,1243.0719171814294,-288.4319171814294
1463.77,1535.3226611633131,-71.55266116331313
1854.48,2272.7107468041727,-418.23074680417267
1212.94,826.3820441898301,386.5579558101699
4675.67,3698.3845245890534,977.2854754109467
2135.81,2632.2467992287525,-496.43679922875253
1451.62,1742.9609601986026,-291.3409601986027
1434.98,1444.7997277285003,-9.819727728500311
678.17,837.2769813516529,-159.10698135165296
5336.4,5274.851462284335,61.54853771566468
2560.94,1805.0967196151332,755.8432803848668
2274.37,1826.2239987632038,448.1460012367961
6162.87,3407.2030430552054,2755.6669569447945
1696.14,1298.8643031073434,397.2756968926567
11428.64,9037.418105844152,2391.2218941558476
1718.99,2744.942153750964,-1025.9521537509638
3487.81,2629.509145856635,858.3008541433651
452.14,1259.0626629869864,-806.9226629869864
2676.2,1912.7476278701608,763.452372129839
1064.38,5536.946998478998,-4472.566998478997
5780.46,8320.81161796531,-2540.3516179653097
988.36,1120.7015195713716,-132.34151957137158
1962.04,3544.219290084933,-1582.1792900849332
663.19,1545.1556441536331,-881.9656441536331
725.84,862.3621266734674,-136.52212667346737
2207.2,2888.202016786912,-681.002016786912
7367.49,2404.5799387508364,4962.910061249164
4985.4,4469.584964269004,515.815035730996
1204.0,2227.8902350377325,-1023.8902350377325
967.98,1580.4922005333638,-612.5122005333637
828.32,1199.2641718434534,-370.9441718434533
5492.7,2860.4302442105904,2632.2697557894094
2903.22,2436.923627646912,466.2963723530879
2801.25,2175.549249891405,625.700750108595
2226.94,2534.621662921869,-307.6816629218688
580.64,1488.4773492084992,-907.8373492084992
5459.93,2646.9369254535472,2812.993074546453
1709.9,1229.4147578060672,480.4852421939329
8561.84,6497.579236353832,2064.260763646168
3933.11,1493.6941685043773,2439.415831495623
2478.88,4298.356931020203,-1819.4769310202028
2808.58,1828.8643768999307,979.7156231000693
820.9,958.177966778879,-137.27796677887898
2190.08,2033.8162402517985,156.26375974820144
3235.9,2795.9141626206874,439.98583737931267
1570.93,1168.6224665082277,402.30753349177235
1580.01,1170.264672577169,409.745327422831
2118.39,1541.9945424470984,576.3954575529015
8489.74,3967.1117006913687,4522.6282993086315
1258.34,1568.7035660410922,-310.3635660410923
2731.27,2122.8424627483746,608.4275372516254
4546.41,1224.5559020823125,3321.8540979176873
2189.2,1908.2036839094328,280.996316090567
1421.08,1682.3731630168945,-261.2931630168946
1071.18,2831.425340260783,-1760.2453402607828
1276.7,1518.647480875793,-241.94748087579296
3384.77,5386.452412701479,-2001.6824127014793
2558.39,1752.372482340187,806.0175176598129
1695.46,1820.733206178825,-125.27320617882492
934.95,1977.160096963513,-1042.210096963513
1194.24,1578.512054937189,-384.27205493718907
586.37,1396.9963310702262,-810.6263310702262
6816.27,5060.278051540137,1755.9919484598631
4852.24,4328.680814061321,523.5591859386786
611.3,950.503556522957,-339.203556522957
3604.53,3741.8618728197694,-137.33187281976916
1526.19,1862.6982456736107,-336.50824567361065
3125.68,3221.542359875252,-95.86235987525197
1733.95,1669.0242009673595,64.9257990326405
1331.76,1168.46189997039,163.29810002960994
3112.67,1894.8767485485928,1217.7932514514073
7787.15,6395.768187106779,1391.3818128932207
1868.72,2985.109650515105,-1116.389650515105
4750.66,3071.6630225222434,1678.9969774777564
5241.97,3509.8546078399686,1732.1153921600317
2966.42,3804.162454127156,-837.7424541271557
3200.96,3496.7249008752383,-295.76490087523825
539.82,1962.582857262623,-1422.7628572626231
1688.64,2456.829312416683,-768.1893124166829
1539.98,1820.7969263149018,-280.8169263149018
1683.67,1415.6927630184323,267.9772369815678
2374.11,4241.934090023133,-1867.8240900231326
904.9,2814.3027160108013,-1909.4027160108012
1269.67,2041.9835788535972,-772.3135788535972
2367.77,1664.774607413622,702.9953925863779
4865.9,3392.211925987695,1473.6880740123047
494.41,1116.9710538648674,-622.5610538648673
899.31,1047.8889299197137,-148.5789299197138
745.75,1540.3948628311098,-794.6448628311098
6120.75,5385.52740184048,735.2225981595202
1692.75,1209.7243099519233,483.02569004807674
2305.31,3506.3722573767827,-1201.0622573767828
1425.21,3133.154089354534,-1707.9440893545338
2021.92,4665.2239058333325,-2643.3039058333325
1791.05,1285.1272883248096,505.9227116751904
4481.05,4461.330119938843,19.7198800611568
1014.59,1617.8328208128694,-603.2428208128694
2105.04,1535.298603804729,569.7413961952709
2583.92,4342.466448514166,-1758.5464485141656
1790.83,4123.4811205725155,-2332.6511205725155
1493.45,1406.2570406413238,87.19295935867626
2346.9,2579.219995262393,-232.3199952623927
2519.39,3794.2955294519984,-1274.9055294519985
1560.67,3619.1812046289324,-2058.5112046289323
4053.75,2623.447020329744,1430.3029796702558
2072.49,1736.7349805889828,335.755019411017
1404.6,1933.2052393227607,-528.6052393227608
31710.15,10583.56493187229,21126.58506812771
315.64,1661.1379981245918,-1345.497998124592
773.8,1499.6713179083695,-725.8713179083695
1135.57,1293.6035423104572,-158.03354231045728
3874.8,3513.3955655654513,361.4044344345489
5445.16,3348.573441413638,2096.5865585863617
2113.94,3575.618170826972,-1461.6781708269718
1132.38,1729.0826414723806,-596.7026414723805
1645.28,2129.951296268812,-484.67129626881183
1588.33,1674.172757798403,-85.842757798403
1118.77,1939.3477865132843,-820.5777865132843
1938.24,2103.533452047405,-165.2934520474048
1872.58,2506.2096337316016,-633.6296337316016
1761.97,2436.5211907741577,-674.5511907741577
7052.7,3419.693720407108,3633.006279592892
2774.02,1658.7319349438292,1115.2880650561708
1796.17,1230.4172888416238,565.7527111583763
8718.77,5857.53359811018,2861.2364018898206
2550.16,2739.5101158159005,-189.3501158159006
766.09,2508.4840849423063,-1742.394084942306
2140.2,3037.4703115864454,-897.2703115864456
1481.84,1646.0569930526042,-164.21699305260427
2842.34,3750.923978551297,-908.5839785512967
2382.95,3021.388510498564,-638.438510498564
2936.66,1992.5208553145596,944.1391446854402
2368.76,2411.6876076207827,-42.92760762078251
1298.07,2144.491414630583,-846.4214146305833
3692.29,2818.143636602566,874.146363397434
3328.46,4481.397270780696,-1152.937270780696
8091.48,8705.813348023086,-614.3333480230867
2970.74,2693.3701850778098,277.36981492219
3688.09,2610.1451141804987,1077.9448858195015
7318.37,4155.10230885787,3163.2676911421295
4722.74,5365.232060661508,-642.4920606615078
610.02,1393.9382190992762,-783.9182190992763
2018.15,1635.684992716489,382.4650072835111
3995.45,4437.447623306016,-441.99762330601607
3633.39,3283.243367207968,350.14663279203205
6478.4,8929.548916389711,-2451.1489163897113
793.89,1401.1868897338925,-607.2968897338925
2059.34,2254.3480955819123,-195.00809558191213
5262.59,5721.73536607143,-459.14536607142963
2209.26,2297.6464358053054,-88.38643580530515
1636.46,1812.3957213534613,-175.9357213534613
3060.73,6062.456153269004,-3001.726153269004
10061.75,5852.250292094798,4209.499707905202
1316.27,1856.72673940357,-540.45673940357
2821.41,3961.3454153607227,-1139.9354153607228
801.36,1193.7061895225897,-392.3461895225897
886.67,1974.2107132736587,-1087.5407132736586
1380.79,1516.905345545303,-136.11534554530294
2188.91,2134.7603687826145,54.14963121738538
1603.52,2335.3477740680387,-731.8277740680387
705.59,1138.262081103868,-432.672081103868
577.46,1201.5202794268885,-624.0602794268884
1368.23,1574.4167552235854,-206.18675522358535
979.74,1759.2439794249062,-779.5039794249062
1238.99,1696.4731924982295,-457.4831924982295
2945.67,1957.8341089561177,987.8358910438824
2527.64,1972.7143873978848,554.925612602115
1856.18,1484.284218280542,371.895781719458
1605.68,1474.8119987208943,130.86800127910578
8415.91,4186.843244531026,4229.0667554689735
2232.01,1838.121830792398,393.88816920760223
5202.91,1688.1977359030016,3514.7122640969983
1463.03,1184.1119016912617,278.9180983087383
1513.73,2039.4563665022463,-525.7263665022463
957.2,1872.5389388200267,-915.3389388200267
2272.73,2217.8728614562037,54.85713854379628
646.05,1243.3992111254065,-597.3492111254066
1376.38,1167.2209396806347,209.15906031936538
1300.38,1431.1515936754558,-130.77159367545573
528.2,1078.3919533996045,-550.1919533996045
1132.22,1557.8347069395898,-425.6147069395897
1261.29,1728.4210267303706,-467.13102673037065
2211.64,1995.8783132387655,215.7616867612344
1816.99,1747.9521280137,69.03787198629993
703.15,2463.0459034906817,-1759.8959034906816
689.33,1727.7085997464267,-1038.3785997464265
2383.83,2860.144234450448,-476.3142344504481
3211.64,2729.119255065858,482.52074493414193
1728.68,2777.1714215682177,-1048.4914215682177
1090.44,1683.987786108659,-593.547786108659
979.79,1995.5278676566893,-1015.7378676566893
1301.33,2142.4908466433144,-841.1608466433145
872.55,1089.8239479810486,-217.27394798104865
1584.47,1712.288199444639,-127.81819944463905
2187.33,5401.675450735723,-3214.345450735723
523.43,1730.6401415072155,-1207.2101415072157
707.43,2560.6622795775916,-1853.2322795775917
6368.4,6360.473639057055,7.926360942944484
1252.97,2580.3343979184774,-1327.3643979184774
1370.69,1644.0827670383044,-273.3927670383043
3188.54,3175.7432151101366,12.796784889863375
853.13,1544.8733364889204,-691.7433364889204
5000.75,3882.0959623798367,1118.6540376201633
1016.59,1397.2114792058114,-380.6214792058114
861.41,1804.3132966690591,-942.9032966690592
915.84,2299.8397715645087,-1383.9997715645086
2533.19,1886.978035204989,646.211964795011
817.43,1548.3566345264785,-730.9266345264786
2775.39,3570.165775561593,-794.775775561593
4310.67,1395.074898064765,2915.595101935235
400.69,1720.8374951283304,-1320.1474951283303
2812.67,4602.909549968598,-1790.239549968598
5303.39,5494.1186578205925,-190.72865782059216
2183.09,1399.2898712326576,783.8001287673426
363.37,1397.8830396465664,-1034.5130396465665
2994.01,1894.7129105126942,1099.297089487306
6055.09,6005.042765171975,50.047234828025466
564.82,1171.7826548278913,-606.9626548278912
2444.27,3414.6255252652004,-970.3555252652004
6738.05,3258.6588776831486,3479.3911223168516
1268.82,1194.1463339847103,74.67366601528965
2694.54,2618.675308954107,75.86469104589287
1182.93,1728.0244349105017,-545.0944349105016
3890.22,8641.71914106061,-4751.499141060611
6254.05,3845.086891585285,2408.9631084147154
4629.81,2156.3784367285166,2473.431563271484
830.32,1194.7733961989172,-364.4533961989172
7604.55,4336.345235426551,3268.204764573449
1165.94,1192.298675323947,-26.358675323946954
1504.23,1752.361645604801,-248.13164560480095
1930.1,3971.1680622205295,-2041.0680622205296
2780.07,2286.023110045519,494.04688995448123
11646.95,8557.845858095237,3089.1041419047633
6964.19,4430.034177441565,2534.155822558435
3669.86,2115.3777533151233,1554.4822466848768
7200.03,3606.0766312656715,3593.9533687343283
6865.61,6276.350232729172,589.259767270828
7076.88,9863.584910415499,-2786.7049104154985
637.06,969.9485925914497,-332.88859259144976
636.64,1493.1468839935621,-856.5068839935622
504.37,2815.464121891911,-2311.094121891911
1896.56,1849.9744750002135,46.58552499978646
4153.86,4605.107905790749,-451.2479057907494
2805.58,1727.6264545307713,1077.9535454692286
1328.66,2928.5477530828052,-1599.8877530828051
867.96,1834.9414964807784,-966.9814964807783
3622.16,3468.480217132033,153.67978286796688
719.05,2683.3258202613197,-1964.2758202613197
2264.32,2029.536109882108,234.78389011789227
3122.42,1736.6009618816322,1385.8190381183679
3403.52,4797.182099682163,-1393.6620996821634
2223.87,1637.605915095637,586.2640849043628
9562.53,11993.535266031744,-2431.0052660317433
3180.54,2560.664231851481,619.875768148519
9352.39,14708.608704351856,-5356.218704351857
4494.3,2553.577242833421,1940.722757166579
3322.33,4689.420623595374,-1367.0906235953744
1897.55,2964.876327756456,-1067.3263277564558
1036.92,1997.1151293340083,-960.1951293340082
2039.79,2544.5164162263804,-504.7264162263805
4477.41,1688.574138009694,2788.8358619903056
863.03,1322.327310414376,-459.29731041437594
2520.38,3137.044863645313,-616.6648636453128
4537.56,1852.7192910490069,2684.8407089509938
684.59,1236.7573801839453,-552.1673801839453
775.99,1571.869697252592,-795.879697252592
359.81,1380.9630579541977,-1021.1530579541977
1199.93,1169.6931042046365,30.23689579536358
3927.59,3130.209679125926,797.3803208740742
776.78,1837.7529756996807,-1060.9729756996808
1279.27,2939.2717926215173,-1660.0017926215173
868.63,1784.893512628399,-916.2635126283991
3064.22,5296.749148189631,-2232.5291481896315
1143.73,2283.252656774054,-1139.5226567740538
2234.8,1775.1054371911525,459.69456280884765
8798.87,2731.9642067771165,6066.905793222884
1836.26,1517.4430835469973,318.8169164530027
10789.87,6922.162080008029,3867.7079199919717
3787.22,4994.742238102465,-1207.5222381024655
3739.78,2938.1009161336215,801.6790838663787
4680.36,5597.248938304573,-916.8889383045735
1714.35,1375.80420655055,338.54579344945
1063.44,3140.4653957688397,-2077.0253957688396
13858.46,10919.689150714285,2938.7708492857146
1192.01,1072.7986942416587,119.21130575834127
1578.52,1683.9999647797804,-105.4799647797804
1556.89,4308.913437992574,-2752.0234379925732
6181.36,3028.7872625136906,3152.572737486309
2226.87,2057.8686799616858,169.00132003831413
851.88,1910.5580414567874,-1058.6780414567875
2658.6,6840.225387296365,-4181.625387296364
2973.76,2371.46338289727,602.2966171027301
3325.98,1870.6264828875555,1455.3535171124445
701.9,1276.3839047901372,-574.4839047901372
3652.28,3795.894503425111,-143.6145034251108
3984.26,2383.2092025687148,1601.0507974312854
1196.1,1681.7093565687287,-485.6093565687288
4568.97,3504.2039038664034,1064.7660961335969
3606.48,5421.915430839613,-1815.4354308396128
657.13,929.899236240363,-272.76923624036306
3363.19,2192.594705182366,1170.595294817634
394.92,1272.8748070656754,-877.9548070656754
1378.9,9603.730715141597,-8224.830715141597
14556.13,14364.119341309524,192.01065869047488
624.63,2481.9298775970697,-1857.2998775970696
1473.42,1501.171631554947,-27.751631554946925
1210.84,2067.0837342408236,-856.2437342408236
1026.08,1494.2811522868972,-468.20115228689724
1310.5,1150.8774139124762,159.6225860875238
671.01,1636.903749946276,-965.8937499462761
1490.63,1688.2297708488009,-197.59977084880074
1315.83,1201.9457746958046,113.8842253041953
1252.43,3544.9167765815796,-2292.4867765815798
2115.95,1448.4488347817942,667.5011652182056
3162.01,7048.467277368934,-3886.4572773689342
4275.88,2315.53654167728,1960.34345832272
3700.12,3970.115907188743,-269.99590718874333
4745.07,1840.50147846036,2904.5685215396397
1484.01,1677.8280157487688,-193.81801574876886
1347.51,2715.3460538397803,-1367.8360538397803
1611.78,1691.3365289019912,-79.55652890199121
1270.48,2042.1771696497422,-771.6971696497421
1639.23,4919.4080912624995,-3280.1780912624995
919.95,1080.8831242221133,-160.9331242221133
1006.31,2514.633569236722,-1508.323569236722
675.72,1140.4179201923798,-464.6979201923798
952.98,1555.6120983967514,-602.6320983967514
1849.97,1923.9604006095826,-73.9904006095826
898.89,2596.158856348861,-1697.268856348861
16569.9,11610.934450651106,4958.965549348895
3727.56,4465.389521559567,-737.8295215595667
2119.58,1524.096271175599,595.4837288244009
798.42,1758.8689410135764,-960.4489410135765
3575.09,3603.1414423448437,-28.051442344843508
1883.36,1768.3844611757638,114.97553882423608
1843.08,1991.5530263301705,-148.47302633017057
1928.33,1055.723022618338,872.6069773816619
1249.53,1944.2749275439603,-694.7449275439603
1711.01,1344.8919574438544,366.1180425561456
2294.27,1821.785126567736,472.48487343226407
985.74,1526.6495910109722,-540.9095910109722
3226.23,2349.003386493572,877.2266135064278
836.4,2765.441787411788,-1929.041787411788
1647.6,2374.0923228717193,-726.4923228717194
1970.29,2139.3964003451697,-169.10640034516973
7229.05,5255.706560431977,1973.3434395680233
853.82,1303.3240848388384,-449.50408483883837
4808.28,4527.412254221389,280.8677457786107
2128.22,2571.109455609511,-442.88945560951106
4121.23,3242.0817039458775,879.148296054122
2678.73,2549.912367464137,128.81763253586314
18270.03,10781.668807857139,7488.36119214286
3835.45,2678.00911774643,1157.4408822535697
4975.68,1231.8079960229861,3743.872003977014
9097.96,11557.709235238091,-2459.7492352380923
1620.01,1130.82979992624,489.18020007376003
744.86,1794.2802742246258,-1049.4202742246257
3739.86,12285.294513834382,-8545.434513834382
1239.0,1843.8342482902697,-604.8342482902697
623.29,878.4689923634699,-255.1789923634699
876.75,2270.2235242654006,-1393.4735242654006
7261.61,7822.986771389247,-561.3767713892476
4068.52,3803.135034089287,265.38496591071316
4286.0,3356.2874246249876,929.7125753750124
1153.68,1931.5088977385685,-777.8288977385685
1199.12,1605.482182360357,-406.3621823603571
2001.32,3928.6212739087687,-1927.3012739087687
1714.65,4609.9148554523135,-2895.2648554523134
7901.87,17809.521697023796,-9907.651697023797
14378.6,4984.919219413318,9393.680780586681
2409.72,3221.5761575586457,-811.8561575586459
2498.08,3095.7571316777194,-597.6771316777194
972.2,1506.4864763362566,-534.2864763362566
1342.93,1683.0482318234385,-340.11823182343846
5429.42,3974.6155858393586,1454.8044141606415
1890.3,2041.7121015952641,-151.41210159526418
3569.46,2703.5712209821895,865.8887790178105
2270.48,1509.2545450765203,761.2254549234797
2363.42,3754.345957857089,-1390.925957857089
1045.37,1247.3350109363487,-201.9650109363488
609.45,1164.333524462719,-554.8835244627189
2808.82,1232.8835062026944,1575.9364937973057
2401.74,3925.586792023811,-1523.8467920238113
3478.14,2761.877303146678,716.2626968533218
449.05,1112.3895059407816,-663.3395059407817
3137.63,2417.058070277778,720.5719297222222
590.0,5537.2192594114385,-4947.2192594114385
10954.62,10299.875017858352,654.7449821416485
921.84,1627.1770161077764,-705.3370161077763
1430.25,2254.0892393756276,-823.8392393756276
1759.66,2808.690844587281,-1049.0308445872809
798.54,1383.5703100689611,-585.0303100689612
3967.65,9560.016997023808,-5592.366997023808
5630.17,3173.2917990450896,2456.8782009549104
6101.18,6069.137659619049,32.04234038095092
728.77,1617.0032240398673,-888.2332240398673
449.86,1335.8107329723637,-885.9507329723637
1078.08,1699.4575274731042,-621.3775274731042
1531.77,1678.2003812588298,-146.4303812588298
1052.62,1681.0763886480802,-628.4563886480803
2219.62,2577.396579475157,-357.7765794751572
5633.63,4517.923149546206,1115.7068504537938
7735.78,7069.171298506279,666.6087014937211
4617.95,4378.412972084093,239.53702791590695
942.99,1782.1627052408737,-839.1727052408737
3560.07,3961.34032728327,-401.27032728327003
3844.22,1798.2489825965995,2045.9710174034003
2463.24,2228.987811721047,234.25218827895287
6986.42,2141.6164851798594,4844.803514820141
2908.39,4105.140582660658,-1196.750582660658
2527.91,1670.5722137553,857.3377862446998
7674.92,2275.8240406844916,5399.0959593155085
907.78,1579.6610148954226,-671.8810148954226
819.73,1192.3642800953583,-372.63428009535824
1899.63,3090.1432096271137,-1190.5132096271136
2109.06,1768.7608004602562,340.29919953974377
2443.75,2693.841967841937,-250.09196784193682
3388.6,2408.7753666689464,979.8246333310535
770.58,1265.5735254356125,-494.99352543561247
2141.49,4624.993773288419,-2483.5037732884193
2804.74,2723.297485834292,81.44251416570796
22989.62,22519.271564047616,470.3484359523827
862.59,2303.983134559941,-1441.3931345599408
757.15,1192.81219490321,-435.66219490321
10545.15,5549.92756599496,4995.22243400504
1212.31,2311.1734763086106,-1098.8634763086106
550.35,2355.5872643194784,-1805.2372643194785
3369.39,5603.946233779812,-2234.5562337798124
9252.88,5755.028301777088,3497.851698222911
740.92,1659.362848418051,-918.4428484180511
4575.77,3047.3317386619315,1528.438261338069
1458.23,3091.4855349614204,-1633.2555349614204
1998.22,2158.9979448501977,-160.77794485019763
3067.31,3291.6530625034193,-224.34306250341933
3934.23,1957.6302719586313,1976.5997280413687
24046.29,14671.197970357143,9375.092029642858
1304.54,1413.3689642154181,-108.82896421541818
758.46,1370.1941905822796,-611.7341905822796
5343.05,2893.415821199285,2449.6341788007153
505.85,850.5951016124553,-344.7451016124553
915.77,2595.7604336345717,-1679.9904336345717
2783.75,1953.278381562595,830.4716184374049
649.57,2103.9629518284983,-1454.392951828498
702.98,1419.9972436732662,-717.0172436732662
1779.58,1723.0197395882954,56.560260411704576
6535.52,3027.5968884999097,3507.9231115000907
2385.45,2702.534496830779,-317.08449683077924
1405.98,3806.8928367157578,-2400.9128367157577
2695.61,1504.5889214910787,1191.0210785089214
2714.23,2114.0750316520202,600.1549683479798
999.61,2139.696860089462,-1140.0868600894619
1633.37,1742.3190320836623,-108.94903208366236
519.66,1116.0683141655288,-596.4083141655289
1039.92,1215.9310801830236,-176.01108018302352
3089.73,3049.223587434768,40.50641256523204
2542.47,2963.8061346644477,-421.33613466444785
2892.26,2125.1613007488095,767.0986992511907
6818.73,5301.585663484849,1517.1443365151508
2754.08,2296.1754977338164,457.9045022661835
1936.87,2056.1862119736384,-119.31621197363847
2316.43,2535.2532521841176,-218.8232521841178
935.91,1869.5882252399006,-933.6782252399006
9722.56,8828.37048799784,894.18951200216
3578.01,1858.9780065570947,1719.0319934429056
4950.76,4079.8338826816225,870.9261173183777
2630.04,2773.7002681370186,-143.66026813701865
1317.15,1896.5362128317909,-579.3862128317908
2393.02,3126.5727237878586,-733.5527237878587
2411.44,4094.982196825448,-1683.5421968254482
2939.02,3047.6075741606055,-108.58757416060553
5806.6,5257.298863830594,549.3011361694062
1679.02,2097.043908697671,-418.02390869767123
5493.25,5651.5541165763125,-158.30411657631248
1047.45,1307.9813701264645,-260.5313701264645
17099.99,12697.976982619042,4402.013017380959
3803.6,4768.807511764705,-965.207511764705
3154.86,2066.822527440591,1088.0374725594093
1055.72,1667.6937324830806,-611.9737324830805
5052.35,5073.440182581946,-21.090182581945555
2465.62,3049.2797421741625,-583.6597421741626
4665.86,7213.753505147078,-2547.893505147078
727.48,1426.7994091320243,-699.3194091320242
1677.07,1608.2958136737848,68.77418632621516
3066.89,1492.8207349309719,1574.069265069028
628.87,1482.872962526123,-854.002962526123
4642.8,2357.9198156689663,2284.880184331034
1401.18,2034.4789168434713,-633.2989168434713
2616.97,2032.5618919863655,584.4081080136343
8118.93,7340.710490282488,778.2195097175127
2793.88,3065.405610109634,-271.5256101096338
4761.33,1637.1950522227282,3124.134947777272
1015.89,1751.1662661393866,-735.2762661393866
5015.78,5205.5464331449475,-189.76643314494777
931.87,1230.886473316584,-299.016473316584
2890.92,2800.8044303395786,90.11556966042144
468.87,1241.725303543989,-772.855303543989
6510.59,2371.505622164552,4139.084377835448
656.46,1656.8326447918123,-1000.3726447918123
2244.49,2434.7805550356766,-190.2905550356768
3722.06,4680.478715486264,-958.4187154862643
3633.29,1273.1149246232023,2360.1750753767974
2049.63,2156.6477698384133,-107.01776983841319
3144.88,6438.367839330415,-3293.487839330415
872.89,1165.4387511612772,-292.5487511612772
1381.56,1270.9536966376766,110.60630336232339
1360.57,1561.2200247257888,-200.65002472578885
3303.74,3074.998136589041,228.74186341095856
9571.28,6258.0557007047955,3313.224299295205
2165.81,1273.6434088613598,892.1665911386401
5987.88,5769.823811031742,218.05618896825854
4044.14,2726.564780498118,1317.5752195018817
2105.2,3474.986001572193,-1369.786001572193
1971.62,1489.2299174388204,482.3900825611795
502.15,3225.340957119814,-2723.190957119814
6039.97,6604.14059954539,-564.1705995453895
2091.47,3282.0158716603787,-1190.545871660379
5444.02,3290.16262402643,2153.8573759735705
4909.67,3782.5459705635644,1127.1240294364356
853.48,1424.8995755412852,-571.4195755412852
616.06,1349.4065466885284,-733.3465466885284
928.76,1280.7553414418674,-351.99534144186737
3881.44,2934.7832839190073,946.6567160809927
7735.46,6146.198738409364,1589.2612615906364
1520.61,1828.426132189921,-307.81613218992106
2194.09,1708.0557058851875,486.0342941148126
1342.67,1254.606214913144,88.06378508685611
835.27,1301.4836428075744,-466.2136428075744
12071.7,8050.205111653648,4021.494888346353
1576.21,2968.1888537513955,-1391.9788537513955
874.86,1584.3736369176884,-709.5136369176884
1390.92,3592.4028366306266,-2201.4828366306265
1223.86,1432.4688173985362,-208.6088173985363
1187.76,1113.2452613423325,74.51473865766752
4647.02,2127.0988538951783,2519.921146104822
923.07,1880.9329830099477,-957.8629830099477
2926.29,5231.310634247301,-2305.020634247301
357.35,1353.5197796415869,-996.1697796415868
639.33,2755.0565166542547,-2115.7265166542547
1145.33,2926.5202212343465,-1781.1902212343466
1016.69,1591.4582795790432,-574.7682795790431
7636.48,8103.536232261908,-467.056232261908
647.14,1727.7463557046015,-1080.6063557046014
813.63,1559.1455855827555,-745.5155855827555
1264.28,1437.76663002767,-173.48663002767012
739.4,996.9145272842401,-257.5145272842401
585.62,1974.0020444787908,-1388.3820444787907
770.2,2517.1013816634622,-1746.9013816634622
1885.33,1530.630468402435,354.6995315975648
925.71,2929.362051487772,-2003.652051487772
824.11,1517.938939184071,-693.8289391840709
1666.18,1758.8379443016092,-92.65794430160918
2738.14,1171.2085480285134,1566.9314519714865
2266.47,3588.5242083979388,-1322.054208397939
2785.29,2870.563093088841,-85.27309308884105
2080.71,2086.80975172315,-6.099751723149893
6465.33,3881.700528151252,2583.629471848748
10008.92,12565.137677142855,-2556.217677142855
3078.0,2757.9053285463474,320.0946714536526
937.64,2719.7181061521856,-1782.0781061521857
1078.59,1302.4963351247736,-223.9063351247737
3408.64,3913.5801453096983,-504.94014530969844
2173.44,2134.3810974406765,39.05890255932354
9320.78,5237.058021452545,4083.7219785474554
4591.23,4224.266638450617,366.96336154938217
1790.53,3510.784207466048,-1720.254207466048
697.69,1180.904287755034,-483.21428775503387
2045.8,2454.9273074521507,-409.1273074521507
1406.4,2724.608575455335,-1318.208575455335
7924.36,8523.853745712087,-599.4937457120877
8005.65,3464.7476012410852,4540.902398758914
514.12,2511.609715810196,-1997.4897158101962
8240.85,5807.154366465409,2433.6956335345913
2051.11,1632.9948788515221,418.115121148478
560.25,2775.0417106903333,-2214.7917106903333
13021.56,4759.427433261384,8262.132566738615
1313.35,2354.5208303960158,-1041.1708303960158
3715.62,2297.30806143852,1418.31193856148
3263.79,3478.697343788214,-214.9073437882139
957.25,1165.4725438236235,-208.22254382362348
10637.32,9106.373587244978,1530.9464127550218
1829.65,1317.2333944000097,512.4166055999904
1679.52,2019.2930363157423,-339.7730363157423
3649.37,3682.929745394812,-33.559745394812126
829.16,1604.724259919468,-775.5642599194681
3508.46,1834.789333101845,1673.670666898155
2315.99,1930.4770160332455,385.5129839667543
3447.76,6460.781780274197,-3013.021780274197
514.1,1197.1258571427218,-683.0258571427217
3133.31,3202.433516865153,-69.12351686515285
1942.35,1757.5239945433066,184.82600545669334
950.56,1586.1165053624725,-635.5565053624725
3309.99,3634.670562044819,-324.680562044819
796.1,1630.4666621632866,-834.3666621632866
11414.78,11921.07171876984,-506.29171876983855
1605.4,1716.0153443718816,-110.61534437188152
4676.42,2394.031711002648,2282.388288997352
1050.9,2002.6959464644633,-951.7959464644632
1228.04,1871.5106714512474,-643.4706714512474
2517.18,1658.3027124062264,858.8772875937734
3395.83,2740.2281399331528,655.6018600668472
1470.8,2144.27039941844,-673.4703994184399
1823.1,1616.5162316726446,206.5837683273553
2216.85,2500.5321402393583,-283.68214023935843
6608.59,10843.23249121934,-4234.64249121934
704.15,1155.783851009051,-451.633851009051
336.83,1125.3498990291853,-788.5198990291854
5007.2,2737.2514181403426,2269.948581859657
2995.96,2431.4317350339343,564.5282649660658
2456.55,3018.7231193256675,-562.1731193256674
5210.16,1725.7086905966028,3484.4513094033973
702.79,1569.7089567668181,-866.9189567668182
1765.07,2045.062252879652,-279.99225287965214
1469.47,1340.8909005401497,128.57909945985034
396.65,1140.3719285724599,-743.7219285724599
1458.39,2263.5483104962054,-805.1583104962053
1378.62,1477.7100778885317,-99.09007788853182
10418.41,4391.841508405796,6026.568491594204
5351.25,7036.170141029342,-1684.9201410293417
537.15,1129.2477866354714,-592.0977866354714
9683.27,11109.315325455183,-1426.045325455183
1050.45,6790.042678025877,-5739.592678025877
4673.67,2523.3476294955267,2150.3223705044734
5589.36,4052.054591367761,1537.3054086322386
2523.88,3179.137025248567,-655.2570252485671
559.01,1231.8718484719461,-672.8618484719461
1809.98,1591.313735663633,218.66626433636702
724.13,1388.061690458739,-663.9316904587389
3494.77,3445.404642723531,49.365357276468785
1483.02,1308.3992445233396,174.6207554766604
9065.13,9282.339199444914,-217.2091994449147
2201.5,4493.9812057616755,-2292.4812057616755
3202.07,4220.931281815696,-1018.8612818156957
1244.49,2720.4967472784624,-1476.0067472784624
4220.38,4376.501477447331,-156.12147744733102
1062.28,1401.866157861156,-339.5861578611559
1405.44,3141.830910505305,-1736.3909105053049
3529.9,2822.4412609339156,707.4587390660845
9939.69,4857.556579343248,5082.133420656753
1050.37,1839.3962294861528,-789.0262294861529
4650.56,7620.736448335117,-2970.176448335116
6852.92,7960.963314570706,-1108.0433145707057
1784.88,1404.410710950916,380.4692890490842
945.6,1074.5137467478216,-128.91374674782162
3032.85,2226.700403497373,806.149596502627
1698.48,3043.021770210127,-1344.5417702101272
1116.3,1941.0680749327937,-824.7680749327938
22717.59,15238.573025357135,7479.0169746428655
2799.23,2592.0723831980927,207.15761680190735
539.19,3696.2099816664836,-3157.0199816664835
1158.04,2057.809666340422,-899.7696663404222
886.74,1072.3649357709885,-185.6249357709885
920.4,1794.632021852577,-874.2320218525771
2147.54,2178.7561111656632,-31.21611116566328
1757.88,2859.0101943304476,-1101.1301943304475
3794.48,4113.220698416651,-318.7406984166514
5505.86,1732.5174697610023,3773.3425302389974
2088.56,2330.376398282103,-241.8163982821029
1670.98,837.9705311734375,833.0094688265625
662.33,2604.286128036049,-1941.956128036049
1181.18,2132.9499039863103,-951.7699039863103
1029.79,1569.0557199716377,-539.2657199716377
2580.85,3463.2023631160846,-882.3523631160847
192.56,2048.9668724114217,-1856.4068724114218
12931.99,10694.275457619047,2237.7145423809525
4998.5,8035.594490833812,-3037.0944908338124
2861.67,2946.6149292729865,-84.94492927298643
701.85,1873.3752748867173,-1171.5252748867174
1280.48,2563.111566666667,-1282.631566666667
1100.62,3278.103808980416,-2177.483808980416
6722.73,7978.281304245271,-1255.5513042452712
2253.13,4043.50550644151,-1790.37550644151
4021.22,3424.7372327866283,596.4827672133715
6484.32,8372.882373408109,-1888.5623734081091
3730.88,4001.767923889124,-270.88792388912407
1587.32,2786.841260044923,-1199.5212600449229
1906.61,1368.7888699722391,537.8211300277608
580.89,2501.3782147974634,-1920.4882147974636
1222.5,2150.5280725950356,-928.0280725950356
2341.01,3405.0166605471763,-1064.0066605471761
842.29,1739.2520239759078,-896.9620239759079
574.51,1614.4882953939698,-1039.9782953939698
403.8,1253.6128279019388,-849.8128279019388
1972.38,2055.929143378155,-83.5491433781549
1561.42,5810.288824520005,-4248.868824520005
3714.62,3283.921137105069,430.6988628949307
9908.83,3582.340365288754,6326.489634711246
2009.61,2288.5609096036837,-278.95090960368384
2117.14,1791.2919708155518,325.848029184448
26362.6,6376.211601492463,19986.388398507537
9143.77,6752.433158333333,2391.336841666667
942.33,1356.6246298538213,-414.2946298538212
3753.51,3432.412269514649,321.09773048535135
7107.84,4105.133300785409,3002.706699214591
2694.38,2588.6575123882926,105.72248761170749
2026.62,6137.25755186947,-4110.63755186947
2111.04,4905.363597926512,-2794.323597926512
783.29,3126.3117710494903,-2343.0217710494903
2646.85,2547.7832971248195,99.06670287518045
351.0,2039.1495818979195,-1688.1495818979195
1262.89,1574.8810508381753,-311.99105083817517
5121.74,3441.7600586728654,1679.9799413271344
646.18,2816.7528657229177,-2170.572865722918
908.73,1239.6094607860446,-330.87946078604455
1209.06,1688.762295460282,-479.70229546028213
2103.32,2690.0716049521097,-586.7516049521096
7020.55,6605.650476698265,414.8995233017349
1162.37,1576.4218270875822,-414.0518270875823
538.87,1797.5663972002951,-1258.696397200295
1603.32,2275.5821414797842,-672.2621414797843
1998.44,1963.5074105096128,34.93258949038727
4289.45,2152.055414233334,2137.394585766666
2395.85,2507.68872733599,-111.83872733598992
869.22,1661.8027373682687,-792.5827373682687
993.26,1572.0710849123602,-578.8110849123602
2670.47,1691.474698470362,978.9953015296378
2350.67,2919.0739869337613,-568.4039869337612
462.48,854.4744861675628,-391.99448616756274
1669.46,3457.6032246518075,-1788.1432246518075
1978.26,2031.428662031335,-53.16866203133509
3561.17,1927.584114264142,1633.585885735858
1484.22,2482.82880312249,-998.6088031224901
2832.84,5050.963107768463,-2218.1231077684624
538.39,1077.091527689984,-538.7015276899841
1226.39,1480.0289470363343,-253.63894703633423
2527.95,1061.0661298271973,1466.8838701728025
1170.95,1228.3029101954746,-57.35291019547458
1375.95,2781.648077898116,-1405.6980778981158
1419.88,1455.8402888009596,-35.96028880095946
11332.41,5120.487740238679,6211.922259761321
1281.58,2747.3243414098356,-1465.7443414098357
929.33,2340.229020352728,-1410.8990203527283
1317.37,2518.7614553384296,-1201.3914553384298
1304.4,2598.2996124201586,-1293.8996124201585
3871.79,3545.2131051900865,326.5768948099135
14899.99,8361.627016028757,6538.362983971243
2652.26,1586.1895777767456,1066.0704222232546
2486.64,3686.9293540354342,-1200.2893540354344
781.49,1284.1874402153767,-502.6974402153767
4839.52,2351.6532358254535,2487.866764174547
1269.65,1662.142450879562,-392.49245087956183
5147.57,2033.7224927418636,3113.847507258136
2094.48,1685.153011149417,409.3269888505831
823.79,1287.0420976285802,-463.25209762858026
1487.77,3489.1471099592604,-2001.3771099592605
3554.1,3084.0528743783243,470.0471256216756
4725.26,3556.418689573913,1168.8413104260871
846.28,2969.877327564146,-2123.5973275641463
1258.12,1819.4468239404118,-561.3268239404119
1664.33,1481.2202689471962,183.10973105280368
766.49,1283.9122307006846,-517.4222307006846
2063.14,2797.3833301403256,-734.2433301403257
7080.22,12644.344056904765,-5564.124056904765
3654.55,1746.3819033207524,1908.1680966792478
2103.85,2380.6331502168027,-276.7831502168028
657.26,1593.5434098329476,-936.2834098329477
5581.8,4116.613857128273,1465.1861428717275
3630.52,2262.297234954961,1368.222765045039
4147.72,6702.36142855373,-2554.6414285537294
14392.04,9267.47148582251,5124.56851417749
912.64,1490.1394398551088,-577.4994398551088
1287.14,1222.9284303607767,64.2115696392234
8478.84,12294.940684642854,-3816.1006846428536
2812.27,1906.6341895559078,905.6358104440922
1748.48,3026.2116569634077,-1277.7316569634077
1859.55,2295.040738538993,-435.4907385389931
2995.95,2864.4713940554093,131.47860594459053
4637.77,2744.8145258134728,1892.9554741865277
2064.0,2338.353323966559,-274.35332396655895
2939.12,4076.3143966157695,-1137.1943966157696
281.0,2319.903271677678,-2038.9032716776778
6440.27,1977.3663518946064,4462.903648105394
1306.4,1566.1453050361774,-259.74530503617734
1558.15,1271.3240674340975,286.8259325659026
2635.1,2060.3072891373945,574.7927108626054
2420.06,4622.642518948698,-2202.582518948698
4162.96,2000.5354244261878,2162.424575573812
737.97,874.6189924222153,-136.64899242221531
1657.97,2527.1282725821507,-869.1582725821506
2234.54,1811.8543962807742,422.6856037192258
5848.91,3438.9858581621597,2409.92414183784
928.0,2098.3992494387744,-1170.3992494387744
1973.33,3697.1618037850376,-1723.8318037850377
457.44,2511.0599541773777,-2053.6199541773776
1885.98,2419.979665331281,-533.999665331281
439.89,1297.1540677890835,-857.2640677890835
3598.88,3240.559730392714,358.32026960728626
1042.78,2249.521654004232,-1206.741654004232
9834.73,9458.1814738258,376.54852617419965
972.06,1511.7630448691607,-539.7030448691607
567.18,899.166222909348,-331.98622290934804
9987.15,5186.602306446097,4800.547693553903
1107.0,2048.8673930169375,-941.8673930169375
5099.46,4063.560567553909,1035.899432446091
2069.15,2402.0478402110393,-332.89784021103924
1529.52,1924.3603399365684,-394.8403399365684
1286.83,2108.0191321680777,-821.1891321680778
1834.75,4914.639652025009,-3079.889652025009
1897.37,2051.881947978789,-154.51194797878907
8478.16,5032.715792665129,3445.444207334871
1503.61,2292.3486013306406,-788.7386013306407
4384.35,3084.030499631905,1300.3195003680953
2160.48,2243.1572194949845,-82.67721949498446
758.37,1606.564938711791,-848.194938711791
899.03,1407.1504029193652,-508.12040291936523
1472.44,1364.0860642714904,108.35393572850967
585.02,1596.195085924906,-1011.1750859249059
2008.17,2333.8553725960896,-325.68537259608956
1190.15,1572.8665444835121,-382.71654448351205
1007.3,1758.1538497031038,-750.8538497031038
1831.39,2492.2006841756697,-660.8106841756696
2538.71,1510.7017277020648,1028.0082722979353
1400.03,2007.573490485077,-607.543490485077
1020.8,1600.90907669551,-580.1090766955101
1600.51,2265.5789714157254,-665.0689714157254
2110.03,1880.3592059433477,229.67079405665254
2624.7,2304.6141780619196,320.08582193808024
930.95,1465.8740582827318,-534.9240582827317
5218.34,5019.817759023503,198.52224097649741
1715.58,2264.3110228878113,-548.7310228878114
5235.52,6567.962864778545,-1332.4428647785444
4370.98,7333.4284177890095,-2962.44841778901
1142.23,1186.2765526649157,-44.04655266491568
2419.29,3463.475683475035,-1044.1856834750351
2276.55,2616.5956595635253,-340.0456595635251
2646.3,1778.2174024688807,868.0825975311195
1626.99,2309.508159586434,-682.518159586434
1976.56,2108.88421396679,-132.32421396679
1141.7,3234.315393714217,-2092.615393714217
6026.79,6820.435704404759,-793.6457044047593
1906.05,1499.7469813862035,406.30301861379644
7168.82,5330.3430897173785,1838.4769102826212
3205.23,3356.1286064365663,-150.8986064365663
1606.84,1166.1187479967025,440.7212520032974
4383.91,2747.3408321231163,1636.5691678768835
590.44,1129.6212651874846,-539.1812651874845
7619.44,4059.1545515234116,3560.285448476588
2104.74,2145.623568682965,-40.88356868296523
577.87,959.0950856256418,-381.2250856256418
6215.42,4438.635048847666,1776.7849511523336
1577.75,2032.4395772907994,-454.68957729079943
637.52,911.9891280864124,-274.4691280864124
1590.35,2638.0465057011693,-1047.6965057011694
560.06,1187.592269981023,-627.5322699810231
1724.39,1649.701225538153,74.68877446184706
641.87,1240.4461836457135,-598.5761836457135
9707.86,3839.5937201987044,5868.266279801296
734.07,1670.0069605942635,-935.9369605942635
6789.47,3691.9409922996583,3097.529007700342
1032.14,3067.9575397751732,-2035.8175397751731
1172.5,2849.293306502464,-1676.793306502464
828.27,1779.8459527850937,-951.5759527850937
2093.06,2021.6176829989622,71.44231700103774
1627.25,3626.331214641345,-1999.081214641345
455.4,1330.5427336181583,-875.1427336181583
2670.56,4866.1273382583795,-2195.5673382583796
2687.73,3209.1741657506495,-521.4441657506495
6708.88,5230.5601220345725,1478.3198779654276
4060.79,5262.513032471716,-1201.7230324717157
5397.54,1729.9248262071903,3667.6151737928094
2684.45,1884.6378206410632,799.8121793589366
4283.61,2863.968179371838,1419.641820628162
4372.12,5536.25465180188,-1164.13465180188
501.08,1637.7427691712035,-1136.6627691712035
6750.67,3007.322513801485,3743.347486198515
3840.49,3466.8605431759534,373.62945682404643
3933.01,5196.676564040785,-1263.6665640407846
779.06,1665.8307948302825,-886.7707948302825
5870.22,6732.031934097947,-861.8119340979465
4723.41,2620.428107099177,2102.981892900823
6697.93,5127.84095508947,1570.08904491053
2474.09,2176.09506223186,297.99493776814006
2037.27,1527.2852609584932,509.9847390415068
2482.1,2226.327599552932,255.77240044706787
9021.81,8087.3809178408865,934.429082159113
4698.22,3668.582008962995,1029.6379910370051
689.55,2081.3668118905516,-1391.8168118905517
1693.64,2113.7792337316055,-420.1392337316054
7933.0,8157.246660714284,-224.2466607142842
3654.17,2342.4521353241303,1311.7178646758698
1535.15,2185.730602353005,-650.5806023530049
2900.76,2652.9920580679486,247.7679419320516
2336.27,1674.7418233752887,661.5281766247113
1158.92,1506.5396090118759,-347.6196090118758
1825.88,3340.528523085067,-1514.6485230850667
1596.38,1556.8040788943897,39.575921105610405
4128.02,4911.973880799172,-783.9538807991712
9225.28,3928.666899220011,5296.6131007799895
1250.25,1591.7753346719765,-341.52533467197645
3059.05,5208.3946613318085,-2149.3446613318083
5033.78,4576.73604532456,457.04395467543964
2823.03,1515.790716994328,1307.2392830056722
684.31,2560.4686487023805,-1876.1586487023806
1711.71,1269.8231544933205,441.8868455066795
2313.34,2693.8949294306644,-380.5549294306643
8336.62,8372.616244613822,-35.996244613821545
2273.22,3623.708597547485,-1350.4885975474854
1710.72,2633.6481399596373,-922.9281399596373
2331.76,4216.968942951169,-1885.2089429511689
1387.11,4324.900067367259,-2937.7900673672593
3967.17,1822.3132811078426,2144.8567188921575
996.93,1979.1933216691448,-982.2633216691448
2185.58,2020.0230854791457,165.5569145208542
1522.26,2174.9998874070193,-652.7398874070193
9568.01,5051.453080805373,4516.556919194627
533.6,1618.3869153022397,-1084.7869153022398
2067.88,1550.823804743416,517.056195256584
32482.93,5837.232248217358,26645.69775178264
1347.07,2558.945008792751,-1211.8750087927513
6373.72,4395.567463950218,1978.1525360497826
1711.74,1969.3238191443797,-257.58381914437973
14152.39,11399.226905154928,2753.163094845071
1379.29,1404.1151475464412,-24.825147546441258
1567.11,1480.5710115712836,86.53898842871627
3727.9,2411.2763409423533,1316.6236590576468
2980.31,4881.8173269220915,-1901.5073269220916
1584.02,1647.1169606115911,-63.09696061159116
3631.23,3347.0118942483596,284.21810575164045
5584.13,5969.285347727369,-385.1553477273692
723.02,1943.6342386958977,-1220.6142386958977
4638.14,2871.6425276930786,1766.4974723069217
5049.65,6535.197388933463,-1485.5473889334635
1258.72,1632.8228688198233,-374.10286881982324
2530.18,1689.098652243854,841.0813477561458
2841.33,3695.2208936591323,-853.8908936591324
1275.96,2898.181845526305,-1622.221845526305
7495.24,3401.0761912503326,4094.163808749667
542.5,1321.7874755650962,-779.2874755650962
6448.43,5484.656817529755,963.773182470245
8762.89,5775.648188397447,2987.241811602553
998.95,2593.3028899369924,-1594.3528899369924
2269.75,1390.364033097404,879.385966902596
2497.5,2564.8595740009578,-67.35957400095776
4660.51,3207.728372782945,1452.7816272170553
721.36,1201.2890664737135,-479.92906647371353
1164.85,1220.0896957845002,-55.23969578450033
1158.0,1675.6445252507858,-517.6445252507858
1030.84,3850.976422431766,-2820.136422431766
3504.88,3462.1845996643447,42.69540033565545
10027.07,7322.508010791152,2704.561989208848
2072.92,1514.210671096139,558.709328903861
1540.28,1718.1993104786764,-177.91931047867638
578.44,1385.5453422036467,-807.1053422036466
1086.28,2104.4413239471482,-1018.1613239471483
2528.24,2238.189153615406,290.05084638459357
1958.99,1855.5670022290205,103.42299777097946
1611.38,3599.7606059649115,-1988.3806059649114
1139.17,2327.463803441441,-1188.293803441441
4108.75,1851.3832500023577,2257.3667499976423
846.11,2174.9452417714665,-1328.8352417714664
5476.4,4466.828794426058,1009.5712055739414
6672.95,7141.595116421344,-468.645116421344
813.0,1776.382596485078,-963.382596485078
2828.83,3096.440254124819,-267.6102541248192
1898.61,1767.6383637991923,130.97163620080755
1313.27,1176.87297782996,136.39702217003992
2079.58,3228.3336379192715,-1148.7536379192716
1283.96,6585.0950919397765,-5301.135091939776
2744.41,3317.7987374919135,-573.3887374919136
2981.04,3634.0753035515454,-653.0353035515454
24687.94,9042.53355248106,15645.406447518939
2375.04,3044.347237431506,-669.3072374315061
823.04,1695.1063427413765,-872.0663427413765
4451.62,2652.731909673013,1798.888090326987
4055.86,2030.7549114186136,2025.1050885813866
5091.32,3144.075674968451,1947.2443250315487
1497.28,3555.1570561186613,-2057.877056118661
722.75,1733.2454274018464,-1010.4954274018464
1230.91,2577.0038746001983,-1346.0938746001982
819.25,2002.1938451576916,-1182.9438451576916
4206.23,2681.017434237552,1525.2125657624474
3607.7,2188.7576383398878,1418.942361660112
992.32,1275.4928142801284,-283.17281428012836
966.13,1466.0221090036239,-499.8921090036239
7399.37,3141.594730682314,4257.775269317686
3462.88,10904.599562261901,-7441.719562261901
1684.68,2090.3332980649925,-405.65329806499244
6586.3,3618.0569245614047,2968.2430754385955
1847.9,1889.9144057286387,-42.01440572863862
3695.47,1407.6956206842412,2287.774379315759
634.95,985.3583574490235,-350.40835744902347
5715.6,3822.4598419431186,1893.1401580568818
5048.77,3089.589386791563,1959.1806132084375
1319.9,2438.354291074177,-1118.454291074177
5050.81,4768.609319014447,282.20068098555384
5460.7,7803.586330132679,-2342.886330132679
612.32,802.9266130126158,-190.60661301261575
2829.99,3101.0496919637353,-271.05969196373553
4136.55,3962.0946670700614,174.45533292993878
1432.17,2516.794510890039,-1084.624510890039
2679.71,2307.219445444455,372.49055455554526
2841.64,2281.7657721037085,559.8742278962914
3125.41,3749.9051628111447,-624.4951628111448
9015.64,4182.167878876021,4833.4721211239785
8226.1,7626.465585569734,599.6344144302666
1918.05,2165.1700538075365,-247.12005380753658
1645.29,2674.974824913701,-1029.684824913701
6832.61,2926.612618720673,3905.997381279327
621.09,2049.623399752029,-1428.5333997520288
3094.42,4080.085840407002,-985.6658404070017
1330.58,1926.302760327325,-595.722760327325
2724.53,1526.997490814312,1197.5325091856882
1288.87,1580.1025327822842,-291.23253278228435
1299.38,2248.2006367987337,-948.8206367987336
2418.39,3284.236524290879,-865.8465242908792
718.55,1670.0065217481222,-951.4565217481222
2873.86,1405.5492100725928,1468.3107899274073
4186.29,2042.0514792215058,2144.238520778494
734.67,1100.380161668083,-365.71016166808306
919.37,1667.0422540050924,-747.6722540050924
6392.19,2782.5506022556433,3609.6393977443563
1093.21,1714.3410052166969,-621.1310052166968
1527.59,1044.0684522188683,483.52154778113163
3840.97,2783.082174687253,1057.8878253127468
2108.35,3173.873187052895,-1065.523187052895
7482.92,5130.348311984766,2352.571688015234
1988.56,2495.841827169142,-507.28182716914216
14031.72,8342.977518188018,5688.742481811982
736.21,1264.870380498292,-528.6603804982919
1540.91,4576.344862460024,-3035.4348624600243
2409.47,1220.935093629454,1188.5349063705457
1455.8,1071.6372720391023,384.16272796089766
1876.99,2515.5848001843538,-638.5948001843537
4870.5,2220.61532436523,2649.88467563477
3656.5,2721.7126015602557,934.7873984397443
562.99,1268.9900873401557,-706.0000873401557
4219.46,5527.4881763332,-1308.0281763331996
2612.58,3319.471087227799,-706.8910872277993
3002.32,1968.769009206841,1033.5509907931591
2960.58,3098.4708324765033,-137.89083247650342
1351.92,1518.900095161775,-166.9800951617749
1801.32,3762.304938928571,-1960.9849389285712
881.9,2615.4257240608463,-1733.5257240608462
3728.66,3582.376528807645,146.28347119235468
3582.35,4710.262602430462,-1127.912602430462
5267.3,5810.4883151153945,-543.1883151153943
262.97,1761.8972612540724,-1498.9272612540724
2443.11,3001.5522864722525,-558.4422864722524
2438.66,6681.782468344789,-4243.122468344789
1388.09,1722.0239574861134,-333.9339574861135
2120.54,2508.05286618709,-387.5128661870899
2220.28,1349.7087853000457,870.5712146999545
903.34,1375.6806104489826,-472.3406104489826
1919.76,3564.0562908564525,-1644.2962908564525
2937.48,1648.481441872819,1288.998558127181
4473.23,1463.1354576032352,3010.094542396764
599.73,1911.118517945509,-1311.388517945509
6981.83,4594.91197056718,2386.91802943282
400.64,1030.1275602999456,-629.4875602999456
1420.41,2664.524587319566,-1244.1145873195658
615.07,2115.8344061170133,-1500.764406117013
4200.8,2201.7133816409837,1999.0866183590165
2209.34,1501.873707655448,707.4662923445521
1176.48,2062.845902604659,-886.3659026046589
1184.97,1605.8357474400527,-420.8657474400527
2525.1,3171.622172640665,-646.5221726406653
876.51,2618.057685420166,-1741.5476854201659
701.58,3455.0221056653145,-2753.4421056653146
3098.37,3328.439101056814,-230.0691010568139
14221.04,7625.017258178706,6596.022741821295
1555.94,1666.769174825188,-110.82917482518792
1338.39,1895.3523880030598,-556.9623880030597
7968.15,9265.874271732804,-1297.7242717328045
830.18,1757.500116257793,-927.3201162577931
4926.87,4885.248256907103,41.621743092897304
657.28,1474.8445839761937,-817.5645839761937
850.01,1904.1318757615722,-1054.1218757615723
3823.63,5030.4508503445795,-1206.8208503445794
1797.6,2734.96028794062,-937.3602879406203
2559.35,1797.4324284934946,761.9175715065053
831.92,1508.998916777387,-677.078916777387
1397.1,1799.594576395281,-402.494576395281
2172.69,3787.2044607305997,-1614.5144607305997
4429.66,4605.533352917028,-175.87335291702857
2553.15,1642.1243450725028,911.0256549274973
3635.5,2129.2656756791603,1506.2343243208397
1643.33,1780.9541388198236,-137.62413881982366
3096.92,1532.7271211797838,1564.1928788202163
4488.11,3176.399129155235,1311.7108708447645
5889.98,2862.1772632431903,3027.8027367568093
643.52,2492.1603593746004,-1848.6403593746004
5524.77,5187.104188784291,337.66581121570925
2467.45,2734.6469199176454,-267.1969199176456
6978.59,6147.3357213609615,831.2542786390386
2189.41,1448.0006090501008,741.409390949899
1037.4,2261.291229219756,-1223.891229219756
4792.35,1558.8839624128916,3233.466037587109
8759.49,7686.708876661452,1072.7811233385473
641.85,1143.994865778204,-502.144865778204
12578.2,10621.538838159016,1956.6611618409843
2283.38,1697.8506915198648,585.5293084801353
648.25,1120.091085184838,-471.841085184838
11391.35,4591.169834365985,6800.180165634016
593.32,1826.186511881633,-1232.866511881633
1387.81,3634.596193951175,-2246.786193951175
1082.7,1727.5220341264992,-644.8220341264991
5968.03,2520.589262623403,3447.4407373765966
806.98,1782.3716753801846,-975.3916753801846
1764.22,1149.0203420558062,615.1996579441939
993.99,1767.6999624369,-773.7099624369
2883.48,2075.257298351352,808.2227016486481
1996.41,3701.7664894576737,-1705.3564894576737
1187.38,1771.9564976146162,-584.5764976146161
2109.94,1269.5449460525117,840.3950539474883
1273.16,2754.1095541673876,-1480.9495541673875
707.35,1708.2356628969274,-1000.8856628969273
1202.92,2002.1117667818428,-799.1917667818427
2591.57,1923.5599809738662,668.0100190261339
144.98,2258.5361709234594,-2113.5561709234594
8000.26,6131.052372276312,1869.2076277236883
595.12,2398.0884880134386,-1802.9684880134387
2138.08,1382.2109431406634,755.8690568593365
740.6,2662.1077686574704,-1921.5077686574705
1434.27,1968.653967748423,-534.383967748423
1048.68,1934.2168499210873,-885.5368499210872
3935.91,4920.227726863839,-984.3177268638392
1406.15,1847.927122377566,-441.777122377566
4929.23,3314.9312669805945,1614.298733019405
3539.83,1862.9081100237827,1676.9218899762172
1345.59,2379.444984624666,-1033.8549846246663
1220.23,2062.9637253417404,-842.7337253417404
1042.82,1683.1401615795676,-640.3201615795676
1480.52,2722.5663972212305,-1242.0463972212306
5568.23,2587.4465427759033,2980.7834572240963
1357.11,1828.0660645686187,-470.9560645686188
1821.39,1774.5252887987863,46.86471120121382
1591.39,1378.325239643946,213.0647603560542
1688.03,2644.1715587361623,-956.1415587361623
5618.28,2864.840060193431,2753.439939806569
2533.25,3007.437464616484,-474.1874646164838
3144.32,3298.05197371904,-153.73197371903962
3350.38,1888.0442182108882,1462.335781789112
1204.93,3008.236573071387,-1803.3065730713868
2611.92,2735.842673415964,-123.9226734159638
1463.56,1345.909712287149,117.65028771285097
2398.28,3011.484490110828,-613.2044901108279
3177.46,2922.486348775995,254.97365122400515
757.34,1159.784382186811,-402.4443821868109
7984.06,5081.800744031987,2902.2592559680133
1301.09,4905.120922939919,-3604.030922939919
700.49,1814.5613838243592,-1114.0713838243591
2966.2,2222.486765037071,743.7132349629287
3839.95,1727.0849613754708,2112.865038624529
10082.57,10497.230276964312,-414.6602769643123
1330.0,1478.5127612127762,-148.51276121277624
737.77,1424.7931118616643,-687.0231118616643
1908.34,2040.66300754717,-132.32300754717016
851.8,990.4572919706357,-138.6572919706357
793.07,1554.1301283873995,-761.0601283873995
2655.52,2845.071935504453,-189.551935504453
762.24,1572.0373128595206,-809.7973128595206
4120.57,4032.5024837737274,88.06751622627235
4884.96,3181.4905112166375,1703.4694887833625
1946.04,1693.1599152950628,252.8800847049372
1873.36,2391.7156078094326,-518.3556078094327
4203.57,3865.774119096709,337.7958809032907
634.06,1661.081404699345,-1027.021404699345
776.48,1949.9910908902884,-1173.5110908902884
2715.03,1536.1952687417786,1178.8347312582216
2238.54,3916.3883886186727,-1677.8483886186727
1352.81,7076.207797899662,-5723.397797899663
4934.76,3482.6243998379323,1452.135600162068
8445.02,3821.2381185353324,4623.781881464668
4398.73,2033.732392490908,2364.9976075090917
1733.18,1892.492209122958,-159.31220912295794
7067.22,9273.811171613774,-2206.5911716137734
3375.1,1686.483495014563,1688.616504985437
1828.82,2181.2498732937825,-352.4298732937825
3400.18,4234.662675331307,-834.4826753313068
1657.43,2517.138107392041,-859.708107392041
3103.27,3451.0909617355196,-347.82096173551963
4474.65,3416.340735124659,1058.3092648753404
6337.01,6039.736253746552,297.2737462534478
2668.75,1160.1105693737709,1508.6394306262291
760.82,1169.0226042772667,-408.2026042772667
17227.62,11536.882855238096,5690.7371447619025
3824.11,3855.6992187085816,-31.589218708581484
2918.01,2533.140424040015,384.869575959985
15010.47,3587.385491609467,11423.084508390533
3273.33,4480.561930705264,-1207.231930705264
2439.39,2103.8102640832926,335.57973591670725
1751.88,4197.19555150753,-2445.3155515075296
5263.63,4225.62325577278,1038.0067442272202
707.61,1308.250637277263,-600.640637277263
1380.81,3706.863849518129,-2326.053849518129
616.19,1313.2141028469684,-697.0241028469684
13118.2,8000.9398608523215,5117.260139147679
6037.62,4060.046505000001,1977.5734949999987
3743.38,2624.2127485099936,1119.1672514900065
5976.67,4099.618407551352,1877.051592448648
1848.69,2288.9231589609735,-440.23315896097347
3754.09,4142.761443035467,-388.67144303546684
1304.43,1772.820439512082,-468.3904395120819
1263.95,1577.0558299726874,-313.1058299726874
1731.42,3307.840519443631,-1576.4205194436308
3329.43,3310.897739611618,18.53226038838193
1348.42,1106.420006340945,241.999993659055
6590.35,5522.342063562742,1068.0079364372586
4344.31,2988.823930827604,1355.4860691723966
6671.21,3793.2109976257357,2877.9990023742644
2622.58,3208.811411587302,-586.2314115873019
2134.25,1824.5495964054935,309.7004035945065
2171.11,7838.428129283009,-5667.318129283009
9422.31,6905.647314895231,2516.6626851047686
783.78,2588.9421889903497,-1805.1621889903497
601.08,2541.1622824035167,-1940.0822824035167
984.1,3381.282246059301,-2397.182246059301
1168.98,3017.4828670681936,-1848.5028670681936
432.26,1208.8983994787607,-776.6383994787607
1649.5,2472.724197693114,-823.2241976931141
3987.63,3360.107572103159,627.5224278968412
829.06,1826.681982745753,-997.621982745753
426.23,1195.7246951732147,-769.4946951732147
1454.57,1751.9979163698933,-297.4279163698934
1033.83,1305.272054251278,-271.442054251278
6778.16,4510.183195881412,2267.976804118588
892.08,1743.4459055507511,-851.3659055507511
8731.77,3710.4291279614104,5021.3408720385905
1572.13,1888.664487200973,-316.534487200973
1578.07,2673.0800821798625,-1095.0100821798626
5102.57,3374.625804230875,1727.9441957691247
4610.59,2920.839057647806,1689.7509423521942
1214.68,1789.1083396086915,-574.4283396086914
1076.73,2485.482739296317,-1408.752739296317
25153.41,12883.065038412695,12270.344961587305
5495.54,3524.2750476931424,1971.2649523068576
6245.85,1998.9280171782084,4246.921982821792
1314.37,1354.5638192239253,-40.1938192239254
1629.98,2803.9706243928795,-1173.9906243928795
1033.57,1248.2301824724,-214.66018247240004
1770.19,1969.475131002498,-199.28513100249802
2537.83,1451.6396884881103,1086.1903115118896
4295.27,2674.6692302813844,1620.600769718616
5103.86,3914.922474277646,1188.9375257223537
2304.46,2640.75602805233,-336.2960280523298
2597.16,5286.512449732545,-2689.352449732545
1121.6,1401.625599371134,-280.02559937113415
2236.24,3011.591280936839,-775.3512809368394
4600.36,3331.901093608342,1268.4589063916578
3562.71,1827.9521534571281,1734.757846542872
929.06,1413.6744913665937,-484.6144913665937
1493.53,2620.991416931742,-1127.4614169317422
4333.78,5460.453887870117,-1126.6738878701171
2002.66,4475.051739016262,-2472.3917390162624
3088.02,6484.151140816195,-3396.131140816195
3011.95,3341.44170178334,-329.49170178334
796.82,931.72785723372,-134.90785723371994
1030.31,2188.72862697343,-1158.41862697343
4219.33,1336.9817007325673,2882.3482992674326
5446.09,4244.457406189543,1201.6325938104574
2921.69,6141.508496332334,-3219.8184963323342
958.64,2056.183189554386,-1097.5431895543861
661.8,2312.1629336151514,-1650.3629336151514
1311.94,3422.716194089457,-2110.776194089457
1479.88,2535.6279030038027,-1055.7479030038025
1486.68,2043.7212428553478,-557.0412428553477
6861.32,9662.636561405816,-2801.316561405816
3117.55,4181.111165023277,-1063.5611650232768
5827.33,5783.038017266214,44.29198273378552
3866.23,7784.06989277745,-3917.83989277745
1196.37,1428.271083747918,-231.90108374791816
4769.61,6529.552649298915,-1759.942649298915
934.57,1209.1858436038988,-274.6158436038987
1466.67,1234.4090669535353,232.26093304646474
2160.55,2482.8678377936944,-322.31783779369425
7450.3,9579.289165518023,-2128.9891655180227
6199.77,4529.501391255411,1670.268608744589
16627.29,7581.179408734497,9046.110591265504
1383.49,2471.150263981797,-1087.6602639817968
870.79,1145.4481257339883,-274.6581257339883
473.92,1455.1085083335645,-981.1885083335644
1249.15,3172.7678199439747,-1923.6178199439746
1273.77,2016.297296715186,-742.5272967151859
6117.78,2434.796302702271,3682.9836972977287
4983.38,6679.056412232137,-1695.6764122321365
536.61,1263.2589324283408,-726.6489324283408
2268.86,1809.724423321691,459.13557667830923
1799.71,5684.063441786883,-3884.353441786883
3030.0,1612.9915576770688,1417.0084423229312
769.53,1876.0263500044734,-1106.4963500044735
4911.91,3378.997010776457,1532.9129892235428
7419.13,5640.058319683798,1779.0716803162022
2147.58,1463.593266875928,683.9867331240719
2171.68,1773.334996685897,398.34500331410277
1175.91,1252.2441942070527,-76.33419420705263
1337.69,4212.6197920831355,-2874.9297920831355
1213.21,1837.0108134736095,-623.8008134736094
2712.7,1658.6561999561516,1054.0438000438483
9226.09,5858.496329926949,3367.593670073051
2912.15,2380.45269354885,531.6973064511499
1191.84,2017.2132104854259,-825.373210485426
988.21,1133.6211084744375,-145.41110847443747
1871.14,2355.10702287331,-483.96702287331004
1085.09,1431.248592828776,-346.15859282877614
727.16,3895.905721425973,-3168.745721425973
2152.76,1524.620913531022,628.1390864689781
937.53,1527.4289864020207,-589.8989864020207
3278.93,3188.397576735793,90.53242326420695
2066.11,2136.8250373948717,-70.71503739487162
1697.25,1537.034875712899,160.21512428710093
2502.75,3336.2588896198718,-833.5088896198718
1494.67,2966.795758477822,-1472.1257584778218
2446.83,4280.171102509535,-1833.3411025095347
4453.05,4579.278927496494,-126.22892749649418
1293.12,2361.0082004599476,-1067.8882004599477
4148.51,2525.4964454413825,1623.0135545586177
804.0,1863.49283845653,-1059.49283845653
759.17,2712.711212355965,-1953.541212355965
3720.15,4830.912914128147,-1110.7629141281473
2261.26,2271.3860387545737,-10.126038754573528
2027.03,3406.106799388068,-1379.076799388068
1158.35,1262.482112413507,-104.132112413507
689.8,1860.1802987655817,-1170.3802987655818
1884.84,1599.6914391637124,285.1485608362875
4293.74,3007.6396328782903,1286.1003671217095
852.71,1238.825152582952,-386.11515258295185
3045.2,2221.4673706396206,823.7326293603792
2066.35,4165.749111133133,-2099.399111133133
4487.91,4741.508962384561,-253.59896238456076
3571.69,2300.910504254359,1270.7794957456413
1093.23,2032.6057210144659,-939.3757210144659
4562.4,4447.9418918503325,114.45810814966717
850.61,2349.3334541292343,-1498.7234541292341
1763.18,1767.5123122556447,-4.332312255644638
1215.5,1092.9322458426782,122.56775415732182
1583.83,3603.851130201138,-2020.021130201138
3602.7,3505.1783711104176,97.52162888958219
4567.42,5236.732877084737,-669.312877084737
1419.08,4250.8498146683505,-2831.7698146683506
2568.15,3843.853753875897,-1275.7037538758968
4723.4,1985.9848548644345,2737.415145135565
2719.77,2237.516589765185,482.25341023481496
2531.98,1680.6770242407679,851.3029757592321
13358.27,4374.425831418224,8983.844168581776
1590.06,1702.0292650630006,-111.96926506300065
4225.07,4084.735675817444,140.33432418255552
2045.03,1825.3424065627903,219.68759343720967
10605.68,3828.021766731539,6777.658233268461
3681.49,1498.6416032424459,2182.848396757554
834.58,1095.2698100244152,-260.6898100244151
2541.18,4057.6205031296854,-1516.4405031296856
989.15,1215.1198603557195,-225.96986035571956
3469.07,1883.577690005613,1585.4923099943871
975.91,3468.6715161130223,-2492.7615161130225
3330.55,1991.0240165904124,1339.5259834095878
785.81,3011.1492497391937,-2225.3392497391937
1972.53,2064.427527428628,-91.89752742862788
4075.37,3094.736241360761,980.6337586392387
1685.32,1748.2785081707686,-62.95850817076871
1242.05,1196.15610466854,45.893895331460044
3725.38,5338.084503800255,-1612.7045038002552
374.29,1395.733495996425,-1021.4434959964251
1663.99,1405.6747278604887,258.3152721395113
883.9,1518.4367890837193,-634.5367890837193
862.02,817.2214782120366,44.79852178796341
2208.04,3929.7800932742366,-1721.7400932742366
1661.24,1741.624676427148,-80.38467642714795
1492.09,2032.910910054658,-540.820910054658
3562.48,2737.484249166667,824.9957508333332
754.45,1293.5234539424418,-539.0734539424418
2348.1,2593.195205365643,-245.09520536564287
963.75,1641.0889884630099,-677.3389884630099
2831.2,3592.722191527267,-761.5221915272673
1278.3,1708.935297964784,-430.63529796478406
1319.24,2054.7692128353997,-735.5292128353997
4104.15,4037.809016108548,66.34098389145174
10461.59,2696.402091664287,7765.187908335713
2703.96,1537.9103448810408,1166.0496551189592
2005.48,1987.408200464966,18.07179953503396
1901.81,2124.8545885441986,-223.04458854419863
2199.63,1273.0836132630654,926.5463867369347
1634.65,3621.0818941006396,-1986.4318941006395
1482.76,1730.6069369809074,-247.84693698090746
1437.15,1716.4448659081436,-279.2948659081435
6448.79,5211.667876593389,1237.1221234066106
7002.24,4535.307705946407,2466.932294053593
668.6,1238.411680221852,-569.811680221852
451.33,1587.0144628687128,-1135.684462868713
912.37,1362.7381066184344,-450.36810661843435
1991.35,2342.149196428269,-350.79919642826917
1290.87,1702.8768972975047,-412.0068972975048
3582.67,5088.755976103803,-1506.0859761038028
1450.5,3142.708283563909,-1692.208283563909
9752.96,5870.118678881694,3882.841321118305
1083.3,1410.2841036738025,-326.98410367380257
580.0,1796.4528182120039,-1216.4528182120039
1000.26,1777.9246136481036,-777.6646136481036
2095.7,1656.4461023081053,439.2538976918945
2355.86,2450.8683147156976,-95.00831471569745
10491.14,6640.343309938553,3850.7966900614465
1861.67,1421.5257114887352,440.1442885112649
1784.74,2953.289198852041,-1168.549198852041
3825.4,3007.0941427700395,818.3058572299606
2834.15,1673.9053705509987,1160.2446294490014
8542.66,2549.807137342031,5992.852862657968
1602.24,2421.109535974235,-818.8695359742349
3311.36,1853.918639518148,1457.4413604818521
3038.36,3443.788418933207,-405.428418933207
3354.41,4394.75966790219,-1040.34966790219
3983.92,7774.785647936509,-3790.865647936509
855.3,1293.7283228479955,-438.42832284799556
2012.31,2510.230939929397,-497.92093992939726
2098.99,1914.8390426794515,184.1509573205483
7508.32,2305.815785773939,5202.504214226061
1801.32,2062.8598198249047,-261.5398198249047
2999.11,3323.4615449008807,-324.3515449008805
999.81,886.2020558254258,113.60794417457419
741.75,1398.1849046150214,-656.4349046150214
1785.27,2142.3140123605754,-357.0440123605754
1886.07,2424.858248781645,-538.7882487816453
1573.66,1925.8039609588677,-352.14396095886764
1206.66,1886.705374152548,-680.045374152548
905.82,1464.8207563965805,-559.0007563965804
2393.33,2275.9035195494894,117.42648045051055
2841.74,1577.4943408656118,1264.245659134388
1779.46,2150.9473394860456,-371.4873394860456
2405.2,1826.030815,579.1691849999997
1135.29,2376.9238696808716,-1241.6338696808716
1861.43,1300.949243972879,560.4807560271211
1502.97,2159.762416449009,-656.7924164490089
1521.68,2593.9787077470887,-1072.2987077470887
4326.63,2567.4308291613843,1759.1991708386158
4958.16,6332.058893123274,-1373.8988931232743
2358.34,1548.4643302627335,809.8756697372667
2568.62,2068.207261479377,500.41273852062295
1882.86,3877.220331304043,-1994.3603313040433
1397.64,1778.3681513019378,-380.7281513019377
4485.65,2739.3174852035136,1746.332514796486
2940.25,1542.3626395457893,1397.8873604542107
1796.25,1344.0474565332493,452.20254346675074
260.0,1326.546959172741,-1066.546959172741
4714.4,2719.067746479367,1995.3322535206325
803.3,1755.2568771078084,-951.9568771078084
984.57,1321.5766685280814,-337.0066685280814
3978.16,3939.4767033932294,38.683296606770455
3322.5,3294.6869169426604,27.813083057339554
924.1,1736.8937263986531,-812.7937263986531
1878.15,3460.78595217438,-1582.6359521743798
3952.44,3164.6910039146915,787.7489960853086
8538.71,4343.479314526674,4195.230685473325
2841.7,1872.9691305503936,968.7308694496062
891.36,1547.8705097576935,-656.5105097576935
2052.76,1493.4071537927002,559.3528462073
889.83,3648.6994579036173,-2758.8694579036173
3517.61,2540.2273225837916,977.3826774162085
2805.12,1692.1149642316104,1113.0050357683895
1421.25,1796.4938912824475,-375.2438912824475
1331.23,1139.886103726063,191.34389627393693
4190.72,3272.11714795399,918.6028520460104
3404.52,3436.4610602162775,-31.941060216277492
4153.56,3608.086287878285,545.4737121217154
922.23,2070.1573573475976,-1147.9273573475975
1099.14,3481.792874979223,-2382.6528749792233
29039.85,10725.978163334448,18313.871836665552
583.91,913.4499048495051,-329.5399048495051
564.4,1444.2589106643143,-879.8589106643143
1172.29,2021.9754407464861,-849.6854407464862
14906.77,8650.45426256869,6256.3157374313105
1416.8,2256.573546202383,-839.7735462023832
1762.71,2428.2389716018374,-665.5289716018374
1498.21,1874.7639094532683,-376.55390945326826
982.62,1175.4291481913144,-192.80914819131442
3328.92,2723.54667714391,605.37332285609
3050.97,1654.294507118893,1396.6754928811067
2474.07,5345.30842850896,-2871.2384285089597
5760.46,5729.610372256404,30.849627743596102
6015.12,2344.7241215717004,3670.3958784282995
1592.11,3428.208685382703,-1836.0986853827033
677.21,1441.086564555605,-763.876564555605
11504.76,4770.981417000431,6733.778582999569
539.6,1360.7232527147892,-821.1232527147891
1059.98,1976.316633504823,-916.3366335048229
1731.38,7851.767649906747,-6120.387649906746
3583.99,3499.6521983510634,84.33780164893642
3192.99,6018.304270708439,-2825.314270708439
1554.54,1429.9856937628779,124.55430623712209
8003.56,5921.664053479783,2081.895946520217
4923.36,3223.5586690689856,1699.801330931014
3022.48,1991.9505724784174,1030.5294275215826
3029.23,1233.8545798050852,1795.3754201949148
5533.99,3698.4506956998785,1835.5393043001213
2760.64,4875.758397111558,-2115.1183971115584
1701.06,1872.6512246705172,-171.59122467051725
825.6,2507.225360661,-1681.6253606610003
1843.78,3792.7998406113784,-1949.0198406113784
1801.91,2646.047463435729,-844.1374634357287
1904.05,2711.061956301895,-807.011956301895
4444.05,2110.498058106682,2333.551941893318
1843.69,1671.8600646563673,171.82993534363277
1111.39,954.6146985739033,156.7753014260968
952.78,1501.8770848285794,-549.0970848285795
6150.57,3689.1542159501264,2461.4157840498733
1320.98,1747.73320431827,-426.75320431827004
3876.05,2678.0604922437883,1197.9895077562119
1815.59,1382.870642044221,432.71935795577883
1512.33,2642.7760013156612,-1130.4460013156613
953.31,3712.8475352114974,-2759.5375352114975
6608.18,3879.4770653859932,2728.702934614007
2268.72,3144.071014431849,-875.3510144318493
2008.99,1180.6862495717628,828.3037504282372
14499.21,9733.146463333333,4766.063536666667
1539.2,2639.7736643292556,-1100.5736643292555
2754.23,2344.5420958122936,409.6879041877064
971.68,2616.415553817419,-1644.7355538174193
746.21,3822.582500874945,-3076.3725008749448
1529.19,1550.670321602212,-21.480321602211916
1164.3,1706.093254489373,-541.7932544893731
5061.62,3023.4197766513967,2038.2002233486032
952.98,1453.2519372083675,-500.2719372083675
580.0,1236.8644380827875,-656.8644380827875
622.19,1268.32883140348,-646.13883140348
2806.38,2748.775477550745,57.604522449255
1703.94,1647.1833480331013,56.756651966898744
964.1,1202.1191595080209,-238.01915950802083
641.17,1662.4721248364876,-1021.3021248364877
386.65,1590.5592422371647,-1203.9092422371646
1264.67,3778.6092733541022,-2513.939273354102
1786.45,1709.7048444249233,76.74515557507675
764.14,868.5995594753887,-104.45955947538869
970.38,2078.500578148256,-1108.1205781482558
7690.15,5740.4417472744935,1949.708252725506
5813.55,5069.741766009468,743.8082339905322
808.85,1257.6349194843099,-448.78491948430985
1553.15,3402.795060294242,-1849.6450602942418
2066.32,2685.9573386682155,-619.6373386682153
1873.75,2137.6114941445617,-263.8614941445617
1832.84,1846.0158834139577,-13.175883413957763
1252.09,2565.8018050837054,-1313.7118050837055
2026.99,3437.4726987909635,-1410.4826987909635
1154.46,3023.7500130866288,-1869.2900130866287
7336.79,6170.792506402303,1165.997493597697
643.21,855.4185396049202,-212.20853960492013
1193.55,1389.9319571867454,-196.38195718674547
578.39,2015.682344189056,-1437.2923441890562
994.61,1790.2280122646853,-795.6180122646853
2207.89,1206.5178298235019,1001.372170176498
1307.58,1163.7451126805547,143.83488731944522
1328.18,5708.171711358049,-4379.991711358049
1938.97,2430.9213580902365,-491.95135809023645
2239.04,2859.725392855315,-620.6853928553151
3519.59,3084.5959756421626,434.9940243578376
1468.2,3256.496467806355,-1788.2964678063552
830.56,1602.65933971512,-772.0993397151201
1938.67,1338.50597900095,600.1640209990501
1233.73,1490.1550843461455,-256.42508434614547
3931.41,3348.3096852123217,583.1003147876781
1611.21,2063.035821888165,-451.82582188816514
1938.53,3810.022482712593,-1871.492482712593
934.51,2290.12895182641,-1355.6189518264098
1052.67,2432.161147133293,-1379.491147133293
1173.76,2181.284009888278,-1007.524009888278
2525.97,3662.238801761779,-1136.2688017617793
1839.74,2813.4077162086046,-973.6677162086046
3540.83,3350.80003343149,190.02996656850974
4092.54,4916.879075543929,-824.3390755439286
372.94,1431.955849042384,-1059.015849042384
10428.11,5010.553608239261,5417.55639176074
2469.31,2161.534233734102,307.7757662658978
5681.98,5956.599010727223,-274.6190107272232
3094.39,6775.921443502073,-3681.531443502073
3091.7,1947.5465418779509,1144.153458122049
975.06,1297.1221689819947,-322.0621689819948
2942.31,2772.2508976311096,170.0591023688903
8130.33,5065.003845656321,3065.3261543436793
3201.06,3409.493023919387,-208.43302391938687
592.81,2721.120576895004,-2128.310576895004
3661.18,2758.6375366145817,902.5424633854182
2213.69,2550.312710384175,-336.62271038417475
793.61,1094.2855302362125,-300.67553023621247
3334.96,1501.3526837634888,1833.6073162365112
1758.16,1251.5760553188682,506.5839446811319
951.47,1425.2696692640318,-473.79966926403176
1006.13,1772.9334715463015,-766.8034715463015
2245.72,1566.757094835504,678.9629051644959
2216.45,5050.988120238093,-2834.538120238093
10740.94,13077.66399301587,-2336.7239930158703
4875.33,4952.232880455265,-76.9028804552654
3514.54,2662.527916461876,852.012083538124
1828.18,2141.945370812811,-313.7653708128107
737.99,1548.3102082591881,-810.3202082591881
3700.77,2897.6751228255807,803.0948771744193
2722.99,5469.6676684317945,-2746.6776684317947
7988.69,10243.897078463206,-2255.207078463206
2636.23,3974.027019435817,-1337.7970194358168
1354.69,1749.971110395507,-395.28111039550686
2825.74,3004.307969971572,-178.56796997157244
538.55,1370.5527253223727,-832.0027253223727
7940.07,7426.048017810474,514.0219821895253
6148.54,6585.316855072968,-436.7768550729679
3266.49,2564.575924473618,701.9140755263816
5607.05,5383.051108957047,223.9988910429529
3132.27,1637.7895147638028,1494.4804852361972
969.96,1813.0498247424052,-843.0898247424052
1465.27,1693.5844634001382,-228.31446340013827
932.22,1789.703535865981,-857.4835358659809
2094.46,2431.832213668961,-337.37221366896074
3638.17,1301.3789579522413,2336.7910420477588
1072.66,3604.8383511189195,-2532.1783511189196
4195.32,3003.3938010155985,1191.9261989844013
801.65,1311.2336821182182,-509.58368211821823
1089.36,2428.447966381617,-1339.087966381617
1763.93,1498.269245354497,265.6607546455032
789.94,2793.0926537745927,-2003.1526537745926
751.85,2512.928172786019,-1761.078172786019
1713.26,1653.9182865477724,59.34171345222762
8039.0,4876.972470638515,3162.027529361485
4115.39,8202.179198574227,-4086.789198574227
635.8,1545.5075122340315,-909.7075122340316
795.38,1248.8703401453377,-453.49034014533765
4711.56,4373.239574066992,338.32042593300866
2022.38,1232.3404597878791,790.039540212121
2572.34,2474.7700807464394,97.56991925356078
347.23,918.0743130571159,-570.8443130571159
2226.39,1808.9618498387083,417.42815016129157
7318.63,5677.301716008598,1641.3282839914018
3159.51,3341.5202074689137,-182.01020746891345
3327.76,2835.498347829207,492.26165217079324
2020.15,2225.4988002093105,-205.3488002093104
2316.03,1349.2984250237394,966.7315749762608
759.64,1986.5762110725525,-1226.9362110725524
3563.98,3558.117224502477,5.8627754975232165
7891.37,3528.7915796836505,4362.578420316349
7041.08,5913.027339761907,1128.0526602380933
733.7,2204.289757464985,-1470.589757464985
14072.32,6047.604638762613,8024.715361237387
5012.39,9369.128387427363,-4356.738387427363
9015.16,6180.528057901049,2834.631942098951
5404.8,5501.636599345237,-96.83659934523712
4927.3,5727.142707382252,-799.8427073822522
2271.39,2176.510470673646,94.8795293263538
8615.69,3818.4930974605527,4797.196902539448
761.65,1911.4560306596281,-1149.806030659628
711.66,1802.7014854165643,-1091.0414854165642
2186.86,2556.575318271649,-369.7153182716488
2603.27,2239.8463777042607,363.4236222957393
1647.78,1694.3315637983976,-46.55156379839764
10489.49,4572.691826761004,5916.798173238995
9212.38,6474.027944011813,2738.3520559881863
6387.24,8165.1771634074275,-1777.9371634074278
1120.49,1795.7822504865055,-675.2922504865055
1859.57,1376.7562936020286,482.8137063979714
719.85,1100.4907774192393,-380.64077741923927
6014.04,3686.591884376806,2327.448115623194
2338.87,1841.8808853247438,496.98911467525613
9542.95,5206.671040315638,4336.278959684363
583.11,1684.5050901249767,-1101.3950901249768
1149.0,1697.6099091648584,-548.6099091648584
1235.9,1478.9440721814174,-243.04407218141728
1446.93,2193.2600160058014,-746.3300160058013
6351.48,5726.1282284757235,625.351771524276
6463.89,3515.899269449442,2947.9907305505585
7321.77,4399.039579986709,2922.730420013291
3645.02,1800.7371526228505,1844.2828473771494
1411.74,2581.7446240432396,-1170.0046240432396
2810.64,2578.8758112734863,231.76418872651357
5396.61,2306.672256355647,3089.937743644353
9723.02,7018.984248095234,2704.0357519047666
828.12,1519.4306433915374,-691.3106433915374
1661.08,2274.7574122384094,-613.6774122384095
1418.12,1241.8047254047713,176.31527459522863
1800.34,1755.7678838150166,44.572116184983315
1327.85,4058.9872050936315,-2731.1372050936316
2953.78,1370.8024426484421,1582.977557351558
2868.05,2078.629347971399,789.4206520286011
1447.95,3958.1631115657974,-2510.2131115657976
1802.34,3624.39642839874,-1822.0564283987403
2924.92,3956.518811868995,-1031.5988118689947
2458.45,3313.319628027611,-854.8696280276113
1222.62,1717.2606493907297,-494.6406493907298
7224.66,5231.11995762923,1993.5400423707697
4672.89,3536.591967094999,1136.2980329050015
981.39,1411.5829126492388,-430.1929126492388
7686.83,7526.328158467292,160.50184153270766
1887.07,4645.396731480328,-2758.326731480328
1413.83,2332.7798144183357,-918.9498144183358
4694.65,2751.926919392551,1942.7230806074485
2863.02,1773.3062868184602,1089.7137131815398
1943.01,3236.8359624412446,-1293.8259624412447
614.4,2752.2244751635317,-2137.8244751635316
984.26,1844.23652193225,-859.9765219322501
1934.89,3232.6836384718113,-1297.7936384718112
1141.56,2282.8133469659197,-1141.2533469659197
10895.25,7433.01482107351,3462.2351789264903
942.3,1844.3122827770694,-902.0122827770695
1943.71,2843.119801009625,-899.409801009625
2378.11,1905.9645697483224,472.1454302516777
888.94,1809.166294057159,-920.2262940571588
1796.69,2591.8813279290353,-795.1913279290352
1788.26,4248.565334102584,-2460.3053341025834
1231.32,3373.860376314272,-2142.540376314272
828.77,1950.5682473983875,-1121.7982473983875
1671.01,1286.0587759927362,384.9512240072638
2952.74,3700.320581652619,-747.580581652619
1920.15,1546.885130730489,373.2648692695111
6108.98,7114.634314233956,-1005.654314233956
13297.66,11148.798907402597,2148.8610925974026
4394.61,2469.800882957303,1924.8091170426965
1092.78,1243.2846105417677,-150.50461054176776
5353.21,3649.9176282673475,1703.2923717326526
1720.8,2219.3576529336174,-498.5576529336174
936.99,1816.2253925615396,-879.2353925615396
1742.09,2471.262525031058,-729.1725250310581
2144.03,1643.9807693907974,500.0492306092028
480.82,1668.91505710123,-1188.0950571012302
8434.22,5497.344012210815,2936.8759877891844
9843.33,8028.796930000003,1814.5330699999968
4753.51,1896.473903770262,2857.036096229738
2651.75,1886.3294452800867,765.4205547199133
2602.14,2331.397058855039,270.7429411449607
1138.29,1307.096134158935,-168.80613415893504
4135.86,2160.0354586461217,1975.824541353878
1857.43,2409.8515136264823,-552.4215136264822
804.22,2164.4066219674337,-1360.1866219674337
1409.96,1333.4039244952028,76.55607550479726
1928.03,2872.2541241049785,-944.2241241049785
6951.4,6330.023968254594,621.3760317454053
4552.59,6742.179502401797,-2189.5895024017973
4299.95,2828.56765880901,1471.3823411909898
2682.97,1761.1299262689938,921.840073731006
722.12,1211.588486694917,-489.46848669491703
960.8,2396.0064587628385,-1435.2064587628386
1480.26,2142.8404471262347,-662.5804471262347
932.05,3028.427125670585,-2096.377125670585
1683.42,3228.0303362325144,-1544.6103362325143
3223.69,1715.1869480696178,1508.5030519303823
6314.6,7020.416883411729,-705.8168834117287
2565.5,1984.3938064166202,581.1061935833798
2209.45,3190.5115693802495,-981.0615693802497
1695.11,2782.339887631105,-1087.229887631105
596.61,1157.82701289987,-561.2170128998699
2582.84,2820.265208134681,-237.42520813468082
1316.59,2334.6450031224904,-1018.0550031224905
2658.51,1981.1481848884491,677.3618151115511
3812.45,1743.7253084667582,2068.7246915332416
1423.93,1781.2345945247723,-357.30459452477226
1216.45,2560.7990523310295,-1344.3490523310295
2740.91,1485.4218330562217,1255.4881669437782
2318.39,1288.0662896591366,1030.3237103408633
10097.85,5013.659249286979,5084.190750713022
903.79,809.5550781492218,94.23492185077816
5376.61,5242.522237190541,134.08776280945858
1017.88,2325.944784634683,-1308.0647846346828
7608.35,7182.812820606062,425.53717939393846
1551.37,1259.2768756387961,292.09312436120376
3137.95,2722.848066823619,415.10193317638095
859.6,1697.671050916185,-838.0710509161851
1655.91,1104.9669713512892,550.9430286487109
7922.6,4329.404665693617,3593.1953343063833
2260.82,2173.876033493417,86.94396650658337
629.12,1416.8351128332706,-787.7151128332706
2775.85,4220.471036278696,-1444.6210362786965
2543.55,1873.5404164761712,670.009583523829
1300.66,1329.452819077666,-28.792819077665854
2719.85,5137.443179642856,-2417.5931796428563
1098.89,1291.3953710887258,-192.50537108872572
1305.96,2015.300330092649,-709.3403300926489
2695.32,2079.4485648282807,615.8714351717194
3155.26,2195.819307698775,959.4406923012252
2782.95,1679.4928513928157,1103.457148607184
1683.2,2041.2002000054808,-358.0002000054808
1295.21,1599.7958866917243,-304.5858866917242
1152.56,1598.165078667173,-445.6050786671731
2918.8,3307.2367513888894,-388.4367513888892
2508.06,2599.383556544295,-91.32355654429512
1488.17,2589.254177524991,-1101.084177524991
7081.35,4770.749628218981,2310.600371781019
1381.89,1878.0660539394798,-496.17605393947974
527.82,1677.3867829328076,-1149.5667829328077
1153.69,2143.052021818512,-989.362021818512
2229.24,3943.6466743650794,-1714.4066743650797
1956.26,1733.0203826608124,223.2396173391876
28.46,1265.9759811068968,-1237.5159811068968
797.68,1223.4081972367856,-425.7281972367856
3081.25,6409.526233610427,-3328.276233610427
663.39,1290.5668482614478,-627.1768482614478
1557.42,1536.5868007977663,20.8331992022338
1451.89,2008.149150872157,-556.2591508721569
5875.53,3370.5372001770534,2504.9927998229464
451.75,8062.421144523515,-7610.671144523515
716.41,1071.005792655653,-354.5957926556531
1488.18,2273.6941522357524,-785.5141522357524
7625.52,5103.153135476238,2522.366864523762
865.49,1845.4683340726813,-979.9783340726813
2972.32,3958.2149448251557,-985.8949448251556
879.69,1289.0280205289769,-409.3380205289768
1752.76,2321.3951827329656,-568.6351827329656
1811.03,2316.3658185300965,-505.3358185300965
2761.72,3598.4928824145086,-836.7728824145088
2582.05,4526.193567988649,-1944.143567988649
2069.18,3331.2674758575413,-1262.0874758575414
1570.38,1326.0883989559381,244.29160104406196
1258.9,1569.298408558449,-310.39840855844886
3987.13,2692.684932662975,1294.4450673370252
4918.98,2532.381176092697,2386.5988239073026
1723.26,2356.849432352941,-633.5894323529412
3457.79,4638.964437803651,-1181.174437803651
2978.93,3335.3153728102893,-356.3853728102895
982.65,1815.8694209293171,-833.2194209293172
4632.58,1436.8112970415202,3195.7687029584795
2609.01,2135.7028107668452,473.307189233155
1102.43,1619.0780213597195,-516.6480213597195
2451.69,4091.4417787414604,-1639.7517787414604
1141.48,1295.4920137223005,-154.01201372230048
6188.65,3848.5303066604156,2340.119693339584
955.48,2079.9082975756123,-1124.4282975756123
6009.12,4314.780570957623,1694.3394290423767
984.66,3795.6226929981226,-2810.9626929981227
890.54,2319.273686616223,-1428.7336866162232
726.67,1412.0201552971675,-685.3501552971676
767.65,1515.653085079403,-748.0030850794029
6755.1,3921.375991948205,2833.7240080517954
1910.22,1865.0065134747215,45.21348652527854
6573.05,8217.599425181039,-1644.5494251810387
1312.26,2855.4854081281273,-1543.2254081281274
6464.84,6321.256058881162,143.58394111883808
3547.26,3378.843790665449,168.41620933455124
2683.71,2229.9124392383774,453.79756076162266
702.46,1612.56119318142,-910.1011931814201
1014.78,1716.0567793746495,-701.2767793746495
907.11,1173.4798077931828,-266.36980779318276
2609.01,1658.990779822292,950.0192201777081
735.64,1183.5076670915655,-447.8676670915655
1078.57,1695.4847648512261,-616.9147648512262
618.16,1679.5823336195886,-1061.4223336195887
1302.65,2738.444885037206,-1435.7948850372059
2636.08,6695.287885319829,-4059.207885319829
872.37,2196.249847492901,-1323.8798474929013
878.52,1185.0837808819683,-306.56378088196834
2240.68,3221.430247664817,-980.7502476648174
5308.01,4217.00948734762,1091.0005126523802
3953.62,1854.4298039218045,2099.190196078195
4527.37,2879.583162382618,1647.786837617382
1949.64,3569.4051135594364,-1619.7651135594363
3560.12,2418.802227626927,1141.3177723730728
6316.98,7985.490221349206,-1668.5102213492064
1058.23,1540.1014073920578,-481.8714073920578
862.85,1418.1364917553822,-555.2864917553821
1215.32,1642.3393671088022,-427.01936710880227
947.66,2383.99364131804,-1436.33364131804
4040.15,3037.8173882824876,1002.3326117175125
4232.78,2015.412608885805,2217.367391114195
3858.48,3726.717457352135,131.76254264786485
1091.35,1450.649527298265,-359.29952729826505
6964.62,6847.52668645117,117.09331354883034
1882.07,1620.2762971944517,261.79370280554826
1638.8,2838.575603627296,-1199.775603627296
1292.83,1799.0172015366284,-506.18720153662844
4845.58,3267.935925024795,1577.644074975205
694.79,815.5838528497272,-120.79385284972727
865.01,1521.954956317996,-656.944956317996
1748.98,2380.0401116824623,-631.0601116824623
684.92,1712.671608010251,-1027.751608010251
1682.35,1500.1969647673204,182.15303523267949
2168.66,1921.1489359167504,247.5110640832495
5476.36,13396.752753333332,-7920.392753333333
2348.28,3615.8657141246763,-1267.585714124676
4668.84,2851.8421184989,1816.9978815011
1019.86,2222.1790125111033,-1202.3190125111032
694.52,1007.7172521203022,-313.1972521203022
1106.71,1950.0838663374952,-843.3738663374952
1428.69,1859.804282700435,-431.11428270043484
1976.71,3059.235397952132,-1082.5253979521322
3475.37,3554.1866417513356,-78.81664175133574
4172.28,4563.008496097438,-390.72849609743844
3568.7,3683.692609065013,-114.99260906501331
3051.85,1303.151387762423,1748.698612237577
787.31,1214.0833027371134,-426.77330273711345
2126.12,1709.1163470824933,417.00365291750654
4259.26,7176.049184103811,-2916.789184103811
5847.0,5236.9307741109915,610.0692258890085
3000.02,2365.9777138480968,634.0422861519032
531.47,1025.226197806727,-493.75619780672696
2673.72,2391.9673593753487,281.7526406246511
1388.76,1549.5151609802886,-160.75516098028857
2779.32,3688.0634988013335,-908.7434988013333
4723.55,13471.533230873018,-8747.983230873018
2115.32,2307.151040076898,-191.8310400768978
3103.8,4090.2520680408134,-986.4520680408132
1384.61,1950.4226390341437,-565.8126390341438
1207.56,1412.7641319267382,-205.20413192673823
611.68,1120.7173445848953,-509.0373445848953
1848.91,3266.959888133256,-1418.0498881332558
1104.55,2383.968689333783,-1279.418689333783
819.75,1043.5215023365722,-223.7715023365722
6999.69,3571.6167647220077,3428.073235277992
3033.69,2109.377655894158,924.3123441058419
1936.69,7350.835751091954,-5414.145751091954
2126.61,2985.5679831543443,-858.9579831543442
824.03,1231.6736399498307,-407.6436399498307
1684.29,1994.8713576120688,-310.5813576120688
1854.51,1488.5256084271352,365.98439157286475
1169.01,2150.3156963710744,-981.3056963710744
773.0,1982.9423415585863,-1209.9423415585863
12221.33,7774.06375080428,4447.26624919572
3512.03,1990.6503183447035,1521.3796816552967
4002.19,3423.9195303982747,578.2704696017254
1643.45,1997.2974958615234,-353.8474958615234
7106.39,5523.321726388891,1583.0682736111094
1412.91,1541.5826815209373,-128.6726815209372
1185.97,3728.0274721365363,-2542.0574721365365
7944.85,6794.662513118969,1150.187486881031
4637.96,3686.7048542756634,951.2551457243367
2847.13,4429.590914409008,-1582.4609144090082
8903.8,6409.9859041212885,2493.8140958787108
2422.38,10407.103867812188,-7984.723867812188
6503.55,4923.0182457142855,1580.5317542857147
3801.1,3958.5993836066245,-157.49938360662463
1327.08,2294.5798259234375,-967.4998259234376
1318.8,1498.868928347017,-180.06892834701694
9413.65,7227.383777200602,2186.266222799398
543.36,1203.0212132678798,-659.6612132678798
2912.28,3227.7982271872193,-315.51822718721905
1878.67,2610.0340656256444,-731.3640656256443
1381.14,2180.8513061861695,-799.7113061861694
2538.67,2348.156895604335,190.51310439566487
4640.26,2430.6306087040884,2209.629391295912
1073.86,1995.2729977610597,-921.4129977610598
3998.27,1730.1766652484066,2268.0933347515934
5928.21,7788.8266338095245,-1860.6166338095245
1344.54,1314.3173666451842,30.222633354815798
2144.67,2369.486962242683,-224.81696224268308
3060.04,3823.693954380603,-763.653954380603
2720.69,3492.9786505238294,-772.2886505238293
2237.09,3277.8319081029517,-1040.7419081029516
3614.11,3524.4218693216894,89.6881306783107
2695.91,4347.041255162209,-1651.1312551622095
3813.65,2871.268123894533,942.3818761054672
1675.5,832.7304259071673,842.7695740928327
3434.87,2684.9052914685,749.9647085315
5198.2,2966.6890277249327,2231.510972275067
923.05,1473.181653066068,-550.1316530660681
9369.19,6728.279853702752,2640.9101462972485
4371.14,7952.513246582625,-3581.3732465826242
1618.88,2830.7326744570264,-1211.8526744570263
756.57,1261.494181997056,-504.92418199705605
6214.19,5399.305755104345,814.8842448956548
925.34,1101.3925813577218,-176.0525813577218
897.47,1644.9420616796967,-747.4720616796967
1832.48,2563.284416178553,-730.8044161785529
1079.07,1428.8114830932423,-349.7414830932423
2590.78,2294.188158659324,296.5918413406762
930.63,1721.2578844978073,-790.6278844978073
16384.42,6973.521638809525,9410.898361190473
1663.6,2324.68572543633,-661.08572543633
690.81,2784.4101961312763,-2093.6001961312763
14591.93,8264.199006568148,6327.730993431853
1530.42,1804.2624431541442,-273.8424431541441
3164.58,2839.029765959395,325.5502340406051
4749.81,9561.744796499617,-4811.934796499617
4828.94,4702.012936215856,126.92706378414368
3347.23,5346.043899252986,-1998.8138992529862
3399.82,2138.6049599428843,1261.2150400571159
845.27,925.9804915007334,-80.71049150073338
1336.37,1851.998946153687,-515.6289461536871
562.07,1833.1386167218275,-1271.0686167218273
2906.83,2703.877926599895,202.95207340010484
2317.01,1918.4107787610048,398.59922123899537
4757.16,5862.650984688821,-1105.4909846888213
1251.16,2129.629882088019,-878.4698820880187
2840.35,1621.3431247967858,1219.0068752032141
3854.9,3268.6902644284482,586.2097355715518
1128.52,1520.7117261415904,-392.1917261415904
9324.25,5838.380588427399,3485.869411572601
553.07,1410.0513242795805,-856.9813242795805
1494.59,1379.6068015744593,114.98319842554065
1375.66,3360.239865016176,-1984.5798650161757
1276.68,3819.7847192212926,-2543.1047192212927
2506.92,1796.3952617454138,710.5247382545863
4310.45,4941.333756042635,-630.8837560426355
513.78,2038.6250578460254,-1524.8450578460254
2334.11,3391.948746026163,-1057.8387460261629
3877.65,3501.2297806581546,376.4202193418455
4550.28,4429.806753479557,120.47324652044244
2552.97,2171.375590334622,381.59440966537795
1646.99,1598.3295696655507,48.6604303344493
5056.38,3400.4141901458947,1655.9658098541054
1384.85,1861.8989882270948,-477.0489882270949
691.97,1295.1605909185998,-603.1905909185998
2599.55,5293.636107891599,-2694.0861078915987
3736.49,3124.9577525844757,611.5322474155241
573.76,1864.3127404823429,-1290.5527404823429
3232.37,3024.6458772142423,207.72412278575757
4352.02,5335.898005768604,-983.8780057686035
6100.43,5155.153267991336,945.2767320086641
3017.4,2084.8642078940084,932.5357921059917
5105.33,4572.421087738633,532.9089122613668
1857.51,1753.098324001636,104.41167599836399
1405.44,1381.3468973253998,24.09310267460023
586.27,1498.9547751452092,-912.6847751452092
670.14,1520.0583434349753,-849.9183434349753
2861.8,3739.5145762704105,-877.7145762704104
2926.66,3030.6619518575358,-104.00195185753591
2252.25,1796.4351295773815,455.81487042261847
111.49,3128.739571341991,-3017.249571341991
4786.57,2135.217561307474,2651.3524386925255
894.08,1768.088026532129,-874.0080265321291
3247.79,2474.0892354012894,773.7007645987105
3750.46,3409.830433032619,340.6295669673809
4811.17,4075.578038855483,735.591961144517
2669.17,3242.0695949808405,-572.8995949808404
4794.17,2651.574325490513,2142.5956745094873
1217.67,2947.51207243855,-1729.84207243855
675.0,1973.0177313340287,-1298.0177313340287
589.05,1075.8147938771158,-486.76479387711584
3582.15,4033.314189816996,-451.164189816996
1747.65,1353.9579772547904,393.69202274520967
1719.75,2253.316574279533,-533.5665742795331
6528.64,3584.1760983389995,2944.463901661001
7144.83,5175.598698165981,1969.2313018340192
942.32,1152.221125975067,-209.90112597506698
3170.29,3650.869995511507,-480.57999551150715
5055.43,5413.585206318224,-358.15520631822346
3605.23,2328.2446272196275,1276.9853727803725
2260.41,5333.6195894678585,-3073.2095894678587
1820.52,1595.458453596653,225.06154640334694
1673.27,1757.6007804650496,-84.33078046504966
771.1,1050.797247068818,-279.697247068818
1800.98,1888.329289376411,-87.34928937641098
3827.11,4634.872674255546,-807.7626742555462
1288.61,1946.6335052434865,-658.0235052434866
1074.68,1159.8534085247575,-85.1734085247574
1397.03,2881.786723273809,-1484.756723273809
11417.02,6918.361817442142,4498.658182557859
1705.45,1809.354225429914,-103.90422542991405
1945.53,1906.0616760224918,39.468323977508135
3210.58,2383.721620974661,826.8583790253388
889.37,2155.0071603117817,-1265.6371603117818
3395.1,3757.7883102723245,-362.68831027232454
6543.9,6361.804452667512,182.0955473324875
4693.07,2549.253325822085,2143.8166741779146
943.63,1155.750365942559,-212.12036594255903
586.8,1223.15815846279,-636.35815846279
2208.0,2751.3244760209227,-543.3244760209227
669.24,1526.0937005163426,-856.8537005163425
9725.01,11205.423660515871,-1480.413660515871
2733.88,3465.6484410749226,-731.7684410749225
828.93,2419.5634821098797,-1590.6334821098799
1067.98,2752.861418466366,-1684.881418466366
5481.15,5653.946676052629,-172.79667605262966
445.89,1492.678172544393,-1046.788172544393
4030.2,3973.0668047282197,57.133195271780096
1274.68,2308.9973320546783,-1034.3173320546782
1575.97,1947.6987845010713,-371.72878450107123
3010.11,1576.4964849087237,1433.6135150912764
3226.59,2868.2389773853547,358.35102261464544
1240.47,1483.179579532497,-242.70957953249695
12124.57,4057.55012851322,8067.01987148678
939.4,1665.9024241628026,-726.5024241628026
1491.14,1941.639280745053,-450.49928074505283
7716.18,7784.952039369435,-68.77203936943442
3452.42,5026.0723248898485,-1573.6523248898484
3743.66,2315.3687405994706,1428.2912594005293
2558.19,4865.763821399314,-2307.573821399314
2012.8,2525.415677808498,-512.615677808498
950.73,2273.915297533722,-1323.185297533722
8082.37,6856.899436490899,1225.4705635091013
5795.72,3313.582339322456,2482.1376606775443
1438.27,2190.288725106225,-752.0187251062248
1847.88,1841.383470934402,6.496529065597997
1728.2,1717.3496458145971,10.85035418540292
7744.37,2659.922532802308,5084.447467197691
781.73,1540.3221306390894,-758.5921306390894
698.38,1620.3828788829985,-922.0028788829985
1680.63,1682.5005007261457,-1.8705007261455648
724.17,1209.0880657738091,-484.9180657738092
508.54,1505.6997994696287,-997.1597994696288
3800.87,1880.3397697583289,1920.530230241671
745.08,1182.8388898770454,-437.75888987704536
501.83,2382.657926051033,-1880.827926051033
2176.14,1678.3163073287128,497.82369267128706
6593.26,3627.4811656130187,2965.7788343869815
4247.12,1936.4436393458643,2310.6763606541354
1130.93,4104.809552624523,-2973.879552624523
349.18,2149.025674218191,-1799.8456742181909
860.67,1446.7564571215871,-586.0864571215872
1282.94,1596.5243279279507,-313.58432792795065
2322.07,1544.287366572891,777.7826334271092
6903.59,6413.521577415578,490.0684225844225
1937.67,2290.8415444940892,-353.1715444940892
4690.4,6848.065600588252,-2157.6656005882523
5546.18,7043.474073075919,-1497.2940730759183
2701.06,2623.0495062307787,78.01049376922128
3492.33,2940.299252654151,552.0307473458488
5489.29,3140.24351642218,2349.04648357782
439.4,1648.973694772182,-1209.573694772182
2757.05,2580.2375488712714,176.81245112872875
7450.37,4362.656629298098,3087.713370701902
921.24,1844.3959836781723,-923.1559836781723
980.27,1230.715230305137,-250.4452303051371
2196.93,3898.046148529295,-1701.116148529295
8120.87,7806.936134876898,313.9338651231019
1677.19,2944.6927000939527,-1267.5027000939526
825.74,1510.0429516406393,-684.3029516406393
2603.36,3357.5685091991345,-754.2085091991344
3420.31,2947.1396214942,473.1703785057998
1784.7,2077.0286501417477,-292.32865014174763
1163.38,1840.282016803514,-676.9020168035138
3475.05,3441.1737598185587,33.87624018144152
3127.72,2801.2059702779557,326.51402972204414
2067.56,2458.649228032641,-391.08922803264113
4254.99,4350.325684971331,-95.33568497133092
1952.3,2583.065348733066,-630.765348733066
2242.86,1465.459344888046,777.4006551119542
2679.78,4412.321327405505,-1732.541327405505
2084.6,2686.8794232326895,-602.2794232326896
4526.17,3362.0591451609116,1164.1108548390885
1355.73,2460.7301752895223,-1105.0001752895223
5483.06,5734.307769705882,-251.24776970588118
3910.16,3228.690114864533,681.4698851354669
7192.4,4858.155934225061,2334.2440657749385
5419.0,5945.644186828254,-526.6441868282536
2345.75,2636.0428621512833,-290.2928621512833
2840.31,1796.220981428572,1044.089018571428
997.88,1470.5053339309993,-472.6253339309993
2491.84,1407.6514180680188,1084.1885819319814
3019.58,4603.107633693846,-1583.527633693846
7760.53,8680.856134047615,-920.3261340476156
4179.32,3305.871882035566,873.4481179644335
27487.66,6039.289855070841,21448.37014492916
801.17,1754.4702744339672,-953.3002744339673
4248.7,5293.998749589733,-1045.2987495897332
1657.43,1631.8841168423107,25.54588315768933
507.58,2274.763442929011,-1767.183442929011
2200.99,3264.4935110714287,-1063.5035110714289
2511.65,3142.116497902463,-630.4664979024628
3635.19,3083.8460576848647,551.3439423151353
7858.45,4689.431789433395,3169.0182105666045
1363.37,1623.922104950115,-260.5521049501151
4045.36,1818.8780477143498,2226.4819522856506
2805.29,3208.9296014522256,-403.63960145222563
1431.79,1264.5570070777396,167.23299292226034
1010.25,1639.2727254536712,-629.0227254536712
960.84,1090.5867140351452,-129.74671403514515
1119.23,1767.4152201207526,-648.1852201207525
6560.66,7138.115922811336,-577.4559228113358
687.84,1538.310583833922,-850.470583833922
1849.59,1490.8641929803073,358.72580701969264
699.27,1452.3546772195791,-753.0846772195791
4091.32,5666.442993256396,-1575.122993256396
2341.59,1212.943762688479,1128.6462373115212
10056.25,2793.2592676424156,7262.990732357584
886.65,2024.3395345543267,-1137.6895345543267
5702.67,7277.978098990981,-1575.3080989909813
4489.05,3262.3261606284714,1226.7238393715288
538.89,1504.6754431221243,-965.7854431221243
6538.16,2833.912571224966,3704.2474287750338
4718.11,3505.1640536982327,1212.945946301767
2029.81,2125.8324974119637,-96.02249741196374
3191.49,1897.0421544465855,1294.4478455534143
2062.52,1565.4952922859043,497.0247077140957
1538.1,2180.072187729996,-641.9721877299962
3971.04,2280.994087972526,1690.045912027474
858.57,1557.2028715739493,-698.6328715739493
1168.89,1485.1643788806177,-316.27437888061763
5230.42,4382.09563684953,848.3243631504702
4204.68,1767.3510941055065,2437.328905894494
1645.23,1995.0416272672426,-349.81162726724256
4253.72,2827.8583748246706,1425.8616251753297
2711.89,2893.0070543674046,-181.11705436740476
4557.19,4921.942291581097,-364.7522915810978
4138.29,3140.96499938723,997.32500061277
2756.76,2166.555895593497,590.2041044065031
5319.73,3052.9223096754017,2266.807690324598
1749.02,1983.4208871852798,-234.40088718527977
1342.09,1862.2352615043733,-520.1452615043734
4058.68,3551.2212800928096,507.45871990719024
967.21,1161.4272747618709,-194.21727476187084
2276.06,1226.417492424586,1049.642507575414
3098.61,2697.16194312974,401.4480568702602
5183.73,5390.665725462342,-206.93572546234282
4119.91,5448.531601321259,-1328.6216013212588
8451.99,3369.4469883253596,5082.54301167464
2095.02,4811.401895387501,-2716.381895387501
1133.15,1197.8016944681797,-64.65169446817958
4078.23,4468.059412864834,-389.82941286483356
4541.13,2571.6268478639763,1969.5031521360238
3053.66,2959.422839545021,94.23716045497895
2410.09,2356.2263453675373,53.86365463246284
2520.55,2200.4149350107173,320.1350649892829
1706.46,1399.3277326673997,307.13226733260035
1012.35,1828.9940399515585,-816.6440399515585
1166.59,6705.95061128824,-5539.36061128824
4146.01,7313.990904092094,-3167.9809040920936
1315.15,1725.280647079799,-410.130647079799
2649.77,1262.147517841309,1387.622482158691
1508.62,842.0432602842028,666.5767397157971
1538.39,4280.260906571082,-2741.870906571082
1539.26,1725.8684518899834,-186.60845188998337
3510.83,2297.615319908676,1213.2146800913238
1558.26,3192.6548642039247,-1634.3948642039247
416.86,919.5933826973559,-502.73338269735586
2184.15,1375.3184010318168,808.8315989681832
3944.2,2309.516155429767,1634.6838445702328
441.76,1790.9319754944254,-1349.1719754944254
7449.58,6788.566970499561,661.0130295004392
1314.31,1245.9129247700655,68.39707522993444
1267.08,1682.0446704866827,-414.96467048668273
2126.3,4740.321901764516,-2614.021901764516
1935.7,4901.813431068926,-2966.113431068926
4829.17,4048.056578404589,781.1134215954112
2073.03,1390.9633371866578,682.0666628133424
2554.61,2343.3685684231496,211.24143157685057
1882.84,1090.3394925284797,792.5005074715202
628.15,1368.7191645242501,-740.5691645242501
893.77,1180.5988554451092,-286.8288554451092
616.56,1310.5325587915852,-693.9725587915852
9448.17,6671.480193272553,2776.689806727447
1467.83,1620.5947179966865,-152.7647179966866
587.4,1602.7645981057185,-1015.3645981057185
778.72,1505.3317016903468,-726.6117016903468
2097.93,2584.4601901610527,-486.5301901610528
1352.4,2618.812272743992,-1266.4122727439917
728.32,1636.2176109207119,-907.8976109207118
5506.23,7535.220378095235,-2028.9903780952354
1255.93,3182.860860866846,-1926.930860866846
891.59,1159.9184235287746,-268.3284235287746
4053.79,8061.749773268205,-4007.959773268205
1298.48,2500.2857532082635,-1201.8057532082635
5794.98,5520.72389982529,274.2561001747099
2456.83,1677.2066290532352,779.6233709467647
4869.57,3710.4720016685123,1159.0979983314874
813.93,1821.4952666935026,-1007.5652666935026
1011.97,2209.938287214834,-1197.968287214834
785.11,1233.2963518991505,-448.1863518991505
729.09,1724.0104614117631,-994.9204614117631
1504.46,2277.8630095468307,-773.4030095468306
833.88,2130.125057221015,-1296.245057221015
792.51,1211.7970447512057,-419.2870447512057
1190.48,2328.8312089157153,-1138.3512089157152
663.34,969.8590544203549,-306.5190544203549
2361.9,2807.8228819732713,-445.92288197327116
1890.4,2145.4127208825353,-255.01272088253518
838.87,1005.6039180530285,-166.73391805302845
3140.73,1719.237355972057,1421.492644027943
6447.08,4727.433539977942,1719.646460022058
8719.86,4685.413904019751,4034.44609598025
796.67,2105.656145193547,-1308.9861451935471
3866.49,4810.685488010588,-944.1954880105886
3456.67,3380.477348944731,76.19265105526893
2140.0,2192.8828427470694,-52.88284274706939
986.67,1741.5926511435857,-754.9226511435858
1550.89,2018.9576680774223,-468.06766807742224
2495.75,4642.099276341713,-2146.3492763417134
3218.91,2447.531603237286,771.3783967627137
4056.82,2815.72475375,1241.09524625
1189.7,4154.611527218021,-2964.9115272180215
1702.36,2801.333434582471,-1098.973434582471
2106.77,2946.3920832480812,-839.6220832480813
1654.87,1038.5182015951216,616.3517984048783
2133.58,2496.212650152878,-362.6326501528779
2206.0,2993.163654725364,-787.1636547253638
3075.53,2375.1912396630014,700.3387603369988
1923.96,2949.231585491185,-1025.2715854911849
2308.02,3381.102514839615,-1073.0825148396152
1109.14,3801.8278436854043,-2692.687843685404
573.4,1460.0035478356592,-886.6035478356592
6874.66,1935.6166861310892,4939.04331386891
11578.73,6849.750464669973,4728.979535330027
1585.4,1324.1324378908791,261.26756210912095
2225.47,2166.37847084029,59.09152915970981
5255.6,3974.2477128987516,1281.3522871012487
3951.29,4307.397888598374,-356.1078885983743
7457.5,2709.453853268972,4748.046146731028
1125.77,1170.5180471755675,-44.748047175567535
1032.14,841.0296134126183,191.11038658738175
1814.65,2841.436592234919,-1026.7865922349188
1348.85,3638.9528202387824,-2290.1028202387824
2769.47,1451.366037558842,1318.1039624411578
10155.14,7522.296290979435,2632.8437090205643
3581.41,2502.7545813997713,1078.6554186002286
2316.16,3215.586293829378,-899.4262938293782
984.41,1761.9278234284586,-777.5178234284587
4762.31,4280.186605652909,482.12339434709156
819.0,4099.487669389079,-3280.487669389079
1150.46,1403.105989460377,-252.645989460377
5899.81,4895.83604728461,1003.9739527153906
889.26,1239.4429052459016,-350.18290524590157
2109.51,1315.7766445342852,793.733355465715
4800.65,5978.159010476841,-1177.5090104768415
3144.41,2652.784605958985,491.6253940410147
601.32,1715.2753652182678,-1113.9553652182676
708.41,1156.1014480506708,-447.69144805067083
3456.7,1865.1657796669729,1591.534220333027
565.6,2174.0785582875565,-1608.4785582875566
1944.19,1419.2829625490579,524.9070374509422
3528.43,2891.709954066531,636.720045933469
2632.05,2123.287419182144,508.76258081785636
9956.48,5403.479417577474,4553.000582422525
2571.49,2999.852995294785,-428.3629952947854
660.18,1519.9320621878846,-859.7520621878847
1122.38,1127.6912756212948,-5.311275621294726
2850.29,2480.4651674014244,369.82483259857554
1113.9,3640.534473107768,-2526.634473107768
742.8,1437.8450900131556,-695.0450900131557
1609.35,1995.4946879383308,-386.1446879383309
574.8,1196.0055172102027,-621.2055172102027
540.61,1284.4889549057102,-743.8789549057102
3170.54,2283.053978464181,887.486021535819
622.01,1591.5015840082353,-969.4915840082353
290.2,1389.4724208217967,-1099.2724208217967
2033.92,2660.0158608251477,-626.0958608251476
716.1,1504.8381052787101,-788.7381052787101
1099.1,1937.9139661529998,-838.8139661529999
1265.14,1274.0822889260605,-8.942288926060428
1025.96,4635.744437619584,-3609.7844376195835
916.16,1844.7580733412346,-928.5980733412347
2691.41,3237.528397383963,-546.1183973839629
2660.19,3037.65519068698,-377.4651906869799
2714.75,3236.1986547239303,-521.4486547239303
521.37,1636.2813937064557,-1114.9113937064558
9260.84,10184.743670305827,-923.9036703058264
1538.5,1920.4581158343187,-381.95811583431873
1690.67,6266.695061028299,-4576.025061028299
1054.29,2896.7301069458817,-1842.4401069458818
2368.48,1881.7428301436387,486.73716985636133
1705.07,2173.0146631355874,-467.94466313558746
754.38,2344.5662929612417,-1590.1862929612416
1360.43,3411.1127546480843,-2050.6827546480845
642.96,1205.9159828736736,-562.9559828736735
1031.93,1180.0182922611339,-148.0882922611338
914.55,2874.9108976808643,-1960.3608976808644
984.18,1678.1381963872846,-693.9581963872846
1330.33,1272.050315261416,58.27968473858391
613.38,1255.8373525755328,-642.4573525755328
19056.91,11344.722941273083,7712.187058726917
1595.75,1738.2913824785633,-142.54138247856326
9894.75,5459.513965732065,4435.236034267935
2794.65,2679.93755749903,114.71244250097016
1353.96,2530.7669096647933,-1176.8069096647932
9515.63,10693.840499047621,-1178.2104990476219
1301.6,1242.1723260384297,59.427673961570235
3260.4,2313.511679762279,946.888320237721
2676.6,2683.1366561357722,-6.5366561357723185
1461.27,2217.7014508972607,-756.4314508972607
1145.97,1750.7212453388338,-604.7512453388338
846.65,2372.814678605719,-1526.164678605719
2369.85,1809.8130908867745,560.0369091132254
1070.78,2312.118314354817,-1241.338314354817
929.82,1852.6489824882221,-922.8289824882221
650.0,1531.2586440390887,-881.2586440390887
1788.89,1989.7693448042319,-200.87934480423178
12307.71,5436.2213553899965,6871.488644610003
929.12,2978.0233631943224,-2048.9033631943225
1158.78,2780.275514465596,-1621.4955144655962
1190.92,1354.3342735925867,-163.4142735925866
827.21,2527.458272999595,-1700.248272999595
3855.78,2640.034191717381,1215.7458082826192
3149.09,1854.1724760680386,1294.9175239319616
919.55,2833.7252006850886,-1914.1752006850886
4545.51,5608.040327442959,-1062.5303274429589
1124.11,1105.4101273742583,18.69987262574159
1295.96,1703.40207861659,-407.4420786165899
1550.86,2527.594241408376,-976.7342414083762
1322.41,2682.1641861767935,-1359.7541861767934
1451.91,3304.585332907469,-1852.6753329074688
2128.63,2830.037103151527,-701.4071031515268
1810.79,3153.0938210500613,-1342.3038210500613
3002.52,2551.525849924243,450.9941500757568
1959.34,1482.5858212853188,476.7541787146811
1761.67,2678.4343584777503,-916.7643584777502
2905.53,1867.5710563533464,1037.9589436466538
2748.8,2018.9640226976067,729.8359773023935
3684.18,2434.6460662815975,1249.5339337184023
778.22,1401.1520820454723,-622.9320820454723
5232.98,1675.1635842482447,3557.816415751755
3077.34,4046.8582474234345,-969.5182474234343
2292.48,1600.0443634353453,692.4356365646547
3869.94,4388.176893470981,-518.2368934709807
1352.51,890.1434602308873,462.3665397691127
10142.99,4419.420576324081,5723.569423675919
4247.48,4291.48736855246,-44.00736855246032
969.84,1236.378459321995,-266.538459321995
821.39,1128.3307099701613,-306.94070997016127
1056.57,1551.506317205349,-494.93631720534904
2611.66,4015.3543338739964,-1403.6943338739966
2841.33,2462.583085261289,378.746914738711
1524.17,1357.8430465644467,166.32695343555338
1982.54,1902.420446964574,80.11955303542595
2208.42,2236.533846857564,-28.113846857564113
4593.09,7049.3658510270925,-2456.2758510270924
1406.7,3365.3185124341417,-1958.6185124341416
1793.63,1825.98421687279,-32.35421687278995
3291.22,1595.209936388837,1696.0100636111629
1618.38,2836.546539479282,-1218.1665394792817
1192.37,1543.974691654316,-351.6046916543162
1564.73,1353.6962596848077,211.0337403151923
10408.04,4839.9951240381315,5568.044875961869
2275.26,2648.6315465552766,-373.3715465552764
1521.27,1899.4876501488936,-378.21765014889365
1074.59,2080.5349416882627,-1005.9449416882628
1387.43,2218.525722819533,-831.0957228195327
2192.61,1891.0062373602905,301.60376263970966
720.84,3363.1023268195613,-2642.262326819561
1580.26,2324.8924372356796,-744.6324372356796
3804.07,3571.5541202459717,232.51587975402845
7201.26,4065.4746666442134,3135.785333355787
2741.45,2476.1059380593706,265.3440619406292
2636.91,2248.1976085822716,388.7123914177282
1379.55,1658.2775961592163,-278.7275961592163
3562.24,2309.8081261848297,1252.43187381517
2887.29,3143.5594526691925,-256.26945266919256
1363.6,1424.9546623031836,-61.35466230318366
7029.56,3232.783203427412,3796.7767965725884
1122.12,1215.969267790689,-93.84926779068905
1049.35,2117.7029755828107,-1068.3529755828108
1109.34,2288.2693659451484,-1178.9293659451484
1530.65,5106.112087161309,-3575.4620871613092
661.62,1877.870582305106,-1216.250582305106
3470.97,2333.280182054479,1137.6898179455206
1417.7,2034.4568888176575,-616.7568888176575
3729.06,5746.4349745341615,-2017.3749745341615
1853.72,1748.6167501257253,105.10324987427475
1200.08,1825.2134306587593,-625.1334306587594
3420.73,3466.8071075302246,-46.077107530224566
473.0,912.9974947712919,-439.99749477129194
1186.28,2416.1397818477694,-1229.8597818477695
3871.07,3810.085457843861,60.984542156139014
707.92,5162.500739058751,-4454.580739058751
8451.46,2703.140158292525,5748.319841707475
4865.38,4126.316091451065,739.0639085489347
3925.22,2391.068610067592,1534.1513899324077
1782.69,2444.0389529642816,-661.3489529642816
10195.69,9643.200712133512,552.4892878664887
530.93,1504.4580785904636,-973.5280785904637
408.77,1383.6029532253235,-974.8329532253235
5179.27,3312.8797710100444,1866.390228989956
3374.5,3257.3785924607087,117.12140753929134
5120.36,2712.304370395976,2408.0556296040236
661.85,2430.303715535901,-1768.4537155359012
2874.33,3060.2981243948334,-185.96812439483347
4013.09,4946.241689932932,-933.1516899329317
6367.62,9217.272542103174,-2849.652542103174
5439.05,2150.824696472361,3288.225303527639
8962.54,6231.680992014246,2730.859007985755
6439.91,4649.260408850598,1790.649591149402
7961.24,3743.609394484112,4217.6306055158875
1238.77,1810.245673379912,-571.475673379912
2242.1,2369.665544802772,-127.56554480277191
1678.46,3751.0562928604095,-2072.5962928604094
10727.77,7575.416566973592,3152.3534330264083
2852.0,3214.1104180088646,-362.1104180088646
4536.01,5902.582902966642,-1366.5729029666418
2558.28,2944.2272326686216,-385.9472326686214
4807.95,3325.432309782749,1482.5176902172507
1706.81,3384.667994404762,-1677.857994404762
4541.33,2007.4178242988594,2533.9121757011408
4563.26,6051.705805060314,-1488.4458050603134
4177.35,2669.048920976659,1508.3010790233416
1240.65,4658.056979585087,-3417.406979585087
2188.87,1991.1305085655963,197.7394914344036
1513.69,2117.595766388849,-603.9057663888489
10230.87,8398.476363223446,1832.3936367765546
908.9,1643.7198293568506,-734.8198293568506
725.9,831.6711986659997,-105.77119866599969
7351.31,6901.227341871635,450.08265812836544
944.89,1381.4091328935497,-436.5191328935497
1055.22,1323.8216463391163,-268.6016463391163
1850.71,1183.7477801590392,666.9622198409609
1337.61,1908.3978680243254,-570.7878680243255
280.0,3503.700213237067,-3223.700213237067
691.14,2559.5822121048545,-1868.4422121048547
10586.55,5490.7341906267675,5095.815809373232
1556.02,1623.4018320787125,-67.38183207871248
738.26,1600.697789558854,-862.4377895588541
1160.23,1673.2109206167913,-512.9809206167913
2298.23,5656.170498835088,-3357.9404988350884
2862.82,2098.466909069601,764.353090930399
13449.15,13382.160536230158,66.98946376984168
6231.23,3623.954824528405,2607.2751754715946
575.27,1381.7203103103,-806.4503103103
395.48,1341.8810247856845,-946.4010247856845
2704.81,2199.2024092071047,505.6075907928953
1735.44,2545.5463113761657,-810.1063113761656
1513.62,1295.6872762107264,217.9327237892735
563.69,1115.4862183647626,-551.7962183647626
5400.62,5171.992329110645,228.6276708893547
1447.62,2679.399317123894,-1231.779317123894
1920.99,4290.751768872322,-2369.761768872322
2655.23,3844.0297208471034,-1188.7997208471033
878.36,1625.0644392602794,-746.7044392602794
6798.49,4281.205973413205,2517.2840265867944
572.34,1960.9487872079308,-1388.6087872079306
454.74,1091.299930670297,-636.559930670297
7999.05,7276.3007799897205,722.7492200102797
8598.83,4030.8767739982727,4567.953226001728
5307.02,5823.239891516819,-516.2198915168183
1105.75,3941.287513539792,-2835.537513539792
819.14,904.0130139187987,-84.87301391879873
5391.13,6350.601487615607,-959.4714876156067
1380.25,1195.1354942338983,185.11450576610173
1421.73,1246.0800066110914,175.64999338890857
1869.91,4188.998922037871,-2319.0889220378713
710.99,1359.9181999841687,-648.9281999841687
4521.77,2673.961697078589,1847.8083029214113
739.57,1152.535232422872,-412.96523242287196
1138.77,5354.824057698412,-4216.054057698411
2132.94,4237.356120073002,-2104.416120073002
1311.11,2962.3820116411307,-1651.2720116411308
1383.17,1927.0287693719022,-543.8587693719021
1540.41,2242.494642003372,-702.084642003372
1152.54,2012.234499413098,-859.6944994130981
1488.7,1695.393512026262,-206.69351202626194
761.54,2830.2675566826133,-2068.7275566826133
1807.32,1910.471451616716,-103.15145161671603
935.55,1763.692350737925,-828.142350737925
2375.0,1436.0164830713918,938.9835169286082
4958.51,7418.593487256917,-2460.0834872569167
2704.93,2490.223107415966,214.706892584034
2579.35,2452.424679114148,126.92532088585176
1499.5,1621.09718728741,-121.59718728740995
3678.16,2790.479326653103,887.680673346897
2093.66,4018.433764425707,-1924.7737644257072
713.44,2745.8445523965574,-2032.4045523965574
12997.22,8792.960117246754,4204.259882753246
1134.17,3244.1904190944892,-2110.020419094489
353.14,1701.8515958891903,-1348.7115958891904
2273.54,4277.399790175715,-2003.8597901757148
2384.35,3226.6655926761264,-842.3155926761265
2561.63,4797.737285313111,-2236.107285313111
2111.36,3928.215696878791,-1816.8556968787907
3700.3,2820.3277465544693,879.9722534455309
2095.67,1480.707404474157,614.962595525843
2194.04,2920.9328129999103,-726.8928129999103
2417.66,2743.237114504056,-325.5771145040562
1336.59,1287.3016847742488,49.28831522575115
1016.02,1135.901172150507,-119.88117215050693
2101.17,5564.088229778309,-3462.918229778309
1866.67,1895.58280604563,-28.91280604562985
3388.99,2647.7385513578324,741.2514486421674
1070.36,1423.9688447119008,-353.60884471190093
1319.12,2174.056425950519,-854.9364259505192
15642.45,5506.4181228731095,10136.03187712689
2483.74,3179.2752589843267,-695.5352589843269
2201.9,3184.302476468903,-982.4024764689029
655.27,1406.409137562801,-751.1391375628011
1188.94,1748.1321014011983,-559.1921014011982
2205.07,3114.725825585608,-909.655825585608
1726.79,1526.0589399957128,200.7310600042872
2506.7,2160.044331225171,346.6556687748289
1894.86,2878.7732568227184,-983.9132568227185
3295.93,3417.189592295865,-121.25959229586533
1240.96,2973.101567811498,-1732.1415678114981
2031.72,3721.925895384927,-1690.205895384927
1832.84,2601.8910533754856,-769.0510533754857
1310.98,1569.3418826181585,-258.36188261815846
1152.41,3730.07639930531,-2577.66639930531
1806.12,2801.3231034434134,-995.2031034434135
3236.08,4397.338944162492,-1161.2589441624923
1758.24,2271.930507065893,-513.6905070658929
3777.64,2012.859692894653,1764.7803071053468
1089.92,2171.2984522473243,-1081.3784522473243
1325.8,1430.571601919628,-104.77160191962798
1509.11,1517.751323865948,-8.641323865948152
3752.64,2127.0703351880557,1625.5696648119442
2112.62,3312.6396425391595,-1200.0196425391596
2451.07,3004.0237564351746,-552.9537564351745
1084.09,2960.2537603763276,-1876.1637603763277
1385.33,2718.4911965842207,-1333.1611965842208
1205.32,1525.9699019166787,-320.6499019166788
701.73,1710.1290688486727,-1008.3990688486726
1409.18,1275.129703897454,134.0502961025461
899.75,2128.814335567299,-1229.0643355672992
4901.53,7269.581181736868,-2368.051181736868
1372.7,1596.874689989755,-224.17468998975505
7909.15,6931.2050560393545,977.9449439606451
378.8,1108.505622544346,-729.7056225443459
5129.28,2040.2319444831446,3089.048055516855
992.22,6012.899448179087,-5020.679448179087
2433.12,2592.8895718709496,-159.76957187094968
1854.16,2764.0287939719747,-909.8687939719746
1661.85,1577.8895949284297,83.96040507157022
2203.32,3518.7750733523944,-1315.4550733523943
1599.18,4137.381526812282,-2538.2015268122814
900.9,1435.6083300519479,-534.7083300519479
7292.63,3874.1732751802906,3418.4567248197095
965.76,1451.2362295159248,-485.47622951592484
2833.03,1962.0909861492091,870.9390138507911
1050.46,1850.0448154678775,-799.5848154678774
1739.08,2374.12139837926,-635.04139837926
3364.34,3871.236554475503,-506.89655447550285
2419.45,4148.937981785713,-1729.4879817857136
593.96,2444.7264121831486,-1850.7664121831485
560.08,1443.297208398802,-883.217208398802
1286.41,2598.5995221855765,-1312.1895221855764
7277.65,7473.898751281382,-196.24875128138228
3152.5,6644.06333750749,-3491.5633375074904
3573.04,4026.406093833053,-453.3660938330531
2921.95,3999.363776038973,-1077.413776038973
1335.49,1878.8482210022557,-543.3582210022557
4783.4,2770.613259646333,2012.7867403536666
817.21,1840.1658663512,-1022.9558663512
6031.16,3398.805236134208,2632.354763865792
1832.5,2431.2147322962146,-598.7147322962146
1961.14,2388.5880595346307,-427.4480595346306
3016.65,3178.8959813532215,-162.2459813532214
5902.91,7554.558577563756,-1651.6485775637566
5645.65,3808.4324484473186,1837.217551552681
5965.94,3705.686618646154,2260.2533813538457
860.83,1562.8264468691223,-701.9964468691222
618.25,1117.0022910118223,-498.7522910118223
889.61,1907.1728493492917,-1017.5628493492917
2342.97,2965.173743615495,-622.2037436154951
2159.46,1411.2094823367108,748.2505176632892
2059.22,2492.972427080051,-433.75242708005135
3368.7,5815.588792198139,-2446.8887921981395
2950.02,2591.2555342313235,358.7644657686765
2769.06,2228.1248447158464,540.9351552841536
1735.69,1485.889483339194,249.80051666080612
469.73,1550.7136789297074,-1080.9836789297074
1431.98,1380.5307432707514,51.449256729248646
1178.72,1429.7047277673826,-250.98472776738254
8643.26,7578.818056904756,1064.441943095244
4822.47,3674.605899719286,1147.8641002807144
1616.12,2610.8395431705244,-994.7195431705245
1705.12,2233.379378203659,-528.2593782036593
731.4,1198.0914934235955,-466.6914934235955
842.88,1740.8376019311684,-897.9576019311684
1163.16,1282.8020438186743,-119.64204381867421
3597.23,8609.88919270945,-5012.6591927094505
2302.63,1845.8982065083512,456.7317934916489
3055.38,2067.6660480640853,987.7139519359148
2859.87,1762.3192906515471,1097.5507093484528
1073.01,1764.7294007627738,-691.7194007627738
7999.64,2415.0421982153384,5584.597801784662
949.94,1655.9446649532433,-706.0046649532433
1760.8,3038.1988004324703,-1277.3988004324704
2850.17,1134.3639842603159,1715.8060157396842
9247.98,5387.274695691296,3860.7053043087035
4153.03,5416.630307975702,-1263.600307975702
2048.51,1704.0716896290737,344.4383103709265
8544.17,6984.261128622572,1559.908871377428
1443.41,1823.41145195846,-380.00145195845994
8949.14,5825.611902672612,3123.5280973273875
2825.33,5535.0153121972,-2709.6853121972
1220.25,872.3958476969669,347.85415230303306
2522.31,3377.8305281102007,-855.5205281102008
2120.04,1712.0367875414925,408.0032124585075
5290.08,8696.561981109513,-3406.481981109513
1638.16,3056.0970276944095,-1417.9370276944094
3616.44,3998.7557453391114,-382.31574533911134
898.57,2263.4847572360227,-1364.9147572360225
8009.03,1391.7988729289675,6617.2311270710325
2685.63,3567.737561842899,-882.107561842899
4107.17,2615.9579737966696,1491.2120262033304
1662.82,1817.7185662837123,-154.8985662837124
708.67,1275.41734047953,-566.74734047953
5231.78,3990.9069463607025,1240.8730536392973
2548.7,2505.4742585093622,43.225741490637574
24413.42,8819.146962720126,15594.273037279872
7114.74,5906.482013694082,1208.2579863059182
892.61,1929.157656880205,-1036.547656880205
2974.87,3280.280883604076,-305.41088360407593
1932.29,1463.338135930994,468.951864069006
445.4,1163.7692354786577,-718.3692354786577
2597.77,3379.2509188628032,-781.4809188628033
3743.98,1985.2359754558208,1758.7440245441792
1101.54,1409.8175474812037,-308.2775474812038
7172.56,5753.538957644196,1419.0210423558046
5708.02,5219.056807932583,488.96319206741737
889.18,1317.7884999681212,-428.60849996812124
1372.11,1966.6468681302106,-594.5368681302107
2577.34,2276.9984974628464,300.3415025371537
1547.39,1967.671790590085,-420.28179059008494
5180.89,3401.059927441261,1779.8300725587392
830.75,1378.6634213726513,-547.9134213726513
941.82,1772.515870656204,-830.695870656204
2514.33,2386.068591224427,128.26140877557282
1155.42,1981.8149900078467,-826.3949900078467
950.67,2429.4525731987924,-1478.7825731987923
1807.52,1699.8158575376556,107.70414246234441
8393.33,4125.928573845082,4267.401426154918
7109.46,6087.541294369423,1021.9187056305773
2743.61,3655.0989167251564,-911.4889167251563
6456.41,4787.397044167254,1669.0129558327462
1189.21,1729.0570166349112,-539.8470166349111
1883.74,1571.9186908055324,311.82130919446763
1416.18,1462.5825795557448,-46.40257955574475
1873.04,1186.175333481079,686.864666518921
2823.12,2237.2225399882677,585.8974600117322
2472.39,2592.2552842680093,-119.86528426800942
1130.26,1267.1449177995037,-136.88491779950368
1680.15,1553.0325822450352,127.11741775496489
750.0,3631.7520936497417,-2881.7520936497417
294.53,1685.911901397379,-1391.3819013973791
1154.53,1831.1012562294716,-676.5712562294716
1495.96,2275.155459544743,-779.1954595447428
9680.64,10377.356475833332,-696.7164758333329
899.95,1789.4604839866493,-889.5104839866492
740.93,1571.8828895611211,-830.9528895611212
2571.78,2058.9404907842577,512.8395092157425
7650.93,5340.81266829287,2310.1173317071307
1066.26,1234.9758738236228,-168.71587382362281
740.48,2456.1484218375463,-1715.6684218375462
1041.8,1568.8947795465926,-527.0947795465927
1568.68,2430.363637015037,-861.683637015037
1623.7,2120.982420419352,-497.28242041935187
574.9,1115.9659016147596,-541.0659016147596
2680.06,3274.0530454436184,-593.9930454436185
567.69,1625.0707051198365,-1057.3807051198364
10377.15,8188.6395496528885,2188.510450347111
666.03,1465.8354877162558,-799.8054877162558
1960.04,1108.6202826571682,851.4197173428317
4519.79,2135.8548821284326,2383.9351178715674
2073.63,1296.6371830743003,776.9928169256998
2120.56,2471.1461350250324,-350.5861350250325
829.3,1841.0408081990906,-1011.7408081990907
3620.07,2844.102866681908,775.9671333180922
2117.98,1838.9583041820945,279.02169581790554
1134.65,2196.22239624167,-1061.57239624167
3184.0,2382.1464465048293,801.8535534951707
3878.31,8524.208529716561,-4645.898529716562
1536.19,2518.473187639768,-982.2831876397681
9837.38,4529.298471909346,5308.081528090654
644.29,1081.6339455581165,-437.3439455581165
8123.29,5337.375215725322,2785.914784274678
183.13,6343.99194209057,-6160.86194209057
1621.92,1815.4641391811997,-193.54413918119963
3799.33,1623.3822643755348,2175.947735624465
5058.87,2968.272798027629,2090.597201972371
1878.3,1932.4695735707573,-54.16957357075739
14019.98,12028.352835714288,1991.6271642857118
3143.17,2460.312563803168,682.8574361968322
2770.24,2445.748963197907,324.4910368020928
3101.01,3415.535349168137,-314.5253491681369
1001.06,1536.2960757586102,-535.2360757586102
5703.81,5581.285245526481,122.52475447351935
2468.03,2391.6966432163263,76.33335678367393
1387.61,3514.591374404883,-2126.9813744048834
4673.61,3817.108095552995,856.5019044470046
6867.31,4239.591133550082,2627.718866449918
4483.61,5234.726947197087,-751.116947197087
8700.51,3209.2304992964255,5491.279500703575
3882.54,4058.6775945186178,-176.1375945186178
909.65,1711.2024415124279,-801.5524415124279
3529.67,4158.026799295402,-628.3567992954022
2509.07,1626.7614547856567,882.3085452143434
3202.97,2624.006086934924,578.9639130650758
21481.7,7326.256724761906,14155.443275238094
881.56,1294.3039495108062,-412.74394951080626
2409.87,2813.6230546754546,-403.7530546754547
5293.9,3317.162498212382,1976.7375017876175
1444.4,2992.119380773843,-1547.719380773843
3905.8,3250.439129210293,655.3608707897074
2338.51,3334.5251601591062,-996.015160159106
2547.83,2364.5718971808546,183.25810281914528
2132.86,2327.613700968507,-194.75370096850702
1622.92,1142.8285005272164,480.09149947278365
1363.12,3010.0290003115533,-1646.9090003115534
834.0,3060.604365735253,-2226.604365735253
